/*******************************************************************************
 * Size: 18 px
 * Bpp: 4
 * Opts: 
 ******************************************************************************/

#ifdef LV_LVGL_H_INCLUDE_SIMPLE
#include "lvgl.h"
#else
#include "../../lvgl.h"
#endif

#ifndef USER_INTERFACE_FONT_18
#define USER_INTERFACE_FONT_18 1
#endif

#if USER_INTERFACE_FONT_18

/*-----------------
 *    BITMAPS
 *----------------*/

/*Store the image of the glyphs*/
static LV_ATTRIBUTE_LARGE_CONST const uint8_t glyph_bitmap[] = {
    /* U+0021 "!" */
    0x5, 0xaf, 0xff, 0xa5, 0x0, 0x49, 0xff, 0xfa,
    0x40, 0x4, 0x9e, 0xff, 0x94, 0x0, 0x39, 0xef,
    0xe9, 0x30, 0x3, 0x8e, 0xfe, 0x83, 0x0, 0x28,
    0xdf, 0xd8, 0x30, 0x2, 0x7d, 0xfd, 0x72, 0x0,
    0x17, 0xcf, 0xc7, 0x20, 0x1, 0x6c, 0xfc, 0x61,
    0x0, 0x3, 0x57, 0x53, 0x0, 0x0, 0x24, 0x54,
    0x20, 0x3, 0x9e, 0xff, 0xfe, 0x83, 0x26, 0xbe,
    0xfe, 0xb6, 0x20,

    /* U+0022 "\"" */
    0x1, 0x7c, 0xff, 0xf9, 0x40, 0x0, 0x49, 0xff,
    0xfc, 0x71, 0x0, 0x16, 0xcf, 0xfe, 0x94, 0x0,
    0x4, 0x9e, 0xff, 0xc6, 0x10, 0x0, 0x5b, 0xff,
    0xd8, 0x20, 0x0, 0x38, 0xdf, 0xfa, 0x50, 0x0,
    0x4, 0x9e, 0xfb, 0x61, 0x0, 0x1, 0x6c, 0xfe,
    0x93, 0x0, 0x0, 0x28, 0xdf, 0xa4, 0x0, 0x0,
    0x5, 0xaf, 0xd7, 0x20, 0x0, 0x0, 0x12, 0x21,
    0x0, 0x0, 0x0, 0x1, 0x22, 0x10, 0x0,

    /* U+0023 "#" */
    0x0, 0x0, 0x0, 0x0, 0x38, 0xdd, 0x83, 0x0,
    0x2, 0x7d, 0xe9, 0x40, 0x0, 0x0, 0x0, 0x0,
    0x0, 0x5, 0xbf, 0xb5, 0x0, 0x0, 0x4a, 0xfc,
    0x61, 0x0, 0x0, 0x0, 0x0, 0x0, 0x2, 0x8d,
    0xe8, 0x30, 0x0, 0x27, 0xcf, 0x94, 0x0, 0x0,
    0x0, 0x16, 0xcf, 0xff, 0xff, 0xff, 0xff, 0xff,
    0xff, 0xff, 0xff, 0xff, 0xfd, 0x72, 0x0, 0x11,
    0x22, 0x38, 0xcf, 0xb6, 0x22, 0x23, 0x7c, 0xfb,
    0x72, 0x22, 0x21, 0x0, 0x0, 0x0, 0x2, 0x8d,
    0xe8, 0x30, 0x0, 0x27, 0xce, 0x94, 0x0, 0x0,
    0x0, 0x0, 0x0, 0x0, 0x49, 0xec, 0x72, 0x0,
    0x3, 0x9e, 0xd8, 0x30, 0x0, 0x0, 0x0, 0x0,
    0x0, 0x5, 0xbf, 0xb5, 0x0, 0x0, 0x5a, 0xfc,
    0x61, 0x0, 0x0, 0x0, 0x27, 0xcf, 0xff, 0xff,
    0xff, 0xff, 0xff, 0xff, 0xff, 0xff, 0xff, 0xfb,
    0x61, 0x0, 0x12, 0x22, 0x6a, 0xfd, 0x84, 0x22,
    0x25, 0xae, 0xd9, 0x42, 0x22, 0x11, 0x0, 0x0,
    0x0, 0x6, 0xbf, 0xa5, 0x0, 0x0, 0x5a, 0xfb,
    0x60, 0x0, 0x0, 0x0, 0x0, 0x0, 0x3, 0x8d,
    0xe8, 0x30, 0x0, 0x27, 0xde, 0x94, 0x0, 0x0,
    0x0, 0x0, 0x0, 0x0, 0x5a, 0xfc, 0x61, 0x0,
    0x4, 0x9f, 0xc7, 0x20, 0x0, 0x0, 0x0, 0x0,

    /* U+0024 "$" */
    0x0, 0x0, 0x0, 0x0, 0x0, 0x4, 0xaf, 0xe8,
    0x30, 0x0, 0x0, 0x0, 0x0, 0x0, 0x0, 0x0,
    0x0, 0x0, 0x0, 0x4a, 0xfe, 0x83, 0x0, 0x0,
    0x0, 0x0, 0x0, 0x0, 0x0, 0x0, 0x13, 0x6a,
    0xcf, 0xff, 0xff, 0xfc, 0xa7, 0x31, 0x0, 0x0,
    0x0, 0x0, 0x1, 0x5b, 0xff, 0xfd, 0xa8, 0x66,
    0x68, 0xad, 0xff, 0xc6, 0x20, 0x0, 0x0, 0x1,
    0x6b, 0xff, 0xe8, 0x30, 0x0, 0x0, 0x0, 0x13,
    0x43, 0x0, 0x0, 0x0, 0x0, 0x27, 0xcf, 0xfd,
    0x72, 0x0, 0x0, 0x0, 0x0, 0x0, 0x0, 0x0,
    0x0, 0x0, 0x0, 0x39, 0xef, 0xfe, 0xb7, 0x20,
    0x0, 0x0, 0x0, 0x0, 0x0, 0x0, 0x0, 0x0,
    0x0, 0x4, 0x8d, 0xff, 0xff, 0xda, 0x63, 0x10,
    0x0, 0x0, 0x0, 0x0, 0x0, 0x0, 0x0, 0x0,
    0x3, 0x6a, 0xdf, 0xff, 0xfd, 0xa6, 0x30, 0x0,
    0x0, 0x0, 0x0, 0x0, 0x0, 0x0, 0x0, 0x0,
    0x25, 0xad, 0xff, 0xfe, 0x94, 0x10, 0x0, 0x0,
    0x0, 0x0, 0x0, 0x0, 0x0, 0x0, 0x0, 0x16,
    0xbf, 0xff, 0xc7, 0x10, 0x0, 0x0, 0x0, 0x0,
    0x0, 0x0, 0x0, 0x0, 0x0, 0x5, 0xbf, 0xfe,
    0x93, 0x0, 0x0, 0x1, 0x46, 0x52, 0x0, 0x0,
    0x0, 0x0, 0x2, 0x7d, 0xff, 0xc7, 0x10, 0x0,
    0x2, 0x7c, 0xff, 0xfd, 0xa8, 0x76, 0x67, 0x8a,
    0xdf, 0xfe, 0xb5, 0x10, 0x0, 0x0, 0x0, 0x2,
    0x58, 0xac, 0xdf, 0xff, 0xff, 0xfb, 0x96, 0x30,
    0x0, 0x0, 0x0, 0x0, 0x0, 0x0, 0x0, 0x0,
    0x4a, 0xfe, 0x83, 0x0, 0x0, 0x0, 0x0, 0x0,
    0x0, 0x0, 0x0, 0x0, 0x0, 0x4, 0xaf, 0xe8,
    0x30, 0x0, 0x0, 0x0, 0x0, 0x0,

    /* U+0025 "%" */
    0x0, 0x0, 0x3, 0x7b, 0xde, 0xee, 0xc9, 0x51,
    0x0, 0x0, 0x0, 0x0, 0x0, 0x22, 0x20, 0x0,
    0x0, 0x0, 0x28, 0xdf, 0xb6, 0x10, 0x39, 0xde,
    0xa4, 0x0, 0x0, 0x0, 0x4, 0x9c, 0xa5, 0x10,
    0x0, 0x0, 0x6, 0xbf, 0xc6, 0x10, 0x0, 0x49,
    0xfd, 0x83, 0x0, 0x0, 0x49, 0xca, 0x51, 0x0,
    0x0, 0x0, 0x0, 0x5b, 0xfc, 0x61, 0x0, 0x4,
    0xaf, 0xd8, 0x20, 0x4, 0x9c, 0xa4, 0x10, 0x0,
    0x0, 0x0, 0x0, 0x2, 0x7c, 0xfb, 0x61, 0x14,
    0x9e, 0xe9, 0x41, 0x49, 0xc9, 0x41, 0x0, 0x0,
    0x0, 0x0, 0x0, 0x0, 0x0, 0x37, 0xad, 0xee,
    0xec, 0x84, 0x24, 0x9c, 0x94, 0x0, 0x0, 0x0,
    0x0, 0x0, 0x0, 0x0, 0x0, 0x0, 0x0, 0x0,
    0x0, 0x0, 0x49, 0xca, 0x89, 0xbe, 0xee, 0xca,
    0x62, 0x0, 0x0, 0x0, 0x0, 0x0, 0x0, 0x0,
    0x0, 0x4, 0x9c, 0x97, 0x9e, 0xe9, 0x41, 0x27,
    0xcf, 0xb6, 0x10, 0x0, 0x0, 0x0, 0x0, 0x0,
    0x1, 0x49, 0xc9, 0x43, 0x7d, 0xfa, 0x40, 0x0,
    0x27, 0xcf, 0xa5, 0x0, 0x0, 0x0, 0x0, 0x0,
    0x14, 0xac, 0x93, 0x0, 0x39, 0xee, 0x93, 0x0,
    0x1, 0x6c, 0xfb, 0x60, 0x0, 0x0, 0x0, 0x1,
    0x5a, 0xc8, 0x30, 0x0, 0x2, 0x7d, 0xfa, 0x40,
    0x0, 0x27, 0xdf, 0xa5, 0x0, 0x0, 0x0, 0x15,
    0xab, 0x83, 0x0, 0x0, 0x0, 0x3, 0x8e, 0xe9,
    0x41, 0x27, 0xcf, 0xb5, 0x10, 0x0, 0x0, 0x0,
    0x22, 0x20, 0x0, 0x0, 0x0, 0x0, 0x1, 0x48,
    0xbe, 0xee, 0xda, 0x62, 0x0, 0x0, 0x0,

    /* U+0026 "&" */
    0x0, 0x0, 0x0, 0x14, 0x8b, 0xde, 0xfe, 0xdb,
    0x73, 0x0, 0x0, 0x0, 0x0, 0x0, 0x0, 0x0,
    0x0, 0x4, 0x9e, 0xfc, 0x95, 0x36, 0xae, 0xfc,
    0x61, 0x0, 0x0, 0x0, 0x0, 0x0, 0x0, 0x0,
    0x38, 0xdf, 0xc6, 0x10, 0x0, 0x6b, 0xfe, 0x83,
    0x0, 0x0, 0x0, 0x0, 0x0, 0x0, 0x0, 0x38,
    0xef, 0xc7, 0x20, 0x3, 0x9e, 0xfb, 0x51, 0x0,
    0x0, 0x0, 0x0, 0x0, 0x0, 0x0, 0x5, 0xbf,
    0xfa, 0x64, 0x9d, 0xfc, 0x73, 0x0, 0x0, 0x0,
    0x0, 0x0, 0x0, 0x0, 0x0, 0x1, 0x6c, 0xff,
    0xff, 0xfa, 0x62, 0x0, 0x0, 0x0, 0x0, 0x0,
    0x0, 0x0, 0x0, 0x0, 0x14, 0x9f, 0xff, 0xff,
    0xa3, 0x0, 0x0, 0x0, 0x28, 0xdf, 0xd8, 0x30,
    0x0, 0x0, 0x16, 0xbf, 0xfd, 0xab, 0xdf, 0xfc,
    0x72, 0x0, 0x2, 0x7c, 0xff, 0x94, 0x0, 0x0,
    0x4, 0x9f, 0xfd, 0x83, 0x0, 0x49, 0xef, 0xfc,
    0x72, 0x27, 0xcf, 0xfb, 0x50, 0x0, 0x0, 0x27,
    0xdf, 0xfa, 0x50, 0x0, 0x0, 0x49, 0xdf, 0xff,
    0xff, 0xff, 0xa5, 0x0, 0x0, 0x0, 0x16, 0xbf,
    0xfd, 0x72, 0x0, 0x0, 0x0, 0x3a, 0xff, 0xff,
    0xff, 0x61, 0x0, 0x0, 0x0, 0x1, 0x5b, 0xff,
    0xfd, 0xa7, 0x55, 0x68, 0xbe, 0xff, 0xff, 0xff,
    0xfd, 0xa6, 0x20, 0x0, 0x0, 0x1, 0x37, 0xac,
    0xee, 0xff, 0xed, 0xc9, 0x63, 0x1, 0x36, 0xac,
    0xa5, 0x10, 0x0, 0x0, 0x0, 0x0, 0x0, 0x0,
    0x0, 0x0, 0x0, 0x0, 0x0, 0x0, 0x0, 0x0,
    0x0, 0x0,

    /* U+0027 "'" */
    0x5, 0xbf, 0xff, 0xb5, 0x0, 0x5a, 0xff, 0xfa,
    0x50, 0x4, 0x9e, 0xfe, 0x94, 0x0, 0x27, 0xdf,
    0xd7, 0x20, 0x1, 0x6b, 0xfb, 0x60, 0x0, 0x0,
    0x12, 0x10, 0x0,

    /* U+0028 "(" */
    0x0, 0x0, 0x0, 0x0, 0x0, 0x1, 0x56, 0x52,
    0x0, 0x0, 0x0, 0x0, 0x0, 0x14, 0x9d, 0xfe,
    0xb6, 0x20, 0x0, 0x0, 0x0, 0x26, 0xbf, 0xfd,
    0x83, 0x0, 0x0, 0x0, 0x0, 0x15, 0xbf, 0xfd,
    0x83, 0x0, 0x0, 0x0, 0x0, 0x3, 0x8d, 0xfe,
    0xa4, 0x0, 0x0, 0x0, 0x0, 0x0, 0x39, 0xef,
    0xe9, 0x40, 0x0, 0x0, 0x0, 0x0, 0x2, 0x8d,
    0xff, 0xa5, 0x0, 0x0, 0x0, 0x0, 0x0, 0x5,
    0xaf, 0xfd, 0x72, 0x0, 0x0, 0x0, 0x0, 0x0,
    0x16, 0xcf, 0xfb, 0x60, 0x0, 0x0, 0x0, 0x0,
    0x0, 0x27, 0xcf, 0xfb, 0x50, 0x0, 0x0, 0x0,
    0x0, 0x0, 0x16, 0xcf, 0xfb, 0x61, 0x0, 0x0,
    0x0, 0x0, 0x0, 0x5, 0xaf, 0xfd, 0x72, 0x0,
    0x0, 0x0, 0x0, 0x0, 0x2, 0x7d, 0xff, 0xa5,
    0x0, 0x0, 0x0, 0x0, 0x0, 0x0, 0x38, 0xef,
    0xfa, 0x50, 0x0, 0x0, 0x0, 0x0, 0x0, 0x2,
    0x7d, 0xff, 0xb6, 0x10, 0x0, 0x0, 0x0, 0x0,
    0x0, 0x4, 0x9e, 0xfe, 0x94, 0x0, 0x0, 0x0,
    0x0, 0x0, 0x0, 0x15, 0xae, 0xfe, 0xa5, 0x10,
    0x0, 0x0, 0x0, 0x0, 0x0, 0x3, 0x7c, 0xff,
    0xd7, 0x20, 0x0, 0x0, 0x0, 0x0, 0x0, 0x0,
    0x34, 0x31, 0x0,

    /* U+0029 ")" */
    0x0, 0x25, 0x65, 0x10, 0x0, 0x0, 0x0, 0x0,
    0x0, 0x2, 0x6b, 0xef, 0xd9, 0x41, 0x0, 0x0,
    0x0, 0x0, 0x0, 0x0, 0x38, 0xdf, 0xfb, 0x61,
    0x0, 0x0, 0x0, 0x0, 0x0, 0x0, 0x38, 0xdf,
    0xea, 0x51, 0x0, 0x0, 0x0, 0x0, 0x0, 0x0,
    0x5a, 0xef, 0xd8, 0x30, 0x0, 0x0, 0x0, 0x0,
    0x0, 0x4, 0x9e, 0xfe, 0x93, 0x0, 0x0, 0x0,
    0x0, 0x0, 0x0, 0x5a, 0xff, 0xd7, 0x20, 0x0,
    0x0, 0x0, 0x0, 0x0, 0x27, 0xdf, 0xfa, 0x50,
    0x0, 0x0, 0x0, 0x0, 0x0, 0x16, 0xbf, 0xfc,
    0x61, 0x0, 0x0, 0x0, 0x0, 0x0, 0x5, 0xbf,
    0xfc, 0x72, 0x0, 0x0, 0x0, 0x0, 0x0, 0x16,
    0xbf, 0xfb, 0x61, 0x0, 0x0, 0x0, 0x0, 0x0,
    0x28, 0xdf, 0xfa, 0x40, 0x0, 0x0, 0x0, 0x0,
    0x0, 0x5b, 0xff, 0xc7, 0x20, 0x0, 0x0, 0x0,
    0x0, 0x5, 0xaf, 0xfd, 0x83, 0x0, 0x0, 0x0,
    0x0, 0x1, 0x6b, 0xff, 0xc7, 0x20, 0x0, 0x0,
    0x0, 0x1, 0x4a, 0xef, 0xe9, 0x40, 0x0, 0x0,
    0x0, 0x1, 0x5a, 0xef, 0xea, 0x51, 0x0, 0x0,
    0x0, 0x2, 0x7d, 0xff, 0xc7, 0x30, 0x0, 0x0,
    0x0, 0x0, 0x0, 0x13, 0x43, 0x0, 0x0, 0x0,
    0x0, 0x0, 0x0,

    /* U+002A "*" */
    0x0, 0x0, 0x0, 0x0, 0x5a, 0xfa, 0x50, 0x0,
    0x0, 0x0, 0x0, 0x12, 0x32, 0x10, 0x16, 0xcf,
    0xb6, 0x10, 0x12, 0x32, 0x10, 0x4, 0x8c, 0xef,
    0xfe, 0xef, 0xff, 0xee, 0xff, 0xec, 0x84, 0x0,
    0x0, 0x0, 0x27, 0xcf, 0xff, 0xff, 0xc7, 0x20,
    0x0, 0x0, 0x0, 0x0, 0x49, 0xef, 0xc7, 0x57,
    0xcf, 0xe9, 0x40, 0x0, 0x0, 0x0, 0x25, 0x98,
    0x51, 0x0, 0x1, 0x58, 0x95, 0x20, 0x0,

    /* U+002B "+" */
    0x0, 0x0, 0x0, 0x0, 0x0, 0x0, 0x11, 0x10,
    0x0, 0x0, 0x0, 0x0, 0x0, 0x0, 0x0, 0x0,
    0x0, 0x0, 0x2, 0x8d, 0xfd, 0x72, 0x0, 0x0,
    0x0, 0x0, 0x0, 0x0, 0x0, 0x0, 0x0, 0x0,
    0x28, 0xdf, 0xd7, 0x20, 0x0, 0x0, 0x0, 0x0,
    0x0, 0x0, 0x0, 0x0, 0x0, 0x2, 0x8d, 0xfd,
    0x72, 0x0, 0x0, 0x0, 0x0, 0x0, 0x0, 0x0,
    0x0, 0x0, 0x0, 0x38, 0xdf, 0xd7, 0x20, 0x0,
    0x0, 0x0, 0x0, 0x3, 0x8d, 0xff, 0xff, 0xff,
    0xff, 0xff, 0xff, 0xff, 0xff, 0xff, 0xff, 0xfd,
    0x83, 0x1, 0x33, 0x33, 0x33, 0x33, 0x59, 0xef,
    0xd9, 0x53, 0x33, 0x33, 0x33, 0x31, 0x0, 0x0,
    0x0, 0x0, 0x0, 0x2, 0x8d, 0xfd, 0x72, 0x0,
    0x0, 0x0, 0x0, 0x0, 0x0, 0x0, 0x0, 0x0,
    0x0, 0x28, 0xdf, 0xd7, 0x20, 0x0, 0x0, 0x0,
    0x0, 0x0, 0x0, 0x0, 0x0, 0x0, 0x2, 0x8d,
    0xfd, 0x72, 0x0, 0x0, 0x0, 0x0, 0x0,

    /* U+002C "," */
    0x0, 0x0, 0x2, 0x34, 0x32, 0x0, 0x0, 0x0,
    0x0, 0x49, 0xef, 0xff, 0xfa, 0x50, 0x0, 0x0,
    0x2, 0x6b, 0xef, 0xff, 0xf8, 0x30, 0x0, 0x0,
    0x0, 0x1, 0x6b, 0xfc, 0x71, 0x0, 0x0, 0x0,
    0x14, 0x9d, 0xfb, 0x61, 0x0, 0x0, 0x4, 0x9e,
    0xfd, 0x94, 0x10, 0x0, 0x0, 0x0, 0x1, 0x21,
    0x0, 0x0, 0x0, 0x0, 0x0,

    /* U+002D "-" */
    0x0, 0x0, 0x11, 0x11, 0x11, 0x11, 0x11, 0x11,
    0x10, 0x0, 0x0, 0x16, 0xcf, 0xff, 0xff, 0xff,
    0xff, 0xff, 0xff, 0xc6, 0x10, 0x0, 0x12, 0x33,
    0x33, 0x33, 0x33, 0x33, 0x33, 0x32, 0x10, 0x0,

    /* U+002E "." */
    0x0, 0x0, 0x13, 0x67, 0x63, 0x10, 0x0, 0x0,
    0x0, 0x4a, 0xff, 0xff, 0xfa, 0x40, 0x0, 0x0,
    0x2, 0x6b, 0xef, 0xeb, 0x62, 0x0, 0x0,

    /* U+002F "/" */
    0x0, 0x0, 0x0, 0x0, 0x0, 0x0, 0x0, 0x0,
    0x0, 0x0, 0x25, 0x76, 0x41, 0x0, 0x0, 0x0,
    0x0, 0x0, 0x0, 0x0, 0x0, 0x0, 0x0, 0x49,
    0xee, 0x93, 0x0, 0x0, 0x0, 0x0, 0x0, 0x0,
    0x0, 0x0, 0x0, 0x0, 0x4a, 0xed, 0x83, 0x0,
    0x0, 0x0, 0x0, 0x0, 0x0, 0x0, 0x0, 0x0,
    0x0, 0x5a, 0xfd, 0x82, 0x0, 0x0, 0x0, 0x0,
    0x0, 0x0, 0x0, 0x0, 0x0, 0x1, 0x5b, 0xfd,
    0x72, 0x0, 0x0, 0x0, 0x0, 0x0, 0x0, 0x0,
    0x0, 0x0, 0x1, 0x6b, 0xfc, 0x72, 0x0, 0x0,
    0x0, 0x0, 0x0, 0x0, 0x0, 0x0, 0x0, 0x1,
    0x6c, 0xfc, 0x61, 0x0, 0x0, 0x0, 0x0, 0x0,
    0x0, 0x0, 0x0, 0x0, 0x2, 0x7c, 0xfb, 0x61,
    0x0, 0x0, 0x0, 0x0, 0x0, 0x0, 0x0, 0x0,
    0x0, 0x2, 0x8d, 0xfa, 0x50, 0x0, 0x0, 0x0,
    0x0, 0x0, 0x0, 0x0, 0x0, 0x0, 0x3, 0x8d,
    0xfa, 0x50, 0x0, 0x0, 0x0, 0x0, 0x0, 0x0,
    0x0, 0x0, 0x0, 0x3, 0x8e, 0xea, 0x40, 0x0,
    0x0, 0x0, 0x0, 0x0, 0x0, 0x0, 0x0, 0x0,
    0x4, 0x9e, 0xe9, 0x40, 0x0, 0x0, 0x0, 0x0,
    0x0, 0x0, 0x0, 0x0, 0x0, 0x4, 0x9e, 0xe9,
    0x30, 0x0, 0x0, 0x0, 0x0, 0x0, 0x0, 0x0,
    0x0, 0x0, 0x5, 0xaf, 0xd8, 0x30, 0x0, 0x0,
    0x0, 0x0, 0x0, 0x0, 0x0, 0x0, 0x0, 0x5,
    0xbf, 0xd7, 0x20, 0x0, 0x0, 0x0, 0x0, 0x0,
    0x0, 0x0, 0x0, 0x0, 0x16, 0xbf, 0xc7, 0x20,
    0x0, 0x0, 0x0, 0x0, 0x0, 0x0, 0x0, 0x0,
    0x0, 0x16, 0xcf, 0xc6, 0x10, 0x0, 0x0, 0x0,
    0x0, 0x0, 0x0, 0x0, 0x0, 0x0, 0x17, 0xcf,
    0xb6, 0x10, 0x0, 0x0, 0x0, 0x0, 0x0, 0x0,
    0x0, 0x0, 0x0,

    /* U+0030 "0" */
    0x0, 0x0, 0x0, 0x2, 0x69, 0xce, 0xff, 0xfe,
    0xc9, 0x62, 0x0, 0x0, 0x0, 0x0, 0x0, 0x1,
    0x4a, 0xef, 0xfc, 0x96, 0x66, 0x9c, 0xff, 0xea,
    0x41, 0x0, 0x0, 0x0, 0x2, 0x7c, 0xff, 0xc6,
    0x10, 0x0, 0x0, 0x17, 0xcf, 0xfc, 0x72, 0x0,
    0x0, 0x1, 0x7c, 0xff, 0xc7, 0x10, 0x0, 0x0,
    0x0, 0x27, 0xcf, 0xfc, 0x71, 0x0, 0x0, 0x49,
    0xef, 0xfa, 0x40, 0x0, 0x0, 0x0, 0x0, 0x4a,
    0xff, 0xe9, 0x40, 0x0, 0x5, 0xaf, 0xfe, 0x93,
    0x0, 0x0, 0x0, 0x0, 0x3, 0x9e, 0xff, 0xa5,
    0x0, 0x0, 0x5b, 0xff, 0xd8, 0x30, 0x0, 0x0,
    0x0, 0x0, 0x38, 0xdf, 0xfb, 0x50, 0x0, 0x5,
    0xaf, 0xfe, 0x93, 0x0, 0x0, 0x0, 0x0, 0x3,
    0x9e, 0xff, 0xa5, 0x0, 0x0, 0x39, 0xef, 0xfa,
    0x50, 0x0, 0x0, 0x0, 0x0, 0x5a, 0xff, 0xe9,
    0x30, 0x0, 0x1, 0x6b, 0xff, 0xc7, 0x20, 0x0,
    0x0, 0x0, 0x27, 0xdf, 0xfb, 0x61, 0x0, 0x0,
    0x2, 0x7c, 0xff, 0xc7, 0x20, 0x0, 0x0, 0x27,
    0xcf, 0xfc, 0x72, 0x0, 0x0, 0x0, 0x0, 0x49,
    0xef, 0xfc, 0x97, 0x66, 0x9c, 0xff, 0xe9, 0x40,
    0x0, 0x0, 0x0, 0x0, 0x0, 0x2, 0x59, 0xce,
    0xff, 0xfe, 0xc9, 0x52, 0x0, 0x0, 0x0, 0x0,

    /* U+0031 "1" */
    0x0, 0x0, 0x1, 0x23, 0x56, 0x9b, 0xef, 0xfe,
    0x94, 0x0, 0x0, 0x0, 0x0, 0x0, 0x0, 0x4,
    0x9f, 0xff, 0xff, 0xff, 0xff, 0xe9, 0x40, 0x0,
    0x0, 0x0, 0x0, 0x0, 0x0, 0x0, 0x0, 0x0,
    0x16, 0xbf, 0xfe, 0x94, 0x0, 0x0, 0x0, 0x0,
    0x0, 0x0, 0x0, 0x0, 0x0, 0x0, 0x6b, 0xff,
    0xe9, 0x40, 0x0, 0x0, 0x0, 0x0, 0x0, 0x0,
    0x0, 0x0, 0x0, 0x6, 0xbf, 0xfe, 0x94, 0x0,
    0x0, 0x0, 0x0, 0x0, 0x0, 0x0, 0x0, 0x0,
    0x0, 0x6b, 0xff, 0xe9, 0x40, 0x0, 0x0, 0x0,
    0x0, 0x0, 0x0, 0x0, 0x0, 0x0, 0x6, 0xbf,
    0xfe, 0x94, 0x0, 0x0, 0x0, 0x0, 0x0, 0x0,
    0x0, 0x0, 0x0, 0x0, 0x6b, 0xff, 0xe9, 0x40,
    0x0, 0x0, 0x0, 0x0, 0x0, 0x0, 0x0, 0x0,
    0x0, 0x6, 0xbf, 0xfe, 0x94, 0x0, 0x0, 0x0,
    0x0, 0x0, 0x0, 0x0, 0x0, 0x0, 0x0, 0x6b,
    0xff, 0xe9, 0x40, 0x0, 0x0, 0x0, 0x0, 0x0,
    0x0, 0x0, 0x0, 0x0, 0x6, 0xbf, 0xfe, 0x94,
    0x0, 0x0, 0x0, 0x0, 0x0, 0x0, 0x24, 0x55,
    0x55, 0x56, 0x9d, 0xff, 0xfb, 0x85, 0x55, 0x55,
    0x42, 0x0, 0x0, 0x28, 0xdf, 0xff, 0xff, 0xff,
    0xff, 0xff, 0xff, 0xff, 0xff, 0xfd, 0x72, 0x0,

    /* U+0032 "2" */
    0x0, 0x0, 0x3, 0x69, 0xbd, 0xef, 0xff, 0xed,
    0xb9, 0x52, 0x0, 0x0, 0x0, 0x0, 0x3, 0x8d,
    0xff, 0xec, 0x97, 0x66, 0x79, 0xce, 0xff, 0xea,
    0x41, 0x0, 0x0, 0x0, 0x14, 0x78, 0x52, 0x0,
    0x0, 0x0, 0x0, 0x5a, 0xff, 0xfb, 0x61, 0x0,
    0x0, 0x0, 0x0, 0x0, 0x0, 0x0, 0x0, 0x0,
    0x1, 0x7c, 0xff, 0xd8, 0x30, 0x0, 0x0, 0x0,
    0x0, 0x0, 0x0, 0x0, 0x0, 0x0, 0x28, 0xdf,
    0xfc, 0x72, 0x0, 0x0, 0x0, 0x0, 0x0, 0x0,
    0x0, 0x0, 0x0, 0x27, 0xcf, 0xfd, 0x83, 0x0,
    0x0, 0x0, 0x0, 0x0, 0x0, 0x0, 0x0, 0x0,
    0x39, 0xef, 0xfc, 0x72, 0x0, 0x0, 0x0, 0x0,
    0x0, 0x0, 0x0, 0x0, 0x3, 0x8d, 0xff, 0xd8,
    0x30, 0x0, 0x0, 0x0, 0x0, 0x0, 0x0, 0x0,
    0x0, 0x38, 0xdf, 0xfd, 0x83, 0x0, 0x0, 0x0,
    0x0, 0x0, 0x0, 0x0, 0x0, 0x15, 0xae, 0xff,
    0xc7, 0x20, 0x0, 0x0, 0x0, 0x0, 0x0, 0x0,
    0x0, 0x3, 0x8c, 0xff, 0xeb, 0x51, 0x0, 0x0,
    0x0, 0x0, 0x0, 0x0, 0x0, 0x1, 0x5a, 0xef,
    0xff, 0xc9, 0x65, 0x55, 0x55, 0x55, 0x55, 0x55,
    0x42, 0x0, 0x2, 0x7d, 0xff, 0xff, 0xff, 0xff,
    0xff, 0xff, 0xff, 0xff, 0xff, 0xfd, 0x72, 0x0,

    /* U+0033 "3" */
    0x0, 0x0, 0x1, 0x48, 0xac, 0xef, 0xff, 0xed,
    0xc9, 0x63, 0x10, 0x0, 0x0, 0x0, 0x1, 0x6b,
    0xef, 0xec, 0x97, 0x66, 0x68, 0xbe, 0xff, 0xeb,
    0x51, 0x0, 0x0, 0x0, 0x1, 0x46, 0x52, 0x0,
    0x0, 0x0, 0x0, 0x49, 0xef, 0xfb, 0x61, 0x0,
    0x0, 0x0, 0x0, 0x0, 0x0, 0x0, 0x0, 0x0,
    0x1, 0x6c, 0xff, 0xd7, 0x20, 0x0, 0x0, 0x0,
    0x0, 0x0, 0x0, 0x0, 0x0, 0x0, 0x4a, 0xef,
    0xfa, 0x50, 0x0, 0x0, 0x0, 0x0, 0x0, 0x0,
    0x1, 0x23, 0x58, 0xbe, 0xff, 0xc7, 0x20, 0x0,
    0x0, 0x0, 0x0, 0x0, 0x0, 0x6b, 0xff, 0xff,
    0xff, 0xda, 0x41, 0x0, 0x0, 0x0, 0x0, 0x0,
    0x0, 0x0, 0x1, 0x24, 0x45, 0x68, 0xad, 0xff,
    0xea, 0x51, 0x0, 0x0, 0x0, 0x0, 0x0, 0x0,
    0x0, 0x0, 0x0, 0x0, 0x16, 0xbf, 0xfe, 0xa4,
    0x0, 0x0, 0x0, 0x0, 0x0, 0x0, 0x0, 0x0,
    0x0, 0x0, 0x17, 0xcf, 0xfd, 0x72, 0x0, 0x0,
    0x26, 0x76, 0x20, 0x0, 0x0, 0x0, 0x0, 0x15,
    0xae, 0xff, 0xb6, 0x10, 0x0, 0x27, 0xcf, 0xff,
    0xda, 0x87, 0x66, 0x78, 0xad, 0xff, 0xfe, 0x94,
    0x10, 0x0, 0x0, 0x0, 0x24, 0x8a, 0xcd, 0xef,
    0xff, 0xfe, 0xca, 0x85, 0x20, 0x0, 0x0, 0x0,

    /* U+0034 "4" */
    0x0, 0x0, 0x0, 0x0, 0x0, 0x0, 0x16, 0xbf,
    0xff, 0xfe, 0x93, 0x0, 0x0, 0x0, 0x0, 0x0,
    0x0, 0x0, 0x0, 0x39, 0xef, 0xee, 0xff, 0xe9,
    0x30, 0x0, 0x0, 0x0, 0x0, 0x0, 0x0, 0x2,
    0x7c, 0xfe, 0x98, 0xaf, 0xfe, 0x93, 0x0, 0x0,
    0x0, 0x0, 0x0, 0x0, 0x5, 0xae, 0xfc, 0x72,
    0x4a, 0xff, 0xe9, 0x30, 0x0, 0x0, 0x0, 0x0,
    0x0, 0x38, 0xdf, 0xea, 0x40, 0x5, 0xaf, 0xfe,
    0x93, 0x0, 0x0, 0x0, 0x0, 0x1, 0x6b, 0xff,
    0xb6, 0x10, 0x0, 0x5a, 0xff, 0xe9, 0x30, 0x0,
    0x0, 0x0, 0x3, 0x9e, 0xfd, 0x83, 0x0, 0x0,
    0x5, 0xaf, 0xfe, 0x93, 0x0, 0x0, 0x0, 0x26,
    0xcf, 0xfb, 0x62, 0x11, 0x11, 0x11, 0x6b, 0xff,
    0xfa, 0x41, 0x10, 0x0, 0x17, 0xcf, 0xff, 0xff,
    0xff, 0xff, 0xff, 0xff, 0xff, 0xff, 0xff, 0xff,
    0xa5, 0x0, 0x13, 0x44, 0x44, 0x44, 0x44, 0x44,
    0x44, 0x9e, 0xff, 0xfd, 0x74, 0x42, 0x10, 0x0,
    0x0, 0x0, 0x0, 0x0, 0x0, 0x0, 0x5, 0xaf,
    0xfe, 0x93, 0x0, 0x0, 0x0, 0x0, 0x0, 0x0,
    0x0, 0x0, 0x0, 0x0, 0x5a, 0xff, 0xe9, 0x30,
    0x0, 0x0, 0x0, 0x0, 0x0, 0x0, 0x0, 0x0,
    0x0, 0x5, 0xaf, 0xfe, 0x93, 0x0, 0x0, 0x0,

    /* U+0035 "5" */
    0x0, 0x0, 0x17, 0xcf, 0xff, 0xff, 0xff, 0xff,
    0xff, 0xff, 0xfe, 0x93, 0x0, 0x0, 0x0, 0x2,
    0x8d, 0xff, 0xc9, 0x66, 0x66, 0x66, 0x66, 0x66,
    0x63, 0x10, 0x0, 0x0, 0x0, 0x39, 0xef, 0xe9,
    0x40, 0x0, 0x0, 0x0, 0x0, 0x0, 0x0, 0x0,
    0x0, 0x0, 0x4, 0xaf, 0xfd, 0x82, 0x0, 0x0,
    0x0, 0x0, 0x0, 0x0, 0x0, 0x0, 0x0, 0x0,
    0x5b, 0xff, 0xc6, 0x10, 0x0, 0x0, 0x0, 0x0,
    0x0, 0x0, 0x0, 0x0, 0x0, 0x16, 0xcf, 0xfe,
    0xcc, 0xdf, 0xff, 0xfd, 0xc9, 0x63, 0x0, 0x0,
    0x0, 0x0, 0x0, 0x37, 0xbb, 0x97, 0x54, 0x44,
    0x69, 0xce, 0xff, 0xea, 0x51, 0x0, 0x0, 0x0,
    0x0, 0x0, 0x0, 0x0, 0x0, 0x0, 0x1, 0x5b,
    0xff, 0xfb, 0x61, 0x0, 0x0, 0x0, 0x0, 0x0,
    0x0, 0x0, 0x0, 0x0, 0x1, 0x7c, 0xff, 0xe8,
    0x30, 0x0, 0x0, 0x0, 0x0, 0x0, 0x0, 0x0,
    0x0, 0x0, 0x28, 0xdf, 0xfd, 0x82, 0x0, 0x0,
    0x14, 0x54, 0x10, 0x0, 0x0, 0x0, 0x0, 0x38,
    0xdf, 0xfe, 0x94, 0x0, 0x0, 0x27, 0xcf, 0xfe,
    0xca, 0x87, 0x67, 0x89, 0xce, 0xff, 0xfb, 0x62,
    0x0, 0x0, 0x0, 0x0, 0x25, 0x8a, 0xce, 0xef,
    0xff, 0xed, 0xb9, 0x52, 0x0, 0x0, 0x0, 0x0,

    /* U+0036 "6" */
    0x0, 0x0, 0x0, 0x0, 0x24, 0x8a, 0xce, 0xff,
    0xfe, 0xdb, 0x84, 0x10, 0x0, 0x0, 0x0, 0x0,
    0x15, 0xae, 0xff, 0xec, 0x97, 0x77, 0x8b, 0xdf,
    0xea, 0x50, 0x0, 0x0, 0x0, 0x38, 0xdf, 0xfc,
    0x72, 0x0, 0x0, 0x0, 0x0, 0x11, 0x0, 0x0,
    0x0, 0x0, 0x49, 0xef, 0xfb, 0x50, 0x0, 0x0,
    0x0, 0x0, 0x0, 0x0, 0x0, 0x0, 0x0, 0x27,
    0xdf, 0xfc, 0x71, 0x0, 0x0, 0x0, 0x0, 0x0,
    0x0, 0x0, 0x0, 0x0, 0x4, 0x9e, 0xff, 0xa6,
    0x37, 0xad, 0xef, 0xff, 0xec, 0x96, 0x20, 0x0,
    0x0, 0x0, 0x5a, 0xff, 0xff, 0xfd, 0xb8, 0x54,
    0x45, 0x7b, 0xef, 0xfd, 0x83, 0x0, 0x0, 0x4,
    0xaf, 0xff, 0xd8, 0x20, 0x0, 0x0, 0x0, 0x16,
    0xbf, 0xfe, 0x93, 0x0, 0x0, 0x39, 0xef, 0xfa,
    0x50, 0x0, 0x0, 0x0, 0x0, 0x38, 0xdf, 0xfb,
    0x50, 0x0, 0x0, 0x6b, 0xff, 0xd8, 0x20, 0x0,
    0x0, 0x0, 0x3, 0x8e, 0xff, 0xb5, 0x0, 0x0,
    0x1, 0x6b, 0xff, 0xd8, 0x30, 0x0, 0x0, 0x2,
    0x7c, 0xff, 0xd7, 0x20, 0x0, 0x0, 0x0, 0x38,
    0xdf, 0xfd, 0xb7, 0x65, 0x79, 0xcf, 0xfe, 0xa5,
    0x10, 0x0, 0x0, 0x0, 0x0, 0x1, 0x47, 0xac,
    0xef, 0xff, 0xec, 0x96, 0x30, 0x0, 0x0, 0x0,

    /* U+0037 "7" */
    0x0, 0x5b, 0xff, 0xff, 0xff, 0xff, 0xff, 0xff,
    0xff, 0xff, 0xff, 0xfb, 0x61, 0x0, 0x2, 0x46,
    0x66, 0x66, 0x66, 0x66, 0x66, 0x66, 0x7b, 0xef,
    0xfc, 0x72, 0x0, 0x0, 0x0, 0x0, 0x0, 0x0,
    0x0, 0x0, 0x0, 0x49, 0xef, 0xd8, 0x30, 0x0,
    0x0, 0x0, 0x0, 0x0, 0x0, 0x0, 0x0, 0x1,
    0x7c, 0xff, 0xb6, 0x10, 0x0, 0x0, 0x0, 0x0,
    0x0, 0x0, 0x0, 0x0, 0x3, 0x8d, 0xff, 0xa5,
    0x0, 0x0, 0x0, 0x0, 0x0, 0x0, 0x0, 0x0,
    0x0, 0x3, 0x8e, 0xff, 0xa4, 0x0, 0x0, 0x0,
    0x0, 0x0, 0x0, 0x0, 0x0, 0x0, 0x3, 0x9e,
    0xff, 0xa4, 0x0, 0x0, 0x0, 0x0, 0x0, 0x0,
    0x0, 0x0, 0x0, 0x2, 0x7d, 0xff, 0xc6, 0x10,
    0x0, 0x0, 0x0, 0x0, 0x0, 0x0, 0x0, 0x0,
    0x0, 0x5a, 0xff, 0xe9, 0x30, 0x0, 0x0, 0x0,
    0x0, 0x0, 0x0, 0x0, 0x0, 0x0, 0x38, 0xdf,
    0xfc, 0x61, 0x0, 0x0, 0x0, 0x0, 0x0, 0x0,
    0x0, 0x0, 0x0, 0x5, 0xaf, 0xff, 0xa5, 0x0,
    0x0, 0x0, 0x0, 0x0, 0x0, 0x0, 0x0, 0x0,
    0x1, 0x6c, 0xff, 0xe9, 0x40, 0x0, 0x0, 0x0,
    0x0, 0x0, 0x0, 0x0, 0x0, 0x0, 0x27, 0xdf,
    0xfe, 0x93, 0x0, 0x0, 0x0, 0x0, 0x0, 0x0,

    /* U+0038 "8" */
    0x0, 0x0, 0x0, 0x25, 0x8b, 0xde, 0xff, 0xfe,
    0xdb, 0x95, 0x20, 0x0, 0x0, 0x0, 0x0, 0x3,
    0x8d, 0xff, 0xda, 0x64, 0x44, 0x69, 0xdf, 0xfe,
    0x93, 0x0, 0x0, 0x0, 0x4, 0x9e, 0xff, 0xa4,
    0x0, 0x0, 0x0, 0x3, 0x9e, 0xff, 0x94, 0x0,
    0x0, 0x0, 0x49, 0xff, 0xe9, 0x40, 0x0, 0x0,
    0x0, 0x17, 0xcf, 0xfa, 0x50, 0x0, 0x0, 0x1,
    0x5a, 0xff, 0xea, 0x41, 0x0, 0x0, 0x4, 0xaf,
    0xfc, 0x61, 0x0, 0x0, 0x0, 0x0, 0x15, 0xae,
    0xff, 0xd9, 0x63, 0x48, 0xdf, 0xc8, 0x30, 0x0,
    0x0, 0x0, 0x0, 0x1, 0x48, 0xcf, 0xfe, 0xff,
    0xff, 0xff, 0xb6, 0x10, 0x0, 0x0, 0x0, 0x0,
    0x27, 0xcf, 0xfc, 0x83, 0x1, 0x25, 0x9c, 0xff,
    0xfe, 0x94, 0x10, 0x0, 0x0, 0x4a, 0xff, 0xe9,
    0x40, 0x0, 0x0, 0x0, 0x14, 0x9d, 0xff, 0xd8,
    0x30, 0x0, 0x17, 0xcf, 0xfc, 0x61, 0x0, 0x0,
    0x0, 0x0, 0x3, 0x8e, 0xff, 0xb6, 0x10, 0x0,
    0x5a, 0xff, 0xe9, 0x40, 0x0, 0x0, 0x0, 0x0,
    0x5a, 0xff, 0xfa, 0x40, 0x0, 0x0, 0x38, 0xdf,
    0xfe, 0xb7, 0x54, 0x34, 0x57, 0xad, 0xff, 0xd9,
    0x40, 0x0, 0x0, 0x0, 0x1, 0x47, 0xac, 0xde,
    0xff, 0xfe, 0xec, 0xa8, 0x41, 0x0, 0x0, 0x0,

    /* U+0039 "9" */
    0x0, 0x0, 0x0, 0x26, 0x9c, 0xdf, 0xff, 0xec,
    0xa7, 0x31, 0x0, 0x0, 0x0, 0x0, 0x0, 0x15,
    0xae, 0xff, 0xc9, 0x76, 0x67, 0xad, 0xff, 0xc7,
    0x30, 0x0, 0x0, 0x0, 0x27, 0xcf, 0xfc, 0x72,
    0x0, 0x0, 0x0, 0x38, 0xdf, 0xfb, 0x61, 0x0,
    0x0, 0x5, 0xbf, 0xfe, 0x83, 0x0, 0x0, 0x0,
    0x0, 0x28, 0xdf, 0xfb, 0x60, 0x0, 0x0, 0x6b,
    0xff, 0xd8, 0x30, 0x0, 0x0, 0x0, 0x0, 0x5a,
    0xff, 0xe9, 0x30, 0x0, 0x4, 0x9f, 0xff, 0xa5,
    0x0, 0x0, 0x0, 0x0, 0x17, 0xcf, 0xff, 0xa4,
    0x0, 0x0, 0x4, 0x9e, 0xff, 0xc8, 0x42, 0x11,
    0x25, 0x9c, 0xff, 0xff, 0xfa, 0x40, 0x0, 0x0,
    0x1, 0x48, 0xce, 0xff, 0xff, 0xff, 0xda, 0x67,
    0xaf, 0xfe, 0x93, 0x0, 0x0, 0x0, 0x0, 0x0,
    0x1, 0x22, 0x21, 0x0, 0x1, 0x7c, 0xff, 0xc7,
    0x20, 0x0, 0x0, 0x0, 0x0, 0x0, 0x0, 0x0,
    0x0, 0x0, 0x5b, 0xff, 0xe9, 0x30, 0x0, 0x0,
    0x0, 0x1, 0x10, 0x0, 0x0, 0x0, 0x2, 0x8c,
    0xff, 0xd8, 0x30, 0x0, 0x0, 0x0, 0x4a, 0xef,
    0xda, 0x87, 0x77, 0x9c, 0xef, 0xfe, 0x94, 0x10,
    0x0, 0x0, 0x0, 0x0, 0x14, 0x8b, 0xde, 0xff,
    0xfe, 0xca, 0x84, 0x20, 0x0, 0x0, 0x0, 0x0,

    /* U+003A ":" */
    0x0, 0x2, 0x6b, 0xef, 0xeb, 0x62, 0x0, 0x0,
    0x0, 0x4a, 0xff, 0xff, 0xfa, 0x40, 0x0, 0x0,
    0x0, 0x14, 0x67, 0x64, 0x10, 0x0, 0x0, 0x0,
    0x0, 0x0, 0x0, 0x0, 0x0, 0x0, 0x0, 0x0,
    0x0, 0x0, 0x0, 0x0, 0x0, 0x0, 0x0, 0x0,
    0x0, 0x0, 0x0, 0x0, 0x0, 0x0, 0x0, 0x0,
    0x0, 0x0, 0x0, 0x0, 0x0, 0x0, 0x1, 0x36,
    0x76, 0x31, 0x0, 0x0, 0x0, 0x4, 0xaf, 0xff,
    0xff, 0xa4, 0x0, 0x0, 0x0, 0x26, 0xbe, 0xfe,
    0xb6, 0x20, 0x0,

    /* U+003B ";" */
    0x0, 0x2, 0x6b, 0xef, 0xeb, 0x62, 0x0, 0x0,
    0x0, 0x4a, 0xff, 0xff, 0xfa, 0x40, 0x0, 0x0,
    0x0, 0x14, 0x67, 0x64, 0x10, 0x0, 0x0, 0x0,
    0x0, 0x0, 0x0, 0x0, 0x0, 0x0, 0x0, 0x0,
    0x0, 0x0, 0x0, 0x0, 0x0, 0x0, 0x0, 0x0,
    0x0, 0x0, 0x0, 0x0, 0x0, 0x0, 0x0, 0x0,
    0x0, 0x0, 0x0, 0x0, 0x0, 0x0, 0x0, 0x23,
    0x43, 0x20, 0x0, 0x0, 0x0, 0x4, 0x9e, 0xff,
    0xff, 0xa5, 0x0, 0x0, 0x0, 0x26, 0xbe, 0xff,
    0xff, 0x83, 0x0, 0x0, 0x0, 0x0, 0x16, 0xbf,
    0xc7, 0x10, 0x0, 0x0, 0x1, 0x49, 0xdf, 0xb6,
    0x10, 0x0, 0x0, 0x49, 0xef, 0xd9, 0x41, 0x0,
    0x0, 0x0, 0x0, 0x12, 0x10, 0x0, 0x0, 0x0,
    0x0,

    /* U+003C "<" */
    0x0, 0x0, 0x0, 0x0, 0x0, 0x0, 0x0, 0x0,
    0x0, 0x0, 0x0, 0x13, 0x43, 0x10, 0x0, 0x0,
    0x0, 0x0, 0x0, 0x0, 0x0, 0x24, 0x68, 0xac,
    0xef, 0xfd, 0x83, 0x0, 0x0, 0x0, 0x1, 0x35,
    0x79, 0xbd, 0xff, 0xfe, 0xdb, 0x97, 0x53, 0x10,
    0x0, 0x24, 0x8a, 0xce, 0xff, 0xec, 0xa8, 0x65,
    0x21, 0x0, 0x0, 0x0, 0x0, 0x0, 0x5, 0xaf,
    0xff, 0xda, 0x74, 0x10, 0x0, 0x0, 0x0, 0x0,
    0x0, 0x0, 0x0, 0x0, 0x1, 0x35, 0x79, 0xbd,
    0xff, 0xfd, 0xca, 0x86, 0x42, 0x0, 0x0, 0x0,
    0x0, 0x0, 0x0, 0x0, 0x0, 0x0, 0x24, 0x68,
    0xac, 0xef, 0xff, 0xec, 0xa8, 0x53, 0x0, 0x0,
    0x0, 0x0, 0x0, 0x0, 0x0, 0x0, 0x0, 0x13,
    0x57, 0x9c, 0xed, 0x83, 0x0, 0x0, 0x0, 0x0,
    0x0, 0x0, 0x0, 0x0, 0x0, 0x0, 0x0, 0x0,
    0x0, 0x0,

    /* U+003D "=" */
    0x38, 0xdf, 0xff, 0xff, 0xff, 0xff, 0xff, 0xff,
    0xff, 0xff, 0xff, 0xff, 0xd8, 0x30, 0x23, 0x44,
    0x44, 0x44, 0x44, 0x44, 0x44, 0x44, 0x44, 0x44,
    0x44, 0x43, 0x20, 0x0, 0x0, 0x0, 0x0, 0x0,
    0x0, 0x0, 0x0, 0x0, 0x0, 0x0, 0x0, 0x0,
    0x0, 0x0, 0x0, 0x0, 0x0, 0x0, 0x0, 0x0,
    0x0, 0x0, 0x0, 0x0, 0x0, 0x0, 0x38, 0xdf,
    0xff, 0xff, 0xff, 0xff, 0xff, 0xff, 0xff, 0xff,
    0xff, 0xff, 0xd8, 0x30, 0x13, 0x33, 0x33, 0x33,
    0x33, 0x33, 0x33, 0x33, 0x33, 0x33, 0x33, 0x33,
    0x10,

    /* U+003E ">" */
    0x13, 0x43, 0x10, 0x0, 0x0, 0x0, 0x0, 0x0,
    0x0, 0x0, 0x0, 0x0, 0x0, 0x3, 0x8d, 0xff,
    0xec, 0xa8, 0x64, 0x20, 0x0, 0x0, 0x0, 0x0,
    0x0, 0x0, 0x0, 0x0, 0x13, 0x57, 0x9b, 0xde,
    0xff, 0xfd, 0xb9, 0x75, 0x31, 0x0, 0x0, 0x0,
    0x0, 0x0, 0x0, 0x0, 0x0, 0x1, 0x35, 0x68,
    0xbc, 0xef, 0xfe, 0xca, 0x84, 0x20, 0x0, 0x0,
    0x0, 0x0, 0x0, 0x0, 0x0, 0x0, 0x14, 0x7a,
    0xdf, 0xff, 0xa5, 0x0, 0x0, 0x0, 0x0, 0x2,
    0x46, 0x8a, 0xcd, 0xff, 0xfd, 0xb9, 0x75, 0x31,
    0x0, 0x3, 0x58, 0xac, 0xef, 0xff, 0xec, 0xa8,
    0x64, 0x20, 0x0, 0x0, 0x0, 0x0, 0x3, 0x8d,
    0xec, 0x97, 0x53, 0x10, 0x0, 0x0, 0x0, 0x0,
    0x0, 0x0, 0x0, 0x0, 0x0, 0x0, 0x0, 0x0,
    0x0, 0x0, 0x0, 0x0, 0x0, 0x0, 0x0, 0x0,
    0x0, 0x0,

    /* U+003F "?" */
    0x0, 0x2, 0x58, 0xbd, 0xef, 0xfe, 0xec, 0xa7,
    0x41, 0x0, 0x0, 0x49, 0xef, 0xec, 0x97, 0x66,
    0x7a, 0xdf, 0xff, 0xb6, 0x10, 0x0, 0x24, 0x42,
    0x0, 0x0, 0x0, 0x4, 0x9e, 0xff, 0xb6, 0x10,
    0x0, 0x0, 0x0, 0x0, 0x0, 0x0, 0x27, 0xdf,
    0xfc, 0x72, 0x0, 0x0, 0x0, 0x0, 0x0, 0x0,
    0x16, 0xbf, 0xfe, 0x83, 0x0, 0x0, 0x0, 0x0,
    0x0, 0x1, 0x5a, 0xef, 0xfb, 0x61, 0x0, 0x0,
    0x0, 0x0, 0x0, 0x15, 0xae, 0xff, 0xb6, 0x20,
    0x0, 0x0, 0x0, 0x0, 0x0, 0x27, 0xcf, 0xfd,
    0x72, 0x0, 0x0, 0x0, 0x0, 0x0, 0x0, 0x17,
    0xcf, 0xfb, 0x61, 0x0, 0x0, 0x0, 0x0, 0x0,
    0x0, 0x2, 0x6a, 0xcc, 0x83, 0x0, 0x0, 0x0,
    0x0, 0x0, 0x0, 0x0, 0x0, 0x0, 0x0, 0x0,
    0x0, 0x0, 0x0, 0x0, 0x0, 0x0, 0x0, 0x13,
    0x54, 0x31, 0x0, 0x0, 0x0, 0x0, 0x0, 0x0,
    0x2, 0x7c, 0xff, 0xff, 0xa5, 0x0, 0x0, 0x0,
    0x0, 0x0, 0x0, 0x14, 0x9d, 0xfe, 0xc7, 0x30,
    0x0, 0x0, 0x0,

    /* U+0040 "@" */
    0x0, 0x0, 0x0, 0x1, 0x36, 0x9b, 0xde, 0xee,
    0xed, 0xb8, 0x41, 0x0, 0x0, 0x0, 0x0, 0x0,
    0x38, 0xcf, 0xec, 0x85, 0x32, 0x34, 0x6a, 0xdf,
    0xc7, 0x20, 0x0, 0x0, 0x2, 0x7c, 0xfe, 0x94,
    0x0, 0x0, 0x0, 0x0, 0x4, 0x9e, 0xe9, 0x30,
    0x0, 0x2, 0x8d, 0xfc, 0x72, 0x0, 0x0, 0x0,
    0x0, 0x0, 0x6, 0xbf, 0xc7, 0x20, 0x1, 0x7c,
    0xfd, 0x82, 0x0, 0x0, 0x0, 0x0, 0x0, 0x0,
    0x49, 0xee, 0x83, 0x0, 0x49, 0xff, 0xa5, 0x0,
    0x0, 0x0, 0x1, 0x47, 0x9b, 0xce, 0xff, 0xe9,
    0x40, 0x5, 0xbf, 0xe9, 0x30, 0x0, 0x3, 0x8c,
    0xfe, 0xc9, 0x75, 0x7a, 0xee, 0x94, 0x1, 0x6b,
    0xfd, 0x83, 0x0, 0x27, 0xcf, 0xd9, 0x30, 0x0,
    0x4, 0x9e, 0xe9, 0x40, 0x16, 0xbf, 0xd8, 0x20,
    0x5, 0xaf, 0xe9, 0x40, 0x0, 0x0, 0x49, 0xee,
    0x94, 0x0, 0x6b, 0xfe, 0x93, 0x0, 0x49, 0xef,
    0xc7, 0x20, 0x3, 0x7b, 0xef, 0xe9, 0x40, 0x4,
    0x9f, 0xfa, 0x50, 0x0, 0x27, 0xce, 0xff, 0xff,
    0xd9, 0x56, 0x9c, 0x83, 0x0, 0x27, 0xcf, 0xc7,
    0x20, 0x0, 0x0, 0x1, 0x11, 0x10, 0x0, 0x0,
    0x0, 0x0, 0x0, 0x38, 0xdf, 0xb6, 0x10, 0x0,
    0x0, 0x0, 0x0, 0x0, 0x0, 0x0, 0x0, 0x0,
    0x0, 0x28, 0xdf, 0xd8, 0x30, 0x0, 0x0, 0x0,
    0x0, 0x0, 0x0, 0x0, 0x0, 0x0, 0x0, 0x4,
    0x9d, 0xfd, 0xa6, 0x31, 0x0, 0x1, 0x36, 0x9a,
    0x62, 0x0, 0x0, 0x0, 0x0, 0x0, 0x25, 0x8b,
    0xef, 0xff, 0xff, 0xff, 0xda, 0x73, 0x10, 0x0,
    0x0, 0x0, 0x0, 0x0, 0x0, 0x0, 0x1, 0x11,
    0x10, 0x0, 0x0, 0x0, 0x0, 0x0,

    /* U+0041 "A" */
    0x0, 0x0, 0x0, 0x0, 0x16, 0xbf, 0xff, 0xff,
    0xb6, 0x0, 0x0, 0x0, 0x0, 0x0, 0x0, 0x0,
    0x0, 0x4, 0xaf, 0xfe, 0xee, 0xff, 0xa4, 0x0,
    0x0, 0x0, 0x0, 0x0, 0x0, 0x0, 0x3, 0x8d,
    0xfe, 0x97, 0x9e, 0xfd, 0x83, 0x0, 0x0, 0x0,
    0x0, 0x0, 0x0, 0x1, 0x6c, 0xff, 0xb5, 0x16,
    0xbf, 0xfb, 0x61, 0x0, 0x0, 0x0, 0x0, 0x0,
    0x0, 0x5a, 0xff, 0xc7, 0x20, 0x28, 0xdf, 0xfa,
    0x50, 0x0, 0x0, 0x0, 0x0, 0x0, 0x38, 0xef,
    0xe9, 0x40, 0x0, 0x49, 0xff, 0xe8, 0x30, 0x0,
    0x0, 0x0, 0x0, 0x17, 0xcf, 0xfb, 0x50, 0x0,
    0x1, 0x6b, 0xff, 0xc7, 0x10, 0x0, 0x0, 0x0,
    0x5, 0xbf, 0xfe, 0x83, 0x11, 0x11, 0x14, 0x9f,
    0xff, 0xa5, 0x0, 0x0, 0x0, 0x4, 0x9f, 0xff,
    0xff, 0xff, 0xff, 0xff, 0xff, 0xff, 0xff, 0x94,
    0x0, 0x0, 0x2, 0x7d, 0xff, 0xfa, 0x54, 0x44,
    0x44, 0x44, 0x5b, 0xff, 0xfc, 0x72, 0x0, 0x0,
    0x6b, 0xff, 0xd8, 0x20, 0x0, 0x0, 0x0, 0x0,
    0x38, 0xdf, 0xfb, 0x50, 0x0, 0x49, 0xff, 0xf9,
    0x40, 0x0, 0x0, 0x0, 0x0, 0x0, 0x5a, 0xff,
    0xf9, 0x40, 0x28, 0xdf, 0xfb, 0x61, 0x0, 0x0,
    0x0, 0x0, 0x0, 0x1, 0x7c, 0xff, 0xd8, 0x20,

    /* U+0042 "B" */
    0x49, 0xff, 0xff, 0xff, 0xff, 0xfe, 0xed, 0xb9,
    0x63, 0x10, 0x0, 0x0, 0x49, 0xff, 0xfc, 0x95,
    0x55, 0x67, 0x9c, 0xef, 0xff, 0xb6, 0x10, 0x0,
    0x49, 0xff, 0xfb, 0x60, 0x0, 0x0, 0x0, 0x6b,
    0xff, 0xfa, 0x50, 0x0, 0x49, 0xff, 0xfb, 0x60,
    0x0, 0x0, 0x0, 0x5a, 0xff, 0xfa, 0x40, 0x0,
    0x49, 0xff, 0xfb, 0x61, 0x0, 0x12, 0x48, 0xcf,
    0xfd, 0x83, 0x0, 0x0, 0x49, 0xff, 0xff, 0xff,
    0xff, 0xff, 0xff, 0xda, 0x62, 0x0, 0x0, 0x0,
    0x49, 0xff, 0xfc, 0x83, 0x33, 0x45, 0x69, 0xce,
    0xff, 0xc7, 0x30, 0x0, 0x49, 0xff, 0xfb, 0x60,
    0x0, 0x0, 0x0, 0x5, 0xae, 0xff, 0xb6, 0x10,
    0x49, 0xff, 0xfb, 0x60, 0x0, 0x0, 0x0, 0x1,
    0x6b, 0xff, 0xe8, 0x30, 0x49, 0xff, 0xfb, 0x60,
    0x0, 0x0, 0x0, 0x1, 0x7c, 0xff, 0xe8, 0x30,
    0x49, 0xff, 0xfb, 0x60, 0x0, 0x0, 0x0, 0x16,
    0xcf, 0xff, 0xb5, 0x0, 0x49, 0xff, 0xfc, 0x95,
    0x55, 0x67, 0x9b, 0xef, 0xff, 0xc8, 0x30, 0x0,
    0x49, 0xff, 0xff, 0xff, 0xff, 0xfe, 0xec, 0xb9,
    0x63, 0x10, 0x0, 0x0,

    /* U+0043 "C" */
    0x0, 0x0, 0x0, 0x0, 0x14, 0x79, 0xcd, 0xef,
    0xff, 0xec, 0xa7, 0x41, 0x0, 0x0, 0x0, 0x0,
    0x14, 0x9d, 0xff, 0xfe, 0xc9, 0x87, 0x89, 0xce,
    0xff, 0xb5, 0x10, 0x0, 0x0, 0x49, 0xef, 0xfe,
    0xa5, 0x10, 0x0, 0x0, 0x0, 0x13, 0x21, 0x0,
    0x0, 0x0, 0x5a, 0xff, 0xfc, 0x61, 0x0, 0x0,
    0x0, 0x0, 0x0, 0x0, 0x0, 0x0, 0x0, 0x39,
    0xef, 0xfd, 0x72, 0x0, 0x0, 0x0, 0x0, 0x0,
    0x0, 0x0, 0x0, 0x0, 0x5, 0xbf, 0xff, 0xa5,
    0x0, 0x0, 0x0, 0x0, 0x0, 0x0, 0x0, 0x0,
    0x0, 0x1, 0x6b, 0xff, 0xfa, 0x40, 0x0, 0x0,
    0x0, 0x0, 0x0, 0x0, 0x0, 0x0, 0x0, 0x5,
    0xbf, 0xff, 0xa5, 0x0, 0x0, 0x0, 0x0, 0x0,
    0x0, 0x0, 0x0, 0x0, 0x0, 0x49, 0xef, 0xfd,
    0x72, 0x0, 0x0, 0x0, 0x0, 0x0, 0x0, 0x0,
    0x0, 0x0, 0x0, 0x5a, 0xff, 0xfc, 0x61, 0x0,
    0x0, 0x0, 0x0, 0x0, 0x0, 0x0, 0x0, 0x0,
    0x0, 0x4a, 0xef, 0xfe, 0xa4, 0x10, 0x0, 0x0,
    0x0, 0x3, 0x43, 0x10, 0x0, 0x0, 0x0, 0x15,
    0xae, 0xff, 0xfe, 0xb9, 0x87, 0x79, 0xbd, 0xff,
    0xe9, 0x40, 0x0, 0x0, 0x0, 0x0, 0x14, 0x7a,
    0xcd, 0xef, 0xff, 0xed, 0xb8, 0x52, 0x0, 0x0,

    /* U+0044 "D" */
    0x0, 0x39, 0xef, 0xff, 0xff, 0xff, 0xed, 0xca,
    0x75, 0x20, 0x0, 0x0, 0x0, 0x0, 0x3, 0x9e,
    0xff, 0xda, 0x76, 0x67, 0x9b, 0xef, 0xfe, 0xc7,
    0x20, 0x0, 0x0, 0x0, 0x39, 0xef, 0xfc, 0x72,
    0x0, 0x0, 0x1, 0x5a, 0xef, 0xfc, 0x72, 0x0,
    0x0, 0x3, 0x9e, 0xff, 0xc7, 0x20, 0x0, 0x0,
    0x0, 0x28, 0xdf, 0xfe, 0x93, 0x0, 0x0, 0x39,
    0xef, 0xfc, 0x72, 0x0, 0x0, 0x0, 0x0, 0x39,
    0xef, 0xfc, 0x72, 0x0, 0x3, 0x9e, 0xff, 0xc7,
    0x20, 0x0, 0x0, 0x0, 0x2, 0x7c, 0xff, 0xe9,
    0x40, 0x0, 0x39, 0xef, 0xfc, 0x72, 0x0, 0x0,
    0x0, 0x0, 0x16, 0xbf, 0xff, 0xa4, 0x0, 0x3,
    0x9e, 0xff, 0xc7, 0x20, 0x0, 0x0, 0x0, 0x2,
    0x7c, 0xff, 0xe9, 0x40, 0x0, 0x39, 0xef, 0xfc,
    0x72, 0x0, 0x0, 0x0, 0x0, 0x49, 0xef, 0xfc,
    0x71, 0x0, 0x3, 0x9e, 0xff, 0xc7, 0x20, 0x0,
    0x0, 0x0, 0x38, 0xdf, 0xfd, 0x83, 0x0, 0x0,
    0x39, 0xef, 0xfc, 0x72, 0x0, 0x0, 0x1, 0x5b,
    0xef, 0xfc, 0x72, 0x0, 0x0, 0x3, 0x9e, 0xff,
    0xda, 0x76, 0x67, 0x9b, 0xef, 0xfe, 0xc7, 0x20,
    0x0, 0x0, 0x0, 0x39, 0xef, 0xff, 0xff, 0xff,
    0xed, 0xca, 0x85, 0x20, 0x0, 0x0, 0x0, 0x0,

    /* U+0045 "E" */
    0x27, 0xcf, 0xff, 0xff, 0xff, 0xff, 0xff, 0xff,
    0xff, 0xfd, 0x83, 0x0, 0x27, 0xcf, 0xff, 0xb8,
    0x77, 0x77, 0x77, 0x77, 0x77, 0x76, 0x31, 0x0,
    0x27, 0xcf, 0xfe, 0x83, 0x0, 0x0, 0x0, 0x0,
    0x0, 0x0, 0x0, 0x0, 0x27, 0xcf, 0xfe, 0x83,
    0x0, 0x0, 0x0, 0x0, 0x0, 0x0, 0x0, 0x0,
    0x27, 0xcf, 0xfe, 0x94, 0x11, 0x11, 0x11, 0x11,
    0x11, 0x0, 0x0, 0x0, 0x27, 0xcf, 0xff, 0xff,
    0xff, 0xff, 0xff, 0xff, 0xfc, 0x61, 0x0, 0x0,
    0x27, 0xcf, 0xfe, 0xa7, 0x44, 0x44, 0x44, 0x44,
    0x43, 0x20, 0x0, 0x0, 0x27, 0xcf, 0xfe, 0x83,
    0x0, 0x0, 0x0, 0x0, 0x0, 0x0, 0x0, 0x0,
    0x27, 0xcf, 0xfe, 0x83, 0x0, 0x0, 0x0, 0x0,
    0x0, 0x0, 0x0, 0x0, 0x27, 0xcf, 0xfe, 0x83,
    0x0, 0x0, 0x0, 0x0, 0x0, 0x0, 0x0, 0x0,
    0x27, 0xcf, 0xfe, 0x83, 0x0, 0x0, 0x0, 0x0,
    0x0, 0x0, 0x0, 0x0, 0x27, 0xcf, 0xfe, 0xb8,
    0x66, 0x66, 0x66, 0x66, 0x66, 0x66, 0x42, 0x0,
    0x27, 0xcf, 0xff, 0xff, 0xff, 0xff, 0xff, 0xff,
    0xff, 0xff, 0xb5, 0x0,

    /* U+0046 "F" */
    0x3, 0x8d, 0xff, 0xff, 0xff, 0xff, 0xff, 0xff,
    0xff, 0xff, 0xb6, 0x0, 0x3, 0x8d, 0xff, 0xeb,
    0x87, 0x77, 0x77, 0x77, 0x77, 0x77, 0x52, 0x0,
    0x3, 0x8d, 0xff, 0xd7, 0x20, 0x0, 0x0, 0x0,
    0x0, 0x0, 0x0, 0x0, 0x3, 0x8d, 0xff, 0xd7,
    0x20, 0x0, 0x0, 0x0, 0x0, 0x0, 0x0, 0x0,
    0x3, 0x8d, 0xff, 0xd7, 0x20, 0x0, 0x0, 0x0,
    0x0, 0x0, 0x0, 0x0, 0x3, 0x8d, 0xff, 0xd8,
    0x31, 0x11, 0x11, 0x11, 0x11, 0x10, 0x0, 0x0,
    0x3, 0x8d, 0xff, 0xff, 0xff, 0xff, 0xff, 0xff,
    0xff, 0xb5, 0x0, 0x0, 0x3, 0x8d, 0xff, 0xda,
    0x64, 0x44, 0x44, 0x44, 0x44, 0x31, 0x0, 0x0,
    0x3, 0x8d, 0xff, 0xd7, 0x20, 0x0, 0x0, 0x0,
    0x0, 0x0, 0x0, 0x0, 0x3, 0x8d, 0xff, 0xd7,
    0x20, 0x0, 0x0, 0x0, 0x0, 0x0, 0x0, 0x0,
    0x3, 0x8d, 0xff, 0xd7, 0x20, 0x0, 0x0, 0x0,
    0x0, 0x0, 0x0, 0x0, 0x3, 0x8d, 0xff, 0xd7,
    0x20, 0x0, 0x0, 0x0, 0x0, 0x0, 0x0, 0x0,
    0x3, 0x8d, 0xff, 0xd7, 0x20, 0x0, 0x0, 0x0,
    0x0, 0x0, 0x0, 0x0,

    /* U+0047 "G" */
    0x0, 0x0, 0x0, 0x0, 0x25, 0x8b, 0xce, 0xef,
    0xfe, 0xdb, 0x74, 0x10, 0x0, 0x0, 0x0, 0x0,
    0x26, 0xbe, 0xff, 0xec, 0xa8, 0x77, 0x9b, 0xdf,
    0xfc, 0x72, 0x0, 0x0, 0x1, 0x6b, 0xff, 0xfc,
    0x72, 0x0, 0x0, 0x0, 0x1, 0x34, 0x20, 0x0,
    0x0, 0x2, 0x7d, 0xff, 0xe9, 0x40, 0x0, 0x0,
    0x0, 0x0, 0x0, 0x0, 0x0, 0x0, 0x1, 0x6b,
    0xff, 0xfa, 0x50, 0x0, 0x0, 0x0, 0x0, 0x0,
    0x0, 0x0, 0x0, 0x0, 0x38, 0xdf, 0xfd, 0x83,
    0x0, 0x0, 0x0, 0x11, 0x11, 0x11, 0x11, 0x10,
    0x0, 0x3, 0x9e, 0xff, 0xc7, 0x20, 0x0, 0x2,
    0x8d, 0xff, 0xff, 0xff, 0xfc, 0x72, 0x0, 0x38,
    0xdf, 0xfd, 0x82, 0x0, 0x0, 0x2, 0x44, 0x45,
    0x9d, 0xff, 0xc7, 0x20, 0x1, 0x6c, 0xff, 0xfa,
    0x50, 0x0, 0x0, 0x0, 0x0, 0x16, 0xbf, 0xfc,
    0x72, 0x0, 0x2, 0x8d, 0xff, 0xe9, 0x30, 0x0,
    0x0, 0x0, 0x1, 0x6b, 0xff, 0xc7, 0x20, 0x0,
    0x2, 0x6c, 0xff, 0xfb, 0x61, 0x0, 0x0, 0x0,
    0x16, 0xbf, 0xfc, 0x72, 0x0, 0x0, 0x0, 0x27,
    0xcf, 0xff, 0xeb, 0x97, 0x78, 0x9c, 0xef, 0xff,
    0xb5, 0x10, 0x0, 0x0, 0x0, 0x0, 0x36, 0x9b,
    0xde, 0xff, 0xfe, 0xdb, 0x85, 0x20, 0x0, 0x0,

    /* U+0048 "H" */
    0x0, 0x49, 0xff, 0xfb, 0x61, 0x0, 0x0, 0x0,
    0x0, 0x6b, 0xff, 0xf9, 0x40, 0x0, 0x4, 0x9f,
    0xff, 0xb6, 0x10, 0x0, 0x0, 0x0, 0x6, 0xbf,
    0xff, 0x94, 0x0, 0x0, 0x49, 0xff, 0xfb, 0x61,
    0x0, 0x0, 0x0, 0x0, 0x6b, 0xff, 0xf9, 0x40,
    0x0, 0x4, 0x9f, 0xff, 0xb6, 0x10, 0x0, 0x0,
    0x0, 0x6, 0xbf, 0xff, 0x94, 0x0, 0x0, 0x49,
    0xff, 0xfc, 0x72, 0x22, 0x22, 0x22, 0x22, 0x7c,
    0xff, 0xf9, 0x40, 0x0, 0x4, 0x9f, 0xff, 0xff,
    0xff, 0xff, 0xff, 0xff, 0xff, 0xff, 0xff, 0x94,
    0x0, 0x0, 0x49, 0xff, 0xfd, 0x95, 0x55, 0x55,
    0x55, 0x55, 0x9c, 0xff, 0xf9, 0x40, 0x0, 0x4,
    0x9f, 0xff, 0xb6, 0x10, 0x0, 0x0, 0x0, 0x6,
    0xbf, 0xff, 0x94, 0x0, 0x0, 0x49, 0xff, 0xfb,
    0x61, 0x0, 0x0, 0x0, 0x0, 0x6b, 0xff, 0xf9,
    0x40, 0x0, 0x4, 0x9f, 0xff, 0xb6, 0x10, 0x0,
    0x0, 0x0, 0x6, 0xbf, 0xff, 0x94, 0x0, 0x0,
    0x49, 0xff, 0xfb, 0x61, 0x0, 0x0, 0x0, 0x0,
    0x6b, 0xff, 0xf9, 0x40, 0x0, 0x4, 0x9f, 0xff,
    0xb6, 0x10, 0x0, 0x0, 0x0, 0x6, 0xbf, 0xff,
    0x94, 0x0, 0x0, 0x49, 0xff, 0xfb, 0x61, 0x0,
    0x0, 0x0, 0x0, 0x6b, 0xff, 0xf9, 0x40, 0x0,

    /* U+0049 "I" */
    0x0, 0x16, 0xbf, 0xff, 0xff, 0xff, 0xff, 0xff,
    0xff, 0xff, 0xff, 0xb6, 0x10, 0x0, 0x0, 0x25,
    0x77, 0x77, 0x7a, 0xdf, 0xff, 0xda, 0x77, 0x77,
    0x75, 0x20, 0x0, 0x0, 0x0, 0x0, 0x0, 0x0,
    0x5a, 0xff, 0xfa, 0x50, 0x0, 0x0, 0x0, 0x0,
    0x0, 0x0, 0x0, 0x0, 0x0, 0x5, 0xaf, 0xff,
    0xa5, 0x0, 0x0, 0x0, 0x0, 0x0, 0x0, 0x0,
    0x0, 0x0, 0x0, 0x5a, 0xff, 0xfa, 0x50, 0x0,
    0x0, 0x0, 0x0, 0x0, 0x0, 0x0, 0x0, 0x0,
    0x5, 0xaf, 0xff, 0xa5, 0x0, 0x0, 0x0, 0x0,
    0x0, 0x0, 0x0, 0x0, 0x0, 0x0, 0x5a, 0xff,
    0xfa, 0x50, 0x0, 0x0, 0x0, 0x0, 0x0, 0x0,
    0x0, 0x0, 0x0, 0x5, 0xaf, 0xff, 0xa5, 0x0,
    0x0, 0x0, 0x0, 0x0, 0x0, 0x0, 0x0, 0x0,
    0x0, 0x5a, 0xff, 0xfa, 0x50, 0x0, 0x0, 0x0,
    0x0, 0x0, 0x0, 0x0, 0x0, 0x0, 0x5, 0xaf,
    0xff, 0xa5, 0x0, 0x0, 0x0, 0x0, 0x0, 0x0,
    0x0, 0x0, 0x0, 0x0, 0x5a, 0xff, 0xfa, 0x50,
    0x0, 0x0, 0x0, 0x0, 0x0, 0x0, 0x24, 0x66,
    0x66, 0x69, 0xcf, 0xff, 0xc9, 0x66, 0x66, 0x64,
    0x20, 0x0, 0x0, 0x16, 0xbf, 0xff, 0xff, 0xff,
    0xff, 0xff, 0xff, 0xff, 0xff, 0xb6, 0x10, 0x0,

    /* U+004A "J" */
    0x0, 0x0, 0x0, 0x0, 0x0, 0x0, 0x0, 0x0,
    0x17, 0xcf, 0xfe, 0x93, 0x0, 0x0, 0x0, 0x0,
    0x0, 0x0, 0x0, 0x0, 0x17, 0xcf, 0xfe, 0x93,
    0x0, 0x0, 0x0, 0x0, 0x0, 0x0, 0x0, 0x0,
    0x17, 0xcf, 0xfe, 0x93, 0x0, 0x0, 0x0, 0x0,
    0x0, 0x0, 0x0, 0x0, 0x17, 0xcf, 0xfe, 0x93,
    0x0, 0x0, 0x0, 0x0, 0x0, 0x0, 0x0, 0x0,
    0x17, 0xcf, 0xfe, 0x93, 0x0, 0x0, 0x0, 0x0,
    0x0, 0x0, 0x0, 0x0, 0x17, 0xcf, 0xfe, 0x93,
    0x0, 0x0, 0x0, 0x0, 0x0, 0x0, 0x0, 0x0,
    0x17, 0xcf, 0xfe, 0x93, 0x0, 0x0, 0x0, 0x0,
    0x0, 0x0, 0x0, 0x0, 0x17, 0xcf, 0xfe, 0x93,
    0x0, 0x0, 0x0, 0x0, 0x0, 0x0, 0x0, 0x0,
    0x17, 0xcf, 0xfe, 0x93, 0x0, 0x0, 0x0, 0x0,
    0x0, 0x0, 0x0, 0x0, 0x27, 0xdf, 0xfd, 0x83,
    0x0, 0x1, 0x48, 0x74, 0x10, 0x0, 0x0, 0x1,
    0x5a, 0xff, 0xfb, 0x61, 0x0, 0x15, 0xbe, 0xff,
    0xdb, 0x97, 0x78, 0xac, 0xff, 0xff, 0xb5, 0x10,
    0x0, 0x0, 0x2, 0x58, 0xbd, 0xef, 0xff, 0xed,
    0xca, 0x63, 0x0, 0x0,

    /* U+004B "K" */
    0x0, 0x16, 0xbf, 0xfe, 0x94, 0x0, 0x0, 0x0,
    0x1, 0x5a, 0xef, 0xfb, 0x51, 0x0, 0x0, 0x0,
    0x16, 0xbf, 0xfe, 0x94, 0x0, 0x0, 0x0, 0x39,
    0xef, 0xfc, 0x72, 0x0, 0x0, 0x0, 0x0, 0x16,
    0xbf, 0xfe, 0x94, 0x0, 0x0, 0x27, 0xcf, 0xfe,
    0x93, 0x0, 0x0, 0x0, 0x0, 0x0, 0x16, 0xbf,
    0xfe, 0x94, 0x0, 0x15, 0xae, 0xff, 0xa5, 0x10,
    0x0, 0x0, 0x0, 0x0, 0x0, 0x16, 0xbf, 0xfe,
    0x94, 0x3, 0x8d, 0xff, 0xc7, 0x20, 0x0, 0x0,
    0x0, 0x0, 0x0, 0x0, 0x16, 0xbf, 0xfe, 0x96,
    0x7c, 0xff, 0xff, 0xc7, 0x10, 0x0, 0x0, 0x0,
    0x0, 0x0, 0x0, 0x16, 0xbf, 0xff, 0xee, 0xef,
    0xdd, 0xdf, 0xfd, 0x72, 0x0, 0x0, 0x0, 0x0,
    0x0, 0x0, 0x16, 0xbf, 0xff, 0xff, 0xd8, 0x31,
    0x6b, 0xff, 0xe8, 0x30, 0x0, 0x0, 0x0, 0x0,
    0x0, 0x16, 0xbf, 0xff, 0xe9, 0x40, 0x0, 0x5,
    0xbf, 0xfe, 0x94, 0x0, 0x0, 0x0, 0x0, 0x0,
    0x16, 0xbf, 0xfe, 0x94, 0x0, 0x0, 0x0, 0x5a,
    0xff, 0xfa, 0x50, 0x0, 0x0, 0x0, 0x0, 0x16,
    0xbf, 0xfe, 0x94, 0x0, 0x0, 0x0, 0x4, 0x9e,
    0xff, 0xb6, 0x10, 0x0, 0x0, 0x0, 0x16, 0xbf,
    0xfe, 0x94, 0x0, 0x0, 0x0, 0x0, 0x39, 0xef,
    0xfc, 0x72, 0x0, 0x0, 0x0, 0x16, 0xbf, 0xfe,
    0x94, 0x0, 0x0, 0x0, 0x0, 0x3, 0x8d, 0xff,
    0xd8, 0x30, 0x0,

    /* U+004C "L" */
    0x3, 0x8e, 0xff, 0xc7, 0x20, 0x0, 0x0, 0x0,
    0x0, 0x0, 0x0, 0x0, 0x3, 0x8e, 0xff, 0xc7,
    0x20, 0x0, 0x0, 0x0, 0x0, 0x0, 0x0, 0x0,
    0x3, 0x8e, 0xff, 0xc7, 0x20, 0x0, 0x0, 0x0,
    0x0, 0x0, 0x0, 0x0, 0x3, 0x8e, 0xff, 0xc7,
    0x20, 0x0, 0x0, 0x0, 0x0, 0x0, 0x0, 0x0,
    0x3, 0x8e, 0xff, 0xc7, 0x20, 0x0, 0x0, 0x0,
    0x0, 0x0, 0x0, 0x0, 0x3, 0x8e, 0xff, 0xc7,
    0x20, 0x0, 0x0, 0x0, 0x0, 0x0, 0x0, 0x0,
    0x3, 0x8e, 0xff, 0xc7, 0x20, 0x0, 0x0, 0x0,
    0x0, 0x0, 0x0, 0x0, 0x3, 0x8e, 0xff, 0xc7,
    0x20, 0x0, 0x0, 0x0, 0x0, 0x0, 0x0, 0x0,
    0x3, 0x8e, 0xff, 0xc7, 0x20, 0x0, 0x0, 0x0,
    0x0, 0x0, 0x0, 0x0, 0x3, 0x8e, 0xff, 0xc7,
    0x20, 0x0, 0x0, 0x0, 0x0, 0x0, 0x0, 0x0,
    0x3, 0x8e, 0xff, 0xc7, 0x20, 0x0, 0x0, 0x0,
    0x0, 0x0, 0x0, 0x0, 0x3, 0x8e, 0xff, 0xda,
    0x76, 0x66, 0x66, 0x66, 0x66, 0x66, 0x53, 0x0,
    0x3, 0x8e, 0xff, 0xff, 0xff, 0xff, 0xff, 0xff,
    0xff, 0xff, 0xd7, 0x20,

    /* U+004D "M" */
    0x0, 0x5b, 0xff, 0xfc, 0x71, 0x0, 0x0, 0x0,
    0x1, 0x7c, 0xff, 0xfb, 0x50, 0x0, 0x5, 0xbf,
    0xff, 0xfb, 0x50, 0x0, 0x0, 0x0, 0x5b, 0xff,
    0xff, 0xb5, 0x0, 0x0, 0x5b, 0xfc, 0xcc, 0xe9,
    0x40, 0x0, 0x0, 0x49, 0xed, 0xdd, 0xfb, 0x50,
    0x0, 0x5, 0xbf, 0xda, 0xac, 0xd8, 0x30, 0x0,
    0x38, 0xdc, 0xaa, 0xef, 0xb5, 0x0, 0x0, 0x5b,
    0xfe, 0x97, 0x8e, 0xc7, 0x20, 0x17, 0xce, 0x88,
    0xaf, 0xfb, 0x50, 0x0, 0x5, 0xbf, 0xfa, 0x54,
    0xaf, 0xb6, 0x15, 0xbe, 0x94, 0x5a, 0xff, 0xb5,
    0x0, 0x0, 0x5b, 0xff, 0xa5, 0x6, 0xbe, 0x98,
    0x9e, 0xa5, 0x15, 0xbf, 0xfb, 0x50, 0x0, 0x5,
    0xbf, 0xfa, 0x50, 0x17, 0xce, 0xfe, 0xb6, 0x10,
    0x5b, 0xff, 0xb5, 0x0, 0x0, 0x5b, 0xff, 0xa5,
    0x0, 0x28, 0xdf, 0xc7, 0x20, 0x5, 0xbf, 0xfb,
    0x50, 0x0, 0x5, 0xbf, 0xfa, 0x50, 0x0, 0x13,
    0x43, 0x10, 0x0, 0x5b, 0xff, 0xb5, 0x0, 0x0,
    0x5b, 0xff, 0xa5, 0x0, 0x0, 0x0, 0x0, 0x0,
    0x5, 0xbf, 0xfb, 0x50, 0x0, 0x5, 0xbf, 0xfa,
    0x50, 0x0, 0x0, 0x0, 0x0, 0x0, 0x5b, 0xff,
    0xb5, 0x0, 0x0, 0x5b, 0xff, 0xa5, 0x0, 0x0,
    0x0, 0x0, 0x0, 0x5, 0xbf, 0xfb, 0x50, 0x0,

    /* U+004E "N" */
    0x0, 0x39, 0xef, 0xff, 0xa5, 0x0, 0x0, 0x0,
    0x0, 0x38, 0xdf, 0xe9, 0x30, 0x0, 0x3, 0x9e,
    0xff, 0xff, 0xb5, 0x10, 0x0, 0x0, 0x3, 0x8d,
    0xfe, 0x93, 0x0, 0x0, 0x39, 0xef, 0xdd, 0xdf,
    0xb6, 0x10, 0x0, 0x0, 0x38, 0xdf, 0xe9, 0x30,
    0x0, 0x3, 0x9e, 0xfb, 0x99, 0xdf, 0xc6, 0x10,
    0x0, 0x3, 0x8d, 0xfe, 0x93, 0x0, 0x0, 0x39,
    0xef, 0xc7, 0x48, 0xdf, 0xc7, 0x10, 0x0, 0x38,
    0xdf, 0xe9, 0x30, 0x0, 0x3, 0x9e, 0xfd, 0x72,
    0x28, 0xdf, 0xc7, 0x20, 0x3, 0x8d, 0xfe, 0x93,
    0x0, 0x0, 0x39, 0xef, 0xd8, 0x20, 0x27, 0xdf,
    0xd7, 0x20, 0x28, 0xdf, 0xe9, 0x30, 0x0, 0x3,
    0x9e, 0xfd, 0x83, 0x0, 0x17, 0xcf, 0xd8, 0x22,
    0x7d, 0xfe, 0x93, 0x0, 0x0, 0x39, 0xef, 0xd8,
    0x30, 0x0, 0x16, 0xcf, 0xd8, 0x57, 0xcf, 0xe9,
    0x30, 0x0, 0x3, 0x9e, 0xfd, 0x83, 0x0, 0x0,
    0x16, 0xbf, 0xd9, 0x9b, 0xfe, 0x93, 0x0, 0x0,
    0x39, 0xef, 0xd8, 0x30, 0x0, 0x0, 0x16, 0xbf,
    0xdd, 0xdf, 0xe9, 0x30, 0x0, 0x3, 0x9e, 0xfd,
    0x83, 0x0, 0x0, 0x0, 0x15, 0xbf, 0xff, 0xfe,
    0x93, 0x0, 0x0, 0x39, 0xef, 0xd8, 0x30, 0x0,
    0x0, 0x0, 0x5, 0xaf, 0xff, 0xe9, 0x30, 0x0,

    /* U+004F "O" */
    0x0, 0x0, 0x0, 0x14, 0x7a, 0xce, 0xff, 0xfe,
    0xca, 0x74, 0x10, 0x0, 0x0, 0x0, 0x0, 0x3,
    0x7d, 0xff, 0xfd, 0xa8, 0x78, 0xad, 0xff, 0xfd,
    0x73, 0x0, 0x0, 0x0, 0x16, 0xbf, 0xff, 0xb5,
    0x10, 0x0, 0x0, 0x15, 0xbf, 0xff, 0xb6, 0x10,
    0x0, 0x5, 0xbf, 0xff, 0xa5, 0x0, 0x0, 0x0,
    0x0, 0x5, 0xaf, 0xff, 0xb5, 0x0, 0x3, 0x8d,
    0xff, 0xd7, 0x20, 0x0, 0x0, 0x0, 0x0, 0x27,
    0xdf, 0xfd, 0x83, 0x0, 0x49, 0xff, 0xfb, 0x61,
    0x0, 0x0, 0x0, 0x0, 0x1, 0x6b, 0xff, 0xf9,
    0x40, 0x5, 0xaf, 0xff, 0xb6, 0x0, 0x0, 0x0,
    0x0, 0x0, 0x6, 0xbf, 0xff, 0xa5, 0x0, 0x49,
    0xff, 0xfb, 0x61, 0x0, 0x0, 0x0, 0x0, 0x1,
    0x6b, 0xff, 0xf9, 0x40, 0x3, 0x8d, 0xff, 0xd7,
    0x20, 0x0, 0x0, 0x0, 0x0, 0x28, 0xdf, 0xfd,
    0x82, 0x0, 0x5, 0xaf, 0xff, 0xa5, 0x0, 0x0,
    0x0, 0x0, 0x5, 0xaf, 0xff, 0xa5, 0x0, 0x0,
    0x5, 0xaf, 0xff, 0xb5, 0x10, 0x0, 0x0, 0x16,
    0xbf, 0xff, 0xa5, 0x0, 0x0, 0x0, 0x2, 0x7c,
    0xff, 0xfd, 0xa8, 0x88, 0xad, 0xff, 0xfc, 0x72,
    0x0, 0x0, 0x0, 0x0, 0x0, 0x13, 0x7a, 0xce,
    0xff, 0xfe, 0xca, 0x73, 0x10, 0x0, 0x0, 0x0,

    /* U+0050 "P" */
    0x0, 0x6, 0xbf, 0xff, 0xff, 0xff, 0xff, 0xee,
    0xdc, 0xa8, 0x63, 0x10, 0x0, 0x0, 0x0, 0x6b,
    0xff, 0xfc, 0x85, 0x66, 0x67, 0x8a, 0xce, 0xff,
    0xfc, 0x72, 0x0, 0x0, 0x6, 0xbf, 0xff, 0xa4,
    0x0, 0x0, 0x0, 0x0, 0x39, 0xdf, 0xfe, 0x83,
    0x0, 0x0, 0x6b, 0xff, 0xfa, 0x40, 0x0, 0x0,
    0x0, 0x0, 0x5a, 0xff, 0xfa, 0x50, 0x0, 0x6,
    0xbf, 0xff, 0xa4, 0x0, 0x0, 0x0, 0x0, 0x28,
    0xdf, 0xfe, 0x83, 0x0, 0x0, 0x6b, 0xff, 0xfa,
    0x51, 0x12, 0x23, 0x47, 0xad, 0xff, 0xfd, 0x83,
    0x0, 0x0, 0x6, 0xbf, 0xff, 0xff, 0xff, 0xff,
    0xff, 0xff, 0xdb, 0x84, 0x10, 0x0, 0x0, 0x0,
    0x6b, 0xff, 0xfb, 0x74, 0x43, 0x33, 0x21, 0x0,
    0x0, 0x0, 0x0, 0x0, 0x0, 0x6, 0xbf, 0xff,
    0xa4, 0x0, 0x0, 0x0, 0x0, 0x0, 0x0, 0x0,
    0x0, 0x0, 0x0, 0x6b, 0xff, 0xfa, 0x40, 0x0,
    0x0, 0x0, 0x0, 0x0, 0x0, 0x0, 0x0, 0x0,
    0x6, 0xbf, 0xff, 0xa4, 0x0, 0x0, 0x0, 0x0,
    0x0, 0x0, 0x0, 0x0, 0x0, 0x0, 0x6b, 0xff,
    0xfa, 0x40, 0x0, 0x0, 0x0, 0x0, 0x0, 0x0,
    0x0, 0x0, 0x0, 0x6, 0xbf, 0xff, 0xa4, 0x0,
    0x0, 0x0, 0x0, 0x0, 0x0, 0x0, 0x0, 0x0,

    /* U+0051 "Q" */
    0x0, 0x0, 0x0, 0x14, 0x7a, 0xce, 0xff, 0xfe,
    0xca, 0x74, 0x10, 0x0, 0x0, 0x0, 0x0, 0x3,
    0x7d, 0xff, 0xfd, 0xa8, 0x88, 0xad, 0xff, 0xfd,
    0x73, 0x0, 0x0, 0x0, 0x16, 0xbf, 0xff, 0xb5,
    0x10, 0x0, 0x0, 0x16, 0xbf, 0xff, 0xb6, 0x10,
    0x0, 0x5, 0xbf, 0xff, 0xa5, 0x0, 0x0, 0x0,
    0x0, 0x5, 0xaf, 0xff, 0xb5, 0x0, 0x3, 0x8d,
    0xff, 0xd7, 0x20, 0x0, 0x0, 0x0, 0x0, 0x27,
    0xdf, 0xfd, 0x83, 0x0, 0x49, 0xff, 0xfb, 0x61,
    0x0, 0x0, 0x0, 0x0, 0x1, 0x6b, 0xff, 0xf9,
    0x40, 0x5, 0xaf, 0xff, 0xb6, 0x0, 0x0, 0x0,
    0x0, 0x0, 0x6, 0xbf, 0xff, 0xa5, 0x0, 0x49,
    0xff, 0xfb, 0x61, 0x0, 0x0, 0x0, 0x0, 0x1,
    0x6b, 0xff, 0xf9, 0x40, 0x3, 0x8d, 0xff, 0xd7,
    0x20, 0x0, 0x0, 0x0, 0x0, 0x28, 0xdf, 0xfd,
    0x82, 0x0, 0x5, 0xaf, 0xff, 0xa5, 0x0, 0x0,
    0x0, 0x0, 0x5, 0xaf, 0xff, 0xa5, 0x0, 0x0,
    0x5, 0xaf, 0xff, 0xb5, 0x10, 0x0, 0x0, 0x15,
    0xbf, 0xff, 0xa5, 0x0, 0x0, 0x0, 0x2, 0x7c,
    0xff, 0xec, 0x97, 0x67, 0x9c, 0xef, 0xfc, 0x72,
    0x0, 0x0, 0x0, 0x0, 0x0, 0x13, 0x7a, 0xdf,
    0xff, 0xff, 0xea, 0x73, 0x10, 0x0, 0x0, 0x0,
    0x0, 0x0, 0x0, 0x0, 0x0, 0x5b, 0xff, 0xe9,
    0x40, 0x0, 0x0, 0x0, 0x0, 0x0, 0x0, 0x0,
    0x0, 0x0, 0x0, 0x38, 0xdf, 0xfd, 0xa6, 0x32,
    0x12, 0x11, 0x0, 0x0, 0x0, 0x0, 0x0, 0x0,
    0x0, 0x2, 0x6a, 0xdf, 0xff, 0xff, 0xfc, 0x72,
    0x0, 0x0, 0x0, 0x0, 0x0, 0x0, 0x0, 0x0,
    0x0, 0x1, 0x23, 0x33, 0x10, 0x0,

    /* U+0052 "R" */
    0x0, 0x16, 0xbf, 0xff, 0xff, 0xff, 0xff, 0xfe,
    0xdc, 0xa7, 0x41, 0x0, 0x0, 0x0, 0x1, 0x6b,
    0xff, 0xfc, 0x85, 0x56, 0x67, 0x9b, 0xdf, 0xff,
    0xd9, 0x40, 0x0, 0x0, 0x16, 0xbf, 0xff, 0xa4,
    0x0, 0x0, 0x0, 0x1, 0x6c, 0xff, 0xfa, 0x50,
    0x0, 0x1, 0x6b, 0xff, 0xfa, 0x40, 0x0, 0x0,
    0x0, 0x3, 0x8e, 0xff, 0xc7, 0x10, 0x0, 0x16,
    0xbf, 0xff, 0xa4, 0x0, 0x0, 0x0, 0x0, 0x6b,
    0xff, 0xfb, 0x50, 0x0, 0x1, 0x6b, 0xff, 0xfa,
    0x51, 0x11, 0x23, 0x58, 0xbe, 0xff, 0xea, 0x50,
    0x0, 0x0, 0x16, 0xbf, 0xff, 0xff, 0xff, 0xff,
    0xff, 0xff, 0xda, 0x63, 0x0, 0x0, 0x0, 0x1,
    0x6b, 0xff, 0xfb, 0x74, 0x59, 0xef, 0xff, 0xb5,
    0x10, 0x0, 0x0, 0x0, 0x0, 0x16, 0xbf, 0xff,
    0xa4, 0x0, 0x4, 0x9e, 0xff, 0xc7, 0x20, 0x0,
    0x0, 0x0, 0x1, 0x6b, 0xff, 0xfa, 0x40, 0x0,
    0x2, 0x8d, 0xff, 0xe9, 0x30, 0x0, 0x0, 0x0,
    0x16, 0xbf, 0xff, 0xa4, 0x0, 0x0, 0x1, 0x6b,
    0xff, 0xfa, 0x50, 0x0, 0x0, 0x1, 0x6b, 0xff,
    0xfa, 0x40, 0x0, 0x0, 0x0, 0x5a, 0xff, 0xfc,
    0x61, 0x0, 0x0, 0x16, 0xbf, 0xff, 0xa4, 0x0,
    0x0, 0x0, 0x0, 0x49, 0xef, 0xfd, 0x83, 0x0,

    /* U+0053 "S" */
    0x0, 0x0, 0x0, 0x14, 0x7a, 0xce, 0xff, 0xff,
    0xec, 0xa7, 0x41, 0x0, 0x0, 0x0, 0x0, 0x3,
    0x8d, 0xff, 0xfd, 0xb9, 0x87, 0x89, 0xce, 0xff,
    0xea, 0x40, 0x0, 0x0, 0x4, 0x9f, 0xff, 0xc7,
    0x20, 0x0, 0x0, 0x0, 0x14, 0x65, 0x20, 0x0,
    0x0, 0x0, 0x5a, 0xff, 0xfb, 0x50, 0x0, 0x0,
    0x0, 0x0, 0x0, 0x0, 0x0, 0x0, 0x0, 0x1,
    0x6b, 0xff, 0xfd, 0x84, 0x10, 0x0, 0x0, 0x0,
    0x0, 0x0, 0x0, 0x0, 0x0, 0x0, 0x26, 0xbe,
    0xff, 0xfe, 0xb8, 0x42, 0x0, 0x0, 0x0, 0x0,
    0x0, 0x0, 0x0, 0x0, 0x0, 0x13, 0x7a, 0xdf,
    0xff, 0xfd, 0xa6, 0x30, 0x0, 0x0, 0x0, 0x0,
    0x0, 0x0, 0x0, 0x0, 0x0, 0x24, 0x8c, 0xef,
    0xff, 0xc7, 0x20, 0x0, 0x0, 0x0, 0x0, 0x0,
    0x0, 0x0, 0x0, 0x0, 0x3, 0x8d, 0xff, 0xfa,
    0x50, 0x0, 0x0, 0x0, 0x0, 0x0, 0x0, 0x0,
    0x0, 0x0, 0x3, 0x9e, 0xff, 0xd7, 0x20, 0x0,
    0x14, 0x9b, 0xa5, 0x20, 0x0, 0x0, 0x0, 0x1,
    0x6b, 0xff, 0xfb, 0x50, 0x0, 0x2, 0x6b, 0xef,
    0xff, 0xdb, 0x98, 0x78, 0x9b, 0xdf, 0xff, 0xd9,
    0x40, 0x0, 0x0, 0x0, 0x1, 0x47, 0x9b, 0xde,
    0xff, 0xfe, 0xdc, 0xa7, 0x41, 0x0, 0x0, 0x0,

    /* U+0054 "T" */
    0x28, 0xdf, 0xff, 0xff, 0xff, 0xff, 0xff, 0xff,
    0xff, 0xff, 0xff, 0xff, 0xd8, 0x21, 0x35, 0x77,
    0x77, 0x77, 0x79, 0xcf, 0xff, 0xda, 0x77, 0x77,
    0x77, 0x75, 0x31, 0x0, 0x0, 0x0, 0x0, 0x0,
    0x5a, 0xff, 0xfa, 0x50, 0x0, 0x0, 0x0, 0x0,
    0x0, 0x0, 0x0, 0x0, 0x0, 0x5, 0xaf, 0xff,
    0xa5, 0x0, 0x0, 0x0, 0x0, 0x0, 0x0, 0x0,
    0x0, 0x0, 0x0, 0x5a, 0xff, 0xfa, 0x50, 0x0,
    0x0, 0x0, 0x0, 0x0, 0x0, 0x0, 0x0, 0x0,
    0x5, 0xaf, 0xff, 0xa5, 0x0, 0x0, 0x0, 0x0,
    0x0, 0x0, 0x0, 0x0, 0x0, 0x0, 0x5a, 0xff,
    0xfa, 0x50, 0x0, 0x0, 0x0, 0x0, 0x0, 0x0,
    0x0, 0x0, 0x0, 0x5, 0xaf, 0xff, 0xa5, 0x0,
    0x0, 0x0, 0x0, 0x0, 0x0, 0x0, 0x0, 0x0,
    0x0, 0x5a, 0xff, 0xfa, 0x50, 0x0, 0x0, 0x0,
    0x0, 0x0, 0x0, 0x0, 0x0, 0x0, 0x5, 0xaf,
    0xff, 0xa5, 0x0, 0x0, 0x0, 0x0, 0x0, 0x0,
    0x0, 0x0, 0x0, 0x0, 0x5a, 0xff, 0xfa, 0x50,
    0x0, 0x0, 0x0, 0x0, 0x0, 0x0, 0x0, 0x0,
    0x0, 0x5, 0xaf, 0xff, 0xa5, 0x0, 0x0, 0x0,
    0x0, 0x0, 0x0, 0x0, 0x0, 0x0, 0x0, 0x5a,
    0xff, 0xfa, 0x50, 0x0, 0x0, 0x0, 0x0, 0x0,

    /* U+0055 "U" */
    0x0, 0x49, 0xef, 0xfc, 0x61, 0x0, 0x0, 0x0,
    0x0, 0x4a, 0xff, 0xfa, 0x40, 0x0, 0x4, 0x9e,
    0xff, 0xc6, 0x10, 0x0, 0x0, 0x0, 0x4, 0xaf,
    0xff, 0xa4, 0x0, 0x0, 0x49, 0xef, 0xfc, 0x61,
    0x0, 0x0, 0x0, 0x0, 0x4a, 0xff, 0xfa, 0x40,
    0x0, 0x4, 0x9e, 0xff, 0xc6, 0x10, 0x0, 0x0,
    0x0, 0x4, 0xaf, 0xff, 0xa4, 0x0, 0x0, 0x49,
    0xef, 0xfc, 0x61, 0x0, 0x0, 0x0, 0x0, 0x4a,
    0xff, 0xfa, 0x40, 0x0, 0x4, 0x9e, 0xff, 0xc6,
    0x10, 0x0, 0x0, 0x0, 0x4, 0xaf, 0xff, 0xa4,
    0x0, 0x0, 0x49, 0xef, 0xfc, 0x61, 0x0, 0x0,
    0x0, 0x0, 0x4a, 0xff, 0xfa, 0x40, 0x0, 0x4,
    0x9e, 0xff, 0xc6, 0x10, 0x0, 0x0, 0x0, 0x4,
    0xaf, 0xff, 0xa4, 0x0, 0x0, 0x39, 0xef, 0xfc,
    0x61, 0x0, 0x0, 0x0, 0x0, 0x4a, 0xff, 0xfa,
    0x40, 0x0, 0x3, 0x8d, 0xff, 0xc7, 0x20, 0x0,
    0x0, 0x0, 0x5, 0xbf, 0xfe, 0x93, 0x0, 0x0,
    0x16, 0xbf, 0xff, 0xb5, 0x10, 0x0, 0x0, 0x4,
    0x9e, 0xff, 0xc6, 0x10, 0x0, 0x0, 0x15, 0xae,
    0xff, 0xfc, 0xa8, 0x78, 0x9c, 0xef, 0xfe, 0xa5,
    0x10, 0x0, 0x0, 0x0, 0x0, 0x36, 0x9c, 0xde,
    0xff, 0xfe, 0xdc, 0x96, 0x30, 0x0, 0x0, 0x0,

    /* U+0056 "V" */
    0x16, 0xbf, 0xff, 0xa5, 0x0, 0x0, 0x0, 0x0,
    0x0, 0x4, 0x9e, 0xff, 0xb6, 0x10, 0x28, 0xdf,
    0xfd, 0x83, 0x0, 0x0, 0x0, 0x0, 0x2, 0x7c,
    0xff, 0xd8, 0x20, 0x0, 0x49, 0xff, 0xfb, 0x60,
    0x0, 0x0, 0x0, 0x0, 0x5a, 0xff, 0xe9, 0x40,
    0x0, 0x0, 0x6b, 0xff, 0xe9, 0x30, 0x0, 0x0,
    0x0, 0x28, 0xdf, 0xfb, 0x60, 0x0, 0x0, 0x2,
    0x7d, 0xff, 0xc7, 0x10, 0x0, 0x0, 0x6, 0xbf,
    0xfd, 0x72, 0x0, 0x0, 0x0, 0x4, 0x9e, 0xff,
    0xa5, 0x0, 0x0, 0x4, 0x9e, 0xfe, 0x94, 0x0,
    0x0, 0x0, 0x0, 0x5, 0xbf, 0xfd, 0x82, 0x0,
    0x2, 0x7c, 0xff, 0xb5, 0x0, 0x0, 0x0, 0x0,
    0x0, 0x27, 0xcf, 0xfb, 0x60, 0x0, 0x5a, 0xff,
    0xc7, 0x20, 0x0, 0x0, 0x0, 0x0, 0x0, 0x39,
    0xef, 0xe9, 0x30, 0x28, 0xdf, 0xe9, 0x30, 0x0,
    0x0, 0x0, 0x0, 0x0, 0x0, 0x5a, 0xff, 0xc6,
    0x25, 0xbf, 0xfa, 0x50, 0x0, 0x0, 0x0, 0x0,
    0x0, 0x0, 0x1, 0x7c, 0xff, 0xa8, 0x9e, 0xfc,
    0x71, 0x0, 0x0, 0x0, 0x0, 0x0, 0x0, 0x0,
    0x3, 0x9e, 0xfe, 0xee, 0xfe, 0x83, 0x0, 0x0,
    0x0, 0x0, 0x0, 0x0, 0x0, 0x0, 0x5, 0xaf,
    0xff, 0xff, 0xa5, 0x0, 0x0, 0x0, 0x0, 0x0,

    /* U+0057 "W" */
    0x0, 0x27, 0xdf, 0xfa, 0x50, 0x0, 0x0, 0x0,
    0x0, 0x0, 0x0, 0x0, 0x38, 0xef, 0xc7, 0x10,
    0x0, 0x0, 0x6b, 0xff, 0xb6, 0x0, 0x0, 0x0,
    0x0, 0x0, 0x0, 0x0, 0x4, 0xaf, 0xfb, 0x50,
    0x0, 0x0, 0x4, 0x9f, 0xfd, 0x72, 0x0, 0x0,
    0x0, 0x0, 0x0, 0x0, 0x0, 0x6b, 0xfe, 0x94,
    0x0, 0x0, 0x0, 0x38, 0xdf, 0xe9, 0x30, 0x0,
    0x16, 0xcf, 0xe9, 0x40, 0x0, 0x27, 0xcf, 0xd7,
    0x20, 0x0, 0x0, 0x1, 0x6b, 0xff, 0xa4, 0x0,
    0x4, 0x9f, 0xff, 0xc6, 0x10, 0x3, 0x8e, 0xfb,
    0x61, 0x0, 0x0, 0x0, 0x4, 0xaf, 0xfb, 0x61,
    0x2, 0x7c, 0xcc, 0xce, 0x94, 0x0, 0x4a, 0xff,
    0xa4, 0x0, 0x0, 0x0, 0x0, 0x38, 0xef, 0xd7,
    0x20, 0x5a, 0xe9, 0x89, 0xfc, 0x71, 0x5, 0xbf,
    0xd8, 0x30, 0x0, 0x0, 0x0, 0x1, 0x6c, 0xfe,
    0x83, 0x28, 0xdc, 0x74, 0x7c, 0xfa, 0x42, 0x7c,
    0xfc, 0x61, 0x0, 0x0, 0x0, 0x0, 0x5, 0xaf,
    0xfa, 0x55, 0xaf, 0xa4, 0x4, 0xaf, 0xc7, 0x58,
    0xef, 0xa5, 0x0, 0x0, 0x0, 0x0, 0x0, 0x39,
    0xef, 0xb9, 0x9d, 0xc7, 0x10, 0x27, 0xcf, 0x99,
    0x9f, 0xe9, 0x30, 0x0, 0x0, 0x0, 0x0, 0x1,
    0x7c, 0xfc, 0xcc, 0xe9, 0x40, 0x0, 0x4a, 0xfc,
    0xcc, 0xfc, 0x72, 0x0, 0x0, 0x0, 0x0, 0x0,
    0x5, 0xbf, 0xff, 0xfc, 0x72, 0x0, 0x2, 0x7c,
    0xff, 0xff, 0xb6, 0x0, 0x0, 0x0, 0x0, 0x0,
    0x0, 0x49, 0xef, 0xff, 0x94, 0x0, 0x0, 0x4,
    0x9f, 0xff, 0xf9, 0x40, 0x0, 0x0, 0x0,

    /* U+0058 "X" */
    0x0, 0x5a, 0xff, 0xfb, 0x61, 0x0, 0x0, 0x0,
    0x0, 0x4a, 0xef, 0xfa, 0x50, 0x0, 0x0, 0x49,
    0xef, 0xfc, 0x61, 0x0, 0x0, 0x0, 0x5a, 0xff,
    0xe9, 0x40, 0x0, 0x0, 0x0, 0x27, 0xdf, 0xfd,
    0x72, 0x0, 0x1, 0x6b, 0xff, 0xd8, 0x20, 0x0,
    0x0, 0x0, 0x0, 0x16, 0xbf, 0xfd, 0x83, 0x1,
    0x6b, 0xff, 0xc7, 0x10, 0x0, 0x0, 0x0, 0x0,
    0x0, 0x4, 0xae, 0xfe, 0x95, 0x7c, 0xff, 0xa5,
    0x10, 0x0, 0x0, 0x0, 0x0, 0x0, 0x0, 0x3,
    0x8d, 0xff, 0xff, 0xfe, 0x94, 0x0, 0x0, 0x0,
    0x0, 0x0, 0x0, 0x0, 0x0, 0x5, 0xbf, 0xff,
    0xff, 0xa5, 0x0, 0x0, 0x0, 0x0, 0x0, 0x0,
    0x0, 0x0, 0x16, 0xcf, 0xfc, 0xcd, 0xff, 0xb5,
    0x10, 0x0, 0x0, 0x0, 0x0, 0x0, 0x0, 0x28,
    0xdf, 0xfa, 0x42, 0x7c, 0xff, 0xc7, 0x20, 0x0,
    0x0, 0x0, 0x0, 0x0, 0x49, 0xef, 0xe9, 0x40,
    0x1, 0x7c, 0xff, 0xd8, 0x30, 0x0, 0x0, 0x0,
    0x0, 0x5a, 0xff, 0xe9, 0x30, 0x0, 0x1, 0x6b,
    0xff, 0xea, 0x40, 0x0, 0x0, 0x1, 0x6c, 0xff,
    0xd8, 0x30, 0x0, 0x0, 0x0, 0x5a, 0xff, 0xfb,
    0x61, 0x0, 0x2, 0x7d, 0xff, 0xd7, 0x20, 0x0,
    0x0, 0x0, 0x0, 0x49, 0xef, 0xfd, 0x72, 0x0,

    /* U+0059 "Y" */
    0x15, 0xbf, 0xff, 0xa5, 0x0, 0x0, 0x0, 0x0,
    0x0, 0x5, 0xaf, 0xff, 0xb5, 0x10, 0x5, 0xaf,
    0xff, 0xb5, 0x0, 0x0, 0x0, 0x0, 0x5, 0xaf,
    0xff, 0xa4, 0x0, 0x0, 0x4, 0x9e, 0xff, 0xb5,
    0x10, 0x0, 0x0, 0x5, 0xaf, 0xfe, 0x94, 0x0,
    0x0, 0x0, 0x3, 0x8e, 0xff, 0xb6, 0x10, 0x0,
    0x5, 0xaf, 0xfe, 0x83, 0x0, 0x0, 0x0, 0x0,
    0x2, 0x8d, 0xff, 0xb6, 0x10, 0x5, 0xaf, 0xfd,
    0x82, 0x0, 0x0, 0x0, 0x0, 0x0, 0x2, 0x7c,
    0xff, 0xb5, 0x15, 0xaf, 0xfc, 0x71, 0x0, 0x0,
    0x0, 0x0, 0x0, 0x0, 0x1, 0x6b, 0xff, 0xcb,
    0xbf, 0xfb, 0x61, 0x0, 0x0, 0x0, 0x0, 0x0,
    0x0, 0x0, 0x0, 0x5a, 0xff, 0xff, 0xfa, 0x50,
    0x0, 0x0, 0x0, 0x0, 0x0, 0x0, 0x0, 0x0,
    0x0, 0x5b, 0xff, 0xfb, 0x50, 0x0, 0x0, 0x0,
    0x0, 0x0, 0x0, 0x0, 0x0, 0x0, 0x5, 0xaf,
    0xff, 0xa5, 0x0, 0x0, 0x0, 0x0, 0x0, 0x0,
    0x0, 0x0, 0x0, 0x0, 0x5a, 0xff, 0xfa, 0x50,
    0x0, 0x0, 0x0, 0x0, 0x0, 0x0, 0x0, 0x0,
    0x0, 0x5, 0xaf, 0xff, 0xa5, 0x0, 0x0, 0x0,
    0x0, 0x0, 0x0, 0x0, 0x0, 0x0, 0x0, 0x5a,
    0xff, 0xfa, 0x50, 0x0, 0x0, 0x0, 0x0, 0x0,

    /* U+005A "Z" */
    0x0, 0x5, 0xaf, 0xff, 0xff, 0xff, 0xff, 0xff,
    0xff, 0xff, 0xff, 0xfb, 0x61, 0x0, 0x0, 0x24,
    0x77, 0x77, 0x77, 0x77, 0x77, 0x77, 0x9d, 0xff,
    0xfd, 0x72, 0x0, 0x0, 0x0, 0x0, 0x0, 0x0,
    0x0, 0x0, 0x1, 0x6b, 0xff, 0xea, 0x50, 0x0,
    0x0, 0x0, 0x0, 0x0, 0x0, 0x0, 0x0, 0x3,
    0x9d, 0xff, 0xd8, 0x20, 0x0, 0x0, 0x0, 0x0,
    0x0, 0x0, 0x0, 0x0, 0x16, 0xbf, 0xff, 0xa5,
    0x10, 0x0, 0x0, 0x0, 0x0, 0x0, 0x0, 0x0,
    0x0, 0x39, 0xdf, 0xfd, 0x82, 0x0, 0x0, 0x0,
    0x0, 0x0, 0x0, 0x0, 0x0, 0x1, 0x6b, 0xff,
    0xfa, 0x51, 0x0, 0x0, 0x0, 0x0, 0x0, 0x0,
    0x0, 0x0, 0x3, 0x9d, 0xff, 0xd8, 0x20, 0x0,
    0x0, 0x0, 0x0, 0x0, 0x0, 0x0, 0x0, 0x16,
    0xbf, 0xff, 0xa5, 0x10, 0x0, 0x0, 0x0, 0x0,
    0x0, 0x0, 0x0, 0x0, 0x39, 0xdf, 0xfd, 0x83,
    0x0, 0x0, 0x0, 0x0, 0x0, 0x0, 0x0, 0x0,
    0x1, 0x6b, 0xff, 0xfb, 0x51, 0x0, 0x0, 0x0,
    0x0, 0x0, 0x0, 0x0, 0x0, 0x3, 0x9d, 0xff,
    0xfc, 0x86, 0x66, 0x66, 0x66, 0x66, 0x66, 0x66,
    0x42, 0x0, 0x2, 0x7d, 0xff, 0xff, 0xff, 0xff,
    0xff, 0xff, 0xff, 0xff, 0xff, 0xfd, 0x72, 0x0,

    /* U+005B "[" */
    0x0, 0x17, 0xcf, 0xff, 0xee, 0xee, 0xee, 0xec,
    0x72, 0x0, 0x17, 0xcf, 0xd7, 0x20, 0x0, 0x0,
    0x0, 0x0, 0x0, 0x17, 0xcf, 0xd7, 0x20, 0x0,
    0x0, 0x0, 0x0, 0x0, 0x17, 0xcf, 0xd7, 0x20,
    0x0, 0x0, 0x0, 0x0, 0x0, 0x17, 0xcf, 0xd7,
    0x20, 0x0, 0x0, 0x0, 0x0, 0x0, 0x17, 0xcf,
    0xd7, 0x20, 0x0, 0x0, 0x0, 0x0, 0x0, 0x17,
    0xcf, 0xd7, 0x20, 0x0, 0x0, 0x0, 0x0, 0x0,
    0x17, 0xcf, 0xd7, 0x20, 0x0, 0x0, 0x0, 0x0,
    0x0, 0x17, 0xcf, 0xd7, 0x20, 0x0, 0x0, 0x0,
    0x0, 0x0, 0x17, 0xcf, 0xd7, 0x20, 0x0, 0x0,
    0x0, 0x0, 0x0, 0x17, 0xcf, 0xd7, 0x20, 0x0,
    0x0, 0x0, 0x0, 0x0, 0x17, 0xcf, 0xd7, 0x20,
    0x0, 0x0, 0x0, 0x0, 0x0, 0x17, 0xcf, 0xd7,
    0x20, 0x0, 0x0, 0x0, 0x0, 0x0, 0x17, 0xcf,
    0xd7, 0x20, 0x0, 0x0, 0x0, 0x0, 0x0, 0x17,
    0xcf, 0xd7, 0x20, 0x0, 0x0, 0x0, 0x0, 0x0,
    0x17, 0xcf, 0xd7, 0x20, 0x0, 0x0, 0x0, 0x0,
    0x0, 0x16, 0xbf, 0xfe, 0xee, 0xee, 0xee, 0xec,
    0x72,

    /* U+005C "\\" */
    0x1, 0x47, 0x75, 0x20, 0x0, 0x0, 0x0, 0x0,
    0x0, 0x0, 0x0, 0x0, 0x0, 0x0, 0x4, 0x9e,
    0xe9, 0x40, 0x0, 0x0, 0x0, 0x0, 0x0, 0x0,
    0x0, 0x0, 0x0, 0x0, 0x3, 0x9e, 0xe9, 0x40,
    0x0, 0x0, 0x0, 0x0, 0x0, 0x0, 0x0, 0x0,
    0x0, 0x0, 0x3, 0x8d, 0xfa, 0x50, 0x0, 0x0,
    0x0, 0x0, 0x0, 0x0, 0x0, 0x0, 0x0, 0x0,
    0x2, 0x8d, 0xfa, 0x50, 0x0, 0x0, 0x0, 0x0,
    0x0, 0x0, 0x0, 0x0, 0x0, 0x0, 0x2, 0x7c,
    0xfb, 0x61, 0x0, 0x0, 0x0, 0x0, 0x0, 0x0,
    0x0, 0x0, 0x0, 0x0, 0x1, 0x6c, 0xfc, 0x61,
    0x0, 0x0, 0x0, 0x0, 0x0, 0x0, 0x0, 0x0,
    0x0, 0x0, 0x1, 0x6b, 0xfc, 0x71, 0x0, 0x0,
    0x0, 0x0, 0x0, 0x0, 0x0, 0x0, 0x0, 0x0,
    0x1, 0x6b, 0xfc, 0x72, 0x0, 0x0, 0x0, 0x0,
    0x0, 0x0, 0x0, 0x0, 0x0, 0x0, 0x0, 0x5a,
    0xfd, 0x82, 0x0, 0x0, 0x0, 0x0, 0x0, 0x0,
    0x0, 0x0, 0x0, 0x0, 0x0, 0x5a, 0xfd, 0x83,
    0x0, 0x0, 0x0, 0x0, 0x0, 0x0, 0x0, 0x0,
    0x0, 0x0, 0x0, 0x49, 0xee, 0x93, 0x0, 0x0,
    0x0, 0x0, 0x0, 0x0, 0x0, 0x0, 0x0, 0x0,
    0x0, 0x39, 0xee, 0x94, 0x0, 0x0, 0x0, 0x0,
    0x0, 0x0, 0x0, 0x0, 0x0, 0x0, 0x0, 0x38,
    0xde, 0xa4, 0x0, 0x0, 0x0, 0x0, 0x0, 0x0,
    0x0, 0x0, 0x0, 0x0, 0x0, 0x28, 0xdf, 0xa5,
    0x0, 0x0, 0x0, 0x0, 0x0, 0x0, 0x0, 0x0,
    0x0, 0x0, 0x0, 0x27, 0xdf, 0xb5, 0x10, 0x0,
    0x0, 0x0, 0x0, 0x0, 0x0, 0x0, 0x0, 0x0,
    0x0, 0x27, 0xcf, 0xb6, 0x10, 0x0, 0x0, 0x0,
    0x0, 0x0, 0x0, 0x0, 0x0, 0x0, 0x0, 0x16,
    0xcf, 0xc6, 0x10,

    /* U+005D "]" */
    0x27, 0xce, 0xee, 0xee, 0xee, 0xff, 0xfc, 0x71,
    0x0, 0x0, 0x0, 0x0, 0x0, 0x2, 0x7d, 0xfc,
    0x71, 0x0, 0x0, 0x0, 0x0, 0x0, 0x2, 0x7d,
    0xfc, 0x71, 0x0, 0x0, 0x0, 0x0, 0x0, 0x2,
    0x7d, 0xfc, 0x71, 0x0, 0x0, 0x0, 0x0, 0x0,
    0x2, 0x7d, 0xfc, 0x71, 0x0, 0x0, 0x0, 0x0,
    0x0, 0x2, 0x7d, 0xfc, 0x71, 0x0, 0x0, 0x0,
    0x0, 0x0, 0x2, 0x7d, 0xfc, 0x71, 0x0, 0x0,
    0x0, 0x0, 0x0, 0x2, 0x7d, 0xfc, 0x71, 0x0,
    0x0, 0x0, 0x0, 0x0, 0x2, 0x7d, 0xfc, 0x71,
    0x0, 0x0, 0x0, 0x0, 0x0, 0x2, 0x7d, 0xfc,
    0x71, 0x0, 0x0, 0x0, 0x0, 0x0, 0x2, 0x7d,
    0xfc, 0x71, 0x0, 0x0, 0x0, 0x0, 0x0, 0x2,
    0x7d, 0xfc, 0x71, 0x0, 0x0, 0x0, 0x0, 0x0,
    0x2, 0x7d, 0xfc, 0x71, 0x0, 0x0, 0x0, 0x0,
    0x0, 0x2, 0x7d, 0xfc, 0x71, 0x0, 0x0, 0x0,
    0x0, 0x0, 0x2, 0x7d, 0xfc, 0x71, 0x0, 0x0,
    0x0, 0x0, 0x0, 0x2, 0x7d, 0xfc, 0x71, 0x0,
    0x27, 0xce, 0xee, 0xee, 0xee, 0xef, 0xfb, 0x61,
    0x0,

    /* U+005E "^" */
    0x0, 0x0, 0x0, 0x0, 0x0, 0x25, 0x78, 0x75,
    0x20, 0x0, 0x0, 0x0, 0x0, 0x0, 0x0, 0x0,
    0x0, 0x0, 0x49, 0xef, 0xff, 0xe9, 0x40, 0x0,
    0x0, 0x0, 0x0, 0x0, 0x0, 0x0, 0x0, 0x4a,
    0xef, 0xa9, 0xaf, 0xe9, 0x40, 0x0, 0x0, 0x0,
    0x0, 0x0, 0x0, 0x0, 0x5a, 0xff, 0xa4, 0x5,
    0xaf, 0xfa, 0x40, 0x0, 0x0, 0x0, 0x0, 0x0,
    0x0, 0x5b, 0xff, 0xa5, 0x0, 0x5, 0xaf, 0xfa,
    0x50, 0x0, 0x0, 0x0, 0x0, 0x1, 0x6b, 0xff,
    0xa4, 0x0, 0x0, 0x5, 0xaf, 0xfb, 0x51, 0x0,
    0x0, 0x0, 0x1, 0x6c, 0xff, 0xa4, 0x0, 0x0,
    0x0, 0x5, 0xaf, 0xfb, 0x61, 0x0, 0x0, 0x1,
    0x7c, 0xfe, 0x94, 0x0, 0x0, 0x0, 0x0, 0x5,
    0xaf, 0xfc, 0x71, 0x0,

    /* U+005F "_" */
    0x1, 0x6b, 0xff, 0xff, 0xff, 0xff, 0xff, 0xff,
    0xff, 0xff, 0xff, 0xfb, 0x61, 0x0, 0x0, 0x12,
    0x22, 0x22, 0x22, 0x22, 0x22, 0x22, 0x22, 0x22,
    0x22, 0x10, 0x0,

    /* U+0060 "`" */
    0x4, 0x9e, 0xff, 0xd7, 0x20, 0x0, 0x0, 0x15,
    0xae, 0xfe, 0x94, 0x0, 0x0, 0x0, 0x15, 0xae,
    0xfb, 0x61,

    /* U+0061 "a" */
    0x0, 0x0, 0x1, 0x36, 0x8b, 0xce, 0xff, 0xff,
    0xec, 0xa6, 0x30, 0x0, 0x0, 0x0, 0x0, 0x16,
    0xbf, 0xed, 0xa8, 0x66, 0x66, 0x9c, 0xef, 0xfe,
    0x93, 0x0, 0x0, 0x0, 0x0, 0x1, 0x11, 0x0,
    0x0, 0x0, 0x0, 0x16, 0xbf, 0xff, 0xa5, 0x0,
    0x0, 0x0, 0x0, 0x0, 0x0, 0x0, 0x0, 0x0,
    0x12, 0x5a, 0xef, 0xfc, 0x71, 0x0, 0x0, 0x0,
    0x0, 0x2, 0x57, 0x9b, 0xde, 0xff, 0xee, 0xef,
    0xff, 0xd8, 0x20, 0x0, 0x0, 0x14, 0x9d, 0xff,
    0xda, 0x64, 0x21, 0x0, 0x27, 0xdf, 0xfd, 0x82,
    0x0, 0x0, 0x27, 0xdf, 0xfc, 0x72, 0x0, 0x0,
    0x0, 0x2, 0x7d, 0xff, 0xd8, 0x20, 0x0, 0x4,
    0x9e, 0xff, 0xa5, 0x0, 0x0, 0x0, 0x1, 0x4a,
    0xef, 0xfd, 0x82, 0x0, 0x0, 0x16, 0xbf, 0xff,
    0xda, 0x76, 0x56, 0x8b, 0xdd, 0xde, 0xff, 0xd8,
    0x20, 0x0, 0x0, 0x2, 0x59, 0xcd, 0xef, 0xfe,
    0xda, 0x74, 0x14, 0x9e, 0xfd, 0x82, 0x0,

    /* U+0062 "b" */
    0x0, 0x17, 0xcf, 0xfe, 0x93, 0x0, 0x0, 0x0,
    0x0, 0x0, 0x0, 0x0, 0x0, 0x0, 0x1, 0x7c,
    0xff, 0xe9, 0x30, 0x0, 0x0, 0x0, 0x0, 0x0,
    0x0, 0x0, 0x0, 0x0, 0x17, 0xcf, 0xfe, 0x93,
    0x0, 0x0, 0x0, 0x0, 0x0, 0x0, 0x0, 0x0,
    0x0, 0x1, 0x7c, 0xff, 0xe8, 0x30, 0x0, 0x0,
    0x0, 0x0, 0x0, 0x0, 0x0, 0x0, 0x0, 0x17,
    0xcf, 0xfd, 0x84, 0x48, 0xce, 0xff, 0xfe, 0xc9,
    0x52, 0x0, 0x0, 0x0, 0x1, 0x7c, 0xff, 0xff,
    0xed, 0xb8, 0x77, 0x8b, 0xdf, 0xff, 0xc7, 0x20,
    0x0, 0x0, 0x17, 0xcf, 0xff, 0xb5, 0x10, 0x0,
    0x0, 0x4, 0x9e, 0xff, 0xe8, 0x30, 0x0, 0x1,
    0x7c, 0xff, 0xe9, 0x30, 0x0, 0x0, 0x0, 0x5,
    0xaf, 0xff, 0xb6, 0x10, 0x0, 0x17, 0xcf, 0xfe,
    0x93, 0x0, 0x0, 0x0, 0x0, 0x38, 0xef, 0xfd,
    0x72, 0x0, 0x1, 0x7c, 0xff, 0xe9, 0x30, 0x0,
    0x0, 0x0, 0x4, 0x9e, 0xff, 0xc7, 0x10, 0x0,
    0x17, 0xcf, 0xfe, 0x93, 0x0, 0x0, 0x0, 0x0,
    0x6b, 0xff, 0xfa, 0x50, 0x0, 0x1, 0x7c, 0xff,
    0xe9, 0x40, 0x0, 0x0, 0x1, 0x6c, 0xff, 0xfb,
    0x61, 0x0, 0x0, 0x17, 0xcf, 0xff, 0xfe, 0xc9,
    0x77, 0x8a, 0xdf, 0xff, 0xe9, 0x40, 0x0, 0x0,
    0x1, 0x7c, 0xff, 0xa6, 0x48, 0xbd, 0xff, 0xfd,
    0xc9, 0x52, 0x0, 0x0, 0x0,

    /* U+0063 "c" */
    0x0, 0x0, 0x0, 0x0, 0x25, 0x8a, 0xcd, 0xef,
    0xff, 0xed, 0xa7, 0x41, 0x0, 0x0, 0x0, 0x0,
    0x26, 0xbe, 0xff, 0xec, 0x97, 0x66, 0x68, 0xad,
    0xeb, 0x61, 0x0, 0x0, 0x1, 0x6b, 0xff, 0xfc,
    0x72, 0x0, 0x0, 0x0, 0x0, 0x0, 0x0, 0x0,
    0x0, 0x1, 0x6c, 0xff, 0xfa, 0x40, 0x0, 0x0,
    0x0, 0x0, 0x0, 0x0, 0x0, 0x0, 0x0, 0x39,
    0xef, 0xfc, 0x71, 0x0, 0x0, 0x0, 0x0, 0x0,
    0x0, 0x0, 0x0, 0x0, 0x3, 0x9e, 0xff, 0xc7,
    0x10, 0x0, 0x0, 0x0, 0x0, 0x0, 0x0, 0x0,
    0x0, 0x0, 0x17, 0xcf, 0xff, 0xa4, 0x0, 0x0,
    0x0, 0x0, 0x0, 0x0, 0x0, 0x0, 0x0, 0x0,
    0x27, 0xcf, 0xff, 0xc7, 0x20, 0x0, 0x0, 0x0,
    0x0, 0x11, 0x0, 0x0, 0x0, 0x0, 0x3, 0x8c,
    0xff, 0xfe, 0xc9, 0x86, 0x67, 0x8a, 0xce, 0xea,
    0x50, 0x0, 0x0, 0x0, 0x0, 0x3, 0x69, 0xbd,
    0xef, 0xff, 0xfe, 0xca, 0x85, 0x20, 0x0,

    /* U+0064 "d" */
    0x0, 0x0, 0x0, 0x0, 0x0, 0x0, 0x0, 0x0,
    0x3, 0x9e, 0xff, 0xc7, 0x10, 0x0, 0x0, 0x0,
    0x0, 0x0, 0x0, 0x0, 0x0, 0x0, 0x39, 0xef,
    0xfc, 0x71, 0x0, 0x0, 0x0, 0x0, 0x0, 0x0,
    0x0, 0x0, 0x0, 0x3, 0x9e, 0xff, 0xc7, 0x10,
    0x0, 0x0, 0x0, 0x0, 0x0, 0x0, 0x0, 0x0,
    0x0, 0x38, 0xef, 0xfc, 0x71, 0x0, 0x0, 0x0,
    0x0, 0x25, 0x9c, 0xdf, 0xff, 0xdb, 0x87, 0xad,
    0xff, 0xc7, 0x10, 0x0, 0x0, 0x4, 0x9e, 0xff,
    0xfd, 0xa7, 0x77, 0x8b, 0xdf, 0xff, 0xfc, 0x71,
    0x0, 0x0, 0x17, 0xcf, 0xff, 0xb6, 0x10, 0x0,
    0x0, 0x4, 0x9e, 0xff, 0xc7, 0x10, 0x0, 0x5,
    0xbf, 0xff, 0xb5, 0x0, 0x0, 0x0, 0x0, 0x39,
    0xef, 0xfc, 0x71, 0x0, 0x2, 0x7c, 0xff, 0xe9,
    0x30, 0x0, 0x0, 0x0, 0x3, 0x9e, 0xff, 0xc7,
    0x10, 0x0, 0x27, 0xdf, 0xfe, 0x83, 0x0, 0x0,
    0x0, 0x0, 0x39, 0xef, 0xfc, 0x71, 0x0, 0x1,
    0x6b, 0xff, 0xfa, 0x50, 0x0, 0x0, 0x0, 0x3,
    0x9e, 0xff, 0xc7, 0x10, 0x0, 0x2, 0x8d, 0xff,
    0xea, 0x40, 0x0, 0x0, 0x1, 0x5b, 0xff, 0xfc,
    0x71, 0x0, 0x0, 0x2, 0x6c, 0xff, 0xfe, 0xc9,
    0x77, 0x8a, 0xdd, 0xee, 0xff, 0xc7, 0x10, 0x0,
    0x0, 0x0, 0x14, 0x8b, 0xde, 0xff, 0xec, 0x95,
    0x25, 0xaf, 0xfc, 0x71, 0x0,

    /* U+0065 "e" */
    0x0, 0x0, 0x0, 0x2, 0x48, 0xac, 0xef, 0xff,
    0xec, 0xa7, 0x41, 0x0, 0x0, 0x0, 0x0, 0x1,
    0x5a, 0xef, 0xfc, 0xa7, 0x55, 0x67, 0xad, 0xff,
    0xc7, 0x20, 0x0, 0x0, 0x4, 0x9e, 0xfe, 0xa4,
    0x10, 0x0, 0x0, 0x0, 0x39, 0xef, 0xe8, 0x30,
    0x0, 0x3, 0x9e, 0xff, 0x94, 0x0, 0x0, 0x0,
    0x0, 0x0, 0x5a, 0xff, 0xc6, 0x10, 0x0, 0x6b,
    0xff, 0xff, 0xff, 0xff, 0xff, 0xff, 0xff, 0xff,
    0xff, 0xfd, 0x72, 0x0, 0x6, 0xbf, 0xfe, 0xa6,
    0x33, 0x33, 0x33, 0x33, 0x33, 0x33, 0x33, 0x21,
    0x0, 0x0, 0x39, 0xef, 0xfc, 0x61, 0x0, 0x0,
    0x0, 0x0, 0x0, 0x0, 0x0, 0x0, 0x0, 0x0,
    0x49, 0xef, 0xfd, 0x83, 0x0, 0x0, 0x0, 0x0,
    0x0, 0x0, 0x0, 0x0, 0x0, 0x0, 0x15, 0xae,
    0xff, 0xec, 0x97, 0x65, 0x56, 0x79, 0xb9, 0x61,
    0x0, 0x0, 0x0, 0x0, 0x0, 0x14, 0x8a, 0xcd,
    0xef, 0xfe, 0xed, 0xba, 0x74, 0x10, 0x0,

    /* U+0066 "f" */
    0x0, 0x0, 0x0, 0x0, 0x2, 0x58, 0xbd, 0xef,
    0xff, 0xee, 0xca, 0x62, 0x0, 0x0, 0x0, 0x0,
    0x0, 0x27, 0xdf, 0xff, 0xda, 0x76, 0x56, 0x78,
    0x74, 0x0, 0x0, 0x0, 0x0, 0x0, 0x27, 0xdf,
    0xfe, 0x83, 0x0, 0x0, 0x0, 0x0, 0x0, 0x0,
    0x0, 0x0, 0x0, 0x4, 0x9e, 0xff, 0xb6, 0x10,
    0x0, 0x0, 0x0, 0x0, 0x0, 0x0, 0x4a, 0xff,
    0xff, 0xff, 0xff, 0xff, 0xff, 0xff, 0xff, 0xfe,
    0x93, 0x0, 0x0, 0x1, 0x24, 0x44, 0x48, 0xdf,
    0xff, 0xfa, 0x54, 0x44, 0x44, 0x32, 0x0, 0x0,
    0x0, 0x0, 0x0, 0x0, 0x49, 0xef, 0xfb, 0x61,
    0x0, 0x0, 0x0, 0x0, 0x0, 0x0, 0x0, 0x0,
    0x0, 0x4, 0x9e, 0xff, 0xb6, 0x10, 0x0, 0x0,
    0x0, 0x0, 0x0, 0x0, 0x0, 0x0, 0x0, 0x49,
    0xef, 0xfb, 0x61, 0x0, 0x0, 0x0, 0x0, 0x0,
    0x0, 0x0, 0x0, 0x0, 0x4, 0x9e, 0xff, 0xb6,
    0x10, 0x0, 0x0, 0x0, 0x0, 0x0, 0x0, 0x0,
    0x0, 0x0, 0x49, 0xef, 0xfb, 0x61, 0x0, 0x0,
    0x0, 0x0, 0x0, 0x0, 0x0, 0x0, 0x0, 0x4,
    0x9e, 0xff, 0xb6, 0x10, 0x0, 0x0, 0x0, 0x0,
    0x0, 0x0, 0x0, 0x0, 0x0, 0x49, 0xef, 0xfb,
    0x61, 0x0, 0x0, 0x0, 0x0, 0x0, 0x0, 0x0,
    0x0, 0x0, 0x4, 0x9e, 0xff, 0xb6, 0x10, 0x0,
    0x0, 0x0, 0x0, 0x0, 0x0,

    /* U+0067 "g" */
    0x0, 0x0, 0x1, 0x36, 0xac, 0xdf, 0xff, 0xff,
    0xff, 0xff, 0xff, 0xff, 0xd8, 0x30, 0x0, 0x15,
    0xbf, 0xfe, 0xb7, 0x43, 0x34, 0x8c, 0xff, 0xeb,
    0x87, 0x76, 0x31, 0x0, 0x5, 0xbf, 0xfe, 0x93,
    0x0, 0x0, 0x0, 0x49, 0xff, 0xc7, 0x20, 0x0,
    0x0, 0x0, 0x6b, 0xff, 0xe8, 0x30, 0x0, 0x0,
    0x4, 0x9e, 0xfe, 0x83, 0x0, 0x0, 0x0, 0x1,
    0x5b, 0xef, 0xd9, 0x41, 0x0, 0x15, 0xae, 0xfe,
    0xa4, 0x0, 0x0, 0x0, 0x0, 0x0, 0x39, 0xef,
    0xff, 0xff, 0xff, 0xfe, 0xb8, 0x41, 0x0, 0x0,
    0x0, 0x0, 0x2, 0x7c, 0xfd, 0x83, 0x0, 0x11,
    0x10, 0x0, 0x0, 0x0, 0x0, 0x0, 0x0, 0x0,
    0x5a, 0xff, 0xc6, 0x10, 0x0, 0x0, 0x0, 0x0,
    0x0, 0x0, 0x0, 0x0, 0x0, 0x2, 0x7c, 0xff,
    0xdb, 0x86, 0x65, 0x55, 0x55, 0x43, 0x21, 0x0,
    0x0, 0x0, 0x0, 0x1, 0x6b, 0xff, 0xff, 0xff,
    0xff, 0xff, 0xff, 0xff, 0xfe, 0xa5, 0x10, 0x0,
    0x26, 0xcf, 0xea, 0x40, 0x0, 0x0, 0x0, 0x1,
    0x26, 0xae, 0xff, 0xc7, 0x20, 0x6, 0xbf, 0xfb,
    0x61, 0x0, 0x0, 0x0, 0x0, 0x0, 0x27, 0xdf,
    0xfb, 0x61, 0x0, 0x38, 0xdf, 0xfd, 0xa6, 0x43,
    0x22, 0x23, 0x57, 0xad, 0xff, 0xd9, 0x40, 0x0,
    0x0, 0x2, 0x48, 0xac, 0xde, 0xff, 0xff, 0xee,
    0xcb, 0x96, 0x31, 0x0, 0x0,

    /* U+0068 "h" */
    0x0, 0x27, 0xdf, 0xfd, 0x82, 0x0, 0x0, 0x0,
    0x0, 0x0, 0x0, 0x0, 0x0, 0x0, 0x2, 0x7d,
    0xff, 0xd8, 0x20, 0x0, 0x0, 0x0, 0x0, 0x0,
    0x0, 0x0, 0x0, 0x0, 0x27, 0xdf, 0xfd, 0x82,
    0x0, 0x0, 0x0, 0x0, 0x0, 0x0, 0x0, 0x0,
    0x0, 0x2, 0x7d, 0xff, 0xd7, 0x20, 0x0, 0x0,
    0x0, 0x0, 0x0, 0x0, 0x0, 0x0, 0x0, 0x27,
    0xdf, 0xfc, 0x72, 0x25, 0x9c, 0xdf, 0xfe, 0xdc,
    0x95, 0x20, 0x0, 0x0, 0x2, 0x7d, 0xff, 0xec,
    0xcd, 0xca, 0x87, 0x79, 0xce, 0xff, 0xfa, 0x50,
    0x0, 0x0, 0x27, 0xdf, 0xff, 0xc7, 0x30, 0x0,
    0x0, 0x2, 0x7c, 0xff, 0xe9, 0x30, 0x0, 0x2,
    0x7d, 0xff, 0xd8, 0x30, 0x0, 0x0, 0x0, 0x5,
    0xaf, 0xff, 0xa5, 0x0, 0x0, 0x27, 0xdf, 0xfd,
    0x83, 0x0, 0x0, 0x0, 0x0, 0x5a, 0xff, 0xfb,
    0x50, 0x0, 0x2, 0x7d, 0xff, 0xd8, 0x30, 0x0,
    0x0, 0x0, 0x5, 0xaf, 0xff, 0xb5, 0x0, 0x0,
    0x27, 0xdf, 0xfd, 0x83, 0x0, 0x0, 0x0, 0x0,
    0x5a, 0xff, 0xfb, 0x50, 0x0, 0x2, 0x7d, 0xff,
    0xd8, 0x30, 0x0, 0x0, 0x0, 0x5, 0xaf, 0xff,
    0xb5, 0x0, 0x0, 0x27, 0xdf, 0xfd, 0x83, 0x0,
    0x0, 0x0, 0x0, 0x5a, 0xff, 0xfb, 0x50, 0x0,
    0x2, 0x7d, 0xff, 0xd8, 0x30, 0x0, 0x0, 0x0,
    0x5, 0xaf, 0xff, 0xb5, 0x0,

    /* U+0069 "i" */
    0x26, 0xbe, 0xfe, 0xb6, 0x23, 0x8d, 0xff, 0xfd,
    0x83, 0x0, 0x1, 0x21, 0x0, 0x0, 0x0, 0x0,
    0x0, 0x0, 0x5, 0xaf, 0xff, 0xa5, 0x0, 0x5a,
    0xff, 0xfa, 0x50, 0x5, 0xaf, 0xff, 0xa5, 0x0,
    0x5a, 0xff, 0xfa, 0x50, 0x5, 0xaf, 0xff, 0xa5,
    0x0, 0x5a, 0xff, 0xfa, 0x50, 0x5, 0xaf, 0xff,
    0xa5, 0x0, 0x5a, 0xff, 0xfa, 0x50, 0x5, 0xaf,
    0xff, 0xa5, 0x0, 0x5a, 0xff, 0xfa, 0x50,

    /* U+006A "j" */
    0x0, 0x0, 0x0, 0x0, 0x0, 0x0, 0x2, 0x6b,
    0xef, 0xeb, 0x62, 0x0, 0x0, 0x0, 0x0, 0x0,
    0x0, 0x0, 0x2, 0x7d, 0xff, 0xfd, 0x83, 0x0,
    0x0, 0x0, 0x0, 0x0, 0x0, 0x0, 0x0, 0x0,
    0x12, 0x10, 0x0, 0x0, 0x0, 0x0, 0x0, 0x0,
    0x0, 0x0, 0x0, 0x0, 0x0, 0x0, 0x0, 0x0,
    0x0, 0x0, 0x0, 0x0, 0x0, 0x0, 0x0, 0x5a,
    0xff, 0xfa, 0x50, 0x0, 0x0, 0x0, 0x0, 0x0,
    0x0, 0x0, 0x0, 0x5a, 0xff, 0xfa, 0x50, 0x0,
    0x0, 0x0, 0x0, 0x0, 0x0, 0x0, 0x0, 0x5a,
    0xff, 0xfa, 0x50, 0x0, 0x0, 0x0, 0x0, 0x0,
    0x0, 0x0, 0x0, 0x5a, 0xff, 0xfa, 0x50, 0x0,
    0x0, 0x0, 0x0, 0x0, 0x0, 0x0, 0x0, 0x5a,
    0xff, 0xfa, 0x50, 0x0, 0x0, 0x0, 0x0, 0x0,
    0x0, 0x0, 0x0, 0x5a, 0xff, 0xfa, 0x50, 0x0,
    0x0, 0x0, 0x0, 0x0, 0x0, 0x0, 0x0, 0x5a,
    0xff, 0xfa, 0x50, 0x0, 0x0, 0x0, 0x0, 0x0,
    0x0, 0x0, 0x0, 0x5a, 0xff, 0xfa, 0x50, 0x0,
    0x0, 0x0, 0x0, 0x0, 0x0, 0x0, 0x0, 0x5a,
    0xff, 0xfa, 0x50, 0x0, 0x0, 0x0, 0x0, 0x0,
    0x0, 0x0, 0x0, 0x5a, 0xff, 0xfa, 0x50, 0x0,
    0x0, 0x0, 0x0, 0x0, 0x0, 0x0, 0x0, 0x5b,
    0xff, 0xfa, 0x40, 0x0, 0x0, 0x0, 0x0, 0x0,
    0x0, 0x0, 0x3, 0x8e, 0xff, 0xd8, 0x20, 0x0,
    0x0, 0x2, 0x69, 0x98, 0x66, 0x67, 0xad, 0xff,
    0xfd, 0x72, 0x0, 0x0, 0x0, 0x3, 0x7b, 0xce,
    0xef, 0xff, 0xed, 0xb8, 0x52, 0x0, 0x0, 0x0,

    /* U+006B "k" */
    0x4a, 0xff, 0xfa, 0x50, 0x0, 0x0, 0x0, 0x0,
    0x0, 0x0, 0x0, 0x0, 0x4a, 0xff, 0xfa, 0x50,
    0x0, 0x0, 0x0, 0x0, 0x0, 0x0, 0x0, 0x0,
    0x4a, 0xff, 0xfa, 0x50, 0x0, 0x0, 0x0, 0x0,
    0x0, 0x0, 0x0, 0x0, 0x4a, 0xff, 0xfa, 0x50,
    0x0, 0x0, 0x0, 0x0, 0x0, 0x0, 0x0, 0x0,
    0x4a, 0xff, 0xfa, 0x50, 0x0, 0x0, 0x0, 0x16,
    0xbf, 0xfe, 0xa5, 0x10, 0x4a, 0xff, 0xfa, 0x50,
    0x0, 0x0, 0x26, 0xbf, 0xfe, 0xa5, 0x10, 0x0,
    0x4a, 0xff, 0xfa, 0x50, 0x0, 0x27, 0xcf, 0xfe,
    0x94, 0x10, 0x0, 0x0, 0x4a, 0xff, 0xfa, 0x50,
    0x27, 0xcf, 0xfd, 0x94, 0x0, 0x0, 0x0, 0x0,
    0x4a, 0xff, 0xfa, 0x77, 0xcf, 0xff, 0xfc, 0x72,
    0x0, 0x0, 0x0, 0x0, 0x4a, 0xff, 0xff, 0xff,
    0xeb, 0xab, 0xef, 0xe9, 0x40, 0x0, 0x0, 0x0,
    0x4a, 0xff, 0xff, 0xe9, 0x41, 0x2, 0x7d, 0xff,
    0xc7, 0x20, 0x0, 0x0, 0x4a, 0xff, 0xfb, 0x50,
    0x0, 0x0, 0x5, 0xaf, 0xfe, 0xa5, 0x0, 0x0,
    0x4a, 0xff, 0xfa, 0x50, 0x0, 0x0, 0x0, 0x28,
    0xdf, 0xfd, 0x82, 0x0, 0x4a, 0xff, 0xfa, 0x50,
    0x0, 0x0, 0x0, 0x1, 0x5a, 0xff, 0xfa, 0x51,

    /* U+006C "l" */
    0x49, 0xef, 0xfb, 0x61, 0x0, 0x0, 0x0, 0x0,
    0x0, 0x49, 0xef, 0xfb, 0x61, 0x0, 0x0, 0x0,
    0x0, 0x0, 0x49, 0xef, 0xfb, 0x61, 0x0, 0x0,
    0x0, 0x0, 0x0, 0x49, 0xef, 0xfb, 0x61, 0x0,
    0x0, 0x0, 0x0, 0x0, 0x49, 0xef, 0xfb, 0x61,
    0x0, 0x0, 0x0, 0x0, 0x0, 0x49, 0xef, 0xfb,
    0x61, 0x0, 0x0, 0x0, 0x0, 0x0, 0x49, 0xef,
    0xfb, 0x61, 0x0, 0x0, 0x0, 0x0, 0x0, 0x49,
    0xef, 0xfb, 0x61, 0x0, 0x0, 0x0, 0x0, 0x0,
    0x49, 0xef, 0xfb, 0x61, 0x0, 0x0, 0x0, 0x0,
    0x0, 0x49, 0xef, 0xfb, 0x61, 0x0, 0x0, 0x0,
    0x0, 0x0, 0x49, 0xef, 0xfb, 0x61, 0x0, 0x0,
    0x0, 0x0, 0x0, 0x28, 0xdf, 0xfd, 0x72, 0x0,
    0x0, 0x0, 0x0, 0x0, 0x4, 0x9e, 0xff, 0xec,
    0x87, 0x67, 0x87, 0x51, 0x0, 0x0, 0x14, 0x8b,
    0xde, 0xff, 0xfe, 0xdb, 0x73, 0x0,

    /* U+006D "m" */
    0x4, 0xaf, 0xe9, 0x66, 0xad, 0xff, 0xeb, 0x62,
    0x48, 0xce, 0xfe, 0xc8, 0x30, 0x0, 0x4a, 0xff,
    0xfe, 0xa7, 0x46, 0xae, 0xff, 0xeb, 0x74, 0x59,
    0xdf, 0xfb, 0x50, 0x4, 0xaf, 0xfd, 0x83, 0x0,
    0x5, 0xbf, 0xe9, 0x40, 0x0, 0x49, 0xef, 0xd7,
    0x20, 0x4a, 0xff, 0xc7, 0x20, 0x0, 0x5a, 0xfe,
    0x83, 0x0, 0x3, 0x9e, 0xfd, 0x83, 0x4, 0xaf,
    0xfc, 0x72, 0x0, 0x5, 0xaf, 0xe8, 0x30, 0x0,
    0x39, 0xef, 0xd8, 0x30, 0x4a, 0xff, 0xc7, 0x20,
    0x0, 0x5a, 0xfe, 0x83, 0x0, 0x3, 0x9e, 0xfd,
    0x83, 0x4, 0xaf, 0xfc, 0x72, 0x0, 0x5, 0xaf,
    0xe8, 0x30, 0x0, 0x39, 0xef, 0xd8, 0x30, 0x4a,
    0xff, 0xc7, 0x20, 0x0, 0x5a, 0xfe, 0x83, 0x0,
    0x3, 0x9e, 0xfd, 0x83, 0x4, 0xaf, 0xfc, 0x72,
    0x0, 0x5, 0xaf, 0xe8, 0x30, 0x0, 0x39, 0xef,
    0xd8, 0x30, 0x4a, 0xff, 0xc7, 0x20, 0x0, 0x5a,
    0xfe, 0x83, 0x0, 0x3, 0x9e, 0xfd, 0x83,

    /* U+006E "n" */
    0x0, 0x27, 0xdf, 0xe9, 0x41, 0x37, 0xac, 0xef,
    0xfe, 0xdc, 0x95, 0x20, 0x0, 0x0, 0x2, 0x7d,
    0xff, 0xee, 0xdd, 0xa6, 0x43, 0x45, 0x9d, 0xff,
    0xfa, 0x50, 0x0, 0x0, 0x27, 0xdf, 0xff, 0xb5,
    0x10, 0x0, 0x0, 0x1, 0x6c, 0xff, 0xe9, 0x30,
    0x0, 0x2, 0x7d, 0xff, 0xd8, 0x30, 0x0, 0x0,
    0x0, 0x5, 0xaf, 0xff, 0xa5, 0x0, 0x0, 0x27,
    0xdf, 0xfd, 0x83, 0x0, 0x0, 0x0, 0x0, 0x5a,
    0xff, 0xfb, 0x50, 0x0, 0x2, 0x7d, 0xff, 0xd8,
    0x30, 0x0, 0x0, 0x0, 0x5, 0xaf, 0xff, 0xb5,
    0x0, 0x0, 0x27, 0xdf, 0xfd, 0x83, 0x0, 0x0,
    0x0, 0x0, 0x5a, 0xff, 0xfb, 0x50, 0x0, 0x2,
    0x7d, 0xff, 0xd8, 0x30, 0x0, 0x0, 0x0, 0x5,
    0xaf, 0xff, 0xb5, 0x0, 0x0, 0x27, 0xdf, 0xfd,
    0x83, 0x0, 0x0, 0x0, 0x0, 0x5a, 0xff, 0xfb,
    0x50, 0x0, 0x2, 0x7d, 0xff, 0xd8, 0x30, 0x0,
    0x0, 0x0, 0x5, 0xaf, 0xff, 0xb5, 0x0,

    /* U+006F "o" */
    0x0, 0x0, 0x0, 0x14, 0x7a, 0xce, 0xff, 0xfe,
    0xca, 0x74, 0x10, 0x0, 0x0, 0x0, 0x0, 0x4,
    0x9d, 0xff, 0xec, 0x97, 0x67, 0x9c, 0xff, 0xfd,
    0x83, 0x0, 0x0, 0x0, 0x17, 0xcf, 0xff, 0xa5,
    0x0, 0x0, 0x0, 0x15, 0xbf, 0xff, 0xc6, 0x10,
    0x0, 0x6, 0xbf, 0xff, 0xa5, 0x0, 0x0, 0x0,
    0x0, 0x5, 0xaf, 0xff, 0xb6, 0x0, 0x2, 0x7d,
    0xff, 0xd8, 0x30, 0x0, 0x0, 0x0, 0x0, 0x38,
    0xdf, 0xfd, 0x72, 0x0, 0x27, 0xdf, 0xfd, 0x83,
    0x0, 0x0, 0x0, 0x0, 0x3, 0x8d, 0xff, 0xd7,
    0x20, 0x1, 0x6b, 0xff, 0xfa, 0x50, 0x0, 0x0,
    0x0, 0x0, 0x5a, 0xff, 0xfb, 0x60, 0x0, 0x1,
    0x7c, 0xff, 0xea, 0x50, 0x0, 0x0, 0x0, 0x5a,
    0xff, 0xfc, 0x71, 0x0, 0x0, 0x0, 0x49, 0xef,
    0xfe, 0xc9, 0x76, 0x79, 0xce, 0xff, 0xd9, 0x40,
    0x0, 0x0, 0x0, 0x0, 0x1, 0x48, 0xbc, 0xef,
    0xff, 0xed, 0xb8, 0x41, 0x0, 0x0, 0x0,

    /* U+0070 "p" */
    0x0, 0x17, 0xcf, 0xfa, 0x63, 0x69, 0xce, 0xff,
    0xfe, 0xc9, 0x52, 0x0, 0x0, 0x0, 0x1, 0x7c,
    0xff, 0xff, 0xeb, 0x85, 0x33, 0x58, 0xcf, 0xff,
    0xc7, 0x20, 0x0, 0x0, 0x17, 0xcf, 0xfe, 0xa5,
    0x0, 0x0, 0x0, 0x2, 0x8d, 0xff, 0xe8, 0x30,
    0x0, 0x1, 0x7c, 0xff, 0xe9, 0x30, 0x0, 0x0,
    0x0, 0x4, 0xaf, 0xff, 0xb6, 0x10, 0x0, 0x17,
    0xcf, 0xfe, 0x93, 0x0, 0x0, 0x0, 0x0, 0x38,
    0xef, 0xfd, 0x72, 0x0, 0x1, 0x7c, 0xff, 0xe9,
    0x30, 0x0, 0x0, 0x0, 0x4, 0x9e, 0xff, 0xc7,
    0x10, 0x0, 0x17, 0xcf, 0xfe, 0x93, 0x0, 0x0,
    0x0, 0x1, 0x6b, 0xff, 0xfa, 0x50, 0x0, 0x1,
    0x7c, 0xff, 0xe9, 0x40, 0x0, 0x0, 0x2, 0x7c,
    0xff, 0xfb, 0x61, 0x0, 0x0, 0x17, 0xcf, 0xff,
    0xfe, 0xb9, 0x77, 0x8b, 0xdf, 0xff, 0xe9, 0x40,
    0x0, 0x0, 0x1, 0x7c, 0xff, 0xd9, 0x78, 0xbd,
    0xef, 0xed, 0xc9, 0x52, 0x0, 0x0, 0x0, 0x0,
    0x17, 0xcf, 0xfe, 0x83, 0x0, 0x0, 0x0, 0x0,
    0x0, 0x0, 0x0, 0x0, 0x0, 0x1, 0x7c, 0xff,
    0xe9, 0x30, 0x0, 0x0, 0x0, 0x0, 0x0, 0x0,
    0x0, 0x0, 0x0, 0x17, 0xcf, 0xfe, 0x93, 0x0,
    0x0, 0x0, 0x0, 0x0, 0x0, 0x0, 0x0, 0x0,
    0x1, 0x7c, 0xff, 0xe9, 0x30, 0x0, 0x0, 0x0,
    0x0, 0x0, 0x0, 0x0, 0x0,

    /* U+0071 "q" */
    0x0, 0x0, 0x0, 0x36, 0x9c, 0xef, 0xff, 0xdb,
    0x74, 0x6a, 0xff, 0xb6, 0x0, 0x0, 0x0, 0x15,
    0xae, 0xff, 0xfd, 0xa7, 0x77, 0x9c, 0xef, 0xff,
    0xfb, 0x60, 0x0, 0x0, 0x27, 0xcf, 0xff, 0xb5,
    0x10, 0x0, 0x0, 0x5, 0xaf, 0xff, 0xb6, 0x0,
    0x0, 0x16, 0xbf, 0xff, 0xa5, 0x0, 0x0, 0x0,
    0x0, 0x49, 0xff, 0xfb, 0x60, 0x0, 0x2, 0x7d,
    0xff, 0xd8, 0x30, 0x0, 0x0, 0x0, 0x4, 0x9f,
    0xff, 0xb6, 0x0, 0x0, 0x28, 0xdf, 0xfd, 0x83,
    0x0, 0x0, 0x0, 0x0, 0x49, 0xff, 0xfb, 0x60,
    0x0, 0x1, 0x6c, 0xff, 0xf9, 0x40, 0x0, 0x0,
    0x0, 0x4, 0x9f, 0xff, 0xb6, 0x0, 0x0, 0x3,
    0x8e, 0xff, 0xe9, 0x40, 0x0, 0x0, 0x1, 0x6b,
    0xff, 0xfb, 0x60, 0x0, 0x0, 0x2, 0x7c, 0xff,
    0xfe, 0xb8, 0x77, 0x8b, 0xde, 0xff, 0xff, 0xb6,
    0x0, 0x0, 0x0, 0x0, 0x14, 0x8b, 0xde, 0xff,
    0xec, 0x95, 0x59, 0xef, 0xfb, 0x60, 0x0, 0x0,
    0x0, 0x0, 0x0, 0x0, 0x0, 0x0, 0x0, 0x4,
    0x9e, 0xff, 0xb6, 0x0, 0x0, 0x0, 0x0, 0x0,
    0x0, 0x0, 0x0, 0x0, 0x0, 0x49, 0xff, 0xfb,
    0x60, 0x0, 0x0, 0x0, 0x0, 0x0, 0x0, 0x0,
    0x0, 0x0, 0x4, 0x9f, 0xff, 0xb6, 0x0, 0x0,
    0x0, 0x0, 0x0, 0x0, 0x0, 0x0, 0x0, 0x0,
    0x49, 0xff, 0xfb, 0x60, 0x0,

    /* U+0072 "r" */
    0x0, 0x5b, 0xff, 0xa5, 0x0, 0x25, 0x8b, 0xde,
    0xff, 0xff, 0xc7, 0x20, 0x0, 0x5b, 0xff, 0xb8,
    0x7b, 0xee, 0xb8, 0x65, 0x44, 0x55, 0x42, 0x0,
    0x0, 0x5b, 0xff, 0xff, 0xeb, 0x62, 0x0, 0x0,
    0x0, 0x0, 0x0, 0x0, 0x0, 0x5b, 0xff, 0xfc,
    0x71, 0x0, 0x0, 0x0, 0x0, 0x0, 0x0, 0x0,
    0x0, 0x5b, 0xff, 0xfa, 0x50, 0x0, 0x0, 0x0,
    0x0, 0x0, 0x0, 0x0, 0x0, 0x5b, 0xff, 0xfa,
    0x50, 0x0, 0x0, 0x0, 0x0, 0x0, 0x0, 0x0,
    0x0, 0x5b, 0xff, 0xfa, 0x50, 0x0, 0x0, 0x0,
    0x0, 0x0, 0x0, 0x0, 0x0, 0x5b, 0xff, 0xfa,
    0x50, 0x0, 0x0, 0x0, 0x0, 0x0, 0x0, 0x0,
    0x0, 0x5b, 0xff, 0xfa, 0x50, 0x0, 0x0, 0x0,
    0x0, 0x0, 0x0, 0x0, 0x0, 0x5b, 0xff, 0xfa,
    0x50, 0x0, 0x0, 0x0, 0x0, 0x0, 0x0, 0x0,

    /* U+0073 "s" */
    0x0, 0x0, 0x0, 0x25, 0x8b, 0xde, 0xef, 0xff,
    0xed, 0xb8, 0x63, 0x10, 0x0, 0x0, 0x0, 0x4,
    0x9e, 0xff, 0xda, 0x75, 0x55, 0x67, 0x8b, 0xdd,
    0xa4, 0x10, 0x0, 0x0, 0x3, 0x9e, 0xff, 0xa5,
    0x0, 0x0, 0x0, 0x0, 0x0, 0x0, 0x0, 0x0,
    0x0, 0x0, 0x16, 0xcf, 0xfe, 0xb7, 0x41, 0x0,
    0x0, 0x0, 0x0, 0x0, 0x0, 0x0, 0x0, 0x0,
    0x1, 0x48, 0xce, 0xff, 0xfe, 0xca, 0x86, 0x31,
    0x0, 0x0, 0x0, 0x0, 0x0, 0x0, 0x0, 0x0,
    0x2, 0x46, 0x8b, 0xdf, 0xff, 0xec, 0x84, 0x10,
    0x0, 0x0, 0x0, 0x0, 0x0, 0x0, 0x0, 0x0,
    0x0, 0x14, 0x9d, 0xff, 0xd8, 0x30, 0x0, 0x0,
    0x2, 0x21, 0x0, 0x0, 0x0, 0x0, 0x0, 0x5,
    0xaf, 0xfe, 0x94, 0x0, 0x0, 0x28, 0xdf, 0xfd,
    0xa8, 0x65, 0x44, 0x45, 0x7a, 0xdf, 0xfe, 0x94,
    0x0, 0x0, 0x0, 0x1, 0x36, 0x9b, 0xde, 0xff,
    0xff, 0xee, 0xca, 0x85, 0x20, 0x0, 0x0,

    /* U+0074 "t" */
    0x0, 0x0, 0x0, 0x0, 0x14, 0x68, 0x64, 0x10,
    0x0, 0x0, 0x0, 0x0, 0x0, 0x0, 0x0, 0x0,
    0x0, 0x4, 0x9e, 0xfd, 0x83, 0x0, 0x0, 0x0,
    0x0, 0x0, 0x0, 0x0, 0x0, 0x0, 0x0, 0x5a,
    0xff, 0xd8, 0x30, 0x0, 0x0, 0x0, 0x0, 0x0,
    0x0, 0x27, 0xdf, 0xff, 0xff, 0xff, 0xff, 0xff,
    0xff, 0xff, 0xff, 0xff, 0x94, 0x0, 0x0, 0x13,
    0x44, 0x45, 0x9d, 0xff, 0xea, 0x64, 0x44, 0x44,
    0x44, 0x32, 0x10, 0x0, 0x0, 0x0, 0x0, 0x27,
    0xcf, 0xfd, 0x83, 0x0, 0x0, 0x0, 0x0, 0x0,
    0x0, 0x0, 0x0, 0x0, 0x2, 0x7c, 0xff, 0xd8,
    0x30, 0x0, 0x0, 0x0, 0x0, 0x0, 0x0, 0x0,
    0x0, 0x0, 0x27, 0xcf, 0xfd, 0x83, 0x0, 0x0,
    0x0, 0x0, 0x0, 0x0, 0x0, 0x0, 0x0, 0x2,
    0x7c, 0xff, 0xd8, 0x30, 0x0, 0x0, 0x0, 0x0,
    0x0, 0x0, 0x0, 0x0, 0x0, 0x17, 0xcf, 0xfd,
    0x83, 0x0, 0x0, 0x0, 0x0, 0x0, 0x0, 0x0,
    0x0, 0x0, 0x0, 0x5b, 0xff, 0xfb, 0x50, 0x0,
    0x0, 0x0, 0x0, 0x0, 0x0, 0x0, 0x0, 0x0,
    0x1, 0x6b, 0xff, 0xfe, 0xb8, 0x65, 0x56, 0x78,
    0x63, 0x0, 0x0, 0x0, 0x0, 0x0, 0x0, 0x14,
    0x8b, 0xde, 0xff, 0xff, 0xed, 0xb8, 0x41, 0x0,

    /* U+0075 "u" */
    0x0, 0x6b, 0xff, 0xf9, 0x40, 0x0, 0x0, 0x0,
    0x4, 0xaf, 0xff, 0xb6, 0x0, 0x0, 0x6, 0xbf,
    0xff, 0x94, 0x0, 0x0, 0x0, 0x0, 0x4a, 0xff,
    0xfb, 0x60, 0x0, 0x0, 0x6b, 0xff, 0xf9, 0x40,
    0x0, 0x0, 0x0, 0x4, 0xaf, 0xff, 0xb6, 0x0,
    0x0, 0x6, 0xbf, 0xff, 0x94, 0x0, 0x0, 0x0,
    0x0, 0x4a, 0xff, 0xfb, 0x60, 0x0, 0x0, 0x6b,
    0xff, 0xf9, 0x40, 0x0, 0x0, 0x0, 0x4, 0xaf,
    0xff, 0xb6, 0x0, 0x0, 0x6, 0xbf, 0xff, 0x94,
    0x0, 0x0, 0x0, 0x0, 0x4a, 0xff, 0xfb, 0x60,
    0x0, 0x0, 0x5b, 0xff, 0xfa, 0x40, 0x0, 0x0,
    0x0, 0x4, 0xaf, 0xff, 0xb6, 0x0, 0x0, 0x4,
    0xaf, 0xff, 0xc6, 0x10, 0x0, 0x0, 0x14, 0x9d,
    0xff, 0xfb, 0x60, 0x0, 0x0, 0x16, 0xbf, 0xff,
    0xeb, 0x87, 0x78, 0xad, 0xdc, 0xcd, 0xff, 0xb6,
    0x0, 0x0, 0x0, 0x2, 0x59, 0xce, 0xff, 0xfd,
    0xc9, 0x52, 0x5, 0xaf, 0xfb, 0x60, 0x0,

    /* U+0076 "v" */
    0x4, 0x9e, 0xff, 0xb6, 0x10, 0x0, 0x0, 0x0,
    0x0, 0x5, 0xaf, 0xfe, 0x94, 0x0, 0x4, 0xaf,
    0xff, 0xa5, 0x0, 0x0, 0x0, 0x0, 0x4, 0x9e,
    0xff, 0xa4, 0x0, 0x0, 0x5, 0xaf, 0xfe, 0x93,
    0x0, 0x0, 0x0, 0x3, 0x8d, 0xff, 0xa5, 0x0,
    0x0, 0x0, 0x16, 0xbf, 0xfd, 0x82, 0x0, 0x0,
    0x2, 0x7c, 0xff, 0xb6, 0x10, 0x0, 0x0, 0x0,
    0x16, 0xcf, 0xfc, 0x71, 0x0, 0x1, 0x6b, 0xff,
    0xc6, 0x10, 0x0, 0x0, 0x0, 0x0, 0x27, 0xcf,
    0xfb, 0x60, 0x0, 0x5a, 0xff, 0xc7, 0x20, 0x0,
    0x0, 0x0, 0x0, 0x0, 0x28, 0xdf, 0xfa, 0x40,
    0x39, 0xef, 0xd8, 0x20, 0x0, 0x0, 0x0, 0x0,
    0x0, 0x0, 0x38, 0xef, 0xd8, 0x57, 0xdf, 0xe8,
    0x30, 0x0, 0x0, 0x0, 0x0, 0x0, 0x0, 0x0,
    0x39, 0xef, 0xdd, 0xdf, 0xe9, 0x40, 0x0, 0x0,
    0x0, 0x0, 0x0, 0x0, 0x0, 0x0, 0x49, 0xef,
    0xff, 0xfa, 0x40, 0x0, 0x0, 0x0, 0x0,

    /* U+0077 "w" */
    0x0, 0x39, 0xef, 0xd8, 0x30, 0x0, 0x0, 0x23,
    0x43, 0x20, 0x0, 0x0, 0x38, 0xdf, 0xe9, 0x30,
    0x0, 0x1, 0x6b, 0xff, 0xa5, 0x0, 0x0, 0x49,
    0xff, 0xe9, 0x40, 0x0, 0x5, 0xaf, 0xfc, 0x61,
    0x0, 0x0, 0x4, 0x9e, 0xfc, 0x72, 0x0, 0x17,
    0xce, 0xee, 0xc6, 0x10, 0x1, 0x7c, 0xfe, 0x94,
    0x0, 0x0, 0x0, 0x16, 0xcf, 0xf9, 0x40, 0x4,
    0x9e, 0xaa, 0xae, 0x94, 0x0, 0x49, 0xef, 0xc7,
    0x10, 0x0, 0x0, 0x0, 0x49, 0xff, 0xc6, 0x11,
    0x6b, 0xd8, 0x68, 0xdb, 0x61, 0x6, 0xbf, 0xf9,
    0x40, 0x0, 0x0, 0x0, 0x1, 0x7c, 0xfe, 0x83,
    0x39, 0xeb, 0x61, 0x6b, 0xe9, 0x33, 0x8d, 0xfd,
    0x72, 0x0, 0x0, 0x0, 0x0, 0x4, 0x9f, 0xfa,
    0x66, 0xbe, 0x93, 0x3, 0x9e, 0xb6, 0x5a, 0xff,
    0xa5, 0x0, 0x0, 0x0, 0x0, 0x0, 0x17, 0xcf,
    0xca, 0xad, 0xb6, 0x10, 0x16, 0xbe, 0xaa, 0xbf,
    0xd8, 0x20, 0x0, 0x0, 0x0, 0x0, 0x0, 0x4a,
    0xff, 0xee, 0xe9, 0x40, 0x0, 0x49, 0xee, 0xee,
    0xfa, 0x50, 0x0, 0x0, 0x0, 0x0, 0x0, 0x2,
    0x7c, 0xff, 0xfc, 0x61, 0x0, 0x1, 0x6c, 0xff,
    0xfd, 0x83, 0x0, 0x0, 0x0,

    /* U+0078 "x" */
    0x0, 0x38, 0xdf, 0xfd, 0x83, 0x0, 0x0, 0x0,
    0x2, 0x7d, 0xff, 0xd8, 0x20, 0x0, 0x0, 0x15,
    0xae, 0xff, 0xb6, 0x10, 0x0, 0x4, 0x9e, 0xfe,
    0xa4, 0x0, 0x0, 0x0, 0x0, 0x2, 0x7c, 0xff,
    0xd8, 0x30, 0x16, 0xbf, 0xfc, 0x72, 0x0, 0x0,
    0x0, 0x0, 0x0, 0x0, 0x39, 0xef, 0xfb, 0x99,
    0xdf, 0xe9, 0x40, 0x0, 0x0, 0x0, 0x0, 0x0,
    0x0, 0x0, 0x16, 0xbf, 0xff, 0xff, 0xb6, 0x10,
    0x0, 0x0, 0x0, 0x0, 0x0, 0x0, 0x0, 0x3,
    0x9d, 0xff, 0xff, 0xfc, 0x61, 0x0, 0x0, 0x0,
    0x0, 0x0, 0x0, 0x0, 0x26, 0xcf, 0xfc, 0x76,
    0xae, 0xfe, 0xa5, 0x10, 0x0, 0x0, 0x0, 0x0,
    0x0, 0x4a, 0xef, 0xea, 0x40, 0x2, 0x7c, 0xff,
    0xd8, 0x30, 0x0, 0x0, 0x0, 0x2, 0x7d, 0xff,
    0xd7, 0x20, 0x0, 0x0, 0x49, 0xef, 0xfc, 0x62,
    0x0, 0x0, 0x15, 0xbf, 0xfe, 0xa5, 0x0, 0x0,
    0x0, 0x0, 0x16, 0xcf, 0xfe, 0xa5, 0x10,

    /* U+0079 "y" */
    0x4, 0x9e, 0xff, 0xb6, 0x10, 0x0, 0x0, 0x0,
    0x0, 0x5, 0xaf, 0xff, 0x94, 0x0, 0x4, 0x9e,
    0xff, 0xb5, 0x0, 0x0, 0x0, 0x0, 0x4, 0x9e,
    0xff, 0xa5, 0x0, 0x0, 0x4, 0x9e, 0xff, 0xa4,
    0x0, 0x0, 0x0, 0x2, 0x8d, 0xff, 0xb6, 0x10,
    0x0, 0x0, 0x4, 0x9e, 0xfe, 0x94, 0x0, 0x0,
    0x1, 0x6b, 0xff, 0xc7, 0x10, 0x0, 0x0, 0x0,
    0x4, 0x9e, 0xfe, 0x83, 0x0, 0x0, 0x5a, 0xff,
    0xd7, 0x20, 0x0, 0x0, 0x0, 0x0, 0x4, 0x9e,
    0xfd, 0x82, 0x0, 0x38, 0xef, 0xd8, 0x30, 0x0,
    0x0, 0x0, 0x0, 0x0, 0x4, 0x9e, 0xfc, 0x61,
    0x17, 0xcf, 0xe9, 0x40, 0x0, 0x0, 0x0, 0x0,
    0x0, 0x0, 0x4, 0xae, 0xfb, 0x66, 0xbf, 0xfa,
    0x50, 0x0, 0x0, 0x0, 0x0, 0x0, 0x0, 0x0,
    0x4, 0xae, 0xfd, 0xde, 0xfb, 0x50, 0x0, 0x0,
    0x0, 0x0, 0x0, 0x0, 0x0, 0x0, 0x4, 0xaf,
    0xff, 0xfc, 0x61, 0x0, 0x0, 0x0, 0x0, 0x0,
    0x0, 0x0, 0x0, 0x0, 0x38, 0xdf, 0xfc, 0x72,
    0x0, 0x0, 0x0, 0x0, 0x0, 0x0, 0x0, 0x0,
    0x0, 0x38, 0xdf, 0xfc, 0x61, 0x0, 0x0, 0x0,
    0x0, 0x0, 0x0, 0x3, 0x56, 0x67, 0xad, 0xff,
    0xe9, 0x40, 0x0, 0x0, 0x0, 0x0, 0x0, 0x0,
    0x3, 0x8d, 0xff, 0xed, 0xc9, 0x62, 0x0, 0x0,
    0x0, 0x0, 0x0, 0x0, 0x0,

    /* U+007A "z" */
    0x0, 0x1, 0x6c, 0xff, 0xff, 0xff, 0xff, 0xff,
    0xff, 0xff, 0xff, 0xe9, 0x30, 0x0, 0x0, 0x2,
    0x35, 0x55, 0x55, 0x55, 0x55, 0x58, 0xbe, 0xff,
    0xd8, 0x30, 0x0, 0x0, 0x0, 0x0, 0x0, 0x0,
    0x0, 0x0, 0x27, 0xcf, 0xfd, 0x93, 0x0, 0x0,
    0x0, 0x0, 0x0, 0x0, 0x0, 0x0, 0x2, 0x6b,
    0xff, 0xe9, 0x40, 0x0, 0x0, 0x0, 0x0, 0x0,
    0x0, 0x0, 0x0, 0x15, 0xbf, 0xfe, 0xa5, 0x10,
    0x0, 0x0, 0x0, 0x0, 0x0, 0x0, 0x0, 0x1,
    0x5a, 0xef, 0xeb, 0x51, 0x0, 0x0, 0x0, 0x0,
    0x0, 0x0, 0x0, 0x0, 0x14, 0xae, 0xff, 0xb6,
    0x10, 0x0, 0x0, 0x0, 0x0, 0x0, 0x0, 0x0,
    0x0, 0x49, 0xef, 0xfc, 0x62, 0x0, 0x0, 0x0,
    0x0, 0x0, 0x0, 0x0, 0x0, 0x3, 0x8d, 0xff,
    0xeb, 0x75, 0x55, 0x55, 0x55, 0x55, 0x55, 0x53,
    0x10, 0x0, 0x4, 0x9f, 0xff, 0xff, 0xff, 0xff,
    0xff, 0xff, 0xff, 0xff, 0xff, 0xb6, 0x0,

    /* U+007B "{" */
    0x0, 0x0, 0x0, 0x0, 0x13, 0x7b, 0xde, 0xff,
    0xfe, 0xc7, 0x20, 0x0, 0x0, 0x0, 0x27, 0xdf,
    0xea, 0x51, 0x0, 0x0, 0x0, 0x0, 0x0, 0x0,
    0x4, 0xaf, 0xfb, 0x61, 0x0, 0x0, 0x0, 0x0,
    0x0, 0x0, 0x0, 0x4a, 0xff, 0xb6, 0x0, 0x0,
    0x0, 0x0, 0x0, 0x0, 0x0, 0x3, 0x9e, 0xfb,
    0x61, 0x0, 0x0, 0x0, 0x0, 0x0, 0x0, 0x0,
    0x27, 0xdf, 0xc6, 0x10, 0x0, 0x0, 0x0, 0x0,
    0x0, 0x0, 0x2, 0x7d, 0xfc, 0x61, 0x0, 0x0,
    0x0, 0x0, 0x0, 0x0, 0x14, 0x9d, 0xfe, 0x94,
    0x0, 0x0, 0x0, 0x0, 0x4, 0x9f, 0xff, 0xfe,
    0xc8, 0x30, 0x0, 0x0, 0x0, 0x0, 0x0, 0x1,
    0x23, 0x47, 0xbe, 0xfd, 0x83, 0x0, 0x0, 0x0,
    0x0, 0x0, 0x0, 0x0, 0x2, 0x8d, 0xfc, 0x61,
    0x0, 0x0, 0x0, 0x0, 0x0, 0x0, 0x0, 0x27,
    0xdf, 0xc6, 0x10, 0x0, 0x0, 0x0, 0x0, 0x0,
    0x0, 0x3, 0x8e, 0xfc, 0x61, 0x0, 0x0, 0x0,
    0x0, 0x0, 0x0, 0x0, 0x4a, 0xff, 0xb6, 0x0,
    0x0, 0x0, 0x0, 0x0, 0x0, 0x0, 0x4, 0xaf,
    0xfb, 0x61, 0x0, 0x0, 0x0, 0x0, 0x0, 0x0,
    0x0, 0x27, 0xdf, 0xeb, 0x62, 0x0, 0x0, 0x0,
    0x0, 0x0, 0x0, 0x0, 0x3, 0x7a, 0xcd, 0xee,
    0xee, 0xc7, 0x20,

    /* U+007C "|" */
    0x1, 0x6c, 0xfc, 0x61, 0x0, 0x16, 0xcf, 0xc6,
    0x10, 0x1, 0x6c, 0xfc, 0x61, 0x0, 0x16, 0xcf,
    0xc6, 0x10, 0x1, 0x6c, 0xfc, 0x61, 0x0, 0x16,
    0xcf, 0xc6, 0x10, 0x1, 0x6c, 0xfc, 0x61, 0x0,
    0x16, 0xcf, 0xc6, 0x10, 0x1, 0x6c, 0xfc, 0x61,
    0x0, 0x16, 0xcf, 0xc6, 0x10, 0x1, 0x6c, 0xfc,
    0x61, 0x0, 0x16, 0xcf, 0xc6, 0x10, 0x1, 0x6c,
    0xfc, 0x61, 0x0, 0x16, 0xcf, 0xc6, 0x10, 0x1,
    0x6c, 0xfc, 0x61, 0x0, 0x16, 0xcf, 0xc6, 0x10,
    0x1, 0x6c, 0xfc, 0x61, 0x0, 0x16, 0xcf, 0xc6,
    0x10, 0x1, 0x6c, 0xfc, 0x61, 0x0, 0x16, 0xcf,
    0xc6, 0x10,

    /* U+007D "}" */
    0x27, 0xce, 0xff, 0xfe, 0xdb, 0x73, 0x10, 0x0,
    0x0, 0x0, 0x0, 0x0, 0x0, 0x1, 0x5a, 0xef,
    0xd7, 0x20, 0x0, 0x0, 0x0, 0x0, 0x0, 0x0,
    0x1, 0x6b, 0xff, 0x94, 0x0, 0x0, 0x0, 0x0,
    0x0, 0x0, 0x0, 0x16, 0xbf, 0xfa, 0x40, 0x0,
    0x0, 0x0, 0x0, 0x0, 0x0, 0x1, 0x6c, 0xfe,
    0x93, 0x0, 0x0, 0x0, 0x0, 0x0, 0x0, 0x0,
    0x17, 0xcf, 0xd7, 0x20, 0x0, 0x0, 0x0, 0x0,
    0x0, 0x0, 0x1, 0x6c, 0xfd, 0x72, 0x0, 0x0,
    0x0, 0x0, 0x0, 0x0, 0x0, 0x4, 0x9e, 0xfc,
    0x84, 0x10, 0x0, 0x0, 0x0, 0x0, 0x0, 0x0,
    0x1, 0x38, 0xce, 0xff, 0xff, 0x94, 0x0, 0x0,
    0x0, 0x0, 0x3, 0x8d, 0xfe, 0xb7, 0x43, 0x21,
    0x0, 0x0, 0x0, 0x0, 0x1, 0x6c, 0xfd, 0x82,
    0x0, 0x0, 0x0, 0x0, 0x0, 0x0, 0x0, 0x17,
    0xcf, 0xd7, 0x20, 0x0, 0x0, 0x0, 0x0, 0x0,
    0x0, 0x1, 0x6c, 0xfe, 0x83, 0x0, 0x0, 0x0,
    0x0, 0x0, 0x0, 0x0, 0x16, 0xbf, 0xf9, 0x40,
    0x0, 0x0, 0x0, 0x0, 0x0, 0x0, 0x1, 0x6b,
    0xff, 0xa4, 0x0, 0x0, 0x0, 0x0, 0x0, 0x0,
    0x2, 0x6b, 0xff, 0xd7, 0x20, 0x0, 0x0, 0x0,
    0x27, 0xce, 0xee, 0xed, 0xca, 0x73, 0x0, 0x0,
    0x0, 0x0, 0x0,

    /* U+007E "~" */
    0x0, 0x0, 0x0, 0x0, 0x0, 0x0, 0x0, 0x0,
    0x0, 0x0, 0x0, 0x0, 0x0, 0x0, 0x0, 0x36,
    0xad, 0xef, 0xfd, 0xb7, 0x30, 0x0, 0x0, 0x0,
    0x3, 0x43, 0x10, 0x4, 0x9e, 0xeb, 0x74, 0x45,
    0x8c, 0xff, 0xd9, 0x52, 0x11, 0x49, 0xdf, 0xb6,
    0x10, 0x36, 0x74, 0x10, 0x0, 0x0, 0x2, 0x6a,
    0xdf, 0xff, 0xff, 0xd9, 0x41, 0x0, 0x0, 0x0,
    0x0, 0x0, 0x0, 0x0, 0x0, 0x0, 0x12, 0x21,
    0x0, 0x0, 0x0, 0x0,

    /* U+4E1A "业" */
    0x0, 0x0, 0x0, 0x0, 0x0, 0x0, 0x0, 0x0,
    0x3, 0x8d, 0xeb, 0x61, 0x0, 0x0, 0x0, 0x16,
    0xae, 0xd8, 0x30, 0x0, 0x0, 0x0, 0x0, 0x0,
    0x0, 0x0, 0x0, 0x0, 0x0, 0x0, 0x0, 0x0,
    0x0, 0x0, 0x0, 0x4, 0x9e, 0xfc, 0x72, 0x0,
    0x0, 0x0, 0x17, 0xcf, 0xe9, 0x40, 0x0, 0x0,
    0x0, 0x0, 0x0, 0x0, 0x0, 0x0, 0x0, 0x0,
    0x0, 0x0, 0x0, 0x0, 0x0, 0x0, 0x4, 0x9e,
    0xfc, 0x72, 0x0, 0x0, 0x0, 0x17, 0xcf, 0xe9,
    0x40, 0x0, 0x0, 0x0, 0x0, 0x0, 0x0, 0x0,
    0x0, 0x0, 0x0, 0x0, 0x0, 0x0, 0x0, 0x0,
    0x0, 0x4, 0x9e, 0xfc, 0x72, 0x0, 0x0, 0x0,
    0x17, 0xcf, 0xe9, 0x40, 0x0, 0x0, 0x0, 0x0,
    0x0, 0x0, 0x0, 0x0, 0x0, 0x1, 0x59, 0xdc,
    0x83, 0x0, 0x0, 0x0, 0x4, 0x9e, 0xfc, 0x72,
    0x0, 0x0, 0x0, 0x17, 0xcf, 0xe9, 0x40, 0x0,
    0x0, 0x0, 0x16, 0xab, 0x84, 0x10, 0x0, 0x0,
    0x0, 0x16, 0xcf, 0xfa, 0x50, 0x0, 0x0, 0x4,
    0x9e, 0xfc, 0x72, 0x0, 0x0, 0x0, 0x17, 0xcf,
    0xe9, 0x40, 0x0, 0x0, 0x3, 0x8d, 0xfe, 0x93,
    0x0, 0x0, 0x0, 0x0, 0x0, 0x5a, 0xff, 0xc7,
    0x10, 0x0, 0x4, 0x9e, 0xfc, 0x72, 0x0, 0x0,
    0x0, 0x17, 0xcf, 0xe9, 0x40, 0x0, 0x0, 0x4a,
    0xef, 0xc7, 0x20, 0x0, 0x0, 0x0, 0x0, 0x0,
    0x4, 0x9e, 0xfd, 0x83, 0x0, 0x4, 0x9e, 0xfc,
    0x72, 0x0, 0x0, 0x0, 0x17, 0xcf, 0xe9, 0x40,
    0x0, 0x27, 0xcf, 0xea, 0x50, 0x0, 0x0, 0x0,
    0x0, 0x0, 0x0, 0x0, 0x38, 0xdf, 0xe9, 0x40,
    0x4, 0x9e, 0xfc, 0x72, 0x0, 0x0, 0x0, 0x17,
    0xcf, 0xe9, 0x40, 0x4, 0x9e, 0xfd, 0x72, 0x0,
    0x0, 0x0, 0x0, 0x0, 0x0, 0x0, 0x0, 0x2,
    0x8d, 0xff, 0xa5, 0x4, 0x9e, 0xfc, 0x72, 0x0,
    0x0, 0x0, 0x17, 0xcf, 0xe9, 0x42, 0x7d, 0xfe,
    0xa4, 0x0, 0x0, 0x0, 0x0, 0x0, 0x0, 0x0,
    0x0, 0x0, 0x0, 0x26, 0x88, 0x63, 0x14, 0x9e,
    0xfc, 0x72, 0x0, 0x0, 0x0, 0x17, 0xcf, 0xe9,
    0x54, 0x7a, 0x96, 0x10, 0x0, 0x0, 0x0, 0x0,
    0x0, 0x0, 0x0, 0x0, 0x0, 0x0, 0x0, 0x0,
    0x0, 0x4, 0x9e, 0xfc, 0x72, 0x0, 0x0, 0x0,
    0x17, 0xcf, 0xe9, 0x40, 0x0, 0x0, 0x0, 0x0,
    0x0, 0x0, 0x0, 0x0, 0x0, 0x0, 0x0, 0x0,
    0x0, 0x0, 0x0, 0x0, 0x4, 0x9e, 0xfc, 0x72,
    0x0, 0x0, 0x0, 0x17, 0xcf, 0xe9, 0x40, 0x0,
    0x0, 0x0, 0x0, 0x0, 0x0, 0x0, 0x0, 0x0,
    0x0, 0x0, 0x0, 0x0, 0x0, 0x0, 0x0, 0x4,
    0x9e, 0xfc, 0x72, 0x0, 0x0, 0x0, 0x17, 0xcf,
    0xe9, 0x40, 0x0, 0x0, 0x0, 0x0, 0x0, 0x0,
    0x0, 0x0, 0x0, 0x38, 0xcd, 0xdd, 0xdd, 0xdd,
    0xdd, 0xdd, 0xdf, 0xff, 0xff, 0xfe, 0xdd, 0xdd,
    0xdd, 0xef, 0xff, 0xff, 0xfd, 0xdd, 0xdd, 0xdd,
    0xdd, 0xdd, 0xdd, 0x84, 0x0, 0x0, 0x25, 0x78,
    0x88, 0x88, 0x88, 0x88, 0x88, 0x88, 0x88, 0x88,
    0x88, 0x88, 0x88, 0x88, 0x88, 0x88, 0x88, 0x88,
    0x88, 0x88, 0x88, 0x88, 0x88, 0x88, 0x52, 0x0,

    /* U+4F4D "位" */
    0x0, 0x0, 0x0, 0x0, 0x0, 0x0, 0x0, 0x0,
    0x0, 0x0, 0x0, 0x0, 0x0, 0x0, 0x0, 0x1,
    0x33, 0x20, 0x0, 0x0, 0x0, 0x0, 0x0, 0x0,
    0x0, 0x0, 0x0, 0x0, 0x0, 0x0, 0x0, 0x0,
    0x0, 0x4, 0xae, 0xfb, 0x61, 0x0, 0x0, 0x0,
    0x0, 0x1, 0x6b, 0xff, 0xb5, 0x0, 0x0, 0x0,
    0x0, 0x0, 0x0, 0x0, 0x0, 0x0, 0x0, 0x0,
    0x0, 0x0, 0x0, 0x1, 0x6c, 0xff, 0xb5, 0x10,
    0x0, 0x0, 0x0, 0x0, 0x0, 0x16, 0xbf, 0xfb,
    0x50, 0x0, 0x0, 0x0, 0x0, 0x0, 0x0, 0x0,
    0x0, 0x0, 0x0, 0x0, 0x0, 0x0, 0x38, 0xdf,
    0xe9, 0x30, 0x0, 0x0, 0x0, 0x0, 0x0, 0x0,
    0x2, 0x6a, 0xb8, 0x41, 0x0, 0x0, 0x0, 0x0,
    0x0, 0x0, 0x0, 0x0, 0x0, 0x0, 0x0, 0x0,
    0x27, 0xef, 0xff, 0x81, 0x0, 0x27, 0xcf, 0xff,
    0xff, 0xff, 0xff, 0xff, 0xff, 0xff, 0xff, 0xff,
    0xff, 0xff, 0xff, 0xfe, 0x94, 0x0, 0x0, 0x0,
    0x0, 0x0, 0x16, 0xef, 0xff, 0xf9, 0x10, 0x0,
    0x12, 0x45, 0x55, 0x55, 0x55, 0x55, 0x55, 0x55,
    0x55, 0x55, 0x55, 0x55, 0x55, 0x55, 0x55, 0x31,
    0x0, 0x0, 0x0, 0x0, 0x27, 0xcf, 0xff, 0xff,
    0xc6, 0x10, 0x0, 0x0, 0x0, 0x13, 0x56, 0x42,
    0x0, 0x0, 0x0, 0x0, 0x0, 0x0, 0x25, 0x88,
    0x63, 0x10, 0x0, 0x0, 0x0, 0x1, 0x49, 0xdf,
    0xfd, 0xdd, 0xff, 0xc6, 0x10, 0x0, 0x0, 0x0,
    0x38, 0xdf, 0xc6, 0x10, 0x0, 0x0, 0x0, 0x0,
    0x0, 0x6b, 0xff, 0xb5, 0x0, 0x0, 0x0, 0x0,
    0x3, 0x8d, 0xfc, 0x73, 0x49, 0xef, 0xc6, 0x10,
    0x0, 0x0, 0x0, 0x5, 0xaf, 0xfa, 0x40, 0x0,
    0x0, 0x0, 0x0, 0x3, 0x8d, 0xfd, 0x82, 0x0,
    0x0, 0x0, 0x0, 0x0, 0x12, 0x21, 0x0, 0x49,
    0xef, 0xc6, 0x10, 0x0, 0x0, 0x0, 0x2, 0x7d,
    0xfd, 0x82, 0x0, 0x0, 0x0, 0x0, 0x5, 0xbf,
    0xfa, 0x50, 0x0, 0x0, 0x0, 0x0, 0x0, 0x0,
    0x0, 0x0, 0x49, 0xef, 0xc6, 0x10, 0x0, 0x0,
    0x0, 0x0, 0x5a, 0xff, 0xa5, 0x0, 0x0, 0x0,
    0x0, 0x38, 0xdf, 0xc7, 0x20, 0x0, 0x0, 0x0,
    0x0, 0x0, 0x0, 0x0, 0x0, 0x49, 0xef, 0xc6,
    0x10, 0x0, 0x0, 0x0, 0x0, 0x28, 0xdf, 0xd8,
    0x20, 0x0, 0x0, 0x0, 0x6b, 0xfe, 0x94, 0x0,
    0x0, 0x0, 0x0, 0x0, 0x0, 0x0, 0x0, 0x0,
    0x49, 0xef, 0xc6, 0x10, 0x0, 0x0, 0x0, 0x0,
    0x5, 0xaf, 0xfa, 0x50, 0x0, 0x0, 0x4, 0x9e,
    0xfb, 0x50, 0x0, 0x0, 0x0, 0x0, 0x0, 0x0,
    0x0, 0x0, 0x0, 0x49, 0xef, 0xc6, 0x10, 0x0,
    0x0, 0x0, 0x0, 0x3, 0x8e, 0xfc, 0x72, 0x0,
    0x0, 0x27, 0xcf, 0xd7, 0x20, 0x0, 0x0, 0x0,
    0x0, 0x0, 0x0, 0x0, 0x0, 0x0, 0x49, 0xef,
    0xc6, 0x10, 0x0, 0x0, 0x0, 0x0, 0x1, 0x58,
    0x86, 0x31, 0x0, 0x0, 0x5b, 0xfe, 0x94, 0x0,
    0x0, 0x0, 0x0, 0x0, 0x0, 0x0, 0x0, 0x0,
    0x0, 0x49, 0xef, 0xc6, 0x10, 0x13, 0x66, 0x66,
    0x66, 0x66, 0x66, 0x66, 0x66, 0x66, 0x6a, 0xff,
    0xff, 0xb7, 0x66, 0x66, 0x66, 0x66, 0x42, 0x0,
    0x0, 0x0, 0x0, 0x0, 0x49, 0xef, 0xc6, 0x10,
    0x48, 0xde, 0xee, 0xee, 0xee, 0xee, 0xee, 0xee,
    0xee, 0xee, 0xee, 0xee, 0xee, 0xee, 0xee, 0xee,
    0xee, 0xa5, 0x0,

    /* U+4F5C "作" */
    0x0, 0x0, 0x0, 0x0, 0x0, 0x0, 0x0, 0x11,
    0x10, 0x0, 0x0, 0x0, 0x0, 0x0, 0x0, 0x0,
    0x0, 0x0, 0x0, 0x0, 0x0, 0x0, 0x0, 0x0,
    0x0, 0x0, 0x0, 0x0, 0x0, 0x0, 0x0, 0x0,
    0x0, 0x5, 0xaf, 0xfc, 0x71, 0x0, 0x0, 0x0,
    0x27, 0xdf, 0xd8, 0x30, 0x0, 0x0, 0x0, 0x0,
    0x0, 0x0, 0x0, 0x0, 0x0, 0x0, 0x0, 0x0,
    0x0, 0x0, 0x0, 0x1, 0x7c, 0xff, 0xb6, 0x10,
    0x0, 0x0, 0x3, 0x9e, 0xfe, 0x83, 0x0, 0x0,
    0x0, 0x0, 0x0, 0x0, 0x0, 0x0, 0x0, 0x0,
    0x0, 0x0, 0x0, 0x0, 0x0, 0x0, 0x39, 0xef,
    0xe9, 0x40, 0x0, 0x0, 0x0, 0x5c, 0xff, 0xfc,
    0x64, 0x44, 0x44, 0x44, 0x44, 0x44, 0x44, 0x44,
    0x44, 0x44, 0x42, 0x10, 0x0, 0x0, 0x0, 0x0,
    0x28, 0xff, 0xff, 0x82, 0x0, 0x0, 0x0, 0x39,
    0xff, 0xff, 0xff, 0xff, 0xff, 0xff, 0xff, 0xff,
    0xff, 0xff, 0xff, 0xff, 0xff, 0xfa, 0x40, 0x0,
    0x0, 0x0, 0x27, 0xff, 0xff, 0xf9, 0x10, 0x0,
    0x0, 0x17, 0xcf, 0xfc, 0x61, 0x0, 0x5a, 0xff,
    0xb6, 0x0, 0x0, 0x0, 0x0, 0x0, 0x0, 0x0,
    0x0, 0x0, 0x0, 0x0, 0x27, 0xcf, 0xff, 0xff,
    0xc6, 0x10, 0x0, 0x26, 0xbf, 0xfd, 0x83, 0x0,
    0x0, 0x5a, 0xff, 0xb6, 0x0, 0x0, 0x0, 0x0,
    0x0, 0x0, 0x0, 0x0, 0x0, 0x1, 0x49, 0xdf,
    0xfd, 0xdd, 0xff, 0xb6, 0x10, 0x38, 0xcf, 0xfd,
    0x83, 0x0, 0x0, 0x0, 0x5a, 0xff, 0xe9, 0x33,
    0x33, 0x33, 0x33, 0x33, 0x33, 0x32, 0x10, 0x0,
    0x3, 0x8d, 0xfc, 0x73, 0x49, 0xef, 0xb6, 0x10,
    0x36, 0xaa, 0x72, 0x0, 0x0, 0x0, 0x0, 0x5a,
    0xff, 0xff, 0xff, 0xff, 0xff, 0xff, 0xff, 0xff,
    0xfe, 0x93, 0x0, 0x0, 0x12, 0x21, 0x0, 0x49,
    0xef, 0xb6, 0x10, 0x0, 0x0, 0x0, 0x0, 0x0,
    0x0, 0x0, 0x5a, 0xff, 0xb6, 0x10, 0x0, 0x0,
    0x0, 0x0, 0x0, 0x0, 0x0, 0x0, 0x0, 0x0,
    0x0, 0x0, 0x49, 0xef, 0xb6, 0x10, 0x0, 0x0,
    0x0, 0x0, 0x0, 0x0, 0x0, 0x5a, 0xff, 0xb6,
    0x0, 0x0, 0x0, 0x0, 0x0, 0x0, 0x0, 0x0,
    0x0, 0x0, 0x0, 0x0, 0x0, 0x49, 0xef, 0xb6,
    0x10, 0x0, 0x0, 0x0, 0x0, 0x0, 0x0, 0x0,
    0x5a, 0xff, 0xf9, 0x43, 0x33, 0x33, 0x33, 0x33,
    0x33, 0x33, 0x21, 0x0, 0x0, 0x0, 0x0, 0x0,
    0x49, 0xef, 0xb6, 0x10, 0x0, 0x0, 0x0, 0x0,
    0x0, 0x0, 0x0, 0x5a, 0xff, 0xff, 0xff, 0xff,
    0xff, 0xff, 0xff, 0xff, 0xff, 0xc7, 0x20, 0x0,
    0x0, 0x0, 0x0, 0x49, 0xef, 0xb6, 0x10, 0x0,
    0x0, 0x0, 0x0, 0x0, 0x0, 0x0, 0x5a, 0xff,
    0xc6, 0x10, 0x0, 0x0, 0x0, 0x0, 0x0, 0x0,
    0x0, 0x0, 0x0, 0x0, 0x0, 0x0, 0x49, 0xef,
    0xb6, 0x10, 0x0, 0x0, 0x0, 0x0, 0x0, 0x0,
    0x0, 0x5a, 0xff, 0xb6, 0x0, 0x0, 0x0, 0x0,
    0x0, 0x0, 0x0, 0x0, 0x0, 0x0, 0x0, 0x0,
    0x0, 0x49, 0xef, 0xb6, 0x10, 0x0, 0x0, 0x0,
    0x0, 0x0, 0x0, 0x0, 0x5a, 0xff, 0xb6, 0x0,
    0x0, 0x0, 0x0, 0x0, 0x0, 0x0, 0x0, 0x0,
    0x0, 0x0, 0x0, 0x0, 0x39, 0xef, 0xb6, 0x10,
    0x0, 0x0, 0x0, 0x0, 0x0, 0x0, 0x0, 0x5a,
    0xff, 0xb6, 0x0, 0x0, 0x0, 0x0, 0x0, 0x0,
    0x0, 0x0, 0x0,

    /* U+503E "倾" */
    0x0, 0x0, 0x0, 0x0, 0x0, 0x0, 0x0, 0x0,
    0x0, 0x0, 0x0, 0x0, 0x0, 0x0, 0x0, 0x0,
    0x0, 0x0, 0x0, 0x0, 0x0, 0x0, 0x0, 0x0,
    0x0, 0x0, 0x0, 0x0, 0x0, 0x0, 0x0, 0x0,
    0x38, 0xde, 0xa5, 0x0, 0x0, 0x0, 0x0, 0x0,
    0x0, 0x0, 0x0, 0x0, 0x0, 0x0, 0x0, 0x0,
    0x0, 0x0, 0x0, 0x0, 0x0, 0x0, 0x0, 0x0,
    0x0, 0x0, 0x3, 0x9e, 0xfb, 0x61, 0x13, 0x54,
    0x20, 0x0, 0x0, 0x49, 0xef, 0xff, 0xff, 0xff,
    0xff, 0xff, 0xff, 0xff, 0xff, 0xff, 0xff, 0xf9,
    0x40, 0x0, 0x0, 0x0, 0x0, 0x4a, 0xef, 0xa5,
    0x0, 0x5a, 0xfd, 0x82, 0x0, 0x0, 0x1, 0x23,
    0x33, 0x33, 0x33, 0x6c, 0xff, 0xfa, 0x53, 0x33,
    0x33, 0x33, 0x21, 0x0, 0x0, 0x0, 0x0, 0x16,
    0xdf, 0xff, 0x70, 0x0, 0x5a, 0xfd, 0x82, 0x0,
    0x0, 0x0, 0x0, 0x11, 0x11, 0x14, 0xaf, 0xfd,
    0x83, 0x11, 0x11, 0x11, 0x10, 0x0, 0x0, 0x0,
    0x0, 0x4, 0x9f, 0xff, 0xfb, 0x40, 0x0, 0x5a,
    0xfd, 0x82, 0x0, 0x0, 0x0, 0x27, 0xdf, 0xff,
    0xff, 0xff, 0xff, 0xff, 0xff, 0xff, 0xff, 0xc7,
    0x20, 0x0, 0x0, 0x2, 0x7c, 0xff, 0xff, 0xf9,
    0x40, 0x0, 0x5a, 0xff, 0xff, 0xff, 0xff, 0xc7,
    0x47, 0xdf, 0xb5, 0x0, 0x0, 0x0, 0x0, 0x0,
    0x17, 0xcf, 0xc7, 0x20, 0x0, 0x3, 0x8d, 0xff,
    0xbb, 0xcf, 0xe9, 0x40, 0x0, 0x5a, 0xff, 0xb6,
    0x33, 0x33, 0x21, 0x37, 0xdf, 0xb5, 0x0, 0x28,
    0xde, 0x94, 0x0, 0x17, 0xcf, 0xc7, 0x20, 0x0,
    0x16, 0xbe, 0xc6, 0x25, 0xaf, 0xe9, 0x40, 0x0,
    0x5a, 0xfd, 0x82, 0x0, 0x0, 0x0, 0x27, 0xdf,
    0xb5, 0x0, 0x28, 0xde, 0x94, 0x0, 0x17, 0xcf,
    0xc7, 0x20, 0x0, 0x0, 0x22, 0x10, 0x5, 0xaf,
    0xe9, 0x40, 0x0, 0x5a, 0xfd, 0x82, 0x0, 0x0,
    0x0, 0x27, 0xdf, 0xb5, 0x0, 0x28, 0xde, 0x94,
    0x0, 0x17, 0xcf, 0xc7, 0x20, 0x0, 0x0, 0x0,
    0x0, 0x5, 0xaf, 0xe9, 0x40, 0x0, 0x5a, 0xfd,
    0x82, 0x0, 0x0, 0x0, 0x27, 0xdf, 0xb5, 0x0,
    0x28, 0xde, 0x94, 0x0, 0x17, 0xcf, 0xc7, 0x20,
    0x0, 0x0, 0x0, 0x0, 0x5, 0xaf, 0xe9, 0x40,
    0x0, 0x5a, 0xfd, 0x82, 0x12, 0x58, 0x63, 0x27,
    0xdf, 0xb5, 0x0, 0x49, 0xed, 0x83, 0x0, 0x17,
    0xcf, 0xc7, 0x20, 0x0, 0x0, 0x0, 0x0, 0x5,
    0xaf, 0xe9, 0x40, 0x1, 0x6d, 0xff, 0xff, 0xfe,
    0xda, 0x52, 0x27, 0xdf, 0xb5, 0x1, 0x6c, 0xfb,
    0x61, 0x0, 0x17, 0xcf, 0xc7, 0x20, 0x0, 0x0,
    0x0, 0x0, 0x5, 0xaf, 0xe9, 0x40, 0x7, 0xff,
    0xff, 0xe7, 0x31, 0x0, 0x0, 0x13, 0x56, 0x42,
    0x27, 0xcf, 0xc7, 0x20, 0x0, 0x2, 0x46, 0x42,
    0x0, 0x0, 0x0, 0x0, 0x0, 0x5, 0xaf, 0xe9,
    0x40, 0x0, 0x22, 0x20, 0x0, 0x0, 0x0, 0x0,
    0x0, 0x0, 0x38, 0xcf, 0xe9, 0x43, 0x7c, 0xed,
    0xa7, 0x31, 0x0, 0x0, 0x0, 0x0, 0x0, 0x0,
    0x5, 0xaf, 0xe9, 0x40, 0x0, 0x0, 0x0, 0x0,
    0x0, 0x0, 0x1, 0x36, 0x9d, 0xee, 0xb6, 0x20,
    0x0, 0x0, 0x36, 0xad, 0xfe, 0xb8, 0x41, 0x0,
    0x0, 0x0, 0x0, 0x5, 0xaf, 0xe9, 0x40, 0x0,
    0x0, 0x0, 0x0, 0x0, 0x3, 0x8c, 0xdb, 0x86,
    0x31, 0x0, 0x0, 0x0, 0x0, 0x0, 0x0, 0x26,
    0xac, 0xa5, 0x10, 0x0, 0x0, 0x0, 0x0, 0x0,
    0x0, 0x0, 0x0, 0x0, 0x0, 0x0, 0x0, 0x0,
    0x0, 0x0, 0x0, 0x0, 0x0, 0x0, 0x0, 0x0,
    0x0, 0x0, 0x0, 0x0, 0x0, 0x0,

    /* U+505C "停" */
    0x0, 0x0, 0x0, 0x0, 0x0, 0x0, 0x4, 0x8b,
    0xa6, 0x30, 0x0, 0x0, 0x0, 0x0, 0x0, 0x48,
    0xcd, 0xa5, 0x10, 0x0, 0x0, 0x0, 0x0, 0x0,
    0x0, 0x0, 0x0, 0x0, 0x0, 0x0, 0x0, 0x0,
    0x1, 0x6c, 0xff, 0xa7, 0x34, 0x44, 0x44, 0x44,
    0x44, 0x44, 0x58, 0xef, 0xff, 0xc7, 0x44, 0x44,
    0x44, 0x44, 0x44, 0x44, 0x21, 0x0, 0x0, 0x0,
    0x0, 0x0, 0x0, 0x38, 0xef, 0xd8, 0x34, 0x9d,
    0xee, 0xee, 0xee, 0xee, 0xee, 0xee, 0xff, 0xff,
    0xfe, 0xee, 0xee, 0xee, 0xee, 0xee, 0xec, 0x83,
    0x0, 0x0, 0x0, 0x0, 0x0, 0x27, 0xdf, 0xfc,
    0x61, 0x0, 0x0, 0x0, 0x12, 0x22, 0x22, 0x22,
    0x22, 0x22, 0x22, 0x22, 0x22, 0x22, 0x22, 0x21,
    0x0, 0x0, 0x0, 0x0, 0x0, 0x0, 0x0, 0x27,
    0xff, 0xff, 0xd3, 0x0, 0x0, 0x0, 0x5, 0xbf,
    0xfe, 0xdd, 0xdd, 0xdd, 0xdd, 0xdd, 0xdd, 0xdd,
    0xdd, 0xef, 0xfb, 0x61, 0x0, 0x0, 0x0, 0x0,
    0x0, 0x27, 0xcf, 0xff, 0xff, 0x61, 0x0, 0x0,
    0x0, 0x5, 0xbf, 0xd8, 0x20, 0x0, 0x0, 0x0,
    0x0, 0x0, 0x0, 0x3, 0x9e, 0xfb, 0x61, 0x0,
    0x0, 0x0, 0x1, 0x5a, 0xdf, 0xfe, 0xff, 0xfc,
    0x61, 0x0, 0x0, 0x0, 0x5, 0xbf, 0xfe, 0xdd,
    0xdd, 0xdd, 0xdd, 0xdd, 0xdd, 0xdd, 0xdd, 0xef,
    0xfb, 0x61, 0x0, 0x0, 0x0, 0x2, 0x6c, 0xda,
    0x54, 0x7d, 0xfc, 0x61, 0x0, 0x0, 0x0, 0x0,
    0x0, 0x0, 0x0, 0x0, 0x0, 0x0, 0x0, 0x0,
    0x0, 0x0, 0x0, 0x0, 0x0, 0x0, 0x0, 0x0,
    0x0, 0x0, 0x0, 0x2, 0x7d, 0xfc, 0x61, 0x0,
    0x49, 0xef, 0xff, 0xff, 0xff, 0xff, 0xff, 0xff,
    0xff, 0xff, 0xff, 0xff, 0xff, 0xff, 0xff, 0xff,
    0xfd, 0x83, 0x0, 0x0, 0x0, 0x0, 0x2, 0x7d,
    0xfc, 0x61, 0x0, 0x49, 0xfe, 0xa5, 0x22, 0x22,
    0x22, 0x22, 0x22, 0x22, 0x22, 0x22, 0x22, 0x22,
    0x22, 0x22, 0x6b, 0xfe, 0x93, 0x0, 0x0, 0x0,
    0x0, 0x2, 0x7d, 0xfc, 0x61, 0x0, 0x49, 0xee,
    0x95, 0x35, 0x55, 0x55, 0x55, 0x55, 0x55, 0x55,
    0x55, 0x55, 0x55, 0x55, 0x54, 0x7a, 0xfe, 0x83,
    0x0, 0x0, 0x0, 0x0, 0x2, 0x7d, 0xfc, 0x61,
    0x0, 0x0, 0x0, 0x4, 0x8c, 0xcc, 0xcc, 0xcc,
    0xcf, 0xff, 0xff, 0xfd, 0xcc, 0xcc, 0xcc, 0xca,
    0x61, 0x0, 0x0, 0x0, 0x0, 0x0, 0x0, 0x2,
    0x7d, 0xfc, 0x61, 0x0, 0x0, 0x0, 0x0, 0x0,
    0x0, 0x0, 0x0, 0x5, 0xaf, 0xfb, 0x60, 0x0,
    0x0, 0x0, 0x0, 0x0, 0x0, 0x0, 0x0, 0x0,
    0x0, 0x0, 0x2, 0x7d, 0xfc, 0x61, 0x0, 0x0,
    0x0, 0x0, 0x0, 0x0, 0x0, 0x0, 0x5, 0xaf,
    0xfb, 0x60, 0x0, 0x0, 0x0, 0x0, 0x0, 0x0,
    0x0, 0x0, 0x0, 0x0, 0x0, 0x2, 0x7d, 0xfc,
    0x61, 0x0, 0x0, 0x0, 0x0, 0x0, 0x11, 0x22,
    0x22, 0x26, 0xbf, 0xfb, 0x50, 0x0, 0x0, 0x0,
    0x0, 0x0, 0x0, 0x0, 0x0, 0x0, 0x0, 0x0,
    0x2, 0x7d, 0xfc, 0x61, 0x0, 0x0, 0x0, 0x0,
    0x0, 0x5a, 0xff, 0xff, 0xff, 0xfe, 0xb6, 0x20,
    0x0, 0x0, 0x0, 0x0, 0x0, 0x0, 0x0, 0x0,
    0x0, 0x0, 0x0, 0x0, 0x1, 0x10, 0x0, 0x0,
    0x0, 0x0, 0x0, 0x0, 0x0, 0x0, 0x0, 0x0,
    0x0, 0x0, 0x0, 0x0, 0x0, 0x0, 0x0, 0x0,
    0x0, 0x0, 0x0,

    /* U+51FB "击" */
    0x0, 0x0, 0x0, 0x0, 0x0, 0x0, 0x0, 0x0,
    0x0, 0x0, 0x0, 0x1, 0x11, 0x10, 0x0, 0x0,
    0x0, 0x0, 0x0, 0x0, 0x0, 0x0, 0x0, 0x0,
    0x0, 0x0, 0x0, 0x0, 0x0, 0x0, 0x0, 0x0,
    0x0, 0x0, 0x0, 0x0, 0x27, 0xcf, 0xe9, 0x40,
    0x0, 0x0, 0x0, 0x0, 0x0, 0x0, 0x0, 0x0,
    0x0, 0x0, 0x0, 0x0, 0x0, 0x0, 0x0, 0x0,
    0x0, 0x0, 0x0, 0x0, 0x0, 0x2, 0x7c, 0xfe,
    0x94, 0x0, 0x0, 0x0, 0x0, 0x0, 0x0, 0x0,
    0x0, 0x0, 0x0, 0x0, 0x0, 0x0, 0x1, 0x35,
    0x55, 0x55, 0x55, 0x55, 0x55, 0x55, 0x55, 0x7c,
    0xff, 0xfe, 0x95, 0x55, 0x55, 0x55, 0x55, 0x55,
    0x55, 0x55, 0x42, 0x0, 0x0, 0x0, 0x0, 0x0,
    0x5a, 0xff, 0xff, 0xff, 0xff, 0xff, 0xff, 0xff,
    0xff, 0xff, 0xff, 0xff, 0xff, 0xff, 0xff, 0xff,
    0xff, 0xff, 0xff, 0xfc, 0x72, 0x0, 0x0, 0x0,
    0x0, 0x0, 0x0, 0x0, 0x0, 0x0, 0x0, 0x0,
    0x0, 0x0, 0x27, 0xdf, 0xf9, 0x40, 0x0, 0x0,
    0x0, 0x0, 0x0, 0x0, 0x0, 0x0, 0x0, 0x0,
    0x0, 0x0, 0x0, 0x0, 0x0, 0x0, 0x0, 0x0,
    0x0, 0x0, 0x0, 0x2, 0x7c, 0xfe, 0x94, 0x0,
    0x0, 0x0, 0x0, 0x0, 0x0, 0x0, 0x0, 0x0,
    0x0, 0x0, 0x0, 0x12, 0x22, 0x22, 0x22, 0x22,
    0x22, 0x22, 0x22, 0x22, 0x22, 0x4a, 0xff, 0xfc,
    0x62, 0x22, 0x22, 0x22, 0x22, 0x22, 0x22, 0x22,
    0x22, 0x22, 0x10, 0x0, 0x5a, 0xff, 0xff, 0xff,
    0xff, 0xff, 0xff, 0xff, 0xff, 0xff, 0xff, 0xff,
    0xff, 0xff, 0xff, 0xff, 0xff, 0xff, 0xff, 0xff,
    0xff, 0xff, 0xff, 0xfb, 0x50, 0x1, 0x23, 0x33,
    0x33, 0x33, 0x33, 0x33, 0x33, 0x33, 0x33, 0x33,
    0x5a, 0xff, 0xfc, 0x73, 0x33, 0x33, 0x33, 0x33,
    0x33, 0x33, 0x33, 0x33, 0x33, 0x21, 0x0, 0x0,
    0x0, 0x24, 0x66, 0x52, 0x0, 0x0, 0x0, 0x0,
    0x0, 0x2, 0x7c, 0xfe, 0x94, 0x0, 0x0, 0x0,
    0x0, 0x0, 0x24, 0x66, 0x42, 0x0, 0x0, 0x0,
    0x0, 0x0, 0x5, 0xaf, 0xfc, 0x61, 0x0, 0x0,
    0x0, 0x0, 0x0, 0x27, 0xcf, 0xe9, 0x40, 0x0,
    0x0, 0x0, 0x0, 0x5, 0xaf, 0xfb, 0x60, 0x0,
    0x0, 0x0, 0x0, 0x0, 0x5a, 0xff, 0xc6, 0x10,
    0x0, 0x0, 0x0, 0x0, 0x2, 0x7c, 0xfe, 0x94,
    0x0, 0x0, 0x0, 0x0, 0x0, 0x5a, 0xff, 0xb6,
    0x0, 0x0, 0x0, 0x0, 0x0, 0x5, 0xaf, 0xfc,
    0x61, 0x0, 0x0, 0x0, 0x0, 0x0, 0x27, 0xcf,
    0xe9, 0x40, 0x0, 0x0, 0x0, 0x0, 0x5, 0xaf,
    0xfb, 0x60, 0x0, 0x0, 0x0, 0x0, 0x0, 0x5a,
    0xff, 0xc6, 0x10, 0x0, 0x0, 0x0, 0x0, 0x2,
    0x7c, 0xfe, 0x94, 0x0, 0x0, 0x0, 0x0, 0x0,
    0x5a, 0xff, 0xb6, 0x0, 0x0, 0x0, 0x0, 0x0,
    0x5, 0xaf, 0xff, 0xfe, 0xee, 0xee, 0xee, 0xee,
    0xee, 0xff, 0xff, 0xff, 0xfe, 0xee, 0xee, 0xee,
    0xee, 0xef, 0xff, 0xfe, 0x60, 0x0, 0x0, 0x0,
    0x0, 0x0, 0x24, 0x66, 0x66, 0x66, 0x66, 0x66,
    0x66, 0x66, 0x66, 0x66, 0x66, 0x66, 0x66, 0x66,
    0x66, 0x66, 0x66, 0xbf, 0xff, 0xc6, 0x0, 0x0,
    0x0, 0x0,

    /* U+529B "力" */
    0x0, 0x0, 0x0, 0x0, 0x0, 0x0, 0x0, 0x0,
    0x0, 0x0, 0x0, 0x1, 0x11, 0x0, 0x0, 0x0,
    0x0, 0x0, 0x0, 0x0, 0x0, 0x0, 0x0, 0x0,
    0x0, 0x0, 0x0, 0x0, 0x0, 0x0, 0x0, 0x0,
    0x0, 0x0, 0x0, 0x0, 0x27, 0xdf, 0xe9, 0x40,
    0x0, 0x0, 0x0, 0x0, 0x0, 0x0, 0x0, 0x0,
    0x0, 0x0, 0x0, 0x0, 0x0, 0x0, 0x0, 0x0,
    0x0, 0x0, 0x0, 0x0, 0x0, 0x2, 0x7d, 0xfe,
    0x94, 0x0, 0x0, 0x0, 0x0, 0x0, 0x0, 0x0,
    0x0, 0x0, 0x0, 0x0, 0x0, 0x0, 0x0, 0x0,
    0x0, 0x0, 0x0, 0x0, 0x0, 0x0, 0x0, 0x27,
    0xdf, 0xe9, 0x30, 0x0, 0x0, 0x0, 0x0, 0x0,
    0x0, 0x0, 0x0, 0x0, 0x0, 0x0, 0x0, 0x0,
    0x12, 0x33, 0x33, 0x33, 0x33, 0x33, 0x33, 0x33,
    0x36, 0xbf, 0xff, 0xc6, 0x33, 0x33, 0x33, 0x33,
    0x33, 0x33, 0x33, 0x33, 0x45, 0x54, 0x21, 0x0,
    0x0, 0x5, 0xbf, 0xff, 0xff, 0xff, 0xff, 0xff,
    0xff, 0xff, 0xff, 0xff, 0xff, 0xff, 0xff, 0xff,
    0xff, 0xff, 0xff, 0xff, 0xff, 0xff, 0xff, 0xfb,
    0x50, 0x0, 0x0, 0x12, 0x33, 0x33, 0x33, 0x33,
    0x33, 0x33, 0x33, 0x37, 0xcf, 0xff, 0xa5, 0x33,
    0x33, 0x33, 0x33, 0x33, 0x33, 0x33, 0x33, 0x8d,
    0xff, 0xb5, 0x0, 0x0, 0x0, 0x0, 0x0, 0x0,
    0x0, 0x0, 0x0, 0x0, 0x1, 0x7c, 0xff, 0xa5,
    0x0, 0x0, 0x0, 0x0, 0x0, 0x0, 0x0, 0x0,
    0x5, 0xbf, 0xfa, 0x50, 0x0, 0x0, 0x0, 0x0,
    0x0, 0x0, 0x0, 0x0, 0x0, 0x0, 0x4a, 0xff,
    0xc7, 0x20, 0x0, 0x0, 0x0, 0x0, 0x0, 0x0,
    0x0, 0x1, 0x6b, 0xff, 0xa4, 0x0, 0x0, 0x0,
    0x0, 0x0, 0x0, 0x0, 0x0, 0x0, 0x0, 0x39,
    0xef, 0xe9, 0x40, 0x0, 0x0, 0x0, 0x0, 0x0,
    0x0, 0x0, 0x0, 0x17, 0xcf, 0xe9, 0x40, 0x0,
    0x0, 0x0, 0x0, 0x0, 0x0, 0x0, 0x0, 0x0,
    0x4a, 0xef, 0xea, 0x40, 0x0, 0x0, 0x0, 0x0,
    0x0, 0x0, 0x0, 0x0, 0x3, 0x8d, 0xfd, 0x83,
    0x0, 0x0, 0x0, 0x0, 0x0, 0x0, 0x0, 0x0,
    0x2, 0x7c, 0xff, 0xd8, 0x30, 0x0, 0x0, 0x0,
    0x0, 0x0, 0x0, 0x0, 0x0, 0x0, 0x4a, 0xff,
    0xc6, 0x10, 0x0, 0x0, 0x0, 0x0, 0x0, 0x0,
    0x0, 0x27, 0xcf, 0xfe, 0xa5, 0x10, 0x0, 0x0,
    0x0, 0x0, 0x0, 0x0, 0x0, 0x0, 0x0, 0x16,
    0xcf, 0xfa, 0x50, 0x0, 0x0, 0x0, 0x0, 0x0,
    0x0, 0x14, 0x9d, 0xff, 0xea, 0x51, 0x0, 0x0,
    0x0, 0x0, 0x0, 0x0, 0x0, 0x0, 0x0, 0x0,
    0x4, 0x9e, 0xfd, 0x82, 0x0, 0x0, 0x0, 0x0,
    0x0, 0x14, 0x9d, 0xff, 0xfc, 0x73, 0x0, 0x0,
    0x0, 0x0, 0x0, 0x0, 0x0, 0x0, 0x0, 0x0,
    0x0, 0x2, 0x8d, 0xff, 0xa5, 0x0, 0x0, 0x0,
    0x2, 0x58, 0xce, 0xff, 0xeb, 0x73, 0x0, 0x0,
    0x0, 0x0, 0x0, 0x0, 0x0, 0x13, 0x55, 0x55,
    0x54, 0x44, 0x58, 0xbe, 0xff, 0xb5, 0x10, 0x0,
    0x0, 0x3, 0x7c, 0xee, 0xb8, 0x41, 0x0, 0x0,
    0x0, 0x0, 0x0, 0x0, 0x0, 0x0, 0x0, 0x5a,
    0xff, 0xff, 0xff, 0xff, 0xfe, 0xc9, 0x51, 0x0,
    0x0, 0x0, 0x0, 0x0, 0x0, 0x0, 0x0, 0x0,
    0x0, 0x0, 0x0, 0x0, 0x0, 0x0, 0x0, 0x0,
    0x0, 0x0, 0x0, 0x0, 0x0, 0x0, 0x0, 0x0,
    0x0, 0x0, 0x0,

    /* U+538B "压" */
    0x0, 0x0, 0x0, 0x13, 0x55, 0x54, 0x44, 0x44,
    0x44, 0x44, 0x44, 0x44, 0x44, 0x44, 0x44, 0x44,
    0x44, 0x44, 0x44, 0x44, 0x44, 0x44, 0x44, 0x44,
    0x44, 0x42, 0x10, 0x0, 0x0, 0x2, 0x7c, 0xff,
    0xff, 0xff, 0xff, 0xff, 0xff, 0xff, 0xff, 0xff,
    0xff, 0xff, 0xff, 0xff, 0xff, 0xff, 0xff, 0xff,
    0xff, 0xff, 0xff, 0xff, 0xfb, 0x61, 0x0, 0x0,
    0x2, 0x7c, 0xfd, 0x83, 0x0, 0x0, 0x0, 0x0,
    0x0, 0x0, 0x0, 0x0, 0x0, 0x0, 0x0, 0x0,
    0x0, 0x0, 0x0, 0x0, 0x0, 0x0, 0x0, 0x0,
    0x0, 0x0, 0x0, 0x2, 0x7c, 0xfd, 0x72, 0x0,
    0x0, 0x0, 0x0, 0x0, 0x0, 0x0, 0x0, 0x38,
    0xef, 0xc6, 0x10, 0x0, 0x0, 0x0, 0x0, 0x0,
    0x0, 0x0, 0x0, 0x0, 0x0, 0x0, 0x2, 0x7c,
    0xfd, 0x72, 0x0, 0x0, 0x0, 0x0, 0x0, 0x0,
    0x0, 0x0, 0x49, 0xef, 0xc7, 0x10, 0x0, 0x0,
    0x0, 0x0, 0x0, 0x0, 0x0, 0x0, 0x0, 0x0,
    0x0, 0x2, 0x7c, 0xfd, 0x72, 0x0, 0x0, 0x0,
    0x0, 0x0, 0x0, 0x0, 0x0, 0x49, 0xef, 0xc7,
    0x10, 0x0, 0x0, 0x0, 0x0, 0x0, 0x0, 0x0,
    0x0, 0x0, 0x0, 0x0, 0x2, 0x7c, 0xfd, 0x72,
    0x0, 0x1, 0x11, 0x11, 0x11, 0x11, 0x11, 0x11,
    0x5a, 0xff, 0xe8, 0x31, 0x11, 0x11, 0x11, 0x11,
    0x11, 0x11, 0x10, 0x0, 0x0, 0x0, 0x0, 0x2,
    0x7c, 0xfd, 0x72, 0x2, 0x8d, 0xff, 0xff, 0xff,
    0xff, 0xff, 0xff, 0xff, 0xff, 0xff, 0xff, 0xff,
    0xff, 0xff, 0xff, 0xff, 0xff, 0xc7, 0x20, 0x0,
    0x0, 0x0, 0x2, 0x7c, 0xfc, 0x72, 0x0, 0x12,
    0x22, 0x22, 0x22, 0x22, 0x22, 0x22, 0x6c, 0xff,
    0xf9, 0x42, 0x22, 0x22, 0x22, 0x22, 0x22, 0x22,
    0x21, 0x0, 0x0, 0x0, 0x0, 0x2, 0x8d, 0xfc,
    0x61, 0x0, 0x0, 0x0, 0x0, 0x0, 0x0, 0x0,
    0x0, 0x49, 0xef, 0xc7, 0x10, 0x0, 0x25, 0x54,
    0x10, 0x0, 0x0, 0x0, 0x0, 0x0, 0x0, 0x0,
    0x3, 0x9e, 0xfb, 0x50, 0x0, 0x0, 0x0, 0x0,
    0x0, 0x0, 0x0, 0x0, 0x49, 0xef, 0xc7, 0x10,
    0x2, 0x6a, 0xef, 0xda, 0x51, 0x0, 0x0, 0x0,
    0x0, 0x0, 0x0, 0x5, 0xbf, 0xf9, 0x40, 0x0,
    0x0, 0x0, 0x0, 0x0, 0x0, 0x0, 0x0, 0x49,
    0xef, 0xc7, 0x10, 0x0, 0x0, 0x26, 0xbe, 0xfd,
    0x94, 0x10, 0x0, 0x0, 0x0, 0x0, 0x39, 0xef,
    0xb6, 0x10, 0x0, 0x0, 0x0, 0x0, 0x0, 0x0,
    0x0, 0x0, 0x49, 0xef, 0xc7, 0x10, 0x0, 0x0,
    0x0, 0x3, 0x79, 0x74, 0x10, 0x0, 0x0, 0x0,
    0x2, 0x7c, 0xfe, 0x83, 0x0, 0x0, 0x0, 0x0,
    0x0, 0x0, 0x0, 0x0, 0x0, 0x49, 0xef, 0xc7,
    0x10, 0x0, 0x0, 0x0, 0x0, 0x0, 0x0, 0x0,
    0x0, 0x0, 0x0, 0x28, 0xdf, 0xe9, 0x30, 0x48,
    0xcc, 0xcc, 0xcc, 0xcc, 0xcc, 0xcc, 0xcc, 0xcc,
    0xff, 0xff, 0xff, 0xec, 0xcc, 0xcc, 0xcc, 0xcc,
    0xcc, 0xcc, 0xcc, 0xc9, 0x40, 0x1, 0x5a, 0xed,
    0x82, 0x0, 0x25, 0x77, 0x77, 0x77, 0x77, 0x77,
    0x77, 0x77, 0x77, 0x77, 0x77, 0x77, 0x77, 0x77,
    0x77, 0x77, 0x77, 0x77, 0x77, 0x77, 0x75, 0x30,
    0x0, 0x0, 0x0, 0x0, 0x0, 0x0, 0x0, 0x0,
    0x0, 0x0, 0x0, 0x0, 0x0, 0x0, 0x0, 0x0,
    0x0, 0x0, 0x0, 0x0, 0x0, 0x0, 0x0, 0x0,
    0x0, 0x0, 0x0,

    /* U+53F7 "号" */
    0x0, 0x0, 0x0, 0x0, 0x1, 0x24, 0x44, 0x44,
    0x44, 0x44, 0x44, 0x44, 0x44, 0x44, 0x44, 0x44,
    0x44, 0x44, 0x44, 0x44, 0x44, 0x32, 0x10, 0x0,
    0x0, 0x0, 0x0, 0x0, 0x0, 0x0, 0x0, 0x6,
    0xbf, 0xff, 0xff, 0xff, 0xff, 0xff, 0xff, 0xff,
    0xff, 0xff, 0xff, 0xff, 0xff, 0xff, 0xff, 0xff,
    0xf9, 0x40, 0x0, 0x0, 0x0, 0x0, 0x0, 0x0,
    0x0, 0x0, 0x6, 0xbf, 0xfa, 0x40, 0x0, 0x0,
    0x0, 0x0, 0x0, 0x0, 0x0, 0x0, 0x0, 0x0,
    0x0, 0x27, 0xdf, 0xf9, 0x40, 0x0, 0x0, 0x0,
    0x0, 0x0, 0x0, 0x0, 0x0, 0x6, 0xbf, 0xfa,
    0x40, 0x0, 0x0, 0x0, 0x0, 0x0, 0x0, 0x0,
    0x0, 0x0, 0x0, 0x0, 0x27, 0xdf, 0xf9, 0x40,
    0x0, 0x0, 0x0, 0x0, 0x0, 0x0, 0x0, 0x0,
    0x6, 0xbf, 0xff, 0xff, 0xff, 0xff, 0xff, 0xff,
    0xff, 0xff, 0xff, 0xff, 0xff, 0xff, 0xff, 0xff,
    0xff, 0xf9, 0x40, 0x0, 0x0, 0x0, 0x0, 0x0,
    0x0, 0x0, 0x0, 0x1, 0x23, 0x33, 0x33, 0x33,
    0x33, 0x33, 0x33, 0x33, 0x33, 0x33, 0x33, 0x33,
    0x33, 0x33, 0x33, 0x33, 0x32, 0x10, 0x0, 0x0,
    0x0, 0x0, 0x0, 0x0, 0x0, 0x0, 0x0, 0x0,
    0x0, 0x0, 0x0, 0x0, 0x0, 0x0, 0x0, 0x0,
    0x0, 0x0, 0x0, 0x0, 0x0, 0x0, 0x0, 0x0,
    0x0, 0x0, 0x0, 0x0, 0x0, 0x0, 0x39, 0xef,
    0xff, 0xff, 0xff, 0xff, 0xff, 0xff, 0xff, 0xff,
    0xff, 0xff, 0xff, 0xff, 0xff, 0xff, 0xff, 0xff,
    0xff, 0xff, 0xff, 0xff, 0xff, 0xfb, 0x60, 0x0,
    0x0, 0x12, 0x44, 0x44, 0x44, 0x44, 0x59, 0xef,
    0xff, 0xd8, 0x44, 0x44, 0x44, 0x44, 0x44, 0x44,
    0x44, 0x44, 0x44, 0x44, 0x44, 0x44, 0x44, 0x44,
    0x43, 0x10, 0x0, 0x0, 0x0, 0x0, 0x0, 0x0,
    0x0, 0x5a, 0xff, 0xd8, 0x30, 0x0, 0x0, 0x0,
    0x0, 0x0, 0x0, 0x0, 0x0, 0x0, 0x0, 0x0,
    0x0, 0x0, 0x0, 0x0, 0x0, 0x0, 0x0, 0x0,
    0x0, 0x0, 0x0, 0x15, 0xef, 0xff, 0xff, 0xee,
    0xee, 0xee, 0xee, 0xee, 0xee, 0xee, 0xee, 0xee,
    0xee, 0xff, 0xff, 0xc7, 0x30, 0x0, 0x0, 0x0,
    0x0, 0x0, 0x0, 0x0, 0x0, 0x0, 0x13, 0x68,
    0xa8, 0x65, 0x55, 0x55, 0x55, 0x55, 0x55, 0x55,
    0x55, 0x55, 0x55, 0x55, 0xaf, 0xff, 0xc6, 0x10,
    0x0, 0x0, 0x0, 0x0, 0x0, 0x0, 0x0, 0x0,
    0x0, 0x0, 0x0, 0x0, 0x0, 0x0, 0x0, 0x0,
    0x0, 0x0, 0x0, 0x0, 0x0, 0x0, 0x3, 0x8e,
    0xfe, 0x93, 0x0, 0x0, 0x0, 0x0, 0x0, 0x0,
    0x0, 0x0, 0x0, 0x0, 0x0, 0x0, 0x0, 0x0,
    0x0, 0x0, 0x0, 0x0, 0x0, 0x0, 0x0, 0x0,
    0x0, 0x27, 0xdf, 0xfb, 0x50, 0x0, 0x0, 0x0,
    0x0, 0x0, 0x0, 0x0, 0x0, 0x0, 0x0, 0x0,
    0x0, 0x0, 0x0, 0x0, 0x0, 0x1, 0x34, 0x44,
    0x33, 0x33, 0x33, 0x47, 0xbe, 0xff, 0xa5, 0x0,
    0x0, 0x0, 0x0, 0x0, 0x0, 0x0, 0x0, 0x0,
    0x0, 0x0, 0x0, 0x0, 0x0, 0x0, 0x0, 0x0,
    0x0, 0x5b, 0xff, 0xff, 0xff, 0xff, 0xff, 0xec,
    0x95, 0x10, 0x0, 0x0, 0x0, 0x0, 0x0, 0x0,
    0x0, 0x0, 0x0, 0x0, 0x0, 0x0, 0x0, 0x0,
    0x0, 0x0, 0x0, 0x0, 0x0, 0x0, 0x0, 0x0,
    0x0, 0x0, 0x0, 0x0, 0x0, 0x0, 0x0, 0x0,
    0x0, 0x0, 0x0,

    /* U+57FA "基" */
    0x0, 0x0, 0x0, 0x0, 0x0, 0x0, 0x38, 0xdf,
    0xb6, 0x10, 0x0, 0x0, 0x0, 0x0, 0x0, 0x0,
    0x0, 0x0, 0x5a, 0xee, 0xa5, 0x0, 0x0, 0x0,
    0x0, 0x0, 0x0, 0x0, 0x0, 0x12, 0x33, 0x33,
    0x33, 0x7c, 0xff, 0xfa, 0x43, 0x33, 0x33, 0x33,
    0x33, 0x33, 0x33, 0x33, 0x33, 0x8e, 0xff, 0xe8,
    0x33, 0x33, 0x33, 0x21, 0x0, 0x0, 0x0, 0x0,
    0x5a, 0xff, 0xff, 0xff, 0xff, 0xff, 0xff, 0xff,
    0xff, 0xff, 0xff, 0xff, 0xff, 0xff, 0xff, 0xff,
    0xff, 0xff, 0xff, 0xff, 0xff, 0xff, 0xa5, 0x0,
    0x0, 0x0, 0x0, 0x0, 0x0, 0x0, 0x0, 0x49,
    0xef, 0xc7, 0x20, 0x0, 0x0, 0x0, 0x0, 0x0,
    0x0, 0x0, 0x0, 0x6b, 0xff, 0xb5, 0x0, 0x0,
    0x0, 0x0, 0x0, 0x0, 0x0, 0x0, 0x0, 0x0,
    0x0, 0x0, 0x49, 0xff, 0xff, 0xff, 0xff, 0xff,
    0xff, 0xff, 0xff, 0xff, 0xff, 0xff, 0xff, 0xff,
    0xb5, 0x0, 0x0, 0x0, 0x0, 0x0, 0x0, 0x0,
    0x0, 0x0, 0x0, 0x0, 0x0, 0x49, 0xef, 0xc7,
    0x10, 0x0, 0x0, 0x0, 0x0, 0x0, 0x0, 0x0,
    0x0, 0x5b, 0xff, 0xb5, 0x0, 0x0, 0x0, 0x0,
    0x0, 0x0, 0x0, 0x0, 0x0, 0x0, 0x0, 0x0,
    0x49, 0xff, 0xff, 0xff, 0xff, 0xff, 0xff, 0xff,
    0xff, 0xff, 0xff, 0xff, 0xff, 0xff, 0xb5, 0x0,
    0x0, 0x0, 0x0, 0x0, 0x0, 0x0, 0x0, 0x0,
    0x0, 0x0, 0x0, 0x49, 0xef, 0xd8, 0x21, 0x11,
    0x11, 0x11, 0x11, 0x11, 0x11, 0x11, 0x11, 0x7b,
    0xff, 0xb5, 0x0, 0x0, 0x0, 0x0, 0x0, 0x0,
    0x1, 0x58, 0xaa, 0xaa, 0xaa, 0xaa, 0xef, 0xff,
    0xff, 0xca, 0xaa, 0xaa, 0xaa, 0xaa, 0xaa, 0xaa,
    0xaa, 0xab, 0xff, 0xff, 0xff, 0xaa, 0xaa, 0xaa,
    0xaa, 0x95, 0x10, 0x1, 0x46, 0x88, 0x88, 0x88,
    0x88, 0x9c, 0xff, 0xff, 0xfa, 0x88, 0x88, 0x88,
    0x88, 0x88, 0x88, 0x88, 0xae, 0xff, 0xff, 0xc9,
    0x88, 0x88, 0x88, 0x88, 0x64, 0x10, 0x0, 0x0,
    0x0, 0x0, 0x1, 0x38, 0xcf, 0xfc, 0x62, 0x0,
    0x0, 0x2, 0x69, 0xa8, 0x41, 0x0, 0x0, 0x0,
    0x16, 0xbe, 0xfd, 0x94, 0x10, 0x0, 0x0, 0x0,
    0x0, 0x0, 0x0, 0x0, 0x25, 0xad, 0xff, 0xda,
    0x63, 0x22, 0x22, 0x22, 0x26, 0xcf, 0xfe, 0x94,
    0x22, 0x22, 0x22, 0x22, 0x34, 0x7b, 0xef, 0xeb,
    0x85, 0x20, 0x0, 0x0, 0x1, 0x48, 0xbe, 0xff,
    0xfc, 0x84, 0x59, 0xef, 0xff, 0xff, 0xff, 0xff,
    0xff, 0xff, 0xff, 0xff, 0xff, 0xff, 0xff, 0xd8,
    0x30, 0x25, 0x9c, 0xef, 0xfe, 0xb6, 0x20, 0x0,
    0x16, 0x9a, 0x74, 0x10, 0x0, 0x0, 0x0, 0x0,
    0x0, 0x0, 0x4, 0x9e, 0xfc, 0x71, 0x0, 0x0,
    0x0, 0x0, 0x0, 0x0, 0x0, 0x0, 0x13, 0x66,
    0x30, 0x0, 0x0, 0x0, 0x0, 0x0, 0x0, 0x0,
    0x0, 0x0, 0x0, 0x0, 0x0, 0x4, 0x9e, 0xfc,
    0x71, 0x0, 0x0, 0x0, 0x0, 0x0, 0x0, 0x0,
    0x0, 0x0, 0x0, 0x0, 0x0, 0x0, 0x0, 0x4,
    0xaf, 0xff, 0xff, 0xff, 0xff, 0xff, 0xff, 0xff,
    0xff, 0xff, 0xff, 0xff, 0xff, 0xff, 0xff, 0xff,
    0xff, 0xff, 0xff, 0xff, 0xa5, 0x0, 0x0, 0x0,

    /* U+592F "夯" */
    0x0, 0x0, 0x0, 0x0, 0x0, 0x0, 0x0, 0x0,
    0x0, 0x0, 0x0, 0x49, 0xdd, 0xa5, 0x10, 0x0,
    0x0, 0x0, 0x0, 0x0, 0x0, 0x0, 0x0, 0x0,
    0x0, 0x0, 0x0, 0x0, 0x0, 0x0, 0x0, 0x0,
    0x0, 0x0, 0x0, 0x0, 0x0, 0x4, 0x9e, 0xfd,
    0x82, 0x0, 0x0, 0x0, 0x0, 0x0, 0x0, 0x0,
    0x0, 0x0, 0x0, 0x0, 0x0, 0x0, 0x0, 0x13,
    0x55, 0x55, 0x55, 0x55, 0x55, 0x55, 0x55, 0x56,
    0xbf, 0xff, 0xfc, 0x75, 0x55, 0x55, 0x55, 0x55,
    0x55, 0x55, 0x55, 0x55, 0x55, 0x55, 0x55, 0x31,
    0x0, 0x0, 0x38, 0xde, 0xee, 0xee, 0xee, 0xee,
    0xee, 0xef, 0xff, 0xff, 0xff, 0xff, 0xee, 0xef,
    0xff, 0xff, 0xff, 0xfe, 0xee, 0xee, 0xee, 0xee,
    0xee, 0xee, 0x94, 0x0, 0x0, 0x0, 0x0, 0x0,
    0x0, 0x0, 0x0, 0x0, 0x38, 0xdf, 0xfb, 0x61,
    0x0, 0x0, 0x0, 0x3, 0x9d, 0xfd, 0x83, 0x0,
    0x0, 0x0, 0x0, 0x0, 0x0, 0x0, 0x0, 0x0,
    0x0, 0x0, 0x0, 0x0, 0x0, 0x2, 0x5b, 0xef,
    0xeb, 0x51, 0x0, 0x0, 0x0, 0x0, 0x0, 0x3,
    0x8d, 0xfe, 0xb6, 0x20, 0x0, 0x0, 0x0, 0x0,
    0x0, 0x0, 0x0, 0x0, 0x0, 0x0, 0x0, 0x25,
    0xad, 0xff, 0xc8, 0x30, 0x0, 0x37, 0xcd, 0xa5,
    0x10, 0x0, 0x0, 0x1, 0x5a, 0xdf, 0xec, 0x84,
    0x10, 0x0, 0x0, 0x0, 0x0, 0x0, 0x0, 0x0,
    0x25, 0x9c, 0xff, 0xec, 0x83, 0x10, 0x0, 0x0,
    0x6b, 0xff, 0xa4, 0x0, 0x0, 0x0, 0x0, 0x0,
    0x14, 0x9d, 0xff, 0xeb, 0x74, 0x20, 0x0, 0x0,
    0x2, 0x59, 0xce, 0xff, 0xed, 0xb9, 0x65, 0x44,
    0x44, 0x44, 0x47, 0xcf, 0xff, 0xc7, 0x44, 0x44,
    0x44, 0x44, 0x45, 0x67, 0x65, 0x57, 0xad, 0xff,
    0xfe, 0xb6, 0x20, 0x0, 0x37, 0xa9, 0x63, 0x12,
    0x7c, 0xff, 0xff, 0xff, 0xff, 0xff, 0xff, 0xff,
    0xff, 0xff, 0xff, 0xff, 0xff, 0xff, 0xff, 0xff,
    0x83, 0x0, 0x13, 0x65, 0x30, 0x0, 0x0, 0x0,
    0x0, 0x0, 0x0, 0x0, 0x0, 0x0, 0x0, 0x1,
    0x5b, 0xff, 0xb6, 0x10, 0x0, 0x0, 0x0, 0x0,
    0x2, 0x7d, 0xfe, 0x83, 0x0, 0x0, 0x0, 0x0,
    0x0, 0x0, 0x0, 0x0, 0x0, 0x0, 0x0, 0x0,
    0x0, 0x0, 0x27, 0xcf, 0xfa, 0x50, 0x0, 0x0,
    0x0, 0x0, 0x0, 0x3, 0x8d, 0xfd, 0x82, 0x0,
    0x0, 0x0, 0x0, 0x0, 0x0, 0x0, 0x0, 0x0,
    0x0, 0x0, 0x0, 0x0, 0x27, 0xcf, 0xfc, 0x72,
    0x0, 0x0, 0x0, 0x0, 0x0, 0x0, 0x4, 0xaf,
    0xfc, 0x61, 0x0, 0x0, 0x0, 0x0, 0x0, 0x0,
    0x0, 0x0, 0x0, 0x0, 0x0, 0x13, 0x6b, 0xef,
    0xec, 0x72, 0x0, 0x0, 0x0, 0x0, 0x0, 0x0,
    0x0, 0x27, 0xcf, 0xfa, 0x40, 0x0, 0x0, 0x0,
    0x0, 0x0, 0x0, 0x0, 0x0, 0x2, 0x46, 0x8b,
    0xef, 0xfe, 0xb7, 0x30, 0x0, 0x0, 0x0, 0x12,
    0x44, 0x33, 0x33, 0x35, 0x9d, 0xff, 0xc6, 0x10,
    0x0, 0x0, 0x0, 0x0, 0x0, 0x0, 0x0, 0x2,
    0x6b, 0xff, 0xdb, 0x85, 0x30, 0x0, 0x0, 0x0,
    0x0, 0x0, 0x5, 0xaf, 0xff, 0xff, 0xff, 0xfd,
    0xb7, 0x31, 0x0, 0x0, 0x0, 0x0, 0x0, 0x0,
    0x0, 0x0, 0x0, 0x0, 0x0, 0x0, 0x0, 0x0,
    0x0, 0x0, 0x0, 0x0, 0x0, 0x0, 0x0, 0x0,
    0x0, 0x0, 0x0, 0x0, 0x0, 0x0, 0x0, 0x0,
    0x0, 0x0, 0x0,

    /* U+59CB "始" */
    0x0, 0x0, 0x0, 0x0, 0x0, 0x0, 0x0, 0x0,
    0x0, 0x0, 0x0, 0x0, 0x0, 0x0, 0x0, 0x0,
    0x0, 0x0, 0x0, 0x0, 0x0, 0x0, 0x0, 0x0,
    0x0, 0x0, 0x0, 0x0, 0x0, 0x0, 0x0, 0x49,
    0xdc, 0x83, 0x0, 0x0, 0x0, 0x0, 0x0, 0x0,
    0x0, 0x0, 0x1, 0x5a, 0xed, 0xa5, 0x10, 0x0,
    0x0, 0x0, 0x0, 0x0, 0x0, 0x0, 0x0, 0x0,
    0x0, 0x2, 0x7c, 0xfc, 0x71, 0x0, 0x0, 0x0,
    0x0, 0x0, 0x0, 0x0, 0x0, 0x27, 0xcf, 0xfb,
    0x61, 0x0, 0x0, 0x0, 0x0, 0x0, 0x0, 0x0,
    0x0, 0x0, 0x0, 0x0, 0x4, 0x9f, 0xf9, 0x40,
    0x0, 0x0, 0x0, 0x0, 0x0, 0x0, 0x0, 0x4,
    0xae, 0xfd, 0x83, 0x0, 0x0, 0x2, 0x32, 0x10,
    0x0, 0x0, 0x0, 0x0, 0x1, 0x35, 0x55, 0x7c,
    0xff, 0xfb, 0x65, 0x55, 0x77, 0x63, 0x10, 0x0,
    0x0, 0x3, 0x8d, 0xfe, 0xa4, 0x0, 0x0, 0x2,
    0x6b, 0xfe, 0xb5, 0x10, 0x0, 0x0, 0x0, 0x5,
    0xaf, 0xff, 0xff, 0xff, 0xff, 0xff, 0xff, 0xff,
    0xfb, 0x60, 0x0, 0x2, 0x7c, 0xff, 0xb5, 0x10,
    0x0, 0x0, 0x0, 0x1, 0x6b, 0xef, 0xb6, 0x10,
    0x0, 0x0, 0x0, 0x0, 0x3, 0x8d, 0xfa, 0x50,
    0x0, 0x4, 0x9e, 0xfa, 0x50, 0x2, 0x7c, 0xff,
    0xb6, 0x21, 0x12, 0x22, 0x33, 0x34, 0x44, 0x57,
    0xcf, 0xff, 0xf7, 0x10, 0x0, 0x0, 0x0, 0x16,
    0xcf, 0xc7, 0x20, 0x0, 0x5, 0xaf, 0xf9, 0x44,
    0xdf, 0xff, 0xff, 0xff, 0xff, 0xff, 0xff, 0xff,
    0xff, 0xff, 0xee, 0xef, 0xff, 0xff, 0xa4, 0x0,
    0x0, 0x0, 0x5a, 0xfe, 0x93, 0x0, 0x0, 0x17,
    0xcf, 0xc7, 0x22, 0x8c, 0xc9, 0x65, 0x54, 0x43,
    0x32, 0x21, 0x10, 0x0, 0x0, 0x0, 0x0, 0x5,
    0xad, 0xc7, 0x30, 0x0, 0x4, 0xaf, 0xfa, 0x50,
    0x0, 0x0, 0x49, 0xee, 0x94, 0x0, 0x0, 0x0,
    0x0, 0x0, 0x0, 0x0, 0x0, 0x0, 0x0, 0x0,
    0x0, 0x0, 0x0, 0x0, 0x0, 0x0, 0x0, 0x3d,
    0xff, 0xff, 0x83, 0x10, 0x2, 0x7d, 0xfb, 0x51,
    0x0, 0x2, 0x7c, 0xff, 0xff, 0xff, 0xff, 0xff,
    0xff, 0xff, 0xff, 0xff, 0xff, 0xfe, 0x94, 0x0,
    0x0, 0x0, 0x0, 0x25, 0xad, 0xff, 0xeb, 0x9b,
    0xdf, 0xb5, 0x0, 0x0, 0x2, 0x7d, 0xfd, 0x95,
    0x44, 0x44, 0x44, 0x44, 0x44, 0x44, 0x44, 0x8c,
    0xff, 0xa4, 0x0, 0x0, 0x0, 0x0, 0x0, 0x0,
    0x26, 0xbf, 0xff, 0xff, 0x92, 0x0, 0x0, 0x2,
    0x7d, 0xfc, 0x71, 0x0, 0x0, 0x0, 0x0, 0x0,
    0x0, 0x0, 0x5a, 0xff, 0xa4, 0x0, 0x0, 0x0,
    0x0, 0x0, 0x0, 0x1, 0x6e, 0xff, 0xff, 0xfd,
    0x94, 0x10, 0x2, 0x7d, 0xfc, 0x71, 0x0, 0x0,
    0x0, 0x0, 0x0, 0x0, 0x0, 0x5a, 0xff, 0xa4,
    0x0, 0x0, 0x0, 0x0, 0x0, 0x2, 0x6c, 0xec,
    0x73, 0x25, 0xae, 0xff, 0xb5, 0x12, 0x7d, 0xfc,
    0x71, 0x0, 0x0, 0x0, 0x0, 0x0, 0x0, 0x0,
    0x5a, 0xff, 0xa4, 0x0, 0x0, 0x0, 0x0, 0x25,
    0xad, 0xd9, 0x41, 0x0, 0x0, 0x2, 0x67, 0x41,
    0x2, 0x7d, 0xff, 0xc7, 0x55, 0x55, 0x55, 0x55,
    0x55, 0x55, 0x55, 0xbf, 0xff, 0xa4, 0x0, 0x0,
    0x1, 0x5a, 0xcb, 0x73, 0x10, 0x0, 0x0, 0x0,
    0x0, 0x0, 0x0, 0x2, 0x7d, 0xff, 0xff, 0xdd,
    0xdd, 0xdd, 0xdd, 0xdd, 0xdd, 0xdd, 0xff, 0xff,
    0xa4, 0x0, 0x0, 0x0, 0x0, 0x0, 0x0, 0x0,
    0x0, 0x0, 0x0, 0x0, 0x0, 0x0, 0x0, 0x0,
    0x0, 0x0, 0x0, 0x0, 0x0, 0x0, 0x0, 0x0,
    0x0, 0x0, 0x0, 0x0, 0x0, 0x0,

    /* U+5B54 "孔" */
    0x0, 0x0, 0x0, 0x0, 0x0, 0x0, 0x0, 0x0,
    0x0, 0x0, 0x0, 0x0, 0x11, 0x0, 0x0, 0x2,
    0x7c, 0xfd, 0x83, 0x0, 0x0, 0x0, 0x0, 0x0,
    0x0, 0x0, 0x0, 0x0, 0x4a, 0xff, 0xff, 0xff,
    0xff, 0xff, 0xff, 0xff, 0xff, 0xff, 0xff, 0xff,
    0xfb, 0x62, 0x2, 0x7d, 0xfe, 0x83, 0x0, 0x0,
    0x0, 0x0, 0x0, 0x0, 0x0, 0x0, 0x0, 0x12,
    0x33, 0x33, 0x33, 0x33, 0x33, 0x33, 0x33, 0x35,
    0x8d, 0xff, 0xfe, 0x83, 0x0, 0x2, 0x7d, 0xfe,
    0x83, 0x0, 0x0, 0x0, 0x0, 0x0, 0x0, 0x0,
    0x0, 0x0, 0x0, 0x0, 0x0, 0x0, 0x0, 0x0,
    0x1, 0x37, 0xbe, 0xfe, 0xb7, 0x30, 0x0, 0x0,
    0x2, 0x7d, 0xfe, 0x83, 0x0, 0x0, 0x0, 0x0,
    0x0, 0x0, 0x0, 0x0, 0x0, 0x0, 0x0, 0x0,
    0x0, 0x0, 0x5, 0xcf, 0xff, 0xf9, 0x52, 0x0,
    0x0, 0x0, 0x0, 0x2, 0x7d, 0xfe, 0x83, 0x0,
    0x0, 0x0, 0x0, 0x0, 0x0, 0x0, 0x0, 0x0,
    0x0, 0x0, 0x0, 0x0, 0x0, 0x6, 0xbf, 0xfb,
    0x40, 0x0, 0x0, 0x0, 0x0, 0x0, 0x2, 0x7d,
    0xfe, 0x83, 0x0, 0x0, 0x0, 0x0, 0x0, 0x0,
    0x0, 0x0, 0x0, 0x0, 0x0, 0x0, 0x0, 0x0,
    0x6, 0xbf, 0xfa, 0x40, 0x0, 0x0, 0x1, 0x22,
    0x10, 0x2, 0x7d, 0xfe, 0x83, 0x0, 0x0, 0x0,
    0x0, 0x0, 0x0, 0x0, 0x0, 0x0, 0x0, 0x0,
    0x0, 0x0, 0x0, 0x6, 0xcf, 0xff, 0xb8, 0x9b,
    0xce, 0xff, 0xfd, 0x83, 0x2, 0x7d, 0xfe, 0x83,
    0x0, 0x0, 0x0, 0x0, 0x0, 0x0, 0x0, 0x0,
    0x0, 0x2, 0x34, 0x67, 0x8a, 0xbc, 0xff, 0xff,
    0xff, 0xfd, 0xba, 0x87, 0x54, 0x21, 0x0, 0x2,
    0x7d, 0xfe, 0x83, 0x0, 0x0, 0x0, 0x0, 0x0,
    0x0, 0x0, 0x0, 0x4, 0x9f, 0xff, 0xfe, 0xdc,
    0xa9, 0x8c, 0xff, 0xfa, 0x40, 0x0, 0x0, 0x0,
    0x0, 0x0, 0x2, 0x7d, 0xfe, 0x83, 0x0, 0x0,
    0x0, 0x0, 0x0, 0x0, 0x0, 0x0, 0x0, 0x23,
    0x32, 0x0, 0x0, 0x0, 0x6, 0xbf, 0xfa, 0x40,
    0x0, 0x0, 0x0, 0x0, 0x0, 0x2, 0x7d, 0xfe,
    0x83, 0x0, 0x0, 0x0, 0x0, 0x0, 0x0, 0x0,
    0x0, 0x0, 0x0, 0x0, 0x0, 0x0, 0x0, 0x6,
    0xbf, 0xfa, 0x40, 0x0, 0x0, 0x0, 0x0, 0x0,
    0x2, 0x7d, 0xfe, 0x83, 0x0, 0x0, 0x0, 0x0,
    0x1, 0x45, 0x42, 0x0, 0x0, 0x0, 0x0, 0x0,
    0x0, 0x0, 0x6, 0xbf, 0xfa, 0x40, 0x0, 0x0,
    0x0, 0x0, 0x0, 0x2, 0x7d, 0xfe, 0x83, 0x0,
    0x0, 0x0, 0x0, 0x2, 0x7d, 0xfb, 0x61, 0x0,
    0x0, 0x0, 0x0, 0x0, 0x0, 0x6, 0xbf, 0xfa,
    0x40, 0x0, 0x0, 0x0, 0x0, 0x0, 0x2, 0x7c,
    0xfe, 0x83, 0x0, 0x0, 0x0, 0x0, 0x3, 0x9e,
    0xfa, 0x50, 0x0, 0x0, 0x0, 0x24, 0x55, 0x55,
    0x59, 0xdf, 0xe9, 0x40, 0x0, 0x0, 0x0, 0x0,
    0x0, 0x1, 0x6b, 0xff, 0xb7, 0x43, 0x33, 0x33,
    0x33, 0x59, 0xdf, 0xd8, 0x20, 0x0, 0x0, 0x0,
    0x4a, 0xff, 0xff, 0xff, 0xec, 0x84, 0x0, 0x0,
    0x0, 0x0, 0x0, 0x0, 0x0, 0x15, 0x9d, 0xef,
    0xff, 0xff, 0xff, 0xff, 0xfe, 0xda, 0x51, 0x0,
    0x0, 0x0, 0x0, 0x0, 0x0, 0x0, 0x0, 0x0,
    0x0, 0x0, 0x0, 0x0, 0x0, 0x0, 0x0, 0x0,
    0x0, 0x0, 0x0, 0x0, 0x0, 0x0, 0x0, 0x0,
    0x0, 0x0, 0x0,

    /* U+5B57 "字" */
    0x0, 0x0, 0x0, 0x0, 0x0, 0x0, 0x0, 0x0,
    0x0, 0x0, 0x0, 0x1, 0x10, 0x0, 0x0, 0x0,
    0x0, 0x0, 0x0, 0x0, 0x0, 0x0, 0x0, 0x0,
    0x0, 0x0, 0x0, 0x0, 0x0, 0x0, 0x0, 0x0,
    0x0, 0x0, 0x0, 0x3, 0x8d, 0xfe, 0xa5, 0x10,
    0x0, 0x0, 0x0, 0x0, 0x0, 0x0, 0x0, 0x0,
    0x0, 0x0, 0x0, 0x1, 0x24, 0x44, 0x44, 0x44,
    0x44, 0x44, 0x44, 0x44, 0x44, 0x45, 0x9f, 0xff,
    0xfc, 0x74, 0x44, 0x44, 0x44, 0x44, 0x44, 0x44,
    0x44, 0x44, 0x32, 0x10, 0x1, 0x6b, 0xff, 0xff,
    0xff, 0xff, 0xff, 0xff, 0xff, 0xff, 0xff, 0xff,
    0xff, 0xff, 0xff, 0xff, 0xff, 0xff, 0xff, 0xff,
    0xff, 0xff, 0xff, 0xfe, 0x94, 0x0, 0x16, 0xbf,
    0xe9, 0x40, 0x0, 0x0, 0x0, 0x0, 0x0, 0x0,
    0x0, 0x0, 0x0, 0x0, 0x0, 0x0, 0x0, 0x0,
    0x0, 0x0, 0x0, 0x27, 0xcf, 0xe9, 0x40, 0x1,
    0x6b, 0xfe, 0x94, 0x0, 0x0, 0x0, 0x0, 0x0,
    0x0, 0x0, 0x0, 0x0, 0x0, 0x0, 0x0, 0x0,
    0x0, 0x0, 0x0, 0x0, 0x2, 0x7c, 0xfe, 0x94,
    0x0, 0x3, 0x57, 0x74, 0x10, 0x5, 0xaf, 0xff,
    0xff, 0xff, 0xff, 0xff, 0xff, 0xff, 0xff, 0xff,
    0xff, 0xff, 0xff, 0xfd, 0x94, 0x10, 0x13, 0x67,
    0x74, 0x10, 0x0, 0x0, 0x0, 0x0, 0x0, 0x13,
    0x55, 0x55, 0x55, 0x55, 0x55, 0x55, 0x55, 0x55,
    0x55, 0x69, 0xef, 0xff, 0xfc, 0x62, 0x0, 0x0,
    0x0, 0x0, 0x0, 0x0, 0x0, 0x0, 0x0, 0x0,
    0x0, 0x0, 0x0, 0x0, 0x0, 0x0, 0x0, 0x0,
    0x1, 0x48, 0xbe, 0xfe, 0xb8, 0x41, 0x0, 0x0,
    0x0, 0x0, 0x0, 0x0, 0x0, 0x0, 0x0, 0x0,
    0x0, 0x0, 0x0, 0x0, 0x0, 0x0, 0x0, 0x0,
    0x16, 0xdf, 0xff, 0xea, 0x63, 0x10, 0x0, 0x0,
    0x0, 0x0, 0x0, 0x0, 0x0, 0x0, 0x0, 0x13,
    0x45, 0x55, 0x55, 0x55, 0x55, 0x55, 0x55, 0x55,
    0x55, 0x58, 0xdf, 0xff, 0xf9, 0x55, 0x55, 0x55,
    0x55, 0x55, 0x55, 0x55, 0x55, 0x55, 0x53, 0x10,
    0x3, 0x8d, 0xff, 0xff, 0xff, 0xff, 0xff, 0xff,
    0xff, 0xff, 0xff, 0xff, 0xff, 0xff, 0xff, 0xff,
    0xff, 0xff, 0xff, 0xff, 0xff, 0xff, 0xff, 0xfe,
    0x94, 0x0, 0x0, 0x0, 0x0, 0x0, 0x0, 0x0,
    0x0, 0x0, 0x0, 0x0, 0x2, 0x8d, 0xfe, 0x94,
    0x0, 0x0, 0x0, 0x0, 0x0, 0x0, 0x0, 0x0,
    0x0, 0x0, 0x0, 0x0, 0x0, 0x0, 0x0, 0x0,
    0x0, 0x0, 0x0, 0x0, 0x0, 0x0, 0x28, 0xdf,
    0xe9, 0x40, 0x0, 0x0, 0x0, 0x0, 0x0, 0x0,
    0x0, 0x0, 0x0, 0x0, 0x0, 0x0, 0x0, 0x0,
    0x0, 0x0, 0x0, 0x0, 0x0, 0x0, 0x0, 0x2,
    0x8d, 0xfe, 0x94, 0x0, 0x0, 0x0, 0x0, 0x0,
    0x0, 0x0, 0x0, 0x0, 0x0, 0x0, 0x0, 0x0,
    0x0, 0x0, 0x0, 0x0, 0x1, 0x24, 0x44, 0x44,
    0x44, 0x6a, 0xef, 0xe9, 0x30, 0x0, 0x0, 0x0,
    0x0, 0x0, 0x0, 0x0, 0x0, 0x0, 0x0, 0x0,
    0x0, 0x0, 0x0, 0x0, 0x0, 0x0, 0x4, 0x9e,
    0xff, 0xff, 0xff, 0xed, 0xb7, 0x30, 0x0, 0x0,
    0x0, 0x0, 0x0, 0x0, 0x0, 0x0, 0x0, 0x0,
    0x0, 0x0, 0x0, 0x0, 0x0, 0x0, 0x0, 0x0,
    0x0, 0x0, 0x0, 0x0, 0x0, 0x0, 0x0, 0x0,
    0x0, 0x0, 0x0, 0x0, 0x0, 0x0, 0x0, 0x0,
    0x0, 0x0, 0x0,

    /* U+5DE5 "工" */
    0x0, 0x0, 0x12, 0x44, 0x44, 0x44, 0x44, 0x44,
    0x44, 0x44, 0x44, 0x44, 0x44, 0x44, 0x44, 0x44,
    0x44, 0x44, 0x44, 0x44, 0x44, 0x44, 0x44, 0x43,
    0x10, 0x0, 0x0, 0x0, 0x0, 0x49, 0xef, 0xff,
    0xff, 0xff, 0xff, 0xff, 0xff, 0xff, 0xff, 0xff,
    0xff, 0xff, 0xff, 0xff, 0xff, 0xff, 0xff, 0xff,
    0xff, 0xff, 0xfc, 0x61, 0x0, 0x0, 0x0, 0x0,
    0x0, 0x11, 0x11, 0x11, 0x11, 0x11, 0x11, 0x11,
    0x11, 0x15, 0xaf, 0xff, 0xa5, 0x11, 0x11, 0x11,
    0x11, 0x11, 0x11, 0x11, 0x11, 0x10, 0x0, 0x0,
    0x0, 0x0, 0x0, 0x0, 0x0, 0x0, 0x0, 0x0,
    0x0, 0x0, 0x0, 0x0, 0x4, 0x9e, 0xfe, 0x94,
    0x0, 0x0, 0x0, 0x0, 0x0, 0x0, 0x0, 0x0,
    0x0, 0x0, 0x0, 0x0, 0x0, 0x0, 0x0, 0x0,
    0x0, 0x0, 0x0, 0x0, 0x0, 0x0, 0x0, 0x4,
    0x9e, 0xfe, 0x94, 0x0, 0x0, 0x0, 0x0, 0x0,
    0x0, 0x0, 0x0, 0x0, 0x0, 0x0, 0x0, 0x0,
    0x0, 0x0, 0x0, 0x0, 0x0, 0x0, 0x0, 0x0,
    0x0, 0x0, 0x4, 0x9e, 0xfe, 0x94, 0x0, 0x0,
    0x0, 0x0, 0x0, 0x0, 0x0, 0x0, 0x0, 0x0,
    0x0, 0x0, 0x0, 0x0, 0x0, 0x0, 0x0, 0x0,
    0x0, 0x0, 0x0, 0x0, 0x0, 0x4, 0x9e, 0xfe,
    0x94, 0x0, 0x0, 0x0, 0x0, 0x0, 0x0, 0x0,
    0x0, 0x0, 0x0, 0x0, 0x0, 0x0, 0x0, 0x0,
    0x0, 0x0, 0x0, 0x0, 0x0, 0x0, 0x0, 0x0,
    0x4, 0x9e, 0xfe, 0x94, 0x0, 0x0, 0x0, 0x0,
    0x0, 0x0, 0x0, 0x0, 0x0, 0x0, 0x0, 0x0,
    0x0, 0x0, 0x0, 0x0, 0x0, 0x0, 0x0, 0x0,
    0x0, 0x0, 0x0, 0x4, 0x9e, 0xfe, 0x94, 0x0,
    0x0, 0x0, 0x0, 0x0, 0x0, 0x0, 0x0, 0x0,
    0x0, 0x0, 0x0, 0x0, 0x0, 0x0, 0x0, 0x0,
    0x0, 0x0, 0x0, 0x0, 0x0, 0x0, 0x4, 0x9e,
    0xfe, 0x94, 0x0, 0x0, 0x0, 0x0, 0x0, 0x0,
    0x0, 0x0, 0x0, 0x0, 0x0, 0x0, 0x0, 0x0,
    0x0, 0x0, 0x0, 0x0, 0x0, 0x0, 0x0, 0x0,
    0x0, 0x4, 0x9e, 0xfe, 0x94, 0x0, 0x0, 0x0,
    0x0, 0x0, 0x0, 0x0, 0x0, 0x0, 0x0, 0x0,
    0x0, 0x0, 0x0, 0x0, 0x0, 0x0, 0x0, 0x0,
    0x0, 0x0, 0x0, 0x0, 0x4, 0x9e, 0xfe, 0x94,
    0x0, 0x0, 0x0, 0x0, 0x0, 0x0, 0x0, 0x0,
    0x0, 0x0, 0x0, 0x0, 0x1, 0x47, 0x88, 0x88,
    0x88, 0x88, 0x88, 0x88, 0x88, 0x88, 0x88, 0x8c,
    0xff, 0xff, 0xfc, 0x88, 0x88, 0x88, 0x88, 0x88,
    0x88, 0x88, 0x88, 0x88, 0x88, 0x52, 0x0, 0x2,
    0x6b, 0xdd, 0xdd, 0xdd, 0xdd, 0xdd, 0xdd, 0xdd,
    0xdd, 0xdd, 0xdd, 0xdd, 0xed, 0xdd, 0xdd, 0xdd,
    0xdd, 0xdd, 0xdd, 0xdd, 0xdd, 0xdd, 0xdd, 0xdd,
    0x84, 0x0,

    /* U+5E8F "序" */
    0x0, 0x0, 0x0, 0x0, 0x0, 0x0, 0x0, 0x0,
    0x0, 0x0, 0x0, 0x0, 0x0, 0x0, 0x11, 0x0,
    0x0, 0x0, 0x0, 0x0, 0x0, 0x0, 0x0, 0x0,
    0x0, 0x0, 0x0, 0x0, 0x0, 0x0, 0x0, 0x0,
    0x0, 0x0, 0x0, 0x0, 0x0, 0x0, 0x0, 0x2,
    0x7c, 0xfe, 0xa5, 0x10, 0x0, 0x0, 0x0, 0x0,
    0x0, 0x0, 0x0, 0x0, 0x0, 0x0, 0x0, 0x0,
    0x0, 0x1, 0x22, 0x22, 0x11, 0x11, 0x11, 0x11,
    0x11, 0x11, 0x11, 0x27, 0xcf, 0xff, 0x94, 0x11,
    0x11, 0x11, 0x11, 0x11, 0x11, 0x11, 0x11, 0x11,
    0x0, 0x0, 0x0, 0x0, 0x6b, 0xff, 0xff, 0xff,
    0xff, 0xff, 0xff, 0xff, 0xff, 0xff, 0xff, 0xff,
    0xff, 0xff, 0xff, 0xff, 0xff, 0xff, 0xff, 0xff,
    0xff, 0xff, 0xfa, 0x40, 0x0, 0x0, 0x0, 0x6b,
    0xff, 0xb6, 0x22, 0x22, 0x22, 0x22, 0x22, 0x22,
    0x22, 0x22, 0x22, 0x22, 0x22, 0x22, 0x22, 0x22,
    0x22, 0x22, 0x22, 0x22, 0x22, 0x21, 0x0, 0x0,
    0x0, 0x0, 0x6b, 0xfe, 0x94, 0x0, 0x3, 0x8c,
    0xcc, 0xcc, 0xcc, 0xcc, 0xcc, 0xcc, 0xcc, 0xcc,
    0xcc, 0xcc, 0xcc, 0xdf, 0xff, 0xd9, 0x51, 0x0,
    0x0, 0x0, 0x0, 0x0, 0x0, 0x6b, 0xfe, 0x94,
    0x0, 0x1, 0x35, 0x55, 0x55, 0x55, 0x55, 0x55,
    0x55, 0x55, 0x55, 0x55, 0x57, 0xaf, 0xff, 0xff,
    0xb5, 0x20, 0x0, 0x0, 0x0, 0x0, 0x0, 0x0,
    0x6b, 0xfe, 0x94, 0x0, 0x0, 0x0, 0x0, 0x26,
    0x9b, 0xa7, 0x52, 0x10, 0x0, 0x2, 0x59, 0xcf,
    0xfd, 0xa7, 0x31, 0x0, 0x0, 0x0, 0x0, 0x0,
    0x0, 0x0, 0x0, 0x6b, 0xfe, 0x94, 0x0, 0x0,
    0x0, 0x0, 0x2, 0x46, 0x9b, 0xdf, 0xfe, 0xff,
    0xff, 0xfc, 0x85, 0x20, 0x0, 0x0, 0x0, 0x0,
    0x0, 0x0, 0x0, 0x0, 0x0, 0x0, 0x6b, 0xfe,
    0x94, 0x1, 0x22, 0x22, 0x22, 0x22, 0x22, 0x22,
    0x34, 0x69, 0xbf, 0xff, 0xff, 0xd9, 0x53, 0x22,
    0x22, 0x22, 0x23, 0x33, 0x10, 0x0, 0x0, 0x0,
    0x1, 0x7c, 0xfd, 0x83, 0x5b, 0xff, 0xff, 0xff,
    0xff, 0xff, 0xff, 0xff, 0xff, 0xff, 0xff, 0xff,
    0xff, 0xff, 0xff, 0xff, 0xff, 0xff, 0xff, 0xb4,
    0x10, 0x0, 0x0, 0x2, 0x8d, 0xfc, 0x72, 0x0,
    0x0, 0x0, 0x0, 0x0, 0x0, 0x0, 0x0, 0x16,
    0xcf, 0xf9, 0x40, 0x0, 0x0, 0x0, 0x3, 0x7c,
    0xfd, 0x93, 0x0, 0x0, 0x0, 0x0, 0x4, 0xaf,
    0xfb, 0x50, 0x0, 0x0, 0x0, 0x0, 0x0, 0x0,
    0x0, 0x0, 0x16, 0xcf, 0xf9, 0x40, 0x0, 0x0,
    0x26, 0xbe, 0xeb, 0x62, 0x0, 0x0, 0x0, 0x0,
    0x0, 0x38, 0xdf, 0xd7, 0x20, 0x0, 0x0, 0x0,
    0x0, 0x0, 0x0, 0x0, 0x0, 0x16, 0xcf, 0xf9,
    0x40, 0x0, 0x1, 0x35, 0x76, 0x30, 0x0, 0x0,
    0x0, 0x0, 0x0, 0x2, 0x7c, 0xfe, 0x93, 0x0,
    0x0, 0x0, 0x0, 0x0, 0x0, 0x0, 0x0, 0x0,
    0x16, 0xcf, 0xf9, 0x40, 0x0, 0x0, 0x0, 0x0,
    0x0, 0x0, 0x0, 0x0, 0x0, 0x0, 0x39, 0xef,
    0xd8, 0x30, 0x0, 0x0, 0x0, 0x0, 0x1, 0x23,
    0x33, 0x33, 0x33, 0x49, 0xdf, 0xf9, 0x40, 0x0,
    0x0, 0x0, 0x0, 0x0, 0x0, 0x0, 0x0, 0x0,
    0x1, 0x48, 0xcb, 0x61, 0x0, 0x0, 0x0, 0x0,
    0x0, 0x1, 0x6c, 0xff, 0xff, 0xff, 0xfe, 0xdc,
    0x84, 0x10, 0x0, 0x0, 0x0, 0x0, 0x0, 0x0,
    0x0, 0x0, 0x0, 0x0, 0x0, 0x0, 0x0, 0x0,
    0x0, 0x0, 0x0, 0x0, 0x0, 0x0, 0x0, 0x0,
    0x0, 0x0, 0x0, 0x0, 0x0, 0x0, 0x0, 0x0,
    0x0, 0x0, 0x0, 0x0, 0x0, 0x0,

    /* U+5EA6 "度" */
    0x0, 0x0, 0x0, 0x0, 0x0, 0x0, 0x0, 0x0,
    0x0, 0x0, 0x0, 0x0, 0x0, 0x0, 0x11, 0x0,
    0x0, 0x0, 0x0, 0x0, 0x0, 0x0, 0x0, 0x0,
    0x0, 0x0, 0x0, 0x0, 0x0, 0x0, 0x0, 0x0,
    0x0, 0x0, 0x0, 0x0, 0x0, 0x0, 0x0, 0x2,
    0x7d, 0xff, 0xa5, 0x10, 0x0, 0x0, 0x0, 0x0,
    0x0, 0x0, 0x0, 0x0, 0x0, 0x0, 0x0, 0x0,
    0x0, 0x13, 0x68, 0x86, 0x55, 0x55, 0x55, 0x55,
    0x55, 0x55, 0x55, 0x6b, 0xff, 0xff, 0xc7, 0x55,
    0x55, 0x55, 0x55, 0x55, 0x55, 0x55, 0x55, 0x42,
    0x0, 0x0, 0x0, 0x0, 0x5a, 0xff, 0xff, 0xff,
    0xff, 0xff, 0xff, 0xff, 0xff, 0xff, 0xff, 0xff,
    0xff, 0xff, 0xff, 0xff, 0xff, 0xff, 0xff, 0xff,
    0xff, 0xff, 0xc7, 0x20, 0x0, 0x0, 0x0, 0x5a,
    0xff, 0xa5, 0x0, 0x0, 0x0, 0x0, 0x25, 0x89,
    0x63, 0x0, 0x0, 0x0, 0x0, 0x0, 0x2, 0x58,
    0x96, 0x30, 0x0, 0x0, 0x0, 0x0, 0x0, 0x0,
    0x0, 0x0, 0x5a, 0xff, 0xa5, 0x0, 0x0, 0x0,
    0x0, 0x4a, 0xff, 0xb6, 0x10, 0x0, 0x0, 0x0,
    0x0, 0x4, 0xaf, 0xfc, 0x61, 0x0, 0x0, 0x0,
    0x0, 0x0, 0x0, 0x0, 0x0, 0x5a, 0xff, 0xa8,
    0x8d, 0xff, 0xff, 0xff, 0xff, 0xff, 0xff, 0xff,
    0xff, 0xff, 0xff, 0xff, 0xff, 0xff, 0xff, 0xff,
    0xff, 0xff, 0xff, 0xa4, 0x0, 0x0, 0x0, 0x0,
    0x5a, 0xff, 0xa5, 0x1, 0x11, 0x11, 0x11, 0x5b,
    0xff, 0xc7, 0x21, 0x11, 0x11, 0x11, 0x11, 0x15,
    0xbf, 0xfd, 0x72, 0x11, 0x11, 0x11, 0x0, 0x0,
    0x0, 0x0, 0x0, 0x5a, 0xff, 0xa5, 0x0, 0x0,
    0x0, 0x0, 0x49, 0xff, 0xb6, 0x11, 0x11, 0x11,
    0x11, 0x11, 0x15, 0xaf, 0xfb, 0x61, 0x0, 0x0,
    0x0, 0x0, 0x0, 0x0, 0x0, 0x0, 0x5a, 0xff,
    0xa5, 0x0, 0x0, 0x0, 0x0, 0x49, 0xef, 0xff,
    0xff, 0xff, 0xff, 0xff, 0xff, 0xff, 0xff, 0xfb,
    0x50, 0x0, 0x0, 0x0, 0x0, 0x0, 0x0, 0x0,
    0x0, 0x6b, 0xfe, 0x94, 0x0, 0x0, 0x0, 0x0,
    0x0, 0x0, 0x0, 0x0, 0x0, 0x0, 0x0, 0x0,
    0x0, 0x0, 0x0, 0x0, 0x0, 0x0, 0x0, 0x0,
    0x0, 0x0, 0x0, 0x1, 0x7c, 0xfd, 0x83, 0x5a,
    0xff, 0xff, 0xff, 0xff, 0xff, 0xff, 0xff, 0xff,
    0xff, 0xff, 0xff, 0xff, 0xff, 0xff, 0xff, 0xfc,
    0x62, 0x0, 0x0, 0x0, 0x0, 0x0, 0x3, 0x9e,
    0xfc, 0x61, 0x1, 0x22, 0x23, 0x6a, 0xff, 0xea,
    0x53, 0x22, 0x22, 0x22, 0x22, 0x22, 0x22, 0x47,
    0xbf, 0xff, 0xb4, 0x10, 0x0, 0x0, 0x0, 0x0,
    0x0, 0x27, 0xcf, 0xe8, 0x30, 0x0, 0x0, 0x0,
    0x1, 0x48, 0xdf, 0xfc, 0x95, 0x20, 0x0, 0x0,
    0x14, 0x7b, 0xef, 0xeb, 0x62, 0x0, 0x0, 0x0,
    0x0, 0x0, 0x0, 0x0, 0x5b, 0xff, 0xb5, 0x0,
    0x0, 0x0, 0x0, 0x0, 0x0, 0x2, 0x6a, 0xef,
    0xff, 0xff, 0xff, 0xff, 0xda, 0x73, 0x10, 0x0,
    0x0, 0x0, 0x0, 0x0, 0x0, 0x0, 0x16, 0xcf,
    0xfb, 0x51, 0x0, 0x12, 0x23, 0x45, 0x56, 0x78,
    0xab, 0xde, 0xff, 0xff, 0xff, 0xff, 0xff, 0xfd,
    0xca, 0x98, 0x65, 0x43, 0x22, 0x10, 0x0, 0x0,
    0x1, 0x5a, 0xee, 0x94, 0x0, 0x28, 0xdf, 0xff,
    0xed, 0xcb, 0xa9, 0x87, 0x65, 0x32, 0x0, 0x0,
    0x0, 0x13, 0x56, 0x89, 0xac, 0xde, 0xff, 0xff,
    0xff, 0xb6, 0x20, 0x0, 0x0, 0x0, 0x0, 0x0,
    0x0, 0x1, 0x0, 0x0, 0x0, 0x0, 0x0, 0x0,
    0x0, 0x0, 0x0, 0x0, 0x0, 0x0, 0x0, 0x0,
    0x0, 0x0, 0x12, 0x22, 0x10, 0x0,

    /* U+5F00 "开" */
    0x0, 0x3, 0x6a, 0xbb, 0xbb, 0xbb, 0xbb, 0xcc,
    0xcc, 0xcc, 0xbb, 0xbb, 0xbb, 0xbb, 0xbb, 0xbb,
    0xbb, 0xcc, 0xcc, 0xcb, 0xbb, 0xbb, 0xbb, 0xbb,
    0x84, 0x0, 0x0, 0x0, 0x2, 0x58, 0x99, 0x99,
    0x99, 0x99, 0xdf, 0xff, 0xff, 0xa9, 0x99, 0x99,
    0x99, 0x99, 0x99, 0x9b, 0xff, 0xff, 0xfd, 0x99,
    0x99, 0x99, 0x99, 0x63, 0x0, 0x0, 0x0, 0x0,
    0x0, 0x0, 0x0, 0x0, 0x0, 0x49, 0xef, 0xc7,
    0x10, 0x0, 0x0, 0x0, 0x0, 0x0, 0x2, 0x7c,
    0xfe, 0x94, 0x0, 0x0, 0x0, 0x0, 0x0, 0x0,
    0x0, 0x0, 0x0, 0x0, 0x0, 0x0, 0x0, 0x0,
    0x49, 0xef, 0xc7, 0x10, 0x0, 0x0, 0x0, 0x0,
    0x0, 0x2, 0x7c, 0xfe, 0x94, 0x0, 0x0, 0x0,
    0x0, 0x0, 0x0, 0x0, 0x0, 0x0, 0x0, 0x0,
    0x0, 0x0, 0x0, 0x49, 0xef, 0xc7, 0x10, 0x0,
    0x0, 0x0, 0x0, 0x0, 0x2, 0x7c, 0xfe, 0x94,
    0x0, 0x0, 0x0, 0x0, 0x0, 0x0, 0x0, 0x0,
    0x0, 0x0, 0x0, 0x0, 0x0, 0x0, 0x49, 0xef,
    0xc6, 0x10, 0x0, 0x0, 0x0, 0x0, 0x0, 0x2,
    0x7c, 0xfe, 0x94, 0x0, 0x0, 0x0, 0x0, 0x0,
    0x0, 0x0, 0x1, 0x35, 0x55, 0x55, 0x55, 0x55,
    0x55, 0xaf, 0xff, 0xfb, 0x65, 0x55, 0x55, 0x55,
    0x55, 0x55, 0x57, 0xcf, 0xff, 0xf9, 0x55, 0x55,
    0x55, 0x55, 0x55, 0x31, 0x0, 0x4, 0x9e, 0xff,
    0xff, 0xff, 0xff, 0xff, 0xff, 0xff, 0xff, 0xff,
    0xff, 0xff, 0xff, 0xff, 0xff, 0xff, 0xff, 0xff,
    0xff, 0xff, 0xff, 0xff, 0xff, 0xfe, 0x94, 0x0,
    0x0, 0x0, 0x0, 0x0, 0x0, 0x0, 0x2, 0x7d,
    0xfe, 0x93, 0x0, 0x0, 0x0, 0x0, 0x0, 0x0,
    0x2, 0x7c, 0xfe, 0x94, 0x0, 0x0, 0x0, 0x0,
    0x0, 0x0, 0x0, 0x0, 0x0, 0x0, 0x0, 0x0,
    0x0, 0x16, 0xbf, 0xfb, 0x60, 0x0, 0x0, 0x0,
    0x0, 0x0, 0x0, 0x2, 0x7c, 0xfe, 0x94, 0x0,
    0x0, 0x0, 0x0, 0x0, 0x0, 0x0, 0x0, 0x0,
    0x0, 0x0, 0x0, 0x2, 0x7c, 0xff, 0xb6, 0x10,
    0x0, 0x0, 0x0, 0x0, 0x0, 0x0, 0x2, 0x7c,
    0xfe, 0x94, 0x0, 0x0, 0x0, 0x0, 0x0, 0x0,
    0x0, 0x0, 0x0, 0x0, 0x0, 0x1, 0x5a, 0xef,
    0xea, 0x40, 0x0, 0x0, 0x0, 0x0, 0x0, 0x0,
    0x0, 0x2, 0x7c, 0xfe, 0x94, 0x0, 0x0, 0x0,
    0x0, 0x0, 0x0, 0x0, 0x0, 0x0, 0x0, 0x3,
    0x7c, 0xff, 0xea, 0x51, 0x0, 0x0, 0x0, 0x0,
    0x0, 0x0, 0x0, 0x0, 0x2, 0x7c, 0xfe, 0x94,
    0x0, 0x0, 0x0, 0x0, 0x0, 0x0, 0x0, 0x0,
    0x2, 0x59, 0xdf, 0xff, 0xc8, 0x30, 0x0, 0x0,
    0x0, 0x0, 0x0, 0x0, 0x0, 0x0, 0x0, 0x2,
    0x7c, 0xfe, 0x94, 0x0, 0x0, 0x0, 0x0, 0x0,
    0x0, 0x0, 0x0, 0x26, 0xad, 0xc9, 0x62, 0x0,
    0x0, 0x0, 0x0, 0x0, 0x0, 0x0, 0x0, 0x0,
    0x0, 0x0, 0x2, 0x7c, 0xfe, 0x94, 0x0, 0x0,
    0x0, 0x0, 0x0, 0x0, 0x0, 0x0, 0x0, 0x0,
    0x0, 0x0, 0x0, 0x0, 0x0, 0x0, 0x0, 0x0,
    0x0, 0x0, 0x0, 0x0, 0x0, 0x0, 0x0, 0x0,
    0x0, 0x0, 0x0, 0x0, 0x0, 0x0, 0x0, 0x0,

    /* U+5F55 "录" */
    0x0, 0x0, 0x0, 0x1, 0x11, 0x11, 0x11, 0x11,
    0x11, 0x11, 0x11, 0x11, 0x11, 0x11, 0x11, 0x11,
    0x11, 0x11, 0x11, 0x22, 0x32, 0x11, 0x0, 0x0,
    0x0, 0x0, 0x0, 0x0, 0x0, 0x2, 0x7d, 0xff,
    0xff, 0xff, 0xff, 0xff, 0xff, 0xff, 0xff, 0xff,
    0xff, 0xff, 0xff, 0xff, 0xff, 0xff, 0xff, 0xff,
    0xd8, 0x20, 0x0, 0x0, 0x0, 0x0, 0x0, 0x0,
    0x0, 0x1, 0x22, 0x22, 0x22, 0x22, 0x22, 0x22,
    0x22, 0x22, 0x22, 0x22, 0x22, 0x22, 0x22, 0x22,
    0x22, 0x7c, 0xff, 0xd8, 0x20, 0x0, 0x0, 0x0,
    0x0, 0x0, 0x0, 0x0, 0x0, 0x23, 0x33, 0x33,
    0x33, 0x33, 0x33, 0x33, 0x33, 0x33, 0x33, 0x33,
    0x33, 0x33, 0x33, 0x33, 0x8d, 0xff, 0xc7, 0x20,
    0x0, 0x0, 0x0, 0x0, 0x0, 0x0, 0x0, 0x4,
    0x9f, 0xff, 0xff, 0xff, 0xff, 0xff, 0xff, 0xff,
    0xff, 0xff, 0xff, 0xff, 0xff, 0xff, 0xff, 0xff,
    0xff, 0xc6, 0x10, 0x0, 0x0, 0x0, 0x0, 0x0,
    0x0, 0x0, 0x0, 0x0, 0x0, 0x0, 0x0, 0x0,
    0x0, 0x0, 0x0, 0x0, 0x0, 0x0, 0x0, 0x0,
    0x0, 0x1, 0x6b, 0xff, 0xb6, 0x0, 0x0, 0x0,
    0x0, 0x0, 0x0, 0x13, 0x55, 0x55, 0x55, 0x55,
    0x55, 0x55, 0x55, 0x55, 0x55, 0x55, 0x55, 0x55,
    0x55, 0x55, 0x55, 0x55, 0x57, 0xcf, 0xff, 0xe9,
    0x55, 0x55, 0x53, 0x10, 0x0, 0x0, 0x49, 0xee,
    0xee, 0xee, 0xee, 0xee, 0xee, 0xee, 0xee, 0xee,
    0xef, 0xff, 0xff, 0xff, 0xee, 0xee, 0xee, 0xef,
    0xff, 0xff, 0xff, 0xee, 0xee, 0xea, 0x50, 0x0,
    0x0, 0x0, 0x0, 0x2, 0x46, 0x52, 0x0, 0x0,
    0x0, 0x0, 0x0, 0x4, 0xcf, 0xff, 0xf5, 0x0,
    0x0, 0x0, 0x0, 0x0, 0x14, 0x78, 0x62, 0x0,
    0x0, 0x0, 0x0, 0x0, 0x0, 0x0, 0x25, 0x9c,
    0xef, 0xec, 0x95, 0x20, 0x0, 0x0, 0x4, 0x9f,
    0xff, 0xfe, 0x72, 0x0, 0x0, 0x13, 0x6b, 0xef,
    0xfd, 0x95, 0x20, 0x0, 0x0, 0x0, 0x0, 0x0,
    0x0, 0x0, 0x0, 0x13, 0x6a, 0xdf, 0xfc, 0x72,
    0x0, 0x4, 0xaf, 0xff, 0xff, 0xfd, 0xa7, 0x8b,
    0xef, 0xec, 0x95, 0x20, 0x0, 0x0, 0x0, 0x0,
    0x0, 0x0, 0x0, 0x0, 0x0, 0x0, 0x0, 0x0,
    0x2, 0x44, 0x46, 0x8a, 0xcf, 0xff, 0xfd, 0x74,
    0x6d, 0xff, 0xff, 0xa4, 0x10, 0x0, 0x0, 0x0,
    0x0, 0x0, 0x0, 0x0, 0x0, 0x0, 0x0, 0x0,
    0x2, 0x35, 0x8a, 0xbd, 0xff, 0xfd, 0xb9, 0x79,
    0xcf, 0xfc, 0x72, 0x0, 0x38, 0xce, 0xfe, 0xb8,
    0x41, 0x0, 0x0, 0x0, 0x0, 0x0, 0x0, 0x0,
    0x14, 0x7a, 0xcd, 0xff, 0xfe, 0xdb, 0x86, 0x42,
    0x0, 0x0, 0x4, 0x9e, 0xfc, 0x72, 0x0, 0x0,
    0x1, 0x48, 0xbe, 0xff, 0xec, 0x97, 0x53, 0x10,
    0x0, 0x0, 0x0, 0x2, 0x69, 0x97, 0x53, 0x10,
    0x0, 0x0, 0x12, 0x22, 0x22, 0x26, 0xaf, 0xfc,
    0x71, 0x0, 0x0, 0x0, 0x0, 0x1, 0x35, 0x7a,
    0xce, 0xff, 0xd9, 0x40, 0x0, 0x0, 0x0, 0x0,
    0x0, 0x0, 0x0, 0x0, 0x1, 0x6b, 0xff, 0xff,
    0xff, 0xed, 0xb7, 0x30, 0x0, 0x0, 0x0, 0x0,
    0x0, 0x0, 0x0, 0x0, 0x11, 0x10, 0x0, 0x0,
    0x0, 0x0, 0x0, 0x0, 0x0, 0x0, 0x0, 0x0,
    0x0, 0x0, 0x0, 0x0, 0x0, 0x0, 0x0, 0x0,
    0x0, 0x0, 0x0, 0x0, 0x0, 0x0, 0x0, 0x0,
    0x0, 0x0, 0x0,

    /* U+6001 "态" */
    0x0, 0x0, 0x0, 0x0, 0x0, 0x0, 0x0, 0x0,
    0x0, 0x0, 0x0, 0x0, 0x5a, 0xff, 0xb6, 0x0,
    0x0, 0x0, 0x0, 0x0, 0x0, 0x0, 0x0, 0x0,
    0x0, 0x0, 0x0, 0x0, 0x0, 0x0, 0x0, 0x0,
    0x0, 0x0, 0x0, 0x0, 0x0, 0x0, 0x2, 0x8d,
    0xfe, 0x83, 0x0, 0x0, 0x0, 0x0, 0x0, 0x0,
    0x0, 0x0, 0x0, 0x0, 0x0, 0x0, 0x0, 0x13,
    0x55, 0x55, 0x55, 0x55, 0x55, 0x55, 0x55, 0x55,
    0x55, 0x6b, 0xff, 0xff, 0xd8, 0x76, 0x55, 0x55,
    0x55, 0x55, 0x55, 0x55, 0x55, 0x55, 0x55, 0x42,
    0x0, 0x0, 0x49, 0xee, 0xee, 0xee, 0xee, 0xee,
    0xee, 0xee, 0xee, 0xee, 0xff, 0xff, 0xff, 0xff,
    0xff, 0xfe, 0xee, 0xee, 0xee, 0xee, 0xee, 0xee,
    0xee, 0xee, 0xa5, 0x0, 0x0, 0x0, 0x0, 0x0,
    0x0, 0x0, 0x0, 0x0, 0x0, 0x0, 0x5, 0xaf,
    0xfc, 0x76, 0x9d, 0xfd, 0x83, 0x0, 0x0, 0x0,
    0x0, 0x0, 0x0, 0x0, 0x0, 0x0, 0x0, 0x0,
    0x0, 0x0, 0x0, 0x0, 0x0, 0x0, 0x0, 0x0,
    0x3, 0x8d, 0xff, 0xa5, 0x10, 0x16, 0xbf, 0xfd,
    0x94, 0x10, 0x0, 0x0, 0x0, 0x0, 0x0, 0x0,
    0x0, 0x0, 0x0, 0x0, 0x0, 0x0, 0x0, 0x0,
    0x0, 0x0, 0x26, 0xbe, 0xfe, 0xb6, 0x10, 0x0,
    0x0, 0x14, 0x9e, 0xff, 0xc7, 0x30, 0x0, 0x0,
    0x0, 0x0, 0x0, 0x0, 0x0, 0x0, 0x0, 0x0,
    0x0, 0x0, 0x0, 0x36, 0x9c, 0xef, 0xec, 0xa9,
    0xac, 0xca, 0x74, 0x10, 0x0, 0x3, 0x7b, 0xef,
    0xfe, 0xb8, 0x42, 0x0, 0x0, 0x0, 0x0, 0x0,
    0x0, 0x0, 0x13, 0x56, 0x8b, 0xdf, 0xff, 0xec,
    0x95, 0x20, 0x0, 0x25, 0x9c, 0xef, 0xec, 0x84,
    0x10, 0x0, 0x25, 0x8c, 0xef, 0xff, 0xec, 0xa9,
    0x75, 0x31, 0x0, 0x0, 0x38, 0xdf, 0xfe, 0xdb,
    0x97, 0x42, 0x0, 0x0, 0x0, 0x0, 0x0, 0x22,
    0x35, 0x9b, 0xa7, 0x31, 0x0, 0x0, 0x0, 0x2,
    0x57, 0x9b, 0xdf, 0xeb, 0x62, 0x0, 0x0, 0x0,
    0x11, 0x1, 0x22, 0x10, 0x0, 0x23, 0x44, 0x20,
    0x1, 0x49, 0xef, 0xda, 0x52, 0x0, 0x0, 0x0,
    0x0, 0x0, 0x14, 0x66, 0x41, 0x0, 0x0, 0x0,
    0x0, 0x0, 0x0, 0x0, 0x27, 0xcf, 0xd8, 0x22,
    0x7d, 0xfe, 0x83, 0x0, 0x0, 0x26, 0xae, 0xfe,
    0xa5, 0x20, 0x0, 0x0, 0x0, 0x27, 0xcf, 0xea,
    0x40, 0x0, 0x0, 0x0, 0x0, 0x0, 0x2, 0x7c,
    0xfe, 0x83, 0x2, 0x7d, 0xfe, 0x83, 0x0, 0x0,
    0x0, 0x2, 0x7c, 0xff, 0xb6, 0x10, 0x0, 0x11,
    0x0, 0x49, 0xef, 0xd8, 0x20, 0x0, 0x0, 0x0,
    0x0, 0x38, 0xdf, 0xd8, 0x30, 0x2, 0x7d, 0xfe,
    0x83, 0x0, 0x0, 0x0, 0x0, 0x1, 0x22, 0x10,
    0x0, 0x4, 0x9e, 0xe9, 0x42, 0x7d, 0xfe, 0xa4,
    0x0, 0x0, 0x0, 0x16, 0xbf, 0xfc, 0x72, 0x0,
    0x1, 0x6c, 0xff, 0xb7, 0x44, 0x33, 0x33, 0x33,
    0x33, 0x33, 0x33, 0x34, 0x6a, 0xdf, 0xd8, 0x20,
    0x16, 0xbf, 0xfb, 0x50, 0x0, 0x0, 0x2, 0x57,
    0x63, 0x0, 0x0, 0x0, 0x15, 0x9c, 0xef, 0xff,
    0xff, 0xff, 0xff, 0xff, 0xff, 0xff, 0xff, 0xfe,
    0xc9, 0x51, 0x0, 0x1, 0x35, 0x64, 0x20, 0x0,

    /* U+62E9 "择" */
    0x0, 0x0, 0x0, 0x0, 0x38, 0xde, 0xa5, 0x0,
    0x0, 0x0, 0x1, 0x22, 0x22, 0x22, 0x22, 0x22,
    0x22, 0x22, 0x22, 0x22, 0x22, 0x22, 0x33, 0x21,
    0x0, 0x0, 0x0, 0x0, 0x0, 0x0, 0x0, 0x49,
    0xef, 0xb6, 0x10, 0x0, 0x0, 0x4a, 0xff, 0xff,
    0xff, 0xff, 0xff, 0xff, 0xff, 0xff, 0xff, 0xff,
    0xff, 0xff, 0xfb, 0x51, 0x0, 0x0, 0x0, 0x0,
    0x0, 0x0, 0x49, 0xef, 0xb6, 0x10, 0x0, 0x0,
    0x0, 0x1, 0x4a, 0xef, 0xd8, 0x31, 0x11, 0x11,
    0x11, 0x11, 0x26, 0xbf, 0xfd, 0x72, 0x0, 0x0,
    0x0, 0x1, 0x34, 0x55, 0x55, 0x9e, 0xff, 0xfb,
    0x65, 0x55, 0x42, 0x10, 0x0, 0x0, 0x38, 0xdf,
    0xea, 0x51, 0x0, 0x2, 0x5a, 0xdf, 0xea, 0x51,
    0x0, 0x0, 0x0, 0x0, 0x4, 0x9e, 0xff, 0xff,
    0xff, 0xff, 0xff, 0xff, 0xff, 0xd8, 0x30, 0x0,
    0x0, 0x0, 0x15, 0xad, 0xff, 0xff, 0xff, 0xfc,
    0x84, 0x10, 0x0, 0x0, 0x0, 0x0, 0x0, 0x0,
    0x0, 0x0, 0x0, 0x49, 0xef, 0xb6, 0x10, 0x0,
    0x0, 0x0, 0x0, 0x0, 0x1, 0x36, 0x9d, 0xff,
    0xff, 0xff, 0xfa, 0x74, 0x20, 0x0, 0x0, 0x0,
    0x0, 0x0, 0x0, 0x0, 0x0, 0x0, 0x49, 0xef,
    0xb6, 0x10, 0x0, 0x1, 0x35, 0x68, 0xac, 0xdf,
    0xfe, 0xc9, 0x63, 0x10, 0x25, 0x8b, 0xdf, 0xff,
    0xdb, 0x97, 0x64, 0x31, 0x0, 0x0, 0x0, 0x0,
    0x0, 0x49, 0xef, 0xb6, 0x23, 0x46, 0x68, 0xad,
    0xdb, 0x97, 0x53, 0x10, 0x0, 0x25, 0x88, 0x63,
    0x0, 0x1, 0x35, 0x68, 0xac, 0xed, 0xa4, 0x10,
    0x0, 0x0, 0x12, 0x45, 0xbf, 0xff, 0xff, 0xff,
    0xfe, 0xa5, 0x10, 0x0, 0x0, 0x0, 0x0, 0x0,
    0x4a, 0xff, 0xb6, 0x10, 0x0, 0x0, 0x0, 0x0,
    0x0, 0x0, 0x0, 0x5, 0xaf, 0xff, 0xff, 0xff,
    0xff, 0xfb, 0x42, 0x0, 0x0, 0x4, 0x9e, 0xff,
    0xff, 0xff, 0xff, 0xff, 0xff, 0xff, 0xff, 0xff,
    0xff, 0xff, 0xc7, 0x20, 0x0, 0x0, 0x1, 0x35,
    0x43, 0x10, 0x49, 0xef, 0xb6, 0x10, 0x0, 0x0,
    0x1, 0x23, 0x44, 0x44, 0x44, 0x44, 0x8e, 0xff,
    0xfa, 0x54, 0x44, 0x44, 0x44, 0x32, 0x0, 0x0,
    0x0, 0x0, 0x0, 0x0, 0x0, 0x49, 0xef, 0xb6,
    0x10, 0x0, 0x0, 0x0, 0x0, 0x0, 0x0, 0x0,
    0x0, 0x4a, 0xff, 0xb6, 0x10, 0x0, 0x0, 0x0,
    0x0, 0x0, 0x0, 0x0, 0x0, 0x0, 0x0, 0x0,
    0x49, 0xef, 0xb6, 0x10, 0x0, 0x27, 0xcf, 0xff,
    0xff, 0xff, 0xff, 0xff, 0xff, 0xff, 0xff, 0xff,
    0xff, 0xff, 0xff, 0xff, 0xff, 0xb6, 0x10, 0x0,
    0x0, 0x0, 0x0, 0x49, 0xef, 0xb6, 0x10, 0x0,
    0x2, 0x34, 0x44, 0x44, 0x44, 0x44, 0x44, 0x8e,
    0xff, 0xfa, 0x54, 0x44, 0x44, 0x44, 0x44, 0x44,
    0x31, 0x0, 0x0, 0x2, 0x33, 0x33, 0x7b, 0xff,
    0xb5, 0x0, 0x0, 0x0, 0x0, 0x0, 0x0, 0x0,
    0x0, 0x0, 0x4a, 0xff, 0xb6, 0x10, 0x0, 0x0,
    0x0, 0x0, 0x0, 0x0, 0x0, 0x0, 0x5, 0xaf,
    0xff, 0xfe, 0xda, 0x51, 0x0, 0x0, 0x0, 0x0,
    0x0, 0x0, 0x0, 0x0, 0x0, 0x4a, 0xff, 0xb6,
    0x10, 0x0, 0x0, 0x0, 0x0, 0x0, 0x0, 0x0,
    0x0, 0x0, 0x0, 0x0, 0x0, 0x0, 0x0, 0x0,
    0x0, 0x0, 0x0, 0x0, 0x0, 0x0, 0x0, 0x0,
    0x0, 0x0, 0x0, 0x0, 0x0, 0x0, 0x0, 0x0,
    0x0, 0x0, 0x0,

    /* U+6570 "数" */
    0x0, 0x0, 0x0, 0x0, 0x0, 0x0, 0x0, 0x12,
    0x21, 0x0, 0x0, 0x0, 0x0, 0x0, 0x0, 0x0,
    0x0, 0x0, 0x0, 0x0, 0x0, 0x0, 0x0, 0x0,
    0x0, 0x0, 0x0, 0x0, 0x0, 0x25, 0x76, 0x30,
    0x0, 0x5, 0xaf, 0xe9, 0x40, 0x0, 0x26, 0x87,
    0x41, 0x0, 0x0, 0x16, 0xbe, 0xb6, 0x20, 0x0,
    0x0, 0x0, 0x0, 0x0, 0x0, 0x0, 0x0, 0x0,
    0x27, 0xcf, 0xc7, 0x20, 0x5, 0xaf, 0xe9, 0x40,
    0x15, 0xbf, 0xe9, 0x40, 0x0, 0x0, 0x4a, 0xff,
    0xa5, 0x0, 0x0, 0x0, 0x0, 0x0, 0x0, 0x0,
    0x0, 0x0, 0x0, 0x0, 0x5a, 0xfd, 0x83, 0x5,
    0xaf, 0xe9, 0x43, 0x8d, 0xd9, 0x40, 0x0, 0x0,
    0x2, 0x7d, 0xfc, 0x72, 0x0, 0x0, 0x0, 0x0,
    0x0, 0x0, 0x0, 0x0, 0x0, 0x36, 0x99, 0x9a,
    0xaa, 0x99, 0x9e, 0xff, 0xff, 0xd9, 0x9a, 0xa9,
    0x99, 0x98, 0x52, 0x16, 0xdf, 0xff, 0xa6, 0x66,
    0x66, 0x66, 0x66, 0x66, 0x66, 0x42, 0x0, 0x0,
    0x36, 0x99, 0x99, 0x99, 0x9b, 0xff, 0xff, 0xff,
    0xfc, 0xa9, 0x99, 0x99, 0x98, 0x53, 0x6c, 0xff,
    0xff, 0xdd, 0xdd, 0xdd, 0xef, 0xff, 0xff, 0xfd,
    0xa5, 0x10, 0x0, 0x0, 0x0, 0x0, 0x26, 0xad,
    0xef, 0xff, 0xff, 0xed, 0xed, 0xa6, 0x31, 0x0,
    0x16, 0xcf, 0xff, 0xf8, 0x20, 0x0, 0x0, 0x38,
    0xef, 0xb6, 0x0, 0x0, 0x0, 0x0, 0x1, 0x36,
    0x9c, 0xed, 0xa5, 0x25, 0xaf, 0xe9, 0x40, 0x36,
    0xbe, 0xeb, 0x64, 0x8d, 0xff, 0xff, 0xfb, 0x61,
    0x0, 0x0, 0x6b, 0xfd, 0x83, 0x0, 0x0, 0x0,
    0x1, 0x5b, 0xec, 0x96, 0x31, 0x0, 0x4, 0x7b,
    0xa6, 0x20, 0x0, 0x0, 0x2, 0x6b, 0xff, 0xc7,
    0x58, 0xdf, 0xa5, 0x0, 0x4, 0xaf, 0xfa, 0x50,
    0x0, 0x0, 0x0, 0x0, 0x0, 0x0, 0x0, 0x0,
    0x15, 0xae, 0xc8, 0x30, 0x0, 0x0, 0x0, 0x1,
    0x37, 0x97, 0x30, 0x3, 0x8e, 0xfa, 0x50, 0x49,
    0xef, 0xb5, 0x0, 0x0, 0x0, 0x0, 0x0, 0x38,
    0xdf, 0xff, 0xff, 0xff, 0xff, 0xff, 0xff, 0xff,
    0xff, 0xff, 0xfa, 0x50, 0x0, 0x0, 0x0, 0x39,
    0xef, 0xb9, 0xae, 0xfb, 0x61, 0x0, 0x0, 0x0,
    0x0, 0x0, 0x1, 0x22, 0x24, 0x8e, 0xff, 0xc7,
    0x32, 0x22, 0x23, 0x7c, 0xff, 0xc6, 0x10, 0x0,
    0x0, 0x0, 0x2, 0x8e, 0xff, 0xff, 0xa4, 0x0,
    0x0, 0x0, 0x0, 0x0, 0x0, 0x0, 0x2, 0x8f,
    0xff, 0xf9, 0x30, 0x0, 0x0, 0x38, 0xdf, 0xd8,
    0x30, 0x0, 0x0, 0x0, 0x0, 0x0, 0x6f, 0xff,
    0xff, 0x71, 0x0, 0x0, 0x0, 0x0, 0x0, 0x0,
    0x0, 0x2, 0x59, 0xcd, 0xee, 0xfe, 0xcc, 0xce,
    0xff, 0xd8, 0x30, 0x0, 0x0, 0x0, 0x0, 0x1,
    0x5a, 0xef, 0xff, 0xff, 0xe9, 0x40, 0x0, 0x0,
    0x0, 0x0, 0x0, 0x0, 0x0, 0x0, 0x0, 0x2,
    0x7d, 0xff, 0xff, 0xff, 0xc8, 0x52, 0x0, 0x0,
    0x0, 0x15, 0x9d, 0xff, 0xc7, 0x21, 0x38, 0xdf,
    0xfc, 0x73, 0x0, 0x0, 0x0, 0x0, 0x0, 0x13,
    0x57, 0x9c, 0xef, 0xec, 0x95, 0x22, 0x36, 0xac,
    0xa6, 0x21, 0x25, 0x8c, 0xef, 0xeb, 0x73, 0x0,
    0x0, 0x0, 0x26, 0xbe, 0xfe, 0xc9, 0x52, 0x0,
    0x0, 0x5b, 0xfe, 0xdb, 0x97, 0x42, 0x0, 0x0,
    0x0, 0x0, 0x0, 0x1, 0x5a, 0xef, 0xeb, 0x84,
    0x20, 0x0, 0x0, 0x0, 0x0, 0x0, 0x2, 0x58,
    0xce, 0xc7, 0x20, 0x0, 0x0, 0x0, 0x0, 0x0,
    0x0, 0x0, 0x0, 0x0, 0x0, 0x0, 0x0, 0x1,
    0x22, 0x0, 0x0, 0x0, 0x0, 0x0, 0x0, 0x0,
    0x0, 0x0, 0x0, 0x0, 0x0, 0x0,

    /* U+6574 "整" */
    0x0, 0x0, 0x0, 0x0, 0x0, 0x0, 0x0, 0x11,
    0x21, 0x0, 0x0, 0x0, 0x0, 0x0, 0x0, 0x0,
    0x0, 0x0, 0x0, 0x0, 0x0, 0x0, 0x0, 0x0,
    0x0, 0x0, 0x0, 0x0, 0x0, 0x0, 0x0, 0x0,
    0x0, 0x2, 0x8d, 0xfb, 0x50, 0x0, 0x0, 0x0,
    0x0, 0x0, 0x0, 0x4, 0x9e, 0xea, 0x40, 0x0,
    0x0, 0x0, 0x0, 0x0, 0x0, 0x0, 0x0, 0x16,
    0xbf, 0xff, 0xff, 0xff, 0xff, 0xff, 0xff, 0xff,
    0xff, 0xff, 0xff, 0xfc, 0x71, 0x0, 0x4a, 0xff,
    0xb6, 0x21, 0x11, 0x11, 0x11, 0x11, 0x11, 0x10,
    0x0, 0x0, 0x0, 0x1, 0x11, 0x11, 0x11, 0x13,
    0x9e, 0xfc, 0x61, 0x11, 0x11, 0x11, 0x10, 0x0,
    0x17, 0xff, 0xff, 0xff, 0xff, 0xff, 0xff, 0xff,
    0xff, 0xff, 0xd8, 0x30, 0x0, 0x0, 0x39, 0xef,
    0xfe, 0xee, 0xef, 0xff, 0xff, 0xfe, 0xee, 0xef,
    0xff, 0xa5, 0x16, 0xbf, 0xff, 0xfb, 0x41, 0x11,
    0x11, 0x49, 0xef, 0xe8, 0x31, 0x10, 0x0, 0x0,
    0x0, 0x39, 0xee, 0x83, 0x0, 0x2, 0x8d, 0xfb,
    0x50, 0x0, 0x28, 0xdf, 0xb9, 0x9e, 0xea, 0x78,
    0xcf, 0xc6, 0x20, 0x3, 0x9e, 0xfb, 0x61, 0x0,
    0x0, 0x0, 0x0, 0x0, 0x39, 0xef, 0xfe, 0xee,
    0xff, 0xff, 0xff, 0xfe, 0xee, 0xef, 0xff, 0xa5,
    0x1, 0x10, 0x0, 0x38, 0xdf, 0xdc, 0xce, 0xfd,
    0x83, 0x0, 0x0, 0x0, 0x0, 0x0, 0x0, 0x0,
    0x0, 0x1, 0x48, 0xcf, 0xff, 0xfd, 0xcb, 0xc9,
    0x63, 0x10, 0x0, 0x0, 0x0, 0x0, 0x2, 0x7f,
    0xff, 0xff, 0xe6, 0x10, 0x0, 0x0, 0x0, 0x0,
    0x0, 0x0, 0x2, 0x58, 0xce, 0xfd, 0x97, 0x9d,
    0xfb, 0x62, 0x58, 0xce, 0xeb, 0x51, 0x0, 0x24,
    0x69, 0xce, 0xfd, 0xba, 0xbd, 0xff, 0xeb, 0x75,
    0x20, 0x0, 0x0, 0x0, 0x39, 0xdf, 0xfd, 0xa6,
    0x30, 0x2, 0x8d, 0xfb, 0x50, 0x0, 0x1, 0x22,
    0x3, 0x8d, 0xff, 0xeb, 0x96, 0x31, 0x0, 0x0,
    0x25, 0x8c, 0xef, 0xfe, 0xa5, 0x10, 0x0, 0x0,
    0x13, 0x44, 0x44, 0x44, 0x45, 0x56, 0x66, 0x54,
    0x44, 0x44, 0x44, 0x44, 0x57, 0x76, 0x54, 0x44,
    0x44, 0x44, 0x44, 0x44, 0x44, 0x55, 0x53, 0x20,
    0x0, 0x0, 0x0, 0x3, 0x8d, 0xdd, 0xdd, 0xdd,
    0xdd, 0xdd, 0xdd, 0xdd, 0xdd, 0xff, 0xff, 0xff,
    0xfd, 0xdd, 0xdd, 0xdd, 0xdd, 0xdd, 0xdd, 0xdd,
    0xd9, 0x40, 0x0, 0x0, 0x0, 0x0, 0x0, 0x0,
    0x0, 0x0, 0x0, 0x0, 0x0, 0x0, 0x0, 0x0,
    0x5b, 0xff, 0xd8, 0x20, 0x0, 0x0, 0x0, 0x0,
    0x0, 0x0, 0x0, 0x0, 0x0, 0x0, 0x0, 0x0,
    0x0, 0x0, 0x0, 0x0, 0x4, 0xaf, 0xfa, 0x50,
    0x0, 0x0, 0x0, 0x5b, 0xff, 0xff, 0xff, 0xff,
    0xff, 0xff, 0xff, 0xff, 0xfc, 0x72, 0x0, 0x0,
    0x0, 0x0, 0x0, 0x0, 0x0, 0x0, 0x0, 0x4,
    0xaf, 0xfa, 0x50, 0x0, 0x0, 0x0, 0x5b, 0xff,
    0xe9, 0x41, 0x11, 0x11, 0x11, 0x11, 0x11, 0x11,
    0x0, 0x0, 0x0, 0x0, 0x0, 0x0, 0x0, 0x0,
    0x0, 0x0, 0x4, 0xaf, 0xfa, 0x50, 0x0, 0x0,
    0x0, 0x5b, 0xff, 0xd8, 0x20, 0x0, 0x0, 0x0,
    0x0, 0x0, 0x0, 0x0, 0x0, 0x0, 0x0, 0x0,
    0x2, 0x7d, 0xff, 0xff, 0xff, 0xff, 0xff, 0xff,
    0xff, 0xff, 0xff, 0xff, 0xff, 0xff, 0xff, 0xff,
    0xff, 0xff, 0xff, 0xff, 0xff, 0xff, 0xff, 0xff,
    0xff, 0xd8, 0x30,

    /* U+6599 "料" */
    0x0, 0x0, 0x0, 0x0, 0x0, 0x14, 0x77, 0x52,
    0x0, 0x0, 0x0, 0x0, 0x0, 0x0, 0x0, 0x0,
    0x0, 0x0, 0x0, 0x0, 0x24, 0x78, 0x63, 0x0,
    0x0, 0x0, 0x0, 0x0, 0x1, 0x32, 0x10, 0x0,
    0x49, 0xef, 0xa5, 0x0, 0x1, 0x23, 0x21, 0x0,
    0x0, 0x0, 0x0, 0x0, 0x0, 0x0, 0x0, 0x39,
    0xef, 0xb6, 0x10, 0x0, 0x0, 0x0, 0x0, 0x28,
    0xde, 0x83, 0x0, 0x49, 0xef, 0xa5, 0x0, 0x16,
    0xbf, 0xc7, 0x10, 0x2, 0x7c, 0xec, 0x95, 0x20,
    0x0, 0x0, 0x39, 0xef, 0xb6, 0x10, 0x0, 0x0,
    0x0, 0x0, 0x3, 0x8e, 0xd8, 0x30, 0x49, 0xef,
    0xa5, 0x0, 0x5a, 0xfc, 0x72, 0x0, 0x0, 0x13,
    0x7b, 0xef, 0xec, 0x73, 0x0, 0x39, 0xef, 0xb6,
    0x10, 0x0, 0x0, 0x0, 0x0, 0x0, 0x5a, 0xfc,
    0x71, 0x49, 0xef, 0xa5, 0x4, 0x9e, 0xc7, 0x20,
    0x0, 0x0, 0x0, 0x0, 0x15, 0xad, 0xe9, 0x40,
    0x39, 0xef, 0xb6, 0x10, 0x0, 0x0, 0x0, 0x0,
    0x0, 0x27, 0xdf, 0x94, 0x49, 0xef, 0xa5, 0x39,
    0xec, 0x71, 0x0, 0x0, 0x0, 0x0, 0x0, 0x0,
    0x1, 0x10, 0x0, 0x39, 0xef, 0xb6, 0x10, 0x0,
    0x0, 0x0, 0x0, 0x1, 0x12, 0x22, 0x11, 0x5a,
    0xff, 0xc6, 0x12, 0x33, 0x21, 0x10, 0x0, 0x12,
    0x10, 0x0, 0x0, 0x0, 0x0, 0x0, 0x39, 0xef,
    0xb6, 0x10, 0x0, 0x0, 0x0, 0x2, 0x7d, 0xff,
    0xff, 0xff, 0xff, 0xff, 0xff, 0xff, 0xff, 0xff,
    0xfa, 0x55, 0xbf, 0xfd, 0xa7, 0x41, 0x0, 0x0,
    0x0, 0x39, 0xef, 0xb6, 0x10, 0x0, 0x0, 0x0,
    0x0, 0x12, 0x33, 0x33, 0x4a, 0xff, 0xff, 0xfd,
    0x53, 0x33, 0x33, 0x21, 0x0, 0x1, 0x47, 0xbe,
    0xfe, 0xb6, 0x20, 0x0, 0x39, 0xef, 0xb6, 0x10,
    0x0, 0x0, 0x0, 0x0, 0x0, 0x0, 0x2, 0x7d,
    0xff, 0xff, 0xff, 0xd9, 0x41, 0x0, 0x0, 0x0,
    0x0, 0x0, 0x1, 0x46, 0x53, 0x0, 0x0, 0x39,
    0xef, 0xb6, 0x10, 0x0, 0x0, 0x0, 0x0, 0x0,
    0x0, 0x49, 0xed, 0xcc, 0xef, 0xb9, 0x9e, 0xeb,
    0x51, 0x0, 0x0, 0x0, 0x0, 0x0, 0x0, 0x0,
    0x0, 0x0, 0x39, 0xef, 0xc7, 0x33, 0x45, 0x53,
    0x10, 0x0, 0x0, 0x27, 0xcf, 0xb6, 0x59, 0xef,
    0xa5, 0x15, 0xae, 0xfc, 0x62, 0x0, 0x0, 0x12,
    0x34, 0x56, 0x78, 0x9a, 0xbb, 0xff, 0xff, 0xff,
    0xff, 0xfe, 0xd8, 0x40, 0x0, 0x15, 0xbe, 0xe9,
    0x40, 0x49, 0xef, 0xa5, 0x0, 0x15, 0x86, 0x35,
    0x9e, 0xff, 0xff, 0xff, 0xed, 0xcb, 0xa9, 0x87,
    0xae, 0xff, 0xe8, 0x20, 0x0, 0x0, 0x0, 0x4,
    0x9e, 0xfc, 0x61, 0x0, 0x49, 0xef, 0xa5, 0x0,
    0x0, 0x0, 0x1, 0x23, 0x32, 0x10, 0x0, 0x0,
    0x0, 0x0, 0x0, 0x39, 0xef, 0xb6, 0x10, 0x0,
    0x0, 0x0, 0x0, 0x36, 0x52, 0x0, 0x0, 0x49,
    0xef, 0xa5, 0x0, 0x0, 0x0, 0x0, 0x0, 0x0,
    0x0, 0x0, 0x0, 0x0, 0x0, 0x0, 0x39, 0xef,
    0xb6, 0x10, 0x0, 0x0, 0x0, 0x0, 0x0, 0x0,
    0x0, 0x0, 0x49, 0xef, 0xa5, 0x0, 0x0, 0x0,
    0x0, 0x0, 0x0, 0x0, 0x0, 0x0, 0x0, 0x0,
    0x0, 0x39, 0xef, 0xb6, 0x10, 0x0, 0x0, 0x0,
    0x0, 0x0, 0x0, 0x0, 0x0, 0x49, 0xef, 0xa5,
    0x0, 0x0, 0x0, 0x0, 0x0, 0x0, 0x0, 0x0,
    0x0, 0x0, 0x0, 0x0, 0x39, 0xef, 0xb6, 0x10,
    0x0, 0x0, 0x0,

    /* U+65F6 "时" */
    0x0, 0x0, 0x0, 0x0, 0x0, 0x0, 0x0, 0x0,
    0x0, 0x0, 0x0, 0x0, 0x0, 0x0, 0x0, 0x0,
    0x0, 0x0, 0x3, 0x8d, 0xeb, 0x61, 0x0, 0x0,
    0x0, 0x1, 0x36, 0x9a, 0x86, 0x66, 0x66, 0x66,
    0x66, 0x66, 0x53, 0x10, 0x0, 0x0, 0x0, 0x0,
    0x0, 0x0, 0x0, 0x0, 0x49, 0xef, 0xc7, 0x20,
    0x0, 0x0, 0x0, 0x38, 0xff, 0xff, 0xed, 0xdd,
    0xdd, 0xdd, 0xef, 0xff, 0x94, 0x0, 0x0, 0x0,
    0x0, 0x0, 0x0, 0x0, 0x0, 0x4, 0x9e, 0xfc,
    0x72, 0x0, 0x0, 0x0, 0x3, 0x8e, 0xfc, 0x61,
    0x0, 0x0, 0x0, 0x5, 0xaf, 0xf9, 0x42, 0x46,
    0x66, 0x66, 0x66, 0x66, 0x66, 0x66, 0x66, 0xaf,
    0xff, 0xfd, 0x86, 0x66, 0x53, 0x10, 0x38, 0xef,
    0xc6, 0x10, 0x0, 0x0, 0x0, 0x5a, 0xff, 0x95,
    0x6b, 0xff, 0xff, 0xff, 0xff, 0xff, 0xff, 0xff,
    0xff, 0xff, 0xff, 0xff, 0xff, 0xff, 0x94, 0x3,
    0x8e, 0xfc, 0x61, 0x0, 0x0, 0x0, 0x5, 0xaf,
    0xf9, 0x40, 0x0, 0x0, 0x0, 0x0, 0x0, 0x0,
    0x0, 0x0, 0x49, 0xef, 0xc7, 0x20, 0x0, 0x0,
    0x0, 0x38, 0xef, 0xfa, 0x54, 0x44, 0x44, 0x44,
    0x9d, 0xff, 0x94, 0x0, 0x2, 0x45, 0x41, 0x0,
    0x0, 0x0, 0x0, 0x4, 0x9e, 0xfc, 0x72, 0x0,
    0x0, 0x0, 0x3, 0x8f, 0xff, 0xff, 0xff, 0xff,
    0xff, 0xff, 0xff, 0xf9, 0x40, 0x2, 0x7c, 0xff,
    0xb6, 0x20, 0x0, 0x0, 0x0, 0x49, 0xef, 0xc7,
    0x20, 0x0, 0x0, 0x0, 0x38, 0xef, 0xc6, 0x10,
    0x0, 0x0, 0x0, 0x5a, 0xff, 0x94, 0x0, 0x0,
    0x27, 0xcf, 0xfc, 0x62, 0x0, 0x0, 0x4, 0x9e,
    0xfc, 0x72, 0x0, 0x0, 0x0, 0x3, 0x8e, 0xfc,
    0x61, 0x0, 0x0, 0x0, 0x5, 0xaf, 0xf9, 0x40,
    0x0, 0x0, 0x2, 0x7c, 0xff, 0xc6, 0x20, 0x0,
    0x49, 0xef, 0xc7, 0x20, 0x0, 0x0, 0x0, 0x38,
    0xef, 0xc6, 0x10, 0x0, 0x0, 0x0, 0x5a, 0xff,
    0x94, 0x0, 0x0, 0x0, 0x0, 0x38, 0xdf, 0xd8,
    0x30, 0x4, 0x9e, 0xfc, 0x72, 0x0, 0x0, 0x0,
    0x3, 0x8e, 0xfd, 0x83, 0x22, 0x22, 0x22, 0x26,
    0xbf, 0xf9, 0x40, 0x0, 0x0, 0x0, 0x0, 0x1,
    0x11, 0x0, 0x0, 0x49, 0xef, 0xc7, 0x20, 0x0,
    0x0, 0x0, 0x38, 0xff, 0xff, 0xff, 0xff, 0xff,
    0xff, 0xff, 0xff, 0x94, 0x0, 0x0, 0x0, 0x0,
    0x0, 0x0, 0x0, 0x0, 0x4, 0x9e, 0xfc, 0x72,
    0x0, 0x0, 0x0, 0x3, 0x8e, 0xfd, 0x82, 0x11,
    0x11, 0x11, 0x11, 0x11, 0x10, 0x0, 0x0, 0x0,
    0x0, 0x0, 0x0, 0x0, 0x0, 0x0, 0x49, 0xef,
    0xc7, 0x20, 0x0, 0x0, 0x0, 0x14, 0x78, 0x63,
    0x0, 0x0, 0x0, 0x0, 0x0, 0x0, 0x0, 0x0,
    0x0, 0x0, 0x2, 0x45, 0x54, 0x44, 0x44, 0x58,
    0xcf, 0xfc, 0x61, 0x0, 0x0, 0x0, 0x0, 0x0,
    0x0, 0x0, 0x0, 0x0, 0x0, 0x0, 0x0, 0x0,
    0x0, 0x0, 0x0, 0x0, 0x38, 0xef, 0xff, 0xff,
    0xff, 0xfe, 0xc9, 0x51, 0x0, 0x0, 0x0, 0x0,
    0x0, 0x0, 0x0, 0x0, 0x0, 0x0, 0x0, 0x0,
    0x0, 0x0, 0x0, 0x0, 0x0, 0x0, 0x0, 0x0,
    0x0, 0x0, 0x0, 0x0, 0x0, 0x0, 0x0, 0x0,
    0x0, 0x0,

    /* U+66F2 "曲" */
    0x0, 0x0, 0x0, 0x0, 0x0, 0x0, 0x0, 0x38,
    0xcc, 0x84, 0x0, 0x0, 0x0, 0x0, 0x48, 0xcb,
    0x73, 0x0, 0x0, 0x0, 0x0, 0x0, 0x0, 0x0,
    0x0, 0x0, 0x0, 0x0, 0x0, 0x0, 0x0, 0x4a,
    0xff, 0xb6, 0x0, 0x0, 0x0, 0x1, 0x6b, 0xfe,
    0x94, 0x0, 0x0, 0x0, 0x0, 0x0, 0x0, 0x0,
    0x0, 0x0, 0x0, 0x0, 0x0, 0x0, 0x0, 0x4a,
    0xff, 0xb6, 0x0, 0x0, 0x0, 0x1, 0x6b, 0xfe,
    0x94, 0x0, 0x0, 0x0, 0x0, 0x0, 0x0, 0x0,
    0x1, 0x35, 0x55, 0x55, 0x55, 0x55, 0x55, 0xaf,
    0xff, 0xfb, 0x65, 0x55, 0x55, 0x56, 0xcf, 0xff,
    0xf9, 0x55, 0x55, 0x55, 0x55, 0x55, 0x53, 0x10,
    0x4, 0x9f, 0xff, 0xff, 0xff, 0xff, 0xff, 0xff,
    0xff, 0xff, 0xff, 0xff, 0xff, 0xff, 0xff, 0xff,
    0xff, 0xff, 0xff, 0xff, 0xff, 0xff, 0xfa, 0x50,
    0x4, 0x9f, 0xfa, 0x50, 0x0, 0x0, 0x0, 0x4a,
    0xff, 0xb6, 0x0, 0x0, 0x0, 0x1, 0x6b, 0xfe,
    0x94, 0x0, 0x0, 0x0, 0x5, 0xaf, 0xfa, 0x50,
    0x4, 0x9f, 0xfa, 0x50, 0x0, 0x0, 0x0, 0x4a,
    0xff, 0xb6, 0x0, 0x0, 0x0, 0x1, 0x6b, 0xfe,
    0x94, 0x0, 0x0, 0x0, 0x5, 0xaf, 0xfa, 0x50,
    0x4, 0x9f, 0xfa, 0x50, 0x0, 0x0, 0x0, 0x4a,
    0xff, 0xb6, 0x0, 0x0, 0x0, 0x1, 0x6b, 0xfe,
    0x94, 0x0, 0x0, 0x0, 0x5, 0xaf, 0xfa, 0x50,
    0x4, 0x9f, 0xfe, 0xa4, 0x44, 0x44, 0x44, 0x9f,
    0xff, 0xfa, 0x54, 0x44, 0x44, 0x45, 0xbf, 0xff,
    0xe8, 0x44, 0x44, 0x44, 0x4a, 0xff, 0xfa, 0x50,
    0x4, 0x9f, 0xff, 0xff, 0xff, 0xff, 0xff, 0xff,
    0xff, 0xff, 0xff, 0xff, 0xff, 0xff, 0xff, 0xff,
    0xff, 0xff, 0xff, 0xff, 0xff, 0xff, 0xfa, 0x50,
    0x4, 0x9f, 0xfa, 0x50, 0x0, 0x0, 0x0, 0x4a,
    0xff, 0xb6, 0x0, 0x0, 0x0, 0x1, 0x6b, 0xfe,
    0x94, 0x0, 0x0, 0x0, 0x5, 0xaf, 0xfa, 0x50,
    0x4, 0x9f, 0xfa, 0x50, 0x0, 0x0, 0x0, 0x4a,
    0xff, 0xb6, 0x0, 0x0, 0x0, 0x1, 0x6b, 0xfe,
    0x94, 0x0, 0x0, 0x0, 0x5, 0xaf, 0xfa, 0x50,
    0x4, 0x9f, 0xfa, 0x50, 0x0, 0x0, 0x0, 0x4a,
    0xff, 0xb6, 0x0, 0x0, 0x0, 0x1, 0x6b, 0xfe,
    0x94, 0x0, 0x0, 0x0, 0x5, 0xaf, 0xfa, 0x50,
    0x4, 0x9f, 0xfa, 0x50, 0x0, 0x0, 0x0, 0x4a,
    0xff, 0xb6, 0x0, 0x0, 0x0, 0x1, 0x6b, 0xfe,
    0x94, 0x0, 0x0, 0x0, 0x5, 0xaf, 0xfa, 0x50,
    0x4, 0x9f, 0xff, 0xff, 0xff, 0xff, 0xff, 0xff,
    0xff, 0xff, 0xff, 0xff, 0xff, 0xff, 0xff, 0xff,
    0xff, 0xff, 0xff, 0xff, 0xff, 0xff, 0xfa, 0x50,
    0x4, 0x9f, 0xfe, 0xa5, 0x55, 0x55, 0x55, 0x55,
    0x55, 0x55, 0x55, 0x55, 0x55, 0x55, 0x55, 0x55,
    0x55, 0x55, 0x55, 0x55, 0x5a, 0xef, 0xfa, 0x50,
    0x0, 0x0, 0x10, 0x0, 0x0, 0x0, 0x0, 0x0,
    0x0, 0x0, 0x0, 0x0, 0x0, 0x0, 0x0, 0x0,
    0x0, 0x0, 0x0, 0x0, 0x0, 0x0, 0x0, 0x0,

    /* U+67E5 "查" */
    0x0, 0x0, 0x0, 0x0, 0x0, 0x0, 0x0, 0x0,
    0x0, 0x0, 0x0, 0x0, 0x2, 0x34, 0x31, 0x0,
    0x0, 0x0, 0x0, 0x0, 0x0, 0x0, 0x0, 0x0,
    0x0, 0x0, 0x0, 0x0, 0x0, 0x0, 0x0, 0x0,
    0x0, 0x0, 0x0, 0x0, 0x0, 0x0, 0x0, 0x38,
    0xdf, 0xc7, 0x20, 0x0, 0x0, 0x0, 0x0, 0x0,
    0x0, 0x0, 0x0, 0x0, 0x0, 0x0, 0x0, 0x0,
    0x0, 0x0, 0x0, 0x0, 0x0, 0x0, 0x0, 0x0,
    0x0, 0x0, 0x38, 0xdf, 0xc7, 0x20, 0x0, 0x0,
    0x0, 0x0, 0x0, 0x0, 0x0, 0x0, 0x0, 0x0,
    0x0, 0x0, 0x49, 0xef, 0xff, 0xff, 0xff, 0xff,
    0xff, 0xff, 0xff, 0xff, 0xff, 0xff, 0xff, 0xff,
    0xff, 0xff, 0xff, 0xff, 0xff, 0xff, 0xff, 0xff,
    0xff, 0xff, 0xa4, 0x0, 0x0, 0x12, 0x33, 0x33,
    0x33, 0x33, 0x33, 0x33, 0x33, 0x58, 0xdf, 0xff,
    0xff, 0xff, 0xff, 0xff, 0xff, 0xb7, 0x43, 0x33,
    0x33, 0x33, 0x33, 0x33, 0x33, 0x21, 0x0, 0x0,
    0x0, 0x0, 0x0, 0x0, 0x0, 0x0, 0x3, 0x6a,
    0xdf, 0xfc, 0x83, 0x48, 0xdf, 0xc7, 0x33, 0x8d,
    0xff, 0xc9, 0x52, 0x0, 0x0, 0x0, 0x0, 0x0,
    0x0, 0x0, 0x0, 0x0, 0x0, 0x0, 0x0, 0x13,
    0x7b, 0xdf, 0xfe, 0xb7, 0x31, 0x0, 0x38, 0xdf,
    0xc7, 0x20, 0x1, 0x37, 0xbe, 0xff, 0xda, 0x63,
    0x10, 0x0, 0x0, 0x0, 0x0, 0x0, 0x0, 0x1,
    0x46, 0x9c, 0xef, 0xff, 0xc9, 0x41, 0x0, 0x0,
    0x0, 0x38, 0xdf, 0xc7, 0x20, 0x0, 0x0, 0x1,
    0x48, 0xce, 0xff, 0xed, 0xa7, 0x53, 0x10, 0x0,
    0x1, 0x5a, 0xef, 0xff, 0xfe, 0xb8, 0x53, 0x21,
    0x11, 0x11, 0x11, 0x11, 0x11, 0x11, 0x11, 0x11,
    0x11, 0x11, 0x11, 0x11, 0x12, 0x47, 0xad, 0xef,
    0xff, 0xc6, 0x20, 0x0, 0x2, 0x57, 0x64, 0x20,
    0x2, 0x8d, 0xff, 0xfe, 0xee, 0xee, 0xee, 0xee,
    0xee, 0xee, 0xee, 0xee, 0xee, 0xee, 0xff, 0xfd,
    0x83, 0x0, 0x2, 0x44, 0x30, 0x0, 0x0, 0x0,
    0x0, 0x0, 0x0, 0x2, 0x8d, 0xfd, 0x82, 0x0,
    0x0, 0x0, 0x0, 0x0, 0x0, 0x0, 0x0, 0x0,
    0x3, 0x8e, 0xfd, 0x83, 0x0, 0x0, 0x0, 0x0,
    0x0, 0x0, 0x0, 0x0, 0x0, 0x0, 0x2, 0x8d,
    0xff, 0xff, 0xff, 0xff, 0xff, 0xff, 0xff, 0xff,
    0xff, 0xff, 0xff, 0xff, 0xff, 0xfd, 0x83, 0x0,
    0x0, 0x0, 0x0, 0x0, 0x0, 0x0, 0x0, 0x0,
    0x0, 0x2, 0x8d, 0xfd, 0x82, 0x0, 0x0, 0x0,
    0x0, 0x0, 0x0, 0x0, 0x0, 0x0, 0x3, 0x8e,
    0xfd, 0x83, 0x0, 0x0, 0x0, 0x0, 0x0, 0x0,
    0x0, 0x0, 0x0, 0x0, 0x2, 0x8d, 0xfd, 0x95,
    0x33, 0x33, 0x33, 0x33, 0x33, 0x33, 0x33, 0x33,
    0x33, 0x35, 0xae, 0xfd, 0x83, 0x0, 0x0, 0x0,
    0x0, 0x0, 0x0, 0x0, 0x0, 0x0, 0x0, 0x2,
    0x6a, 0xcc, 0xcc, 0xcc, 0xcc, 0xcc, 0xcc, 0xcc,
    0xcc, 0xcc, 0xcc, 0xcc, 0xcc, 0xcc, 0xca, 0x62,
    0x0, 0x0, 0x0, 0x0, 0x0, 0x0, 0x0, 0x23,
    0x44, 0x44, 0x44, 0x44, 0x44, 0x44, 0x44, 0x44,
    0x44, 0x44, 0x44, 0x44, 0x44, 0x44, 0x44, 0x44,
    0x44, 0x44, 0x44, 0x44, 0x44, 0x43, 0x21, 0x0,
    0x0, 0x2, 0x7c, 0xff, 0xff, 0xff, 0xff, 0xff,
    0xff, 0xff, 0xff, 0xff, 0xff, 0xff, 0xff, 0xff,
    0xff, 0xff, 0xff, 0xff, 0xff, 0xff, 0xff, 0xff,
    0xfe, 0x93, 0x0,

    /* U+6869 "桩" */
    0x0, 0x0, 0x0, 0x0, 0x0, 0x23, 0x55, 0x31,
    0x0, 0x0, 0x0, 0x0, 0x0, 0x0, 0x0, 0x0,
    0x0, 0x12, 0x33, 0x10, 0x0, 0x0, 0x0, 0x0,
    0x0, 0x0, 0x0, 0x0, 0x0, 0x0, 0x0, 0x0,
    0x6b, 0xfe, 0x94, 0x0, 0x0, 0x0, 0x0, 0x0,
    0x0, 0x0, 0x0, 0x2, 0x6c, 0xff, 0xb6, 0x20,
    0x0, 0x0, 0x0, 0x0, 0x0, 0x0, 0x0, 0x0,
    0x0, 0x0, 0x0, 0x6b, 0xfe, 0x94, 0x0, 0x0,
    0x0, 0x0, 0x0, 0x0, 0x0, 0x0, 0x0, 0x2,
    0x7c, 0xfd, 0x83, 0x0, 0x0, 0x0, 0x0, 0x0,
    0x0, 0x0, 0x0, 0x0, 0x0, 0x0, 0x6b, 0xfe,
    0x94, 0x0, 0x0, 0x0, 0x26, 0xae, 0xed, 0xaa,
    0xaa, 0xaa, 0xaa, 0xab, 0xba, 0xaa, 0xaa, 0xaa,
    0xaa, 0xaa, 0x95, 0x20, 0x0, 0x49, 0xdd, 0xdd,
    0xde, 0xff, 0xff, 0xff, 0xdd, 0xdd, 0xa6, 0x69,
    0xff, 0xff, 0xbb, 0xbb, 0xbb, 0xbb, 0xbb, 0xbb,
    0xbb, 0xbb, 0xbb, 0xbb, 0xbb, 0xa6, 0x20, 0x0,
    0x24, 0x66, 0x66, 0x69, 0xff, 0xff, 0xfa, 0x66,
    0x66, 0x42, 0x59, 0xff, 0xa5, 0x0, 0x0, 0x0,
    0x0, 0x2, 0x57, 0x64, 0x10, 0x0, 0x0, 0x0,
    0x0, 0x0, 0x0, 0x0, 0x0, 0x0, 0x17, 0xff,
    0xff, 0xfc, 0x30, 0x0, 0x0, 0x49, 0xff, 0xa5,
    0x0, 0x0, 0x0, 0x0, 0x5, 0xbf, 0xe9, 0x40,
    0x0, 0x0, 0x0, 0x0, 0x0, 0x0, 0x0, 0x0,
    0x0, 0x5b, 0xff, 0xff, 0xff, 0xd8, 0x30, 0x0,
    0x49, 0xff, 0xa5, 0x0, 0x0, 0x0, 0x0, 0x5,
    0xbf, 0xe9, 0x40, 0x0, 0x0, 0x0, 0x0, 0x0,
    0x0, 0x0, 0x0, 0x16, 0xbf, 0xff, 0xfe, 0xaa,
    0xbe, 0xc7, 0x20, 0x49, 0xff, 0xa5, 0x0, 0x1,
    0x11, 0x11, 0x17, 0xcf, 0xfa, 0x51, 0x11, 0x11,
    0x11, 0x0, 0x0, 0x0, 0x0, 0x2, 0x7c, 0xfb,
    0xbb, 0xfe, 0x94, 0x38, 0xdd, 0x83, 0x49, 0xff,
    0xa5, 0x5, 0xbf, 0xff, 0xff, 0xff, 0xff, 0xff,
    0xff, 0xff, 0xff, 0xfe, 0x93, 0x0, 0x0, 0x0,
    0x38, 0xee, 0x95, 0x6b, 0xfe, 0x94, 0x1, 0x11,
    0x0, 0x4a, 0xff, 0xa4, 0x0, 0x12, 0x22, 0x22,
    0x38, 0xdf, 0xfc, 0x62, 0x22, 0x22, 0x22, 0x10,
    0x0, 0x0, 0x27, 0xcf, 0xd8, 0x30, 0x6b, 0xfe,
    0x94, 0x0, 0x0, 0x1, 0x6b, 0xfe, 0x83, 0x0,
    0x0, 0x0, 0x0, 0x5, 0xbf, 0xe9, 0x40, 0x0,
    0x0, 0x0, 0x0, 0x0, 0x2, 0x7d, 0xfb, 0x61,
    0x0, 0x6b, 0xfe, 0x94, 0x0, 0x0, 0x3, 0x8d,
    0xfc, 0x71, 0x0, 0x0, 0x0, 0x0, 0x5, 0xbf,
    0xe9, 0x40, 0x0, 0x0, 0x0, 0x0, 0x0, 0x0,
    0x13, 0x32, 0x0, 0x0, 0x6b, 0xfe, 0x94, 0x0,
    0x0, 0x17, 0xcf, 0xe8, 0x30, 0x0, 0x0, 0x0,
    0x0, 0x5, 0xbf, 0xe9, 0x40, 0x0, 0x0, 0x0,
    0x0, 0x0, 0x0, 0x0, 0x0, 0x0, 0x0, 0x6b,
    0xfe, 0x94, 0x0, 0x1, 0x6b, 0xfe, 0x94, 0x0,
    0x0, 0x0, 0x0, 0x0, 0x5, 0xbf, 0xe9, 0x40,
    0x0, 0x0, 0x0, 0x0, 0x0, 0x0, 0x0, 0x0,
    0x0, 0x0, 0x6b, 0xfe, 0x94, 0x0, 0x27, 0xcf,
    0xe9, 0x30, 0x37, 0xbc, 0xcc, 0xcc, 0xcc, 0xcf,
    0xff, 0xff, 0xfc, 0xcc, 0xcc, 0xcc, 0xc9, 0x51,
    0x0, 0x0, 0x0, 0x0, 0x0, 0x6b, 0xfe, 0x94,
    0x1, 0x59, 0xca, 0x51, 0x0, 0x24, 0x77, 0x77,
    0x77, 0x77, 0x77, 0x77, 0x77, 0x77, 0x77, 0x77,
    0x77, 0x75, 0x30, 0x0, 0x0, 0x0, 0x0, 0x0,
    0x0, 0x0, 0x0, 0x0, 0x0, 0x0, 0x0, 0x0,
    0x0, 0x0, 0x0, 0x0, 0x0, 0x0, 0x0, 0x0,
    0x0, 0x0, 0x0, 0x0, 0x0, 0x0,

    /* U+6B21 "次" */
    0x0, 0x0, 0x0, 0x0, 0x0, 0x0, 0x0, 0x0,
    0x0, 0x0, 0x0, 0x0, 0x0, 0x0, 0x0, 0x0,
    0x0, 0x0, 0x0, 0x0, 0x0, 0x0, 0x0, 0x0,
    0x0, 0x0, 0x0, 0x0, 0x0, 0x0, 0x0, 0x0,
    0x0, 0x0, 0x0, 0x0, 0x0, 0x0, 0x5, 0xaf,
    0xfc, 0x72, 0x0, 0x0, 0x0, 0x0, 0x0, 0x0,
    0x0, 0x0, 0x0, 0x0, 0x0, 0x0, 0x0, 0x3,
    0x7a, 0xa7, 0x42, 0x0, 0x0, 0x0, 0x0, 0x0,
    0x0, 0x39, 0xef, 0xe9, 0x30, 0x0, 0x0, 0x0,
    0x0, 0x0, 0x0, 0x0, 0x0, 0x0, 0x0, 0x0,
    0x0, 0x0, 0x2, 0x69, 0xce, 0xff, 0xda, 0x63,
    0x10, 0x0, 0x0, 0x2, 0x8d, 0xff, 0xb5, 0x11,
    0x11, 0x11, 0x11, 0x11, 0x11, 0x11, 0x11, 0x11,
    0x11, 0x0, 0x0, 0x0, 0x0, 0x0, 0x0, 0x1,
    0x48, 0xbe, 0xff, 0xc6, 0x20, 0x0, 0x28, 0xff,
    0xff, 0xff, 0xff, 0xff, 0xff, 0xff, 0xff, 0xff,
    0xff, 0xff, 0xff, 0xff, 0xe9, 0x40, 0x0, 0x0,
    0x0, 0x0, 0x0, 0x0, 0x1, 0x45, 0x30, 0x0,
    0x4, 0x9f, 0xff, 0xd8, 0x44, 0x44, 0x44, 0x44,
    0x44, 0x44, 0x44, 0x44, 0x44, 0x9f, 0xff, 0xc6,
    0x10, 0x0, 0x0, 0x0, 0x0, 0x0, 0x0, 0x0,
    0x0, 0x0, 0x1, 0x5a, 0xff, 0xe9, 0x30, 0x0,
    0x1, 0x5a, 0xdd, 0x94, 0x0, 0x0, 0x0, 0x5,
    0xaf, 0xfc, 0x61, 0x0, 0x0, 0x0, 0x0, 0x0,
    0x0, 0x0, 0x0, 0x0, 0x0, 0x38, 0xdf, 0xfc,
    0x72, 0x0, 0x0, 0x1, 0x7c, 0xff, 0xa5, 0x0,
    0x0, 0x1, 0x6b, 0xff, 0xb5, 0x10, 0x0, 0x0,
    0x0, 0x0, 0x0, 0x0, 0x0, 0x0, 0x0, 0x2,
    0x6a, 0xdc, 0x83, 0x0, 0x0, 0x0, 0x2, 0xbf,
    0xff, 0xf9, 0x0, 0x0, 0x16, 0xbf, 0xe9, 0x40,
    0x0, 0x0, 0x0, 0x0, 0x0, 0x0, 0x0, 0x0,
    0x1, 0x58, 0x84, 0x10, 0x0, 0x0, 0x0, 0x0,
    0x0, 0x4, 0xaf, 0xff, 0xfb, 0x30, 0x0, 0x0,
    0x2, 0x21, 0x0, 0x0, 0x0, 0x0, 0x0, 0x0,
    0x0, 0x0, 0x1, 0x5a, 0xef, 0xe9, 0x40, 0x0,
    0x0, 0x0, 0x0, 0x0, 0x28, 0xdf, 0xff, 0xfe,
    0x83, 0x0, 0x0, 0x0, 0x0, 0x0, 0x0, 0x0,
    0x0, 0x0, 0x0, 0x0, 0x1, 0x4a, 0xef, 0xea,
    0x51, 0x0, 0x0, 0x0, 0x0, 0x0, 0x3, 0x8d,
    0xff, 0xcc, 0xcf, 0xe9, 0x40, 0x0, 0x0, 0x0,
    0x0, 0x0, 0x0, 0x0, 0x0, 0x0, 0x1, 0x5a,
    0xef, 0xfb, 0x61, 0x0, 0x0, 0x0, 0x0, 0x0,
    0x1, 0x5b, 0xff, 0xea, 0x41, 0x4a, 0xef, 0xc7,
    0x20, 0x0, 0x0, 0x0, 0x0, 0x0, 0x0, 0x0,
    0x1, 0x5b, 0xef, 0xfb, 0x62, 0x0, 0x0, 0x0,
    0x0, 0x0, 0x2, 0x6b, 0xef, 0xfb, 0x61, 0x0,
    0x2, 0x7c, 0xff, 0xc7, 0x20, 0x0, 0x0, 0x0,
    0x0, 0x0, 0x1, 0x5a, 0xff, 0xfb, 0x61, 0x0,
    0x0, 0x0, 0x0, 0x0, 0x26, 0xae, 0xff, 0xea,
    0x51, 0x0, 0x0, 0x0, 0x2, 0x7c, 0xff, 0xda,
    0x62, 0x0, 0x0, 0x0, 0x0, 0x0, 0x1, 0x46,
    0x42, 0x0, 0x0, 0x0, 0x1, 0x36, 0xad, 0xff,
    0xfd, 0xa5, 0x20, 0x0, 0x0, 0x0, 0x0, 0x0,
    0x1, 0x49, 0xdf, 0xff, 0xc9, 0x64, 0x10, 0x0,
    0x0, 0x0, 0x0, 0x0, 0x0, 0x0, 0x15, 0xae,
    0xff, 0xfd, 0xa6, 0x30, 0x0, 0x0, 0x0, 0x0,
    0x0, 0x0, 0x0, 0x0, 0x0, 0x3, 0x6a, 0xde,
    0xfe, 0x94, 0x10, 0x0, 0x0, 0x0, 0x0, 0x0,
    0x0, 0x0, 0x13, 0x53, 0x10, 0x0, 0x0, 0x0,
    0x0, 0x0, 0x0, 0x0, 0x0, 0x0, 0x0, 0x0,
    0x0, 0x0, 0x1, 0x11, 0x0, 0x0,

    /* U+6B62 "止" */
    0x0, 0x0, 0x0, 0x0, 0x0, 0x0, 0x0, 0x0,
    0x0, 0x0, 0x0, 0x0, 0x0, 0x0, 0x1, 0x10,
    0x0, 0x0, 0x0, 0x0, 0x0, 0x0, 0x0, 0x0,
    0x0, 0x0, 0x0, 0x0, 0x0, 0x0, 0x0, 0x0,
    0x0, 0x0, 0x0, 0x0, 0x0, 0x0, 0x0, 0x0,
    0x6, 0xbf, 0xfb, 0x50, 0x0, 0x0, 0x0, 0x0,
    0x0, 0x0, 0x0, 0x0, 0x0, 0x0, 0x0, 0x0,
    0x0, 0x0, 0x0, 0x0, 0x0, 0x0, 0x0, 0x0,
    0x0, 0x0, 0x0, 0x6, 0xbf, 0xfb, 0x50, 0x0,
    0x0, 0x0, 0x0, 0x0, 0x0, 0x0, 0x0, 0x0,
    0x0, 0x0, 0x0, 0x0, 0x0, 0x0, 0x0, 0x0,
    0x0, 0x0, 0x0, 0x0, 0x0, 0x0, 0x6, 0xbf,
    0xfb, 0x50, 0x0, 0x0, 0x0, 0x0, 0x0, 0x0,
    0x0, 0x0, 0x0, 0x0, 0x0, 0x0, 0x0, 0x0,
    0x0, 0x11, 0x22, 0x10, 0x0, 0x0, 0x0, 0x0,
    0x0, 0x6, 0xbf, 0xfb, 0x50, 0x0, 0x0, 0x0,
    0x0, 0x0, 0x0, 0x0, 0x0, 0x0, 0x0, 0x0,
    0x0, 0x0, 0x0, 0x2, 0x7c, 0xfe, 0x94, 0x0,
    0x0, 0x0, 0x0, 0x0, 0x6, 0xbf, 0xfb, 0x50,
    0x0, 0x0, 0x0, 0x0, 0x0, 0x0, 0x0, 0x0,
    0x0, 0x0, 0x0, 0x0, 0x0, 0x0, 0x2, 0x7c,
    0xfe, 0x94, 0x0, 0x0, 0x0, 0x0, 0x0, 0x6,
    0xbf, 0xfc, 0x71, 0x11, 0x11, 0x11, 0x11, 0x11,
    0x11, 0x11, 0x10, 0x0, 0x0, 0x0, 0x0, 0x0,
    0x0, 0x2, 0x7c, 0xfe, 0x94, 0x0, 0x0, 0x0,
    0x0, 0x0, 0x6, 0xbf, 0xff, 0xff, 0xff, 0xff,
    0xff, 0xff, 0xff, 0xff, 0xff, 0xe9, 0x40, 0x0,
    0x0, 0x0, 0x0, 0x0, 0x2, 0x7c, 0xfe, 0x94,
    0x0, 0x0, 0x0, 0x0, 0x0, 0x6, 0xbf, 0xff,
    0xa4, 0x44, 0x44, 0x44, 0x44, 0x44, 0x44, 0x44,
    0x32, 0x10, 0x0, 0x0, 0x0, 0x0, 0x0, 0x2,
    0x7c, 0xfe, 0x94, 0x0, 0x0, 0x0, 0x0, 0x0,
    0x6, 0xbf, 0xfb, 0x50, 0x0, 0x0, 0x0, 0x0,
    0x0, 0x0, 0x0, 0x0, 0x0, 0x0, 0x0, 0x0,
    0x0, 0x0, 0x2, 0x7c, 0xfe, 0x94, 0x0, 0x0,
    0x0, 0x0, 0x0, 0x6, 0xbf, 0xfb, 0x50, 0x0,
    0x0, 0x0, 0x0, 0x0, 0x0, 0x0, 0x0, 0x0,
    0x0, 0x0, 0x0, 0x0, 0x0, 0x2, 0x7c, 0xfe,
    0x94, 0x0, 0x0, 0x0, 0x0, 0x0, 0x6, 0xbf,
    0xfb, 0x50, 0x0, 0x0, 0x0, 0x0, 0x0, 0x0,
    0x0, 0x0, 0x0, 0x0, 0x0, 0x0, 0x0, 0x0,
    0x2, 0x7c, 0xfe, 0x94, 0x0, 0x0, 0x0, 0x0,
    0x0, 0x6, 0xbf, 0xfb, 0x50, 0x0, 0x0, 0x0,
    0x0, 0x0, 0x0, 0x0, 0x0, 0x0, 0x0, 0x0,
    0x0, 0x0, 0x0, 0x2, 0x7c, 0xfe, 0x94, 0x0,
    0x0, 0x0, 0x0, 0x0, 0x6, 0xbf, 0xfb, 0x50,
    0x0, 0x0, 0x0, 0x0, 0x0, 0x0, 0x0, 0x0,
    0x0, 0x0, 0x0, 0x0, 0x0, 0x0, 0x2, 0x7c,
    0xfe, 0x94, 0x0, 0x0, 0x0, 0x0, 0x0, 0x6,
    0xbf, 0xfb, 0x50, 0x0, 0x0, 0x0, 0x0, 0x0,
    0x0, 0x0, 0x0, 0x0, 0x0, 0x0, 0x38, 0xcc,
    0xcc, 0xce, 0xff, 0xff, 0xff, 0xcc, 0xcc, 0xcc,
    0xcc, 0xcc, 0xdf, 0xff, 0xff, 0xfc, 0xcc, 0xcc,
    0xcc, 0xcc, 0xcc, 0xcc, 0xcc, 0xcc, 0xc8, 0x40,
    0x0, 0x25, 0x88, 0x88, 0x88, 0x88, 0x88, 0x88,
    0x88, 0x88, 0x88, 0x88, 0x88, 0x88, 0x88, 0x88,
    0x88, 0x88, 0x88, 0x88, 0x88, 0x88, 0x88, 0x88,
    0x88, 0x86, 0x30,

    /* U+6DF1 "深" */
    0x0, 0x0, 0x14, 0x9b, 0xa7, 0x42, 0x0, 0x0,
    0x0, 0x12, 0x22, 0x22, 0x22, 0x22, 0x22, 0x22,
    0x22, 0x22, 0x22, 0x22, 0x22, 0x22, 0x22, 0x22,
    0x10, 0x0, 0x0, 0x0, 0x0, 0x13, 0x69, 0xce,
    0xff, 0xdb, 0x73, 0x26, 0xcf, 0xff, 0xff, 0xff,
    0xff, 0xff, 0xff, 0xff, 0xff, 0xff, 0xff, 0xff,
    0xff, 0xff, 0xff, 0xb6, 0x0, 0x0, 0x0, 0x0,
    0x0, 0x0, 0x1, 0x36, 0xab, 0x83, 0x26, 0xcf,
    0xc7, 0x21, 0x11, 0x11, 0x11, 0x11, 0x11, 0x11,
    0x11, 0x11, 0x11, 0x11, 0x49, 0xef, 0xb6, 0x0,
    0x0, 0x0, 0x0, 0x0, 0x0, 0x0, 0x0, 0x0,
    0x0, 0x16, 0xcf, 0xc7, 0x20, 0x0, 0x47, 0x98,
    0x52, 0x0, 0x1, 0x59, 0xa9, 0x41, 0x0, 0x49,
    0xef, 0xb6, 0x0, 0x0, 0x0, 0x0, 0x0, 0x0,
    0x0, 0x0, 0x0, 0x0, 0x0, 0x11, 0x10, 0x1,
    0x5a, 0xef, 0xd8, 0x30, 0x0, 0x0, 0x26, 0xae,
    0xfd, 0x83, 0x10, 0x1, 0x0, 0x0, 0x0, 0x0,
    0x27, 0xbc, 0x96, 0x41, 0x0, 0x0, 0x0, 0x0,
    0x0, 0x14, 0x8c, 0xff, 0xc7, 0x20, 0x0, 0x0,
    0x0, 0x0, 0x3, 0x7c, 0xfe, 0xb6, 0x20, 0x0,
    0x0, 0x0, 0x0, 0x14, 0x7a, 0xdf, 0xff, 0xda,
    0x63, 0x10, 0x2, 0x6a, 0xdf, 0xfc, 0x83, 0x0,
    0x0, 0x1, 0x23, 0x32, 0x0, 0x0, 0x1, 0x5b,
    0xef, 0xc7, 0x20, 0x0, 0x0, 0x0, 0x0, 0x0,
    0x1, 0x37, 0xbc, 0xa5, 0x10, 0x0, 0x37, 0x86,
    0x20, 0x0, 0x0, 0x0, 0x17, 0xcf, 0xe9, 0x40,
    0x0, 0x0, 0x1, 0x47, 0x63, 0x10, 0x0, 0x0,
    0x0, 0x0, 0x0, 0x0, 0x0, 0x0, 0x0, 0x0,
    0x1, 0x34, 0x44, 0x44, 0x44, 0x44, 0x44, 0x6b,
    0xff, 0xfd, 0x84, 0x44, 0x44, 0x44, 0x44, 0x44,
    0x21, 0x0, 0x0, 0x0, 0x0, 0x0, 0x0, 0x0,
    0x1, 0x21, 0x0, 0x16, 0xbf, 0xff, 0xff, 0xff,
    0xff, 0xff, 0xff, 0xff, 0xff, 0xff, 0xff, 0xff,
    0xff, 0xff, 0xff, 0xa5, 0x0, 0x0, 0x0, 0x0,
    0x0, 0x0, 0x1, 0x5a, 0xed, 0x82, 0x0, 0x0,
    0x0, 0x0, 0x0, 0x15, 0xae, 0xff, 0xff, 0xff,
    0xff, 0xc7, 0x20, 0x0, 0x0, 0x0, 0x0, 0x0,
    0x0, 0x0, 0x0, 0x0, 0x0, 0x28, 0xdf, 0xd8,
    0x20, 0x0, 0x0, 0x0, 0x0, 0x37, 0xbe, 0xeb,
    0x78, 0xcf, 0xea, 0x89, 0xdf, 0xc7, 0x30, 0x0,
    0x0, 0x0, 0x0, 0x0, 0x0, 0x0, 0x0, 0x16,
    0xbf, 0xfa, 0x51, 0x0, 0x0, 0x0, 0x3, 0x7c,
    0xef, 0xc8, 0x30, 0x17, 0xcf, 0xe9, 0x40, 0x38,
    0xcf, 0xeb, 0x62, 0x0, 0x0, 0x0, 0x0, 0x0,
    0x0, 0x4, 0x9e, 0xfc, 0x72, 0x0, 0x0, 0x14,
    0x7a, 0xdf, 0xfd, 0x84, 0x10, 0x0, 0x17, 0xcf,
    0xe9, 0x40, 0x0, 0x15, 0xae, 0xfe, 0xc9, 0x52,
    0x0, 0x0, 0x0, 0x3, 0x8d, 0xfe, 0x94, 0x0,
    0x0, 0x15, 0xbe, 0xec, 0x95, 0x20, 0x0, 0x0,
    0x0, 0x17, 0xcf, 0xe9, 0x40, 0x0, 0x0, 0x1,
    0x48, 0xce, 0xd8, 0x30, 0x0, 0x0, 0x0, 0x36,
    0x75, 0x10, 0x0, 0x0, 0x0, 0x0, 0x0, 0x0,
    0x0, 0x0, 0x0, 0x0, 0x17, 0xcf, 0xe9, 0x40,
    0x0, 0x0, 0x0, 0x0, 0x0, 0x0, 0x0, 0x0,

    /* U+70B9 "点" */
    0x0, 0x0, 0x0, 0x0, 0x0, 0x0, 0x0, 0x0,
    0x0, 0x0, 0x0, 0x0, 0x1, 0x21, 0x10, 0x0,
    0x0, 0x0, 0x0, 0x0, 0x0, 0x0, 0x0, 0x0,
    0x0, 0x0, 0x0, 0x0, 0x0, 0x0, 0x0, 0x0,
    0x0, 0x0, 0x0, 0x0, 0x0, 0x0, 0x2, 0x7d,
    0xfe, 0x83, 0x0, 0x0, 0x0, 0x0, 0x0, 0x0,
    0x0, 0x0, 0x0, 0x0, 0x0, 0x0, 0x0, 0x0,
    0x0, 0x0, 0x0, 0x0, 0x0, 0x0, 0x0, 0x0,
    0x0, 0x2, 0x7d, 0xff, 0xc7, 0x33, 0x33, 0x33,
    0x33, 0x33, 0x33, 0x33, 0x33, 0x33, 0x21, 0x0,
    0x0, 0x0, 0x0, 0x0, 0x0, 0x0, 0x0, 0x0,
    0x0, 0x0, 0x0, 0x0, 0x2, 0x7f, 0xff, 0xff,
    0xff, 0xff, 0xff, 0xff, 0xff, 0xff, 0xff, 0xff,
    0xff, 0xb6, 0x0, 0x0, 0x0, 0x0, 0x0, 0x0,
    0x0, 0x0, 0x0, 0x0, 0x0, 0x0, 0x0, 0x2,
    0x7d, 0xfe, 0x94, 0x11, 0x11, 0x11, 0x11, 0x11,
    0x11, 0x11, 0x11, 0x11, 0x0, 0x0, 0x0, 0x0,
    0x0, 0x0, 0x0, 0x0, 0x0, 0x0, 0x0, 0x0,
    0x0, 0x0, 0x2, 0x7d, 0xfe, 0x83, 0x0, 0x0,
    0x0, 0x0, 0x0, 0x0, 0x0, 0x0, 0x0, 0x0,
    0x0, 0x0, 0x0, 0x0, 0x0, 0x0, 0x37, 0xaa,
    0xaa, 0xaa, 0xaa, 0xaa, 0xaa, 0xac, 0xff, 0xff,
    0xfe, 0xaa, 0xaa, 0xaa, 0xaa, 0xaa, 0xaa, 0xaa,
    0x73, 0x0, 0x0, 0x0, 0x0, 0x0, 0x0, 0x0,
    0x0, 0x5b, 0xff, 0xdb, 0x99, 0x99, 0x99, 0x99,
    0x99, 0x99, 0x99, 0x99, 0x99, 0x99, 0x99, 0x99,
    0x99, 0xbd, 0xff, 0xb5, 0x0, 0x0, 0x0, 0x0,
    0x0, 0x0, 0x0, 0x0, 0x5b, 0xff, 0x94, 0x0,
    0x0, 0x0, 0x0, 0x0, 0x0, 0x0, 0x0, 0x0,
    0x0, 0x0, 0x0, 0x0, 0x5a, 0xff, 0xb5, 0x0,
    0x0, 0x0, 0x0, 0x0, 0x0, 0x0, 0x0, 0x5b,
    0xff, 0x94, 0x0, 0x0, 0x0, 0x0, 0x0, 0x0,
    0x0, 0x0, 0x0, 0x0, 0x0, 0x0, 0x0, 0x5a,
    0xff, 0xb5, 0x0, 0x0, 0x0, 0x0, 0x0, 0x0,
    0x0, 0x0, 0x5b, 0xff, 0xa5, 0x22, 0x22, 0x22,
    0x22, 0x22, 0x22, 0x22, 0x22, 0x22, 0x22, 0x22,
    0x22, 0x22, 0x6b, 0xff, 0xb5, 0x0, 0x0, 0x0,
    0x0, 0x0, 0x0, 0x0, 0x0, 0x5b, 0xff, 0xff,
    0xff, 0xff, 0xff, 0xff, 0xff, 0xff, 0xff, 0xff,
    0xff, 0xff, 0xff, 0xff, 0xff, 0xff, 0xff, 0xb5,
    0x0, 0x0, 0x0, 0x0, 0x0, 0x0, 0x0, 0x0,
    0x1, 0x11, 0x11, 0x11, 0x11, 0x11, 0x11, 0x11,
    0x11, 0x11, 0x11, 0x11, 0x11, 0x11, 0x11, 0x11,
    0x11, 0x11, 0x10, 0x0, 0x0, 0x0, 0x0, 0x0,
    0x0, 0x0, 0x0, 0x48, 0xa9, 0x63, 0x0, 0x0,
    0x24, 0x54, 0x20, 0x0, 0x0, 0x2, 0x46, 0x64,
    0x10, 0x0, 0x0, 0x26, 0xab, 0x95, 0x10, 0x0,
    0x0, 0x0, 0x0, 0x0, 0x0, 0x38, 0xdf, 0xea,
    0x40, 0x0, 0x1, 0x6b, 0xfe, 0x93, 0x0, 0x0,
    0x2, 0x7c, 0xfe, 0x83, 0x0, 0x0, 0x2, 0x7c,
    0xff, 0xb6, 0x20, 0x0, 0x0, 0x0, 0x0, 0x27,
    0xcf, 0xfc, 0x72, 0x0, 0x0, 0x0, 0x49, 0xff,
    0xb6, 0x0, 0x0, 0x0, 0x16, 0xbf, 0xea, 0x40,
    0x0, 0x0, 0x2, 0x7c, 0xff, 0xb6, 0x20, 0x0,
    0x0, 0x38, 0xdf, 0xfc, 0x72, 0x0, 0x0, 0x0,
    0x0, 0x38, 0xdf, 0xd7, 0x20, 0x0, 0x0, 0x1,
    0x6c, 0xfe, 0x94, 0x0, 0x0, 0x0, 0x3, 0x8d,
    0xfe, 0x93, 0x0, 0x0, 0x1, 0x34, 0x31, 0x0,
    0x0, 0x0, 0x0, 0x0, 0x2, 0x33, 0x21, 0x0,
    0x0, 0x0, 0x0, 0x1, 0x11, 0x0, 0x0, 0x0,
    0x0, 0x0, 0x11, 0x20, 0x0, 0x0,

    /* U+72B6 "状" */
    0x0, 0x0, 0x0, 0x0, 0x0, 0x0, 0x3, 0x68,
    0x85, 0x20, 0x0, 0x0, 0x0, 0x0, 0x0, 0x1,
    0x47, 0x75, 0x30, 0x0, 0x0, 0x0, 0x0, 0x0,
    0x0, 0x0, 0x0, 0x0, 0x0, 0x0, 0x0, 0x0,
    0x0, 0x16, 0xbf, 0xe9, 0x40, 0x0, 0x0, 0x0,
    0x0, 0x0, 0x4, 0x9e, 0xfc, 0x61, 0x0, 0x26,
    0xaa, 0x72, 0x0, 0x0, 0x0, 0x0, 0x0, 0x0,
    0x0, 0x0, 0x0, 0x0, 0x16, 0xbf, 0xe9, 0x40,
    0x0, 0x0, 0x0, 0x0, 0x0, 0x4, 0x9e, 0xfc,
    0x61, 0x0, 0x14, 0xae, 0xfd, 0x83, 0x0, 0x0,
    0x0, 0x0, 0x15, 0xad, 0xc7, 0x30, 0x0, 0x16,
    0xbf, 0xe9, 0x40, 0x0, 0x0, 0x0, 0x0, 0x0,
    0x4, 0x9e, 0xfc, 0x61, 0x0, 0x0, 0x14, 0xae,
    0xfd, 0x83, 0x0, 0x0, 0x0, 0x1, 0x5a, 0xef,
    0xd9, 0x30, 0x16, 0xbf, 0xe9, 0x40, 0x0, 0x0,
    0x0, 0x0, 0x0, 0x4, 0x9e, 0xfb, 0x61, 0x0,
    0x0, 0x0, 0x15, 0xad, 0xa6, 0x20, 0x0, 0x0,
    0x0, 0x1, 0x4a, 0xef, 0xd9, 0x57, 0xbf, 0xe9,
    0x40, 0x0, 0x0, 0x0, 0x0, 0x0, 0x4, 0xaf,
    0xfb, 0x50, 0x0, 0x0, 0x0, 0x0, 0x0, 0x0,
    0x0, 0x0, 0x0, 0x0, 0x0, 0x1, 0x5a, 0xdb,
    0x79, 0xbf, 0xe9, 0x56, 0xbf, 0xff, 0xff, 0xff,
    0xff, 0xff, 0xff, 0xff, 0xff, 0xff, 0xff, 0xff,
    0xff, 0xff, 0xff, 0xe9, 0x40, 0x0, 0x0, 0x0,
    0x0, 0x0, 0x0, 0x16, 0xbf, 0xe9, 0x42, 0x46,
    0x66, 0x66, 0x66, 0x66, 0x7c, 0xff, 0xff, 0xfb,
    0x66, 0x66, 0x66, 0x66, 0x66, 0x66, 0x53, 0x10,
    0x0, 0x0, 0x0, 0x0, 0x0, 0x0, 0x17, 0xcf,
    0xe9, 0x40, 0x0, 0x0, 0x0, 0x0, 0x0, 0x39,
    0xef, 0xff, 0xf9, 0x40, 0x0, 0x0, 0x0, 0x0,
    0x0, 0x0, 0x0, 0x0, 0x0, 0x0, 0x0, 0x0,
    0x26, 0xcf, 0xff, 0xf9, 0x40, 0x0, 0x0, 0x0,
    0x0, 0x1, 0x7c, 0xff, 0xff, 0xfe, 0x93, 0x0,
    0x0, 0x0, 0x0, 0x0, 0x0, 0x0, 0x0, 0x0,
    0x0, 0x14, 0x8c, 0xff, 0xef, 0xff, 0xe9, 0x40,
    0x0, 0x0, 0x0, 0x0, 0x16, 0xbf, 0xfb, 0x66,
    0xbf, 0xe9, 0x40, 0x0, 0x0, 0x0, 0x0, 0x0,
    0x0, 0x0, 0x2, 0x6a, 0xdf, 0xfc, 0x84, 0x26,
    0xbf, 0xe9, 0x40, 0x0, 0x0, 0x0, 0x1, 0x7c,
    0xff, 0xb5, 0x10, 0x5a, 0xef, 0xb6, 0x10, 0x0,
    0x0, 0x0, 0x0, 0x0, 0x1, 0x5b, 0xfe, 0xb7,
    0x30, 0x0, 0x16, 0xbf, 0xe9, 0x40, 0x0, 0x0,
    0x0, 0x49, 0xef, 0xe9, 0x40, 0x0, 0x3, 0x8d,
    0xfd, 0x93, 0x0, 0x0, 0x0, 0x0, 0x0, 0x0,
    0x1, 0x11, 0x0, 0x0, 0x0, 0x16, 0xbf, 0xe9,
    0x40, 0x0, 0x0, 0x38, 0xdf, 0xfc, 0x61, 0x0,
    0x0, 0x0, 0x15, 0xae, 0xfd, 0x94, 0x0, 0x0,
    0x0, 0x0, 0x0, 0x0, 0x0, 0x0, 0x0, 0x0,
    0x16, 0xbf, 0xe9, 0x40, 0x1, 0x4a, 0xef, 0xfc,
    0x72, 0x0, 0x0, 0x0, 0x0, 0x0, 0x15, 0xae,
    0xfe, 0xc7, 0x30, 0x0, 0x0, 0x0, 0x0, 0x0,
    0x0, 0x0, 0x0, 0x16, 0xbf, 0xe9, 0x54, 0x9d,
    0xff, 0xea, 0x51, 0x0, 0x0, 0x0, 0x0, 0x0,
    0x0, 0x0, 0x3, 0x7c, 0xff, 0xfd, 0xa6, 0x30,
    0x0, 0x0, 0x0, 0x0, 0x0, 0x0, 0x16, 0xbf,
    0xea, 0x77, 0xbc, 0xa5, 0x10, 0x0, 0x0, 0x0,
    0x0, 0x0, 0x0, 0x0, 0x0, 0x0, 0x0, 0x25,
    0xac, 0xb6, 0x20,

    /* U+7A0B "程" */
    0x0, 0x0, 0x0, 0x0, 0x0, 0x0, 0x12, 0x35,
    0x79, 0xaa, 0x62, 0x0, 0x23, 0x33, 0x33, 0x33,
    0x33, 0x33, 0x33, 0x33, 0x33, 0x33, 0x33, 0x33,
    0x21, 0x0, 0x0, 0x0, 0x25, 0x78, 0x9a, 0xbd,
    0xff, 0xff, 0xff, 0xeb, 0xa8, 0x63, 0x13, 0x9e,
    0xff, 0xff, 0xff, 0xff, 0xff, 0xff, 0xff, 0xff,
    0xff, 0xff, 0xff, 0xa5, 0x0, 0x0, 0x0, 0x36,
    0x99, 0x87, 0x65, 0x7b, 0xff, 0xd7, 0x20, 0x0,
    0x0, 0x3, 0x9e, 0xfb, 0x50, 0x0, 0x0, 0x0,
    0x0, 0x0, 0x0, 0x0, 0x5a, 0xff, 0xa5, 0x0,
    0x0, 0x0, 0x0, 0x0, 0x0, 0x0, 0x38, 0xdf,
    0xd7, 0x20, 0x0, 0x0, 0x3, 0x9e, 0xfb, 0x50,
    0x0, 0x0, 0x0, 0x0, 0x0, 0x0, 0x0, 0x5a,
    0xff, 0xa5, 0x0, 0x0, 0x0, 0x1, 0x11, 0x11,
    0x11, 0x4a, 0xff, 0xe9, 0x41, 0x11, 0x11, 0x3,
    0x9e, 0xfb, 0x50, 0x0, 0x0, 0x0, 0x0, 0x0,
    0x0, 0x0, 0x5a, 0xff, 0xa5, 0x0, 0x0, 0x2,
    0x7c, 0xff, 0xff, 0xff, 0xff, 0xff, 0xff, 0xff,
    0xff, 0xfb, 0x64, 0x9e, 0xff, 0xff, 0xff, 0xff,
    0xff, 0xff, 0xff, 0xff, 0xff, 0xff, 0xff, 0xa5,
    0x0, 0x0, 0x0, 0x1, 0x22, 0x22, 0x25, 0xdf,
    0xff, 0xf9, 0x42, 0x22, 0x21, 0x0, 0x12, 0x33,
    0x33, 0x33, 0x33, 0x33, 0x33, 0x33, 0x33, 0x33,
    0x33, 0x33, 0x21, 0x0, 0x0, 0x0, 0x0, 0x0,
    0x0, 0x39, 0xff, 0xff, 0xff, 0x82, 0x0, 0x0,
    0x12, 0x33, 0x33, 0x33, 0x33, 0x33, 0x33, 0x33,
    0x33, 0x33, 0x33, 0x33, 0x33, 0x32, 0x10, 0x0,
    0x0, 0x0, 0x0, 0x16, 0xbe, 0xee, 0xff, 0xff,
    0xfe, 0xb6, 0x20, 0x5a, 0xff, 0xff, 0xff, 0xff,
    0xff, 0xff, 0xff, 0xff, 0xff, 0xff, 0xff, 0xff,
    0xff, 0x94, 0x0, 0x0, 0x0, 0x3, 0x9e, 0xe9,
    0x78, 0xdf, 0xd7, 0x47, 0xcf, 0xea, 0x51, 0x0,
    0x0, 0x0, 0x0, 0x1, 0x6b, 0xfe, 0x94, 0x0,
    0x0, 0x0, 0x0, 0x0, 0x0, 0x0, 0x0, 0x2,
    0x7c, 0xfc, 0x72, 0x38, 0xdf, 0xd7, 0x20, 0x14,
    0x64, 0x10, 0x0, 0x0, 0x0, 0x0, 0x1, 0x6b,
    0xfe, 0x94, 0x0, 0x0, 0x0, 0x0, 0x0, 0x0,
    0x0, 0x3, 0x8d, 0xfe, 0x94, 0x0, 0x38, 0xdf,
    0xd7, 0x20, 0x0, 0x0, 0x4, 0x9e, 0xff, 0xff,
    0xff, 0xff, 0xff, 0xff, 0xff, 0xff, 0xff, 0xff,
    0xff, 0xd8, 0x30, 0x0, 0x1, 0x6a, 0x94, 0x10,
    0x0, 0x38, 0xdf, 0xd7, 0x20, 0x0, 0x0, 0x0,
    0x23, 0x33, 0x33, 0x33, 0x34, 0xaf, 0xff, 0xd7,
    0x33, 0x33, 0x33, 0x33, 0x31, 0x0, 0x0, 0x0,
    0x0, 0x0, 0x0, 0x0, 0x38, 0xdf, 0xd7, 0x20,
    0x0, 0x0, 0x0, 0x0, 0x0, 0x0, 0x0, 0x1,
    0x6b, 0xfe, 0x94, 0x0, 0x0, 0x0, 0x0, 0x0,
    0x0, 0x0, 0x0, 0x0, 0x0, 0x0, 0x0, 0x38,
    0xdf, 0xd7, 0x20, 0x0, 0x0, 0x0, 0x0, 0x0,
    0x0, 0x0, 0x1, 0x6c, 0xff, 0x94, 0x0, 0x0,
    0x0, 0x0, 0x0, 0x0, 0x0, 0x0, 0x0, 0x0,
    0x0, 0x0, 0x38, 0xdf, 0xd7, 0x20, 0x2, 0x7d,
    0xff, 0xff, 0xff, 0xff, 0xff, 0xff, 0xff, 0xff,
    0xff, 0xff, 0xff, 0xff, 0xff, 0xff, 0xfa, 0x50,

    /* U+7AEF "端" */
    0x0, 0x0, 0x0, 0x1, 0x48, 0xa8, 0x41, 0x0,
    0x0, 0x0, 0x0, 0x1, 0x11, 0x0, 0x0, 0x0,
    0x16, 0xbf, 0xd8, 0x30, 0x0, 0x0, 0x0, 0x11,
    0x10, 0x0, 0x0, 0x0, 0x0, 0x0, 0x0, 0x28,
    0xdf, 0xd8, 0x30, 0x0, 0x0, 0x2, 0x7c, 0xfc,
    0x71, 0x0, 0x0, 0x17, 0xcf, 0xe9, 0x40, 0x0,
    0x0, 0x49, 0xef, 0xb6, 0x0, 0x0, 0x0, 0x0,
    0x0, 0x0, 0x1, 0x6b, 0xfe, 0x93, 0x0, 0x0,
    0x2, 0x7c, 0xfc, 0x71, 0x0, 0x0, 0x17, 0xcf,
    0xe9, 0x40, 0x0, 0x0, 0x49, 0xef, 0xb6, 0x0,
    0x0, 0x0, 0x47, 0x99, 0x99, 0x99, 0xab, 0xba,
    0x99, 0x99, 0x99, 0x65, 0x7c, 0xfc, 0x71, 0x0,
    0x0, 0x17, 0xcf, 0xe9, 0x40, 0x0, 0x0, 0x49,
    0xef, 0xb6, 0x0, 0x0, 0x0, 0x48, 0xaa, 0xaa,
    0xaa, 0xaa, 0xaa, 0xaa, 0xaa, 0xaa, 0x65, 0x7c,
    0xff, 0xff, 0xff, 0xff, 0xff, 0xff, 0xff, 0xff,
    0xff, 0xff, 0xff, 0xff, 0xb6, 0x0, 0x0, 0x0,
    0x1, 0x36, 0x74, 0x20, 0x0, 0x0, 0x15, 0x8a,
    0x63, 0x0, 0x12, 0x33, 0x33, 0x33, 0x33, 0x33,
    0x33, 0x33, 0x33, 0x33, 0x33, 0x33, 0x33, 0x21,
    0x0, 0x0, 0x0, 0x0, 0x5b, 0xfb, 0x60, 0x0,
    0x0, 0x49, 0xee, 0x86, 0x7c, 0xdd, 0xdd, 0xdd,
    0xdd, 0xdd, 0xef, 0xff, 0xff, 0xed, 0xdd, 0xdd,
    0xdd, 0xdd, 0xdd, 0x94, 0x0, 0x0, 0x0, 0x38,
    0xde, 0x83, 0x0, 0x0, 0x5b, 0xfb, 0x62, 0x35,
    0x66, 0x66, 0x66, 0x66, 0x66, 0x9f, 0xff, 0xff,
    0xb6, 0x66, 0x66, 0x66, 0x66, 0x66, 0x42, 0x0,
    0x0, 0x0, 0x6, 0xbf, 0xb5, 0x0, 0x3, 0x8d,
    0xe9, 0x30, 0x0, 0x0, 0x0, 0x0, 0x0, 0x0,
    0x6b, 0xff, 0xb6, 0x10, 0x0, 0x0, 0x0, 0x0,
    0x0, 0x0, 0x0, 0x0, 0x0, 0x4, 0x9e, 0xd7,
    0x20, 0x5, 0xaf, 0xb6, 0x0, 0x3, 0x58, 0x88,
    0x88, 0x89, 0x9d, 0xff, 0xff, 0xfa, 0x99, 0x99,
    0x98, 0x8b, 0xde, 0xb5, 0x20, 0x0, 0x0, 0x0,
    0x2, 0x8d, 0xe9, 0x30, 0x28, 0xde, 0x83, 0x0,
    0x5, 0xaf, 0xfd, 0xba, 0xae, 0xff, 0xff, 0xeb,
    0xac, 0xff, 0xff, 0xea, 0xae, 0xff, 0xf9, 0x40,
    0x0, 0x0, 0x0, 0x1, 0x7c, 0xe9, 0x40, 0x5a,
    0xfa, 0x50, 0x0, 0x5, 0xaf, 0xd8, 0x30, 0x4,
    0x9e, 0xd7, 0x20, 0x2, 0x7c, 0xfa, 0x40, 0x4,
    0x9e, 0xe9, 0x40, 0x0, 0x0, 0x0, 0x0, 0x12,
    0x35, 0x68, 0xdf, 0xff, 0xfe, 0xff, 0xbb, 0xbf,
    0xd8, 0x30, 0x4, 0x9e, 0xd7, 0x20, 0x2, 0x7c,
    0xfa, 0x40, 0x4, 0x9e, 0xe9, 0x40, 0x0, 0x1,
    0x5b, 0xff, 0xff, 0xed, 0xcb, 0xa9, 0x76, 0x54,
    0x31, 0x5, 0xaf, 0xd8, 0x30, 0x4, 0x9e, 0xd7,
    0x20, 0x2, 0x7c, 0xfa, 0x40, 0x4, 0x9e, 0xe9,
    0x40, 0x0, 0x0, 0x12, 0x32, 0x10, 0x0, 0x0,
    0x0, 0x0, 0x0, 0x0, 0x5, 0xaf, 0xd8, 0x30,
    0x4, 0x9e, 0xd7, 0x20, 0x2, 0x7c, 0xfa, 0x40,
    0x4, 0x9e, 0xe9, 0x40, 0x0, 0x0, 0x0, 0x0,
    0x0, 0x0, 0x0, 0x0, 0x0, 0x0, 0x0, 0x5,
    0xaf, 0xd8, 0x30, 0x4, 0x9e, 0xd7, 0x20, 0x1,
    0x6c, 0xe9, 0x89, 0xef, 0xfe, 0xb6, 0x20, 0x0,
    0x0, 0x0, 0x0, 0x0, 0x0, 0x0, 0x0, 0x0,
    0x0, 0x0, 0x0, 0x0, 0x0, 0x0, 0x0, 0x0,
    0x0, 0x0, 0x0, 0x0, 0x0, 0x0, 0x0, 0x0,
    0x0, 0x0, 0x0,

    /* U+7D2F "累" */
    0x0, 0x0, 0x0, 0x2, 0x57, 0x77, 0x77, 0x77,
    0x77, 0x77, 0x77, 0x77, 0x77, 0x77, 0x77, 0x77,
    0x77, 0x77, 0x77, 0x77, 0x77, 0x77, 0x77, 0x64,
    0x10, 0x0, 0x0, 0x0, 0x0, 0x0, 0x6, 0xbf,
    0xfd, 0xba, 0xaa, 0xaa, 0xaa, 0xaa, 0xaa, 0xbf,
    0xff, 0xff, 0xea, 0xaa, 0xaa, 0xaa, 0xaa, 0xaa,
    0xac, 0xef, 0xe9, 0x40, 0x0, 0x0, 0x0, 0x0,
    0x0, 0x6, 0xbf, 0xe9, 0x40, 0x0, 0x0, 0x0,
    0x0, 0x0, 0x16, 0xbf, 0xe9, 0x40, 0x0, 0x0,
    0x0, 0x0, 0x0, 0x16, 0xbf, 0xe9, 0x40, 0x0,
    0x0, 0x0, 0x0, 0x0, 0x6, 0xbf, 0xff, 0xff,
    0xff, 0xff, 0xff, 0xff, 0xff, 0xff, 0xff, 0xff,
    0xff, 0xff, 0xff, 0xff, 0xff, 0xff, 0xff, 0xff,
    0xe9, 0x40, 0x0, 0x0, 0x0, 0x0, 0x0, 0x6,
    0xbf, 0xea, 0x41, 0x11, 0x11, 0x11, 0x11, 0x11,
    0x27, 0xcf, 0xfa, 0x51, 0x11, 0x11, 0x11, 0x11,
    0x11, 0x27, 0xcf, 0xe9, 0x40, 0x0, 0x0, 0x0,
    0x0, 0x0, 0x6, 0xbf, 0xfc, 0xa8, 0x88, 0x88,
    0x88, 0x88, 0x99, 0xae, 0xff, 0xff, 0xc8, 0x88,
    0x88, 0x88, 0x88, 0x88, 0x8b, 0xdf, 0xe9, 0x40,
    0x0, 0x0, 0x0, 0x0, 0x0, 0x3, 0x69, 0x99,
    0x99, 0x99, 0x9a, 0xdf, 0xff, 0xff, 0xff, 0xb9,
    0x99, 0x99, 0x99, 0xab, 0xaa, 0x99, 0x99, 0x99,
    0x99, 0x85, 0x20, 0x0, 0x0, 0x0, 0x0, 0x0,
    0x0, 0x0, 0x1, 0x25, 0x7a, 0xde, 0xec, 0x95,
    0x21, 0x0, 0x0, 0x12, 0x46, 0x9c, 0xef, 0xeb,
    0x61, 0x0, 0x0, 0x0, 0x0, 0x0, 0x0, 0x0,
    0x0, 0x0, 0x0, 0x0, 0x5d, 0xff, 0xff, 0xff,
    0xff, 0xfe, 0xff, 0xff, 0xff, 0xff, 0xff, 0xfe,
    0xc9, 0x63, 0x12, 0x45, 0x41, 0x0, 0x0, 0x0,
    0x0, 0x0, 0x0, 0x0, 0x0, 0x0, 0x0, 0x25,
    0x77, 0x54, 0x33, 0x34, 0x68, 0xac, 0xef, 0xfe,
    0xb9, 0x64, 0x20, 0x0, 0x0, 0x25, 0xae, 0xfe,
    0xb6, 0x20, 0x0, 0x0, 0x0, 0x0, 0x0, 0x0,
    0x0, 0x0, 0x1, 0x35, 0x79, 0xbd, 0xff, 0xec,
    0xb9, 0x75, 0x33, 0x33, 0x33, 0x44, 0x44, 0x55,
    0x55, 0x67, 0xbf, 0xff, 0xfd, 0x62, 0x0, 0x0,
    0x0, 0x0, 0x0, 0x17, 0xff, 0xff, 0xff, 0xff,
    0xff, 0xff, 0xff, 0xff, 0xff, 0xff, 0xff, 0xff,
    0xfe, 0xdc, 0xcc, 0xbb, 0xbb, 0xaa, 0xbe, 0xff,
    0xfe, 0x94, 0x10, 0x0, 0x0, 0x0, 0x2, 0x46,
    0x53, 0x32, 0x22, 0x46, 0x64, 0x20, 0x0, 0x0,
    0x5, 0xbf, 0xfb, 0x61, 0x0, 0x0, 0x23, 0x31,
    0x0, 0x0, 0x2, 0x56, 0x41, 0x0, 0x0, 0x0,
    0x0, 0x0, 0x0, 0x12, 0x58, 0xbd, 0xfe, 0xc8,
    0x41, 0x0, 0x0, 0x5, 0xbf, 0xfb, 0x61, 0x0,
    0x25, 0x9c, 0xef, 0xec, 0x97, 0x42, 0x0, 0x0,
    0x0, 0x0, 0x0, 0x14, 0x79, 0xce, 0xff, 0xeb,
    0x86, 0x31, 0x0, 0x12, 0x33, 0x33, 0x38, 0xcf,
    0xfb, 0x60, 0x0, 0x0, 0x0, 0x1, 0x47, 0xac,
    0xef, 0xec, 0x96, 0x30, 0x0, 0x0, 0x1, 0x47,
    0x76, 0x31, 0x0, 0x0, 0x0, 0x0, 0x17, 0xcf,
    0xff, 0xff, 0xed, 0xb6, 0x20, 0x0, 0x0, 0x0,
    0x0, 0x0, 0x0, 0x13, 0x68, 0x74, 0x10, 0x0,
    0x0, 0x0, 0x0, 0x0, 0x0, 0x0, 0x0, 0x0,
    0x0, 0x0, 0x0, 0x0, 0x0, 0x0, 0x0, 0x0,
    0x0, 0x0, 0x0, 0x0, 0x0, 0x0, 0x0, 0x0,
    0x0, 0x0, 0x0,

    /* U+7EAC "纬" */
    0x0, 0x0, 0x0, 0x0, 0x0, 0x1, 0x22, 0x0,
    0x0, 0x0, 0x0, 0x0, 0x0, 0x0, 0x0, 0x0,
    0x13, 0x55, 0x42, 0x0, 0x0, 0x0, 0x0, 0x0,
    0x0, 0x0, 0x0, 0x0, 0x0, 0x0, 0x0, 0x0,
    0x38, 0xef, 0xc6, 0x10, 0x0, 0x0, 0x0, 0x0,
    0x0, 0x0, 0x0, 0x49, 0xef, 0xc7, 0x20, 0x0,
    0x0, 0x0, 0x0, 0x0, 0x0, 0x0, 0x0, 0x0,
    0x0, 0x0, 0x4, 0x9e, 0xfb, 0x51, 0x0, 0x0,
    0x0, 0x0, 0x0, 0x0, 0x0, 0x0, 0x49, 0xef,
    0xc7, 0x20, 0x0, 0x0, 0x0, 0x0, 0x0, 0x0,
    0x0, 0x0, 0x0, 0x0, 0x1, 0x6b, 0xfe, 0x83,
    0x0, 0x0, 0x0, 0x4, 0x9e, 0xee, 0xee, 0xee,
    0xee, 0xff, 0xff, 0xff, 0xfe, 0xee, 0xee, 0xee,
    0xee, 0xc8, 0x30, 0x0, 0x0, 0x0, 0x0, 0x39,
    0xef, 0xb5, 0x10, 0x0, 0x23, 0x20, 0x1, 0x35,
    0x66, 0x66, 0x66, 0x66, 0xaf, 0xff, 0xfd, 0x86,
    0x66, 0x66, 0x66, 0x66, 0x53, 0x10, 0x0, 0x0,
    0x0, 0x27, 0xcf, 0xc7, 0x20, 0x0, 0x16, 0xbf,
    0xe9, 0x30, 0x0, 0x0, 0x0, 0x0, 0x0, 0x49,
    0xef, 0xc7, 0x20, 0x0, 0x0, 0x0, 0x0, 0x0,
    0x0, 0x0, 0x0, 0x38, 0xcf, 0xc7, 0x30, 0x11,
    0x36, 0xbe, 0xeb, 0x51, 0x0, 0x12, 0x45, 0x55,
    0x55, 0x55, 0x9e, 0xff, 0xfc, 0x75, 0x55, 0x55,
    0x55, 0x42, 0x10, 0x0, 0x0, 0x1, 0x8f, 0xff,
    0xff, 0xff, 0xff, 0xff, 0xfc, 0x61, 0x0, 0x0,
    0x38, 0xef, 0xff, 0xff, 0xff, 0xff, 0xff, 0xff,
    0xff, 0xff, 0xff, 0xff, 0xd8, 0x30, 0x0, 0x0,
    0x0, 0x13, 0x54, 0x32, 0x24, 0x9d, 0xfc, 0x72,
    0x0, 0x0, 0x0, 0x0, 0x0, 0x0, 0x0, 0x0,
    0x49, 0xef, 0xc7, 0x20, 0x0, 0x0, 0x0, 0x0,
    0x0, 0x0, 0x0, 0x0, 0x0, 0x0, 0x4, 0x9d,
    0xeb, 0x62, 0x0, 0x0, 0x0, 0x1, 0x22, 0x22,
    0x22, 0x22, 0x22, 0x6b, 0xff, 0xe9, 0x42, 0x22,
    0x22, 0x22, 0x22, 0x33, 0x21, 0x0, 0x0, 0x0,
    0x26, 0xbe, 0xeb, 0x74, 0x45, 0x67, 0x89, 0x96,
    0x7a, 0xff, 0xff, 0xff, 0xff, 0xff, 0xff, 0xff,
    0xff, 0xff, 0xff, 0xff, 0xff, 0xff, 0xff, 0xe8,
    0x30, 0x0, 0x5d, 0xff, 0xff, 0xff, 0xff, 0xed,
    0xcb, 0xa9, 0x74, 0x21, 0x12, 0x22, 0x22, 0x22,
    0x22, 0x6b, 0xff, 0xe9, 0x42, 0x22, 0x22, 0x22,
    0x27, 0xcf, 0xd8, 0x30, 0x0, 0x39, 0xcb, 0x75,
    0x42, 0x10, 0x0, 0x0, 0x0, 0x0, 0x0, 0x0,
    0x0, 0x0, 0x0, 0x0, 0x49, 0xef, 0xc7, 0x20,
    0x0, 0x0, 0x0, 0x17, 0xcf, 0xc7, 0x20, 0x0,
    0x0, 0x0, 0x0, 0x0, 0x0, 0x0, 0x0, 0x1,
    0x24, 0x32, 0x0, 0x0, 0x0, 0x0, 0x0, 0x49,
    0xef, 0xc7, 0x20, 0x0, 0x0, 0x0, 0x39, 0xef,
    0xb5, 0x0, 0x0, 0x0, 0x12, 0x35, 0x67, 0x8a,
    0xbc, 0xde, 0xff, 0xff, 0xc7, 0x20, 0x0, 0x0,
    0x0, 0x0, 0x49, 0xef, 0xc7, 0x20, 0x13, 0x44,
    0x46, 0xad, 0xfd, 0x82, 0x0, 0x1, 0x6c, 0xff,
    0xfe, 0xdc, 0xa9, 0x87, 0x54, 0x32, 0x0, 0x0,
    0x0, 0x0, 0x0, 0x0, 0x0, 0x49, 0xef, 0xc7,
    0x20, 0x37, 0xcd, 0xdd, 0xdb, 0x95, 0x10, 0x0,
    0x0, 0x12, 0x21, 0x0, 0x0, 0x0, 0x0, 0x0,
    0x0, 0x0, 0x0, 0x0, 0x0, 0x0, 0x0, 0x0,
    0x49, 0xef, 0xc7, 0x20, 0x0, 0x0, 0x0, 0x0,
    0x0, 0x0, 0x0,

    /* U+7EBF "线" */
    0x0, 0x0, 0x0, 0x0, 0x0, 0x1, 0x33, 0x20,
    0x0, 0x0, 0x0, 0x0, 0x0, 0x0, 0x0, 0x13,
    0x68, 0x74, 0x10, 0x0, 0x0, 0x0, 0x0, 0x0,
    0x0, 0x0, 0x0, 0x0, 0x0, 0x0, 0x0, 0x0,
    0x27, 0xdf, 0xe9, 0x40, 0x0, 0x0, 0x0, 0x0,
    0x0, 0x0, 0x27, 0xcf, 0xe8, 0x32, 0x6b, 0xee,
    0xc9, 0x63, 0x10, 0x0, 0x0, 0x0, 0x0, 0x0,
    0x0, 0x0, 0x3, 0x9e, 0xfd, 0x82, 0x0, 0x0,
    0x0, 0x0, 0x0, 0x0, 0x0, 0x27, 0xcf, 0xe8,
    0x30, 0x0, 0x14, 0x7b, 0xde, 0xb5, 0x10, 0x0,
    0x0, 0x0, 0x0, 0x0, 0x1, 0x5b, 0xff, 0xb5,
    0x10, 0x0, 0x0, 0x0, 0x0, 0x0, 0x0, 0x0,
    0x27, 0xcf, 0xe8, 0x30, 0x0, 0x1, 0x23, 0x45,
    0x65, 0x31, 0x0, 0x0, 0x0, 0x0, 0x0, 0x39,
    0xdf, 0xc7, 0x20, 0x0, 0x25, 0x86, 0x31, 0x12,
    0x34, 0x56, 0x78, 0xaf, 0xff, 0xff, 0xfe, 0xff,
    0xff, 0xff, 0xfe, 0xdc, 0x83, 0x0, 0x0, 0x0,
    0x0, 0x27, 0xcf, 0xd8, 0x30, 0x0, 0x15, 0xbf,
    0xfc, 0x72, 0x28, 0xdf, 0xed, 0xcb, 0xcf, 0xff,
    0xff, 0x95, 0x43, 0x22, 0x10, 0x0, 0x0, 0x0,
    0x0, 0x0, 0x1, 0x4a, 0xff, 0xff, 0xc9, 0x99,
    0xbf, 0xff, 0xfc, 0x72, 0x0, 0x0, 0x0, 0x0,
    0x0, 0x5, 0xaf, 0xe9, 0x30, 0x0, 0x0, 0x0,
    0x0, 0x0, 0x0, 0x0, 0x0, 0x0, 0x4d, 0xff,
    0xeb, 0xa9, 0x9c, 0xff, 0xff, 0x82, 0x0, 0x0,
    0x0, 0x0, 0x0, 0x0, 0x4, 0x9f, 0xfc, 0x84,
    0x56, 0x78, 0x9a, 0xbc, 0xde, 0xfb, 0x61, 0x0,
    0x0, 0x0, 0x0, 0x0, 0x15, 0xae, 0xfc, 0x72,
    0x0, 0x0, 0x1, 0x36, 0x78, 0x9a, 0xbc, 0xdf,
    0xff, 0xff, 0xff, 0xed, 0xcb, 0xa9, 0x87, 0x65,
    0x43, 0x10, 0x0, 0x0, 0x0, 0x0, 0x26, 0xbe,
    0xeb, 0x62, 0x0, 0x0, 0x0, 0x2, 0x7b, 0xcb,
    0xa9, 0x87, 0x66, 0xaf, 0xff, 0x93, 0x0, 0x0,
    0x0, 0x0, 0x46, 0x75, 0x20, 0x0, 0x0, 0x1,
    0x6c, 0xff, 0xff, 0xca, 0xab, 0xcd, 0xde, 0xfc,
    0x72, 0x0, 0x0, 0x0, 0x0, 0x0, 0x39, 0xef,
    0xc6, 0x10, 0x0, 0x1, 0x5a, 0xef, 0xd8, 0x30,
    0x0, 0x0, 0x4f, 0xff, 0xff, 0xfd, 0xba, 0x98,
    0x75, 0x43, 0x21, 0x0, 0x0, 0x0, 0x0, 0x0,
    0x0, 0x5, 0xaf, 0xfa, 0x50, 0x15, 0xad, 0xfe,
    0xb6, 0x20, 0x0, 0x0, 0x0, 0x2, 0x33, 0x0,
    0x0, 0x0, 0x0, 0x0, 0x0, 0x0, 0x0, 0x0,
    0x0, 0x0, 0x0, 0x0, 0x1, 0x6b, 0xff, 0xff,
    0xef, 0xeb, 0x73, 0x0, 0x0, 0x0, 0x0, 0x0,
    0x0, 0x0, 0x0, 0x0, 0x2, 0x34, 0x67, 0x9a,
    0xcd, 0x94, 0x0, 0x0, 0x0, 0x0, 0x0, 0x25,
    0xaf, 0xff, 0xff, 0xe6, 0x20, 0x0, 0x0, 0x11,
    0x0, 0x0, 0x0, 0x25, 0x89, 0xac, 0xde, 0xff,
    0xfe, 0xdb, 0xa8, 0x75, 0x31, 0x0, 0x0, 0x24,
    0x79, 0xce, 0xff, 0xec, 0xdf, 0xff, 0xd8, 0x30,
    0x0, 0x2, 0x8c, 0xb6, 0x20, 0x0, 0x38, 0xcb,
    0xa8, 0x65, 0x32, 0x0, 0x0, 0x0, 0x0, 0x36,
    0xac, 0xef, 0xff, 0xfd, 0xa7, 0x52, 0x0, 0x2,
    0x6c, 0xff, 0xeb, 0x86, 0x69, 0xcf, 0xb5, 0x0,
    0x0, 0x0, 0x0, 0x0, 0x0, 0x0, 0x0, 0x0,
    0x0, 0x0, 0x3, 0x69, 0x86, 0x42, 0x0, 0x0,
    0x0, 0x0, 0x0, 0x1, 0x37, 0xad, 0xef, 0xfe,
    0xc8, 0x30, 0x0,

    /* U+7EC8 "终" */
    0x0, 0x0, 0x0, 0x0, 0x0, 0x0, 0x0, 0x0,
    0x0, 0x0, 0x0, 0x0, 0x0, 0x0, 0x0, 0x0,
    0x0, 0x0, 0x0, 0x0, 0x0, 0x0, 0x0, 0x0,
    0x0, 0x0, 0x0, 0x0, 0x0, 0x0, 0x0, 0x0,
    0x0, 0x2, 0x7d, 0xec, 0x72, 0x0, 0x0, 0x0,
    0x0, 0x0, 0x0, 0x16, 0xbf, 0xfc, 0x71, 0x0,
    0x0, 0x0, 0x0, 0x0, 0x0, 0x0, 0x0, 0x0,
    0x0, 0x0, 0x0, 0x0, 0x0, 0x4, 0x9e, 0xfd,
    0x83, 0x0, 0x0, 0x0, 0x0, 0x0, 0x0, 0x49,
    0xff, 0xfd, 0x84, 0x44, 0x44, 0x44, 0x44, 0x55,
    0x52, 0x0, 0x0, 0x0, 0x0, 0x0, 0x0, 0x0,
    0x0, 0x15, 0xbf, 0xfb, 0x61, 0x0, 0x0, 0x0,
    0x0, 0x0, 0x14, 0x9e, 0xff, 0xff, 0xff, 0xff,
    0xff, 0xff, 0xff, 0xff, 0xff, 0xe7, 0x20, 0x0,
    0x0, 0x0, 0x0, 0x0, 0x0, 0x38, 0xdf, 0xd8,
    0x30, 0x0, 0x1, 0x10, 0x0, 0x2, 0x6b, 0xff,
    0xff, 0xfb, 0x40, 0x0, 0x0, 0x0, 0x2, 0x7c,
    0xff, 0xa5, 0x10, 0x0, 0x0, 0x0, 0x0, 0x0,
    0x2, 0x6c, 0xfe, 0x94, 0x0, 0x0, 0x38, 0xdf,
    0xda, 0x9b, 0xef, 0xec, 0x75, 0x7c, 0xfe, 0xa5,
    0x10, 0x0, 0x38, 0xdf, 0xeb, 0x61, 0x0, 0x0,
    0x0, 0x0, 0x0, 0x0, 0x27, 0xcf, 0xfb, 0x73,
    0x23, 0x47, 0xcf, 0xfe, 0xa5, 0x36, 0x99, 0x62,
    0x0, 0x0, 0x26, 0xbe, 0xfd, 0xcb, 0xce, 0xfd,
    0x94, 0x10, 0x0, 0x0, 0x0, 0x0, 0x0, 0x0,
    0x4d, 0xff, 0xff, 0xff, 0xff, 0xff, 0xff, 0xfd,
    0x41, 0x0, 0x0, 0x0, 0x0, 0x0, 0x0, 0x2,
    0x8f, 0xff, 0xff, 0xfb, 0x40, 0x0, 0x0, 0x0,
    0x0, 0x0, 0x0, 0x0, 0x0, 0x24, 0x42, 0x10,
    0x3, 0x7c, 0xfe, 0xa4, 0x10, 0x0, 0x0, 0x0,
    0x0, 0x1, 0x36, 0x9c, 0xef, 0xed, 0xbb, 0xde,
    0xff, 0xd9, 0x63, 0x10, 0x0, 0x0, 0x0, 0x0,
    0x0, 0x0, 0x0, 0x0, 0x38, 0xdf, 0xd8, 0x30,
    0x0, 0x0, 0x0, 0x13, 0x58, 0xac, 0xef, 0xfe,
    0xb8, 0x42, 0x0, 0x0, 0x14, 0x8b, 0xef, 0xfe,
    0xca, 0x75, 0x31, 0x0, 0x0, 0x0, 0x0, 0x26,
    0xbe, 0xfc, 0x74, 0x33, 0x45, 0x56, 0x76, 0x67,
    0xbe, 0xec, 0xa7, 0x52, 0x2, 0x57, 0x74, 0x20,
    0x0, 0x0, 0x0, 0x25, 0x8b, 0xdf, 0xea, 0x51,
    0x0, 0x0, 0x17, 0xff, 0xff, 0xff, 0xff, 0xff,
    0xfe, 0xdd, 0xcb, 0x85, 0x10, 0x0, 0x0, 0x0,
    0x1, 0x47, 0xac, 0xef, 0xfd, 0xa7, 0x52, 0x0,
    0x0, 0x0, 0x0, 0x0, 0x0, 0x0, 0x0, 0x59,
    0xc9, 0x65, 0x43, 0x21, 0x0, 0x0, 0x0, 0x0,
    0x0, 0x0, 0x0, 0x0, 0x0, 0x0, 0x0, 0x0,
    0x25, 0x7b, 0xdf, 0xe9, 0x40, 0x0, 0x0, 0x0,
    0x0, 0x0, 0x0, 0x0, 0x0, 0x0, 0x0, 0x0,
    0x0, 0x0, 0x0, 0x0, 0x0, 0x0, 0x0, 0x2,
    0x33, 0x21, 0x0, 0x0, 0x0, 0x0, 0x0, 0x11,
    0x0, 0x0, 0x0, 0x0, 0x0, 0x0, 0x0, 0x0,
    0x0, 0x12, 0x34, 0x56, 0x78, 0x9a, 0xbc, 0xde,
    0xff, 0xd7, 0x20, 0x26, 0xad, 0xff, 0xfe, 0xdb,
    0xa8, 0x64, 0x20, 0x0, 0x0, 0x0, 0x0, 0x0,
    0x0, 0x0, 0x0, 0x0, 0x49, 0xff, 0xff, 0xff,
    0xed, 0xca, 0x98, 0x76, 0x54, 0x32, 0x0, 0x0,
    0x0, 0x0, 0x13, 0x46, 0x8a, 0xce, 0xff, 0xfd,
    0xb9, 0x75, 0x21, 0x0, 0x0, 0x0, 0x0, 0x0,
    0x0, 0x23, 0x32, 0x10, 0x0, 0x0, 0x0, 0x0,
    0x0, 0x0, 0x0, 0x0, 0x0, 0x0, 0x0, 0x0,
    0x0, 0x0, 0x1, 0x35, 0x79, 0xce, 0xff, 0xe9,
    0x40, 0x0, 0x0, 0x0, 0x0, 0x0, 0x0, 0x0,
    0x0, 0x0, 0x0, 0x0, 0x0, 0x0, 0x0, 0x0,
    0x0, 0x0, 0x0, 0x0, 0x0, 0x0, 0x0, 0x0,
    0x0, 0x0, 0x2, 0x33, 0x10, 0x0, 0x0, 0x0,
    0x0,

    /* U+7ECF "经" */
    0x0, 0x0, 0x0, 0x0, 0x0, 0x0, 0x0, 0x0,
    0x0, 0x0, 0x0, 0x0, 0x0, 0x0, 0x0, 0x0,
    0x0, 0x0, 0x0, 0x0, 0x0, 0x0, 0x0, 0x0,
    0x0, 0x0, 0x0, 0x0, 0x0, 0x0, 0x0, 0x0,
    0x5, 0xae, 0xd9, 0x40, 0x0, 0x0, 0x11, 0x22,
    0x22, 0x22, 0x22, 0x22, 0x22, 0x22, 0x22, 0x22,
    0x33, 0x33, 0x10, 0x0, 0x0, 0x0, 0x0, 0x0,
    0x0, 0x0, 0x1, 0x6b, 0xff, 0xb5, 0x10, 0x0,
    0x0, 0x6b, 0xff, 0xff, 0xff, 0xff, 0xff, 0xff,
    0xff, 0xff, 0xff, 0xff, 0xff, 0xea, 0x50, 0x0,
    0x0, 0x0, 0x0, 0x0, 0x0, 0x39, 0xef, 0xd8,
    0x30, 0x0, 0x0, 0x0, 0x0, 0x11, 0x11, 0x11,
    0x11, 0x11, 0x11, 0x11, 0x12, 0x6b, 0xff, 0xfd,
    0x83, 0x0, 0x0, 0x0, 0x0, 0x0, 0x0, 0x16,
    0xbf, 0xea, 0x51, 0x0, 0x0, 0x11, 0x0, 0x0,
    0x0, 0x0, 0x0, 0x0, 0x0, 0x0, 0x14, 0x8c,
    0xff, 0xeb, 0x72, 0x0, 0x0, 0x0, 0x0, 0x0,
    0x0, 0x15, 0xae, 0xfb, 0x61, 0x0, 0x0, 0x39,
    0xef, 0xc7, 0x20, 0x0, 0x0, 0x0, 0x0, 0x2,
    0x5a, 0xef, 0xff, 0xc8, 0x31, 0x0, 0x0, 0x0,
    0x0, 0x0, 0x0, 0x15, 0xae, 0xfc, 0x74, 0x23,
    0x34, 0x7b, 0xef, 0xeb, 0x51, 0x0, 0x0, 0x0,
    0x13, 0x69, 0xcf, 0xff, 0xff, 0xff, 0xc8, 0x64,
    0x10, 0x0, 0x0, 0x0, 0x0, 0x3, 0xbf, 0xff,
    0xff, 0xff, 0xff, 0xff, 0xff, 0xfb, 0x51, 0x0,
    0x2, 0x46, 0x9c, 0xef, 0xff, 0xda, 0x63, 0x23,
    0x57, 0xad, 0xff, 0xfe, 0xc9, 0x64, 0x10, 0x0,
    0x0, 0x35, 0x64, 0x32, 0x22, 0x49, 0xdf, 0xea,
    0x51, 0x2, 0x6b, 0xff, 0xff, 0xec, 0x96, 0x31,
    0x0, 0x0, 0x0, 0x0, 0x0, 0x13, 0x58, 0xbe,
    0xff, 0xfa, 0x51, 0x0, 0x0, 0x0, 0x1, 0x5b,
    0xef, 0xd8, 0x30, 0x0, 0x0, 0x14, 0x55, 0x31,
    0x0, 0x0, 0x0, 0x0, 0x0, 0x0, 0x0, 0x0,
    0x0, 0x0, 0x0, 0x24, 0x42, 0x0, 0x0, 0x0,
    0x14, 0x9d, 0xfe, 0xb7, 0x32, 0x34, 0x56, 0x78,
    0x52, 0x4, 0x8c, 0xcc, 0xcc, 0xcc, 0xcc, 0xcc,
    0xcc, 0xcc, 0xcc, 0xcc, 0xcc, 0xcc, 0xc8, 0x40,
    0x0, 0x0, 0x4b, 0xff, 0xff, 0xff, 0xff, 0xff,
    0xed, 0xcb, 0xa9, 0x62, 0x2, 0x47, 0x77, 0x77,
    0x77, 0x78, 0xef, 0xff, 0xfa, 0x77, 0x77, 0x77,
    0x77, 0x74, 0x20, 0x0, 0x0, 0x18, 0xde, 0xa7,
    0x54, 0x32, 0x10, 0x0, 0x0, 0x0, 0x0, 0x0,
    0x0, 0x0, 0x0, 0x0, 0x1, 0x7c, 0xfe, 0x93,
    0x0, 0x0, 0x0, 0x0, 0x0, 0x0, 0x0, 0x0,
    0x0, 0x0, 0x0, 0x0, 0x0, 0x0, 0x0, 0x12,
    0x45, 0x31, 0x0, 0x0, 0x0, 0x0, 0x0, 0x1,
    0x7c, 0xfe, 0x93, 0x0, 0x0, 0x0, 0x0, 0x0,
    0x0, 0x0, 0x0, 0x12, 0x34, 0x67, 0x89, 0xab,
    0xde, 0xff, 0xff, 0xec, 0x83, 0x0, 0x0, 0x0,
    0x0, 0x0, 0x1, 0x7c, 0xfe, 0x93, 0x0, 0x0,
    0x0, 0x0, 0x0, 0x0, 0x0, 0x2, 0x7d, 0xff,
    0xec, 0xba, 0x87, 0x64, 0x32, 0x10, 0x0, 0x36,
    0x77, 0x77, 0x77, 0x77, 0x77, 0x79, 0xef, 0xff,
    0xfb, 0x77, 0x77, 0x77, 0x77, 0x77, 0x76, 0x31,
    0x0, 0x1, 0x10, 0x0, 0x0, 0x0, 0x0, 0x0,
    0x0, 0x1, 0x7c, 0xff, 0xff, 0xff, 0xff, 0xff,
    0xff, 0xff, 0xff, 0xff, 0xff, 0xff, 0xff, 0xff,
    0xff, 0xfd, 0x83,

    /* U+7F6E "置" */
    0x0, 0x0, 0x1, 0x23, 0x33, 0x33, 0x33, 0x33,
    0x33, 0x33, 0x33, 0x33, 0x33, 0x33, 0x33, 0x33,
    0x33, 0x33, 0x33, 0x33, 0x33, 0x33, 0x33, 0x32,
    0x10, 0x0, 0x0, 0x0, 0x0, 0x5, 0xaf, 0xfe,
    0xdc, 0xcc, 0xcc, 0xcc, 0xde, 0xff, 0xec, 0xcc,
    0xcc, 0xcc, 0xce, 0xff, 0xed, 0xcc, 0xcc, 0xcc,
    0xcd, 0xef, 0xfa, 0x50, 0x0, 0x0, 0x0, 0x0,
    0x5, 0xaf, 0xfb, 0x61, 0x0, 0x0, 0x1, 0x6b,
    0xfd, 0x82, 0x0, 0x0, 0x0, 0x38, 0xdf, 0xb6,
    0x0, 0x0, 0x0, 0x4, 0x9e, 0xfa, 0x50, 0x0,
    0x0, 0x0, 0x0, 0x5, 0xaf, 0xff, 0xed, 0xdd,
    0xdd, 0xdd, 0xef, 0xff, 0xee, 0xff, 0xff, 0xfe,
    0xee, 0xff, 0xfe, 0xdd, 0xdd, 0xdd, 0xde, 0xef,
    0xfa, 0x50, 0x0, 0x0, 0x0, 0x0, 0x0, 0x1,
    0x11, 0x11, 0x11, 0x11, 0x11, 0x11, 0x11, 0x15,
    0xaf, 0xfe, 0x83, 0x11, 0x11, 0x11, 0x11, 0x11,
    0x11, 0x11, 0x11, 0x10, 0x0, 0x0, 0x0, 0x0,
    0x39, 0xef, 0xff, 0xff, 0xff, 0xff, 0xff, 0xff,
    0xff, 0xff, 0xff, 0xff, 0xff, 0xff, 0xff, 0xff,
    0xff, 0xff, 0xff, 0xff, 0xff, 0xff, 0xff, 0xb6,
    0x10, 0x0, 0x0, 0x1, 0x11, 0x11, 0x11, 0x11,
    0x11, 0x11, 0x11, 0x11, 0x11, 0x5a, 0xff, 0xe8,
    0x31, 0x11, 0x11, 0x11, 0x11, 0x11, 0x11, 0x11,
    0x11, 0x11, 0x10, 0x0, 0x0, 0x0, 0x0, 0x0,
    0x0, 0x2, 0x69, 0xbb, 0xbb, 0xbb, 0xbb, 0xbb,
    0xff, 0xff, 0xfd, 0xbb, 0xbb, 0xbb, 0xbb, 0xbb,
    0xbb, 0xbb, 0x96, 0x20, 0x0, 0x0, 0x0, 0x0,
    0x0, 0x0, 0x0, 0x0, 0x4, 0x9e, 0xfc, 0x84,
    0x33, 0x33, 0x33, 0x33, 0x33, 0x33, 0x33, 0x33,
    0x33, 0x33, 0x33, 0x59, 0xdf, 0xe8, 0x30, 0x0,
    0x0, 0x0, 0x0, 0x0, 0x0, 0x0, 0x0, 0x4,
    0x9f, 0xff, 0xfd, 0xdd, 0xdd, 0xdd, 0xdd, 0xdd,
    0xdd, 0xdd, 0xdd, 0xdd, 0xdd, 0xdd, 0xef, 0xff,
    0xf8, 0x30, 0x0, 0x0, 0x0, 0x0, 0x0, 0x0,
    0x0, 0x0, 0x4, 0x9e, 0xfb, 0x60, 0x0, 0x0,
    0x0, 0x0, 0x0, 0x0, 0x0, 0x0, 0x0, 0x0,
    0x0, 0x17, 0xcf, 0xe8, 0x30, 0x0, 0x0, 0x0,
    0x0, 0x0, 0x0, 0x0, 0x0, 0x4, 0x9f, 0xff,
    0xfd, 0xdd, 0xdd, 0xdd, 0xdd, 0xdd, 0xdd, 0xdd,
    0xdd, 0xdd, 0xdd, 0xdd, 0xef, 0xff, 0xf8, 0x30,
    0x0, 0x0, 0x0, 0x0, 0x0, 0x0, 0x0, 0x0,
    0x4, 0x9e, 0xfb, 0x60, 0x0, 0x0, 0x0, 0x0,
    0x0, 0x0, 0x0, 0x0, 0x0, 0x0, 0x0, 0x17,
    0xcf, 0xe8, 0x30, 0x0, 0x0, 0x0, 0x0, 0x0,
    0x0, 0x0, 0x0, 0x4, 0x9f, 0xff, 0xfd, 0xdd,
    0xdd, 0xdd, 0xdd, 0xdd, 0xdd, 0xdd, 0xdd, 0xdd,
    0xdd, 0xdd, 0xef, 0xff, 0xf8, 0x30, 0x0, 0x0,
    0x0, 0x0, 0x0, 0x0, 0x0, 0x0, 0x4, 0x9e,
    0xfb, 0x60, 0x0, 0x0, 0x0, 0x0, 0x0, 0x0,
    0x0, 0x0, 0x0, 0x0, 0x0, 0x17, 0xcf, 0xe8,
    0x30, 0x0, 0x0, 0x0, 0x0, 0x0, 0x4a, 0xff,
    0xff, 0xff, 0xff, 0xff, 0xff, 0xff, 0xff, 0xff,
    0xff, 0xff, 0xff, 0xff, 0xff, 0xff, 0xff, 0xff,
    0xff, 0xff, 0xff, 0xff, 0xff, 0xff, 0xb5, 0x0,

    /* U+89D2 "角" */
    0x0, 0x0, 0x0, 0x0, 0x0, 0x0, 0x0, 0x0,
    0x0, 0x11, 0x0, 0x0, 0x0, 0x0, 0x0, 0x0,
    0x0, 0x0, 0x0, 0x0, 0x0, 0x0, 0x0, 0x0,
    0x0, 0x0, 0x0, 0x0, 0x0, 0x0, 0x0, 0x0,
    0x0, 0x4, 0xae, 0xff, 0xa5, 0x10, 0x0, 0x0,
    0x0, 0x0, 0x0, 0x0, 0x0, 0x0, 0x0, 0x0,
    0x0, 0x0, 0x0, 0x0, 0x0, 0x0, 0x0, 0x0,
    0x0, 0x1, 0x4a, 0xef, 0xff, 0xff, 0xff, 0xff,
    0xff, 0xff, 0xff, 0xff, 0xff, 0xff, 0xc5, 0x10,
    0x0, 0x0, 0x0, 0x0, 0x0, 0x0, 0x0, 0x0,
    0x0, 0x0, 0x27, 0xbf, 0xfe, 0xb7, 0x43, 0x33,
    0x33, 0x33, 0x33, 0x33, 0x46, 0xbf, 0xff, 0xc6,
    0x10, 0x0, 0x0, 0x0, 0x0, 0x0, 0x0, 0x0,
    0x0, 0x0, 0x27, 0xcf, 0xff, 0xfb, 0x63, 0x22,
    0x22, 0x22, 0x22, 0x22, 0x35, 0x9e, 0xff, 0xfa,
    0x53, 0x22, 0x22, 0x34, 0x43, 0x21, 0x0, 0x0,
    0x0, 0x2, 0x49, 0xce, 0xff, 0xff, 0xff, 0xff,
    0xff, 0xff, 0xff, 0xff, 0xff, 0xff, 0xff, 0xff,
    0xff, 0xff, 0xff, 0xff, 0xff, 0xff, 0xfd, 0x61,
    0x0, 0x0, 0x15, 0xae, 0xff, 0xcc, 0xdf, 0xfd,
    0x82, 0x11, 0x11, 0x11, 0x11, 0x15, 0xaf, 0xfd,
    0x82, 0x11, 0x11, 0x11, 0x11, 0x11, 0x5b, 0xff,
    0xc6, 0x10, 0x0, 0x0, 0x1, 0x33, 0x20, 0x49,
    0xef, 0xc7, 0x10, 0x0, 0x0, 0x0, 0x0, 0x49,
    0xef, 0xc7, 0x10, 0x0, 0x0, 0x0, 0x0, 0x4,
    0xaf, 0xfc, 0x61, 0x0, 0x0, 0x0, 0x0, 0x0,
    0x4, 0x9f, 0xff, 0xb5, 0x33, 0x33, 0x33, 0x33,
    0x37, 0xdf, 0xff, 0xa5, 0x33, 0x33, 0x33, 0x33,
    0x33, 0x8d, 0xff, 0xc6, 0x10, 0x0, 0x0, 0x0,
    0x0, 0x0, 0x49, 0xff, 0xff, 0xff, 0xff, 0xff,
    0xff, 0xff, 0xff, 0xff, 0xff, 0xff, 0xff, 0xff,
    0xff, 0xff, 0xff, 0xff, 0xfc, 0x61, 0x0, 0x0,
    0x0, 0x0, 0x0, 0x5, 0xaf, 0xfb, 0x60, 0x0,
    0x0, 0x0, 0x0, 0x4, 0x9e, 0xfc, 0x71, 0x0,
    0x0, 0x0, 0x0, 0x0, 0x4a, 0xff, 0xc6, 0x10,
    0x0, 0x0, 0x0, 0x0, 0x0, 0x6b, 0xff, 0xa5,
    0x0, 0x0, 0x0, 0x0, 0x0, 0x49, 0xef, 0xc7,
    0x10, 0x0, 0x0, 0x0, 0x0, 0x4, 0xaf, 0xfc,
    0x61, 0x0, 0x0, 0x0, 0x0, 0x0, 0x38, 0xff,
    0xff, 0xff, 0xff, 0xff, 0xff, 0xff, 0xff, 0xff,
    0xff, 0xff, 0xff, 0xff, 0xff, 0xff, 0xff, 0xff,
    0xff, 0xc6, 0x10, 0x0, 0x0, 0x0, 0x0, 0x17,
    0xcf, 0xfc, 0x84, 0x44, 0x44, 0x44, 0x44, 0x44,
    0x8d, 0xff, 0xfb, 0x54, 0x44, 0x44, 0x44, 0x44,
    0x48, 0xdf, 0xfc, 0x61, 0x0, 0x0, 0x0, 0x0,
    0x27, 0xdf, 0xe9, 0x30, 0x0, 0x0, 0x0, 0x0,
    0x0, 0x4, 0x9e, 0xfc, 0x71, 0x0, 0x0, 0x0,
    0x0, 0x0, 0x4a, 0xff, 0xc6, 0x10, 0x0, 0x0,
    0x1, 0x6b, 0xef, 0xd7, 0x20, 0x0, 0x0, 0x0,
    0x0, 0x0, 0x0, 0x49, 0xef, 0xc7, 0x10, 0x1,
    0x34, 0x44, 0x44, 0x48, 0xcf, 0xfb, 0x61, 0x0,
    0x0, 0x3, 0x8d, 0xed, 0x83, 0x0, 0x0, 0x0,
    0x0, 0x0, 0x0, 0x0, 0x4, 0x9e, 0xfc, 0x71,
    0x0, 0x16, 0xcf, 0xff, 0xff, 0xfe, 0xda, 0x52,
    0x0, 0x0, 0x0, 0x0, 0x0, 0x0, 0x0, 0x0,
    0x0, 0x0, 0x0, 0x0, 0x0, 0x0, 0x0, 0x0,
    0x0, 0x0, 0x0, 0x0, 0x0, 0x0, 0x0, 0x0,
    0x0, 0x0, 0x0,

    /* U+8BA1 "计" */
    0x0, 0x0, 0x0, 0x0, 0x0, 0x0, 0x0, 0x0,
    0x0, 0x0, 0x0, 0x0, 0x0, 0x0, 0x0, 0x0,
    0x0, 0x0, 0x10, 0x0, 0x0, 0x0, 0x0, 0x0,
    0x0, 0x0, 0x0, 0x0, 0x0, 0x0, 0x0, 0x26,
    0x98, 0x41, 0x0, 0x0, 0x0, 0x0, 0x0, 0x0,
    0x0, 0x0, 0x0, 0x2, 0x8d, 0xfe, 0x94, 0x0,
    0x0, 0x0, 0x0, 0x0, 0x0, 0x0, 0x0, 0x0,
    0x0, 0x0, 0x37, 0xce, 0xfe, 0xb6, 0x20, 0x0,
    0x0, 0x0, 0x0, 0x0, 0x0, 0x0, 0x2, 0x8d,
    0xfe, 0x94, 0x0, 0x0, 0x0, 0x0, 0x0, 0x0,
    0x0, 0x0, 0x0, 0x0, 0x0, 0x0, 0x2, 0x7b,
    0xef, 0xeb, 0x62, 0x0, 0x0, 0x0, 0x0, 0x0,
    0x0, 0x2, 0x8d, 0xfe, 0x94, 0x0, 0x0, 0x0,
    0x0, 0x0, 0x0, 0x0, 0x0, 0x0, 0x0, 0x0,
    0x0, 0x0, 0x0, 0x37, 0x98, 0x41, 0x0, 0x0,
    0x0, 0x0, 0x0, 0x0, 0x2, 0x8d, 0xfe, 0x94,
    0x0, 0x0, 0x0, 0x0, 0x0, 0x0, 0x0, 0x0,
    0x0, 0x0, 0x0, 0x0, 0x0, 0x0, 0x0, 0x0,
    0x0, 0x0, 0x0, 0x0, 0x0, 0x0, 0x0, 0x2,
    0x8d, 0xfe, 0x94, 0x0, 0x0, 0x0, 0x0, 0x0,
    0x0, 0x0, 0x0, 0x24, 0x77, 0x77, 0x77, 0x8a,
    0xdd, 0xa5, 0x20, 0x0, 0x1, 0x22, 0x22, 0x22,
    0x22, 0x22, 0x25, 0xaf, 0xff, 0xb6, 0x22, 0x22,
    0x22, 0x22, 0x22, 0x21, 0x10, 0x0, 0x38, 0xdd,
    0xdd, 0xdd, 0xff, 0xff, 0xfa, 0x40, 0x1, 0x6b,
    0xff, 0xff, 0xff, 0xff, 0xff, 0xff, 0xff, 0xff,
    0xff, 0xff, 0xff, 0xff, 0xff, 0xff, 0xfd, 0x82,
    0x0, 0x0, 0x0, 0x0, 0x0, 0x16, 0xcf, 0xf9,
    0x40, 0x0, 0x12, 0x33, 0x33, 0x33, 0x33, 0x33,
    0x36, 0xbf, 0xff, 0xd7, 0x33, 0x33, 0x33, 0x33,
    0x33, 0x33, 0x10, 0x0, 0x0, 0x0, 0x0, 0x0,
    0x16, 0xcf, 0xf9, 0x40, 0x0, 0x0, 0x0, 0x0,
    0x0, 0x0, 0x0, 0x2, 0x8d, 0xfe, 0x94, 0x0,
    0x0, 0x0, 0x0, 0x0, 0x0, 0x0, 0x0, 0x0,
    0x0, 0x0, 0x0, 0x16, 0xcf, 0xf9, 0x40, 0x0,
    0x0, 0x0, 0x0, 0x0, 0x0, 0x0, 0x2, 0x8d,
    0xfe, 0x94, 0x0, 0x0, 0x0, 0x0, 0x0, 0x0,
    0x0, 0x0, 0x0, 0x0, 0x0, 0x0, 0x16, 0xcf,
    0xf9, 0x40, 0x0, 0x0, 0x0, 0x0, 0x0, 0x0,
    0x0, 0x2, 0x8d, 0xfe, 0x94, 0x0, 0x0, 0x0,
    0x0, 0x0, 0x0, 0x0, 0x0, 0x0, 0x0, 0x0,
    0x0, 0x16, 0xcf, 0xf9, 0x40, 0x0, 0x13, 0x31,
    0x0, 0x0, 0x0, 0x0, 0x2, 0x8d, 0xfe, 0x94,
    0x0, 0x0, 0x0, 0x0, 0x0, 0x0, 0x0, 0x0,
    0x0, 0x0, 0x0, 0x0, 0x16, 0xcf, 0xfa, 0x76,
    0xad, 0xff, 0xc7, 0x10, 0x0, 0x0, 0x0, 0x2,
    0x8d, 0xfe, 0x94, 0x0, 0x0, 0x0, 0x0, 0x0,
    0x0, 0x0, 0x0, 0x0, 0x0, 0x0, 0x0, 0x4b,
    0xff, 0xff, 0xff, 0xda, 0x63, 0x0, 0x0, 0x0,
    0x0, 0x0, 0x2, 0x8d, 0xfe, 0x94, 0x0, 0x0,
    0x0, 0x0, 0x0, 0x0, 0x0, 0x0, 0x0, 0x0,
    0x0, 0x18, 0xff, 0xff, 0xfc, 0x62, 0x0, 0x0,
    0x0, 0x0, 0x0, 0x0, 0x0, 0x2, 0x8d, 0xfe,
    0x94, 0x0, 0x0, 0x0, 0x0, 0x0, 0x0, 0x0,
    0x0, 0x0, 0x0, 0x0, 0x1, 0x68, 0x72, 0x0,
    0x0, 0x0, 0x0, 0x0, 0x0, 0x0, 0x0, 0x0,
    0x2, 0x8d, 0xfe, 0x94, 0x0, 0x0, 0x0, 0x0,
    0x0, 0x0, 0x0,

    /* U+8BB0 "记" */
    0x0, 0x0, 0x0, 0x1, 0x48, 0x85, 0x20, 0x0,
    0x0, 0x0, 0x0, 0x0, 0x0, 0x0, 0x0, 0x0,
    0x0, 0x0, 0x0, 0x0, 0x0, 0x0, 0x0, 0x0,
    0x0, 0x0, 0x0, 0x0, 0x0, 0x0, 0x2, 0x6b,
    0xef, 0xeb, 0x73, 0x0, 0x0, 0x0, 0x5, 0xaf,
    0xff, 0xff, 0xff, 0xff, 0xff, 0xff, 0xff, 0xff,
    0xff, 0xff, 0xff, 0xa5, 0x0, 0x0, 0x0, 0x0,
    0x0, 0x0, 0x0, 0x26, 0xbe, 0xff, 0xc8, 0x30,
    0x0, 0x2, 0x46, 0x66, 0x66, 0x66, 0x66, 0x66,
    0x66, 0x66, 0x66, 0x66, 0x9c, 0xff, 0xa5, 0x0,
    0x0, 0x0, 0x0, 0x0, 0x0, 0x0, 0x0, 0x3,
    0x7b, 0xb7, 0x30, 0x0, 0x0, 0x0, 0x0, 0x0,
    0x0, 0x0, 0x0, 0x0, 0x0, 0x0, 0x0, 0x5a,
    0xff, 0xa5, 0x0, 0x0, 0x0, 0x0, 0x0, 0x0,
    0x0, 0x0, 0x0, 0x0, 0x0, 0x0, 0x0, 0x0,
    0x0, 0x0, 0x0, 0x0, 0x0, 0x0, 0x0, 0x0,
    0x0, 0x0, 0x5a, 0xff, 0xa5, 0x0, 0x0, 0x0,
    0x25, 0x78, 0x88, 0x88, 0x8b, 0xef, 0xb6, 0x20,
    0x0, 0x0, 0x0, 0x0, 0x0, 0x0, 0x0, 0x0,
    0x0, 0x0, 0x0, 0x0, 0x0, 0x5a, 0xff, 0xa5,
    0x0, 0x0, 0x0, 0x38, 0xcd, 0xdd, 0xdd, 0xef,
    0xff, 0xfc, 0x40, 0x0, 0x0, 0x0, 0x0, 0x0,
    0x0, 0x0, 0x0, 0x0, 0x0, 0x0, 0x0, 0x0,
    0x5a, 0xff, 0xa5, 0x0, 0x0, 0x0, 0x0, 0x0,
    0x0, 0x0, 0x16, 0xcf, 0xf9, 0x40, 0x0, 0x0,
    0x0, 0x5b, 0xff, 0xff, 0xff, 0xff, 0xff, 0xff,
    0xff, 0xff, 0xff, 0xff, 0xff, 0xb5, 0x0, 0x0,
    0x0, 0x0, 0x0, 0x0, 0x0, 0x16, 0xcf, 0xf9,
    0x40, 0x0, 0x0, 0x0, 0x5b, 0xff, 0xfb, 0x65,
    0x55, 0x55, 0x55, 0x55, 0x55, 0x55, 0xaf, 0xff,
    0xb5, 0x0, 0x0, 0x0, 0x0, 0x0, 0x0, 0x0,
    0x16, 0xcf, 0xf9, 0x40, 0x0, 0x0, 0x0, 0x5a,
    0xff, 0xb6, 0x0, 0x0, 0x0, 0x0, 0x0, 0x0,
    0x0, 0x13, 0x44, 0x31, 0x0, 0x0, 0x0, 0x0,
    0x0, 0x0, 0x0, 0x16, 0xcf, 0xf9, 0x40, 0x0,
    0x0, 0x0, 0x5a, 0xff, 0xb6, 0x0, 0x0, 0x0,
    0x0, 0x0, 0x0, 0x0, 0x0, 0x0, 0x0, 0x0,
    0x0, 0x0, 0x0, 0x0, 0x0, 0x0, 0x16, 0xcf,
    0xf9, 0x40, 0x0, 0x0, 0x0, 0x5a, 0xff, 0xb6,
    0x0, 0x0, 0x0, 0x0, 0x0, 0x0, 0x0, 0x0,
    0x0, 0x0, 0x0, 0x0, 0x0, 0x0, 0x0, 0x0,
    0x0, 0x16, 0xcf, 0xf9, 0x42, 0x58, 0xba, 0x72,
    0x5a, 0xff, 0xb6, 0x0, 0x0, 0x0, 0x0, 0x0,
    0x0, 0x0, 0x0, 0x0, 0x6b, 0xeb, 0x62, 0x0,
    0x0, 0x0, 0x0, 0x0, 0x27, 0xef, 0xff, 0xff,
    0xfe, 0xb7, 0x41, 0x5a, 0xff, 0xb6, 0x0, 0x0,
    0x0, 0x0, 0x0, 0x0, 0x0, 0x0, 0x2, 0x7d,
    0xfd, 0x82, 0x0, 0x0, 0x0, 0x0, 0x15, 0xef,
    0xff, 0xff, 0xb6, 0x20, 0x0, 0x0, 0x49, 0xef,
    0xeb, 0x75, 0x54, 0x44, 0x44, 0x44, 0x44, 0x44,
    0x45, 0x6a, 0xdf, 0xfa, 0x50, 0x0, 0x0, 0x0,
    0x0, 0x2, 0xae, 0xe6, 0x20, 0x0, 0x0, 0x0,
    0x0, 0x3, 0x6b, 0xde, 0xff, 0xff, 0xff, 0xff,
    0xff, 0xff, 0xff, 0xff, 0xfe, 0xda, 0x62, 0x0,

    /* U+8BBE "设" */
    0x0, 0x0, 0x0, 0x2, 0x56, 0x41, 0x0, 0x0,
    0x0, 0x0, 0x0, 0x0, 0x1, 0x37, 0x87, 0x64,
    0x44, 0x44, 0x44, 0x46, 0x77, 0x52, 0x10, 0x0,
    0x0, 0x0, 0x0, 0x0, 0x0, 0x0, 0x26, 0xbe,
    0xfe, 0xa5, 0x20, 0x0, 0x0, 0x0, 0x0, 0x4,
    0xcf, 0xff, 0xff, 0xff, 0xff, 0xff, 0xff, 0xff,
    0xf9, 0x40, 0x0, 0x0, 0x0, 0x0, 0x0, 0x0,
    0x0, 0x0, 0x2, 0x6b, 0xef, 0xea, 0x51, 0x0,
    0x0, 0x0, 0x4, 0x9f, 0xfa, 0x50, 0x0, 0x0,
    0x0, 0x6, 0xbf, 0xe9, 0x40, 0x0, 0x0, 0x0,
    0x0, 0x0, 0x0, 0x0, 0x0, 0x0, 0x0, 0x38,
    0xba, 0x62, 0x0, 0x0, 0x0, 0x16, 0xbf, 0xe8,
    0x30, 0x0, 0x0, 0x0, 0x6, 0xbf, 0xe9, 0x40,
    0x0, 0x0, 0x0, 0x0, 0x0, 0x0, 0x0, 0x0,
    0x0, 0x0, 0x0, 0x0, 0x0, 0x0, 0x0, 0x0,
    0x5a, 0xff, 0xb5, 0x0, 0x0, 0x0, 0x0, 0x5,
    0xbf, 0xe9, 0x40, 0x0, 0x0, 0x0, 0x0, 0x1,
    0x34, 0x55, 0x55, 0x57, 0x99, 0x63, 0x10, 0x0,
    0x0, 0x2, 0x6b, 0xef, 0xe9, 0x30, 0x0, 0x0,
    0x0, 0x0, 0x5, 0xaf, 0xfd, 0xa7, 0x77, 0x78,
    0x53, 0x0, 0x3, 0x8d, 0xff, 0xff, 0xff, 0xff,
    0xfa, 0x40, 0x0, 0x48, 0xdf, 0xfe, 0xb6, 0x20,
    0x0, 0x0, 0x0, 0x0, 0x0, 0x0, 0x26, 0x9a,
    0xaa, 0xba, 0xaa, 0x74, 0x0, 0x0, 0x0, 0x0,
    0x0, 0x5, 0xbf, 0xfa, 0x40, 0x0, 0x2, 0x56,
    0x53, 0x22, 0x22, 0x22, 0x22, 0x22, 0x22, 0x22,
    0x22, 0x22, 0x22, 0x33, 0x21, 0x0, 0x0, 0x0,
    0x0, 0x0, 0x0, 0x0, 0x5, 0xbf, 0xfa, 0x40,
    0x0, 0x1, 0x6c, 0xff, 0xff, 0xff, 0xff, 0xff,
    0xff, 0xff, 0xff, 0xff, 0xff, 0xff, 0xff, 0xfb,
    0x51, 0x0, 0x0, 0x0, 0x0, 0x0, 0x0, 0x5,
    0xbf, 0xfa, 0x40, 0x0, 0x0, 0x1, 0x5a, 0xff,
    0xd7, 0x31, 0x11, 0x11, 0x11, 0x11, 0x11, 0x13,
    0x8d, 0xff, 0xa5, 0x0, 0x0, 0x0, 0x0, 0x0,
    0x0, 0x0, 0x5, 0xbf, 0xfa, 0x40, 0x0, 0x0,
    0x0, 0x1, 0x6c, 0xfe, 0xa5, 0x10, 0x0, 0x0,
    0x0, 0x1, 0x5a, 0xef, 0xd8, 0x30, 0x0, 0x0,
    0x0, 0x0, 0x0, 0x0, 0x0, 0x5, 0xbf, 0xfa,
    0x40, 0x0, 0x0, 0x0, 0x0, 0x2, 0x7c, 0xff,
    0xc7, 0x20, 0x0, 0x2, 0x7c, 0xff, 0xd8, 0x30,
    0x0, 0x0, 0x0, 0x0, 0x0, 0x0, 0x0, 0x0,
    0x5, 0xbf, 0xfa, 0x52, 0x59, 0xcc, 0x83, 0x0,
    0x0, 0x1, 0x5a, 0xef, 0xec, 0xbb, 0xde, 0xfe,
    0xa6, 0x20, 0x0, 0x0, 0x0, 0x0, 0x0, 0x0,
    0x0, 0x0, 0x0, 0x6, 0xcf, 0xff, 0xff, 0xfd,
    0xa6, 0x30, 0x0, 0x0, 0x0, 0x2, 0x7e, 0xff,
    0xff, 0xff, 0xd6, 0x20, 0x0, 0x0, 0x0, 0x0,
    0x0, 0x0, 0x0, 0x0, 0x0, 0x3, 0xbf, 0xff,
    0xff, 0xd6, 0x30, 0x0, 0x0, 0x23, 0x58, 0xac,
    0xef, 0xfe, 0xca, 0x89, 0xbd, 0xff, 0xfe, 0xc9,
    0x75, 0x31, 0x0, 0x0, 0x0, 0x0, 0x0, 0x0,
    0x3, 0xcf, 0xfa, 0x30, 0x0, 0x0, 0x49, 0xdf,
    0xff, 0xfd, 0xb9, 0x74, 0x20, 0x0, 0x0, 0x0,
    0x13, 0x69, 0xbd, 0xff, 0xff, 0xfe, 0xa5, 0x10,
    0x0, 0x0, 0x0, 0x0, 0x0, 0x0, 0x0, 0x0,
    0x0, 0x2, 0x34, 0x31, 0x0, 0x0, 0x0, 0x0,
    0x0, 0x0, 0x0, 0x0, 0x0, 0x0, 0x1, 0x34,
    0x54, 0x20, 0x0,

    /* U+8BE2 "询" */
    0x0, 0x0, 0x0, 0x14, 0x64, 0x20, 0x0, 0x0,
    0x0, 0x0, 0x0, 0x0, 0x3, 0x8c, 0xdb, 0x72,
    0x0, 0x0, 0x0, 0x0, 0x0, 0x0, 0x0, 0x0,
    0x0, 0x0, 0x0, 0x0, 0x15, 0xae, 0xfe, 0xa5,
    0x20, 0x0, 0x0, 0x0, 0x0, 0x4, 0x9e, 0xfe,
    0x93, 0x0, 0x0, 0x0, 0x0, 0x0, 0x0, 0x0,
    0x0, 0x0, 0x0, 0x0, 0x0, 0x0, 0x0, 0x26,
    0xbe, 0xfd, 0x94, 0x10, 0x0, 0x0, 0x16, 0xbf,
    0xff, 0xc7, 0x44, 0x44, 0x44, 0x44, 0x44, 0x44,
    0x44, 0x46, 0x77, 0x63, 0x10, 0x0, 0x0, 0x0,
    0x0, 0x1, 0x48, 0xa8, 0x41, 0x0, 0x0, 0x49,
    0xff, 0xff, 0xff, 0xff, 0xff, 0xff, 0xff, 0xff,
    0xff, 0xff, 0xff, 0xff, 0xff, 0xa5, 0x0, 0x0,
    0x0, 0x0, 0x0, 0x0, 0x0, 0x0, 0x0, 0x3,
    0x9d, 0xff, 0xb6, 0x10, 0x0, 0x0, 0x0, 0x0,
    0x0, 0x0, 0x0, 0x0, 0x5, 0xaf, 0xfa, 0x50,
    0x23, 0x55, 0x55, 0x56, 0x8a, 0x96, 0x20, 0x2,
    0x6b, 0xef, 0xfd, 0x97, 0x66, 0x54, 0x44, 0x44,
    0x44, 0x44, 0x43, 0x20, 0x0, 0x0, 0x5a, 0xff,
    0xa5, 0x5, 0xaf, 0xff, 0xff, 0xff, 0xff, 0xf8,
    0x20, 0x13, 0x7a, 0x95, 0x7b, 0xff, 0xff, 0xdd,
    0xdd, 0xdd, 0xde, 0xff, 0xe8, 0x30, 0x0, 0x5,
    0xaf, 0xfa, 0x50, 0x0, 0x0, 0x0, 0x2, 0x7d,
    0xfd, 0x82, 0x0, 0x0, 0x0, 0x6, 0xbf, 0xe8,
    0x30, 0x0, 0x0, 0x0, 0x5a, 0xfe, 0x83, 0x0,
    0x0, 0x5a, 0xff, 0xa5, 0x0, 0x0, 0x0, 0x0,
    0x27, 0xdf, 0xd8, 0x20, 0x0, 0x0, 0x0, 0x6b,
    0xff, 0xa5, 0x22, 0x22, 0x22, 0x27, 0xdf, 0xe8,
    0x30, 0x0, 0x5, 0xaf, 0xfa, 0x50, 0x0, 0x0,
    0x0, 0x2, 0x7d, 0xfd, 0x82, 0x0, 0x0, 0x0,
    0x6, 0xbf, 0xff, 0xff, 0xff, 0xff, 0xff, 0xff,
    0xff, 0x83, 0x0, 0x0, 0x5a, 0xff, 0xa4, 0x0,
    0x0, 0x0, 0x0, 0x27, 0xdf, 0xd8, 0x20, 0x0,
    0x0, 0x0, 0x6b, 0xfe, 0x83, 0x0, 0x0, 0x0,
    0x5, 0xaf, 0xe8, 0x30, 0x0, 0x6, 0xbf, 0xf9,
    0x40, 0x0, 0x0, 0x0, 0x2, 0x7d, 0xfd, 0x82,
    0x0, 0x1, 0x10, 0x6, 0xbf, 0xfa, 0x52, 0x22,
    0x22, 0x22, 0x6b, 0xfe, 0x83, 0x0, 0x1, 0x7c,
    0xfe, 0x83, 0x0, 0x0, 0x0, 0x0, 0x27, 0xdf,
    0xd9, 0x67, 0xbe, 0xea, 0x41, 0x6b, 0xff, 0xff,
    0xff, 0xff, 0xff, 0xff, 0xff, 0xd8, 0x30, 0x0,
    0x39, 0xef, 0xc7, 0x20, 0x0, 0x0, 0x0, 0x5,
    0xcf, 0xff, 0xff, 0xda, 0x73, 0x10, 0x6, 0xbf,
    0xe8, 0x30, 0x0, 0x0, 0x0, 0x0, 0x0, 0x0,
    0x0, 0x17, 0xcf, 0xfa, 0x40, 0x0, 0x0, 0x0,
    0x18, 0xff, 0xff, 0xd7, 0x20, 0x0, 0x0, 0x0,
    0x0, 0x10, 0x0, 0x0, 0x0, 0x2, 0x34, 0x44,
    0x44, 0x44, 0x6a, 0xdf, 0xfb, 0x61, 0x0, 0x0,
    0x0, 0x0, 0x2, 0x22, 0x0, 0x0, 0x0, 0x0,
    0x0, 0x0, 0x0, 0x0, 0x0, 0x0, 0x0, 0x38,
    0xdf, 0xff, 0xff, 0xff, 0xec, 0xa6, 0x20, 0x0,
    0x0, 0x0, 0x0, 0x0, 0x0, 0x0, 0x0, 0x0,
    0x0, 0x0, 0x0, 0x0, 0x0, 0x0, 0x0, 0x0,
    0x0, 0x0, 0x0, 0x0, 0x0, 0x0, 0x0, 0x0,
    0x0, 0x0,

    /* U+8C03 "调" */
    0x0, 0x0, 0x0, 0x25, 0x65, 0x20, 0x0, 0x0,
    0x0, 0x0, 0x13, 0x55, 0x54, 0x44, 0x44, 0x44,
    0x44, 0x44, 0x44, 0x44, 0x44, 0x44, 0x45, 0x66,
    0x52, 0x10, 0x0, 0x0, 0x25, 0xae, 0xfe, 0xb7,
    0x30, 0x0, 0x0, 0x27, 0xdf, 0xff, 0xff, 0xff,
    0xff, 0xff, 0xff, 0xff, 0xff, 0xff, 0xff, 0xff,
    0xff, 0xff, 0xa4, 0x0, 0x0, 0x0, 0x0, 0x15,
    0xad, 0xff, 0xc7, 0x20, 0x2, 0x7d, 0xfa, 0x50,
    0x0, 0x0, 0x0, 0x3, 0x68, 0x52, 0x0, 0x0,
    0x0, 0x4, 0x9e, 0xfa, 0x40, 0x0, 0x0, 0x0,
    0x0, 0x0, 0x26, 0xaa, 0x62, 0x0, 0x27, 0xdf,
    0xa5, 0x0, 0x0, 0x0, 0x1, 0x6c, 0xfb, 0x50,
    0x0, 0x0, 0x0, 0x49, 0xef, 0xa4, 0x0, 0x0,
    0x0, 0x0, 0x0, 0x0, 0x0, 0x0, 0x0, 0x2,
    0x7d, 0xfa, 0x50, 0x3, 0x9e, 0xff, 0xff, 0xff,
    0xff, 0xff, 0xff, 0x94, 0x4, 0x9e, 0xfa, 0x40,
    0x13, 0x66, 0x66, 0x66, 0x9b, 0xb8, 0x42, 0x0,
    0x0, 0x27, 0xdf, 0xa5, 0x0, 0x0, 0x0, 0x0,
    0x6b, 0xfa, 0x50, 0x0, 0x0, 0x0, 0x49, 0xef,
    0xa4, 0x3, 0x8e, 0xff, 0xff, 0xff, 0xff, 0xfa,
    0x40, 0x0, 0x2, 0x7d, 0xfa, 0x50, 0x0, 0x0,
    0x0, 0x6, 0xbf, 0xa5, 0x0, 0x0, 0x0, 0x4,
    0x9e, 0xfa, 0x40, 0x0, 0x0, 0x0, 0x0, 0x5b,
    0xff, 0xa4, 0x0, 0x0, 0x27, 0xdf, 0xa5, 0x38,
    0xdf, 0xff, 0xff, 0xff, 0xff, 0xff, 0xff, 0xff,
    0xb6, 0x59, 0xef, 0xa4, 0x0, 0x0, 0x0, 0x0,
    0x5, 0xbf, 0xfa, 0x40, 0x0, 0x3, 0x8d, 0xfa,
    0x50, 0x0, 0x0, 0x0, 0x0, 0x0, 0x0, 0x0,
    0x0, 0x0, 0x4, 0x9e, 0xfa, 0x40, 0x0, 0x0,
    0x0, 0x0, 0x5b, 0xff, 0xa4, 0x0, 0x0, 0x38,
    0xef, 0xa5, 0x0, 0x38, 0xff, 0xff, 0xee, 0xee,
    0xee, 0xee, 0xa5, 0x0, 0x49, 0xef, 0xa4, 0x0,
    0x0, 0x0, 0x0, 0x5, 0xbf, 0xfa, 0x40, 0x0,
    0x5, 0xaf, 0xe9, 0x30, 0x4, 0x9f, 0xe9, 0x42,
    0x22, 0x22, 0x6b, 0xfb, 0x61, 0x4, 0x9e, 0xfa,
    0x40, 0x0, 0x0, 0x0, 0x0, 0x5b, 0xff, 0xa4,
    0x0, 0x1, 0x7c, 0xfc, 0x72, 0x0, 0x49, 0xec,
    0x72, 0x0, 0x0, 0x5, 0xaf, 0xb6, 0x10, 0x49,
    0xef, 0xa4, 0x0, 0x0, 0x0, 0x0, 0x5, 0xbf,
    0xfa, 0x64, 0x88, 0xab, 0xfe, 0x94, 0x0, 0x4,
    0x9f, 0xfb, 0x64, 0x44, 0x44, 0x7b, 0xfb, 0x61,
    0x4, 0x9e, 0xfa, 0x40, 0x0, 0x0, 0x0, 0x2,
    0x8e, 0xff, 0xff, 0xff, 0xff, 0xff, 0xa5, 0x0,
    0x0, 0x49, 0xff, 0xfe, 0xcc, 0xcc, 0xcc, 0xcc,
    0x84, 0x0, 0x49, 0xef, 0xa4, 0x0, 0x0, 0x0,
    0x16, 0xff, 0xff, 0xfe, 0x85, 0x7b, 0xfe, 0xa4,
    0x0, 0x0, 0x2, 0x58, 0x74, 0x10, 0x0, 0x0,
    0x1, 0x22, 0x22, 0x36, 0xbf, 0xe9, 0x40, 0x0,
    0x0, 0x0, 0x15, 0x87, 0x20, 0x1, 0x49, 0xcb,
    0x72, 0x0, 0x0, 0x0, 0x0, 0x0, 0x0, 0x0,
    0x0, 0x0, 0x6b, 0xff, 0xff, 0xfe, 0xd9, 0x41,
    0x0, 0x0, 0x0, 0x0, 0x0, 0x0, 0x0, 0x0,
    0x0, 0x0, 0x0, 0x0, 0x0, 0x0, 0x0, 0x0,
    0x0, 0x0, 0x0, 0x0, 0x0, 0x0, 0x0, 0x0,
    0x0, 0x0,

    /* U+8FDB "进" */
    0x0, 0x0, 0x13, 0x7a, 0x95, 0x20, 0x0, 0x0,
    0x0, 0x0, 0x0, 0x0, 0x1, 0x6a, 0xdb, 0x62,
    0x0, 0x0, 0x0, 0x38, 0xcd, 0xa5, 0x10, 0x0,
    0x0, 0x0, 0x0, 0x0, 0x0, 0x2, 0x6a, 0xef,
    0xeb, 0x62, 0x0, 0x0, 0x0, 0x0, 0x0, 0x2,
    0x7d, 0xfd, 0x83, 0x0, 0x0, 0x0, 0x49, 0xef,
    0xc7, 0x10, 0x0, 0x0, 0x0, 0x0, 0x0, 0x0,
    0x0, 0x0, 0x26, 0xbe, 0xfd, 0xa4, 0x10, 0x0,
    0x0, 0x0, 0x2, 0x7d, 0xfd, 0x83, 0x0, 0x0,
    0x0, 0x49, 0xef, 0xc7, 0x10, 0x0, 0x0, 0x0,
    0x0, 0x0, 0x0, 0x0, 0x0, 0x0, 0x4, 0x8a,
    0x94, 0x10, 0x5a, 0xff, 0xff, 0xff, 0xff, 0xff,
    0xff, 0xff, 0xff, 0xff, 0xff, 0xff, 0xff, 0xff,
    0xff, 0xfb, 0x61, 0x0, 0x0, 0x0, 0x0, 0x0,
    0x0, 0x0, 0x0, 0x0, 0x0, 0x13, 0x55, 0x55,
    0x57, 0xdf, 0xff, 0xd8, 0x55, 0x55, 0x55, 0x9f,
    0xff, 0xfc, 0x75, 0x55, 0x54, 0x20, 0x0, 0x0,
    0x0, 0x0, 0x0, 0x0, 0x0, 0x0, 0x0, 0x0,
    0x0, 0x0, 0x0, 0x2, 0x7d, 0xfd, 0x83, 0x0,
    0x0, 0x0, 0x49, 0xef, 0xc7, 0x10, 0x0, 0x0,
    0x0, 0x0, 0x0, 0x25, 0x9a, 0xaa, 0xaa, 0xaa,
    0xa9, 0x62, 0x0, 0x0, 0x0, 0x0, 0x2, 0x7d,
    0xfd, 0x82, 0x0, 0x0, 0x0, 0x49, 0xef, 0xc7,
    0x10, 0x0, 0x0, 0x0, 0x0, 0x0, 0x25, 0x9a,
    0xaa, 0xaa, 0xce, 0xfe, 0x94, 0x1, 0x24, 0x55,
    0x55, 0x58, 0xdf, 0xff, 0xc7, 0x55, 0x55, 0x55,
    0x9e, 0xff, 0xfc, 0x75, 0x55, 0x55, 0x42, 0x0,
    0x0, 0x0, 0x0, 0x0, 0x1, 0x6b, 0xfe, 0x94,
    0x3, 0x8d, 0xff, 0xff, 0xff, 0xff, 0xff, 0xff,
    0xff, 0xff, 0xff, 0xff, 0xff, 0xff, 0xff, 0xff,
    0xff, 0xc6, 0x10, 0x0, 0x0, 0x0, 0x0, 0x1,
    0x6b, 0xfe, 0x94, 0x0, 0x0, 0x0, 0x0, 0x17,
    0xcf, 0xd8, 0x30, 0x0, 0x0, 0x0, 0x49, 0xef,
    0xc7, 0x10, 0x0, 0x0, 0x0, 0x0, 0x0, 0x0,
    0x0, 0x0, 0x1, 0x6b, 0xfe, 0x94, 0x0, 0x0,
    0x0, 0x1, 0x6c, 0xff, 0xa4, 0x0, 0x0, 0x0,
    0x0, 0x49, 0xef, 0xc7, 0x10, 0x0, 0x0, 0x0,
    0x0, 0x0, 0x0, 0x0, 0x0, 0x1, 0x6b, 0xfe,
    0x94, 0x0, 0x0, 0x0, 0x49, 0xef, 0xe8, 0x30,
    0x0, 0x0, 0x0, 0x0, 0x49, 0xef, 0xc7, 0x10,
    0x0, 0x0, 0x0, 0x0, 0x0, 0x0, 0x0, 0x0,
    0x1, 0x6c, 0xff, 0x94, 0x0, 0x2, 0x6b, 0xef,
    0xe9, 0x41, 0x0, 0x0, 0x0, 0x0, 0x0, 0x49,
    0xef, 0xc7, 0x10, 0x0, 0x0, 0x0, 0x0, 0x0,
    0x0, 0x0, 0x25, 0x8c, 0xff, 0xff, 0xfd, 0x74,
    0x11, 0x36, 0x75, 0x20, 0x0, 0x0, 0x0, 0x0,
    0x0, 0x0, 0x25, 0x89, 0x63, 0x0, 0x0, 0x0,
    0x0, 0x0, 0x0, 0x14, 0x8c, 0xff, 0xeb, 0x74,
    0x33, 0x69, 0xcf, 0xfd, 0xb9, 0x86, 0x54, 0x43,
    0x33, 0x33, 0x33, 0x33, 0x33, 0x33, 0x44, 0x44,
    0x55, 0x55, 0x66, 0x65, 0x20, 0x0, 0x27, 0xce,
    0xc7, 0x30, 0x0, 0x0, 0x0, 0x1, 0x36, 0x8a,
    0xbd, 0xee, 0xff, 0xff, 0xff, 0xff, 0xff, 0xff,
    0xff, 0xff, 0xff, 0xff, 0xee, 0xee, 0xb6, 0x20,
    0x0, 0x0, 0x1, 0x0, 0x0, 0x0, 0x0, 0x0,
    0x0, 0x0, 0x0, 0x0, 0x0, 0x0, 0x0, 0x0,
    0x0, 0x0, 0x0, 0x0, 0x0, 0x0, 0x0, 0x0,
    0x0, 0x0, 0x0,

    /* U+9009 "选" */
    0x0, 0x0, 0x0, 0x0, 0x0, 0x0, 0x0, 0x0,
    0x0, 0x0, 0x0, 0x0, 0x0, 0x0, 0x0, 0x1,
    0x24, 0x43, 0x10, 0x0, 0x0, 0x0, 0x0, 0x0,
    0x0, 0x0, 0x0, 0x0, 0x2, 0x58, 0x74, 0x10,
    0x0, 0x0, 0x0, 0x0, 0x0, 0x0, 0x37, 0xaa,
    0x73, 0x0, 0x4, 0x9f, 0xfb, 0x61, 0x0, 0x0,
    0x0, 0x0, 0x0, 0x0, 0x0, 0x0, 0x0, 0x14,
    0x8c, 0xff, 0xea, 0x52, 0x0, 0x0, 0x0, 0x0,
    0x4, 0x9e, 0xfc, 0x72, 0x0, 0x4, 0x9f, 0xfb,
    0x61, 0x0, 0x0, 0x0, 0x0, 0x0, 0x0, 0x0,
    0x0, 0x0, 0x0, 0x0, 0x38, 0xcf, 0xfe, 0xa4,
    0x10, 0x0, 0x0, 0x4a, 0xff, 0xff, 0xfd, 0xdd,
    0xdf, 0xff, 0xff, 0xfe, 0xdd, 0xdd, 0xdd, 0xdd,
    0xdc, 0x72, 0x0, 0x0, 0x0, 0x0, 0x0, 0x0,
    0x15, 0xad, 0xb7, 0x30, 0x0, 0x38, 0xdf, 0xfd,
    0xa6, 0x55, 0x55, 0x59, 0xff, 0xff, 0xb6, 0x55,
    0x55, 0x55, 0x55, 0x54, 0x21, 0x0, 0x0, 0x0,
    0x0, 0x0, 0x0, 0x0, 0x0, 0x0, 0x0, 0x14,
    0xae, 0xfb, 0x62, 0x0, 0x0, 0x0, 0x4, 0x9f,
    0xfb, 0x61, 0x0, 0x0, 0x0, 0x0, 0x0, 0x0,
    0x0, 0x0, 0x0, 0x0, 0x0, 0x0, 0x0, 0x0,
    0x0, 0x0, 0x0, 0x1, 0x11, 0x0, 0x0, 0x0,
    0x0, 0x4, 0x9f, 0xfb, 0x61, 0x0, 0x0, 0x0,
    0x0, 0x0, 0x0, 0x0, 0x0, 0x0, 0x12, 0x33,
    0x33, 0x33, 0x33, 0x21, 0x0, 0x59, 0xdd, 0xdd,
    0xdd, 0xdd, 0xef, 0xff, 0xff, 0xff, 0xff, 0xff,
    0xff, 0xfe, 0xdd, 0xdd, 0xdd, 0xdd, 0xa6, 0x10,
    0x2, 0x7c, 0xff, 0xff, 0xff, 0xff, 0xb6, 0x0,
    0x24, 0x66, 0x66, 0x66, 0x69, 0xef, 0xff, 0xe9,
    0x66, 0x6a, 0xff, 0xff, 0xd7, 0x66, 0x66, 0x66,
    0x66, 0x42, 0x0, 0x0, 0x0, 0x0, 0x0, 0x49,
    0xef, 0xb6, 0x0, 0x0, 0x0, 0x0, 0x0, 0x16,
    0xbf, 0xfb, 0x50, 0x0, 0x4, 0x9e, 0xfc, 0x61,
    0x0, 0x0, 0x0, 0x0, 0x0, 0x0, 0x0, 0x0,
    0x0, 0x0, 0x49, 0xef, 0xb6, 0x0, 0x0, 0x0,
    0x0, 0x0, 0x5a, 0xff, 0xc7, 0x10, 0x0, 0x4,
    0x9e, 0xfc, 0x61, 0x0, 0x0, 0x0, 0x0, 0x0,
    0x0, 0x0, 0x0, 0x0, 0x0, 0x49, 0xef, 0xb6,
    0x0, 0x0, 0x0, 0x0, 0x38, 0xdf, 0xfb, 0x61,
    0x0, 0x0, 0x4, 0x9e, 0xfc, 0x61, 0x0, 0x0,
    0x16, 0xac, 0x73, 0x0, 0x0, 0x0, 0x0, 0x0,
    0x49, 0xef, 0xb6, 0x0, 0x0, 0x14, 0x7b, 0xef,
    0xfb, 0x62, 0x0, 0x0, 0x0, 0x3, 0x9e, 0xfc,
    0x61, 0x0, 0x0, 0x38, 0xdf, 0xa5, 0x0, 0x0,
    0x0, 0x0, 0x0, 0x49, 0xef, 0xb6, 0x13, 0x8d,
    0xff, 0xfd, 0xa6, 0x30, 0x0, 0x0, 0x0, 0x0,
    0x2, 0x7c, 0xff, 0xff, 0xff, 0xff, 0xff, 0xfc,
    0x71, 0x0, 0x0, 0x0, 0x0, 0x13, 0x8f, 0xff,
    0xff, 0xa7, 0x65, 0x53, 0x10, 0x0, 0x0, 0x0,
    0x0, 0x0, 0x0, 0x0, 0x1, 0x24, 0x45, 0x55,
    0x55, 0x54, 0x21, 0x0, 0x0, 0x0, 0x14, 0x8b,
    0xef, 0xfd, 0xb8, 0x77, 0x9c, 0xef, 0xec, 0xa8,
    0x75, 0x54, 0x43, 0x33, 0x33, 0x33, 0x33, 0x33,
    0x33, 0x34, 0x44, 0x45, 0x55, 0x66, 0x53, 0x10,
    0x1, 0x5b, 0xee, 0xb7, 0x30, 0x0, 0x0, 0x0,
    0x13, 0x58, 0x9b, 0xce, 0xef, 0xff, 0xff, 0xff,
    0xff, 0xff, 0xff, 0xff, 0xff, 0xff, 0xff, 0xff,
    0xfe, 0xa5, 0x0, 0x0, 0x0, 0x11, 0x0, 0x0,
    0x0, 0x0, 0x0, 0x0, 0x0, 0x0, 0x0, 0x0,
    0x0, 0x0, 0x11, 0x11, 0x11, 0x10, 0x0, 0x0,
    0x0, 0x0, 0x0, 0x0, 0x0, 0x0,

    /* U+901F "速" */
    0x0, 0x0, 0x0, 0x0, 0x0, 0x0, 0x0, 0x0,
    0x0, 0x0, 0x0, 0x0, 0x0, 0x0, 0x0, 0x0,
    0x1, 0x10, 0x0, 0x0, 0x0, 0x0, 0x0, 0x0,
    0x0, 0x0, 0x0, 0x0, 0x0, 0x1, 0x22, 0x10,
    0x0, 0x0, 0x0, 0x0, 0x0, 0x0, 0x0, 0x0,
    0x0, 0x0, 0x4, 0xaf, 0xfb, 0x50, 0x0, 0x0,
    0x0, 0x0, 0x0, 0x0, 0x0, 0x0, 0x0, 0x1,
    0x4a, 0xef, 0xda, 0x52, 0x0, 0x0, 0x1, 0x23,
    0x33, 0x33, 0x33, 0x33, 0x33, 0x38, 0xdf, 0xfe,
    0x93, 0x33, 0x33, 0x33, 0x33, 0x33, 0x33, 0x21,
    0x0, 0x0, 0x0, 0x0, 0x26, 0xae, 0xfe, 0xa5,
    0x20, 0x27, 0xcf, 0xff, 0xff, 0xff, 0xff, 0xff,
    0xff, 0xff, 0xff, 0xff, 0xff, 0xff, 0xff, 0xff,
    0xff, 0xff, 0xb6, 0x10, 0x0, 0x0, 0x0, 0x0,
    0x2, 0x7c, 0xfe, 0x94, 0x0, 0x0, 0x0, 0x0,
    0x0, 0x0, 0x0, 0x4, 0xaf, 0xfb, 0x50, 0x0,
    0x0, 0x0, 0x0, 0x0, 0x0, 0x0, 0x0, 0x0,
    0x0, 0x0, 0x0, 0x0, 0x0, 0x0, 0x0, 0x0,
    0x4, 0x8c, 0xcc, 0xcc, 0xcc, 0xcc, 0xcf, 0xff,
    0xff, 0xfd, 0xcc, 0xcc, 0xcc, 0xcc, 0xcc, 0x84,
    0x0, 0x0, 0x0, 0x0, 0x0, 0x0, 0x0, 0x0,
    0x0, 0x0, 0x0, 0x5, 0xaf, 0xfb, 0x74, 0x44,
    0x44, 0x49, 0xef, 0xff, 0xa4, 0x44, 0x44, 0x44,
    0x7b, 0xff, 0xa5, 0x0, 0x0, 0x0, 0x48, 0xdd,
    0xdd, 0xdd, 0xdd, 0xdb, 0x73, 0x0, 0x5, 0xaf,
    0xe9, 0x40, 0x0, 0x0, 0x4, 0xaf, 0xfb, 0x50,
    0x0, 0x0, 0x0, 0x4a, 0xff, 0xa5, 0x0, 0x0,
    0x0, 0x36, 0x99, 0x99, 0x9a, 0xce, 0xfe, 0x94,
    0x0, 0x5, 0xaf, 0xea, 0x52, 0x22, 0x22, 0x26,
    0xcf, 0xfd, 0x72, 0x22, 0x22, 0x22, 0x6a, 0xff,
    0xa5, 0x0, 0x0, 0x0, 0x0, 0x0, 0x0, 0x0,
    0x6b, 0xfe, 0x94, 0x0, 0x5, 0xaf, 0xff, 0xff,
    0xff, 0xff, 0xff, 0xff, 0xff, 0xff, 0xff, 0xff,
    0xff, 0xff, 0xff, 0xa5, 0x0, 0x0, 0x0, 0x0,
    0x0, 0x0, 0x0, 0x6b, 0xfe, 0x94, 0x0, 0x0,
    0x0, 0x0, 0x0, 0x1, 0x5a, 0xef, 0xff, 0xff,
    0xfe, 0xc8, 0x42, 0x0, 0x0, 0x0, 0x0, 0x0,
    0x0, 0x0, 0x0, 0x0, 0x0, 0x0, 0x6b, 0xfe,
    0x94, 0x0, 0x0, 0x0, 0x0, 0x25, 0x9d, 0xfd,
    0x99, 0xaf, 0xfb, 0x86, 0x9d, 0xff, 0xc9, 0x51,
    0x0, 0x0, 0x0, 0x0, 0x0, 0x0, 0x0, 0x0,
    0x0, 0x6b, 0xfe, 0x94, 0x0, 0x0, 0x24, 0x8c,
    0xef, 0xda, 0x52, 0x4, 0xaf, 0xfb, 0x50, 0x0,
    0x26, 0xad, 0xfe, 0xc8, 0x41, 0x0, 0x0, 0x0,
    0x0, 0x0, 0x0, 0x0, 0x6b, 0xfe, 0x94, 0x15,
    0xae, 0xff, 0xec, 0x84, 0x10, 0x0, 0x4, 0xaf,
    0xfb, 0x50, 0x0, 0x0, 0x1, 0x38, 0xce, 0xe9,
    0x40, 0x0, 0x0, 0x0, 0x0, 0x13, 0x69, 0xff,
    0xff, 0xfc, 0x64, 0x45, 0x53, 0x10, 0x0, 0x0,
    0x0, 0x4, 0xaf, 0xfb, 0x50, 0x0, 0x0, 0x0,
    0x0, 0x1, 0x10, 0x0, 0x0, 0x0, 0x2, 0x6a,
    0xef, 0xfc, 0x96, 0x45, 0x7a, 0xdf, 0xfd, 0xb9,
    0x76, 0x54, 0x33, 0x32, 0x23, 0x34, 0x44, 0x32,
    0x23, 0x33, 0x33, 0x44, 0x45, 0x55, 0x64, 0x20,
    0x0, 0x27, 0xce, 0xb7, 0x20, 0x0, 0x0, 0x0,
    0x1, 0x36, 0x8a, 0xbc, 0xde, 0xff, 0xff, 0xff,
    0xff, 0xff, 0xff, 0xff, 0xff, 0xff, 0xff, 0xff,
    0xee, 0xb6, 0x20, 0x0, 0x0, 0x0, 0x0, 0x0,
    0x0, 0x0, 0x0, 0x0, 0x0, 0x0, 0x0, 0x0,
    0x0, 0x0, 0x0, 0x0, 0x0, 0x0, 0x0, 0x0,
    0x0, 0x0, 0x0, 0x0, 0x0, 0x0,

    /* U+91C7 "采" */
    0x0, 0x0, 0x0, 0x0, 0x0, 0x0, 0x0, 0x0,
    0x0, 0x0, 0x0, 0x11, 0x12, 0x23, 0x34, 0x55,
    0x66, 0x77, 0x89, 0xaa, 0xbc, 0xdd, 0xb7, 0x20,
    0x0, 0x0, 0x0, 0x0, 0x1, 0x48, 0xbc, 0xcc,
    0xdd, 0xdd, 0xee, 0xef, 0xff, 0xff, 0xff, 0xff,
    0xff, 0xff, 0xff, 0xfe, 0xed, 0xcc, 0xbb, 0xa9,
    0x87, 0x76, 0x31, 0x0, 0x0, 0x0, 0x0, 0x0,
    0x24, 0x78, 0x77, 0x77, 0x66, 0x66, 0x55, 0x54,
    0x44, 0x44, 0x54, 0x31, 0x10, 0x0, 0x0, 0x0,
    0x0, 0x0, 0x1, 0x34, 0x31, 0x0, 0x0, 0x0,
    0x0, 0x0, 0x0, 0x0, 0x3, 0x69, 0x85, 0x10,
    0x0, 0x0, 0x0, 0x3, 0x8d, 0xfd, 0x83, 0x0,
    0x0, 0x0, 0x0, 0x0, 0x0, 0x49, 0xef, 0xea,
    0x51, 0x0, 0x0, 0x0, 0x0, 0x0, 0x0, 0x1,
    0x6b, 0xff, 0xb6, 0x10, 0x0, 0x0, 0x0, 0x17,
    0xcf, 0xfa, 0x50, 0x0, 0x0, 0x0, 0x0, 0x28,
    0xdf, 0xeb, 0x51, 0x0, 0x0, 0x0, 0x0, 0x0,
    0x0, 0x0, 0x0, 0x2, 0x7c, 0xfe, 0xa4, 0x0,
    0x0, 0x0, 0x2, 0x7c, 0xfe, 0x94, 0x0, 0x0,
    0x0, 0x27, 0xcf, 0xeb, 0x51, 0x0, 0x0, 0x0,
    0x0, 0x0, 0x0, 0x0, 0x0, 0x0, 0x0, 0x5,
    0x9b, 0x95, 0x20, 0x0, 0x0, 0x2, 0x6a, 0xb8,
    0x41, 0x0, 0x0, 0x27, 0xcf, 0xea, 0x51, 0x0,
    0x0, 0x0, 0x0, 0x0, 0x0, 0x0, 0x0, 0x0,
    0x0, 0x0, 0x0, 0x0, 0x0, 0x0, 0x0, 0x0,
    0x4, 0x9e, 0xfd, 0x82, 0x0, 0x0, 0x0, 0x12,
    0x20, 0x0, 0x0, 0x0, 0x0, 0x0, 0x0, 0x0,
    0x1, 0x6b, 0xff, 0xff, 0xff, 0xff, 0xff, 0xff,
    0xff, 0xff, 0xff, 0xff, 0xff, 0xff, 0xff, 0xff,
    0xff, 0xff, 0xff, 0xff, 0xff, 0xff, 0xff, 0xff,
    0xfb, 0x61, 0x0, 0x0, 0x24, 0x66, 0x66, 0x66,
    0x66, 0x66, 0x66, 0x66, 0x68, 0xcf, 0xff, 0xff,
    0xff, 0xff, 0xff, 0xb7, 0x66, 0x66, 0x66, 0x66,
    0x66, 0x66, 0x66, 0x64, 0x20, 0x0, 0x0, 0x0,
    0x0, 0x0, 0x0, 0x0, 0x0, 0x0, 0x15, 0xad,
    0xfe, 0xba, 0xcf, 0xfd, 0xa9, 0xbe, 0xfd, 0x94,
    0x10, 0x0, 0x0, 0x0, 0x0, 0x0, 0x0, 0x0,
    0x0, 0x0, 0x0, 0x0, 0x0, 0x0, 0x0, 0x14,
    0x8c, 0xef, 0xec, 0x83, 0x4, 0x9e, 0xfd, 0x82,
    0x3, 0x7c, 0xef, 0xeb, 0x74, 0x10, 0x0, 0x0,
    0x0, 0x0, 0x0, 0x0, 0x0, 0x0, 0x0, 0x0,
    0x13, 0x7b, 0xef, 0xfd, 0xa6, 0x20, 0x0, 0x4,
    0x9e, 0xfd, 0x82, 0x0, 0x0, 0x25, 0xad, 0xff,
    0xeb, 0x74, 0x10, 0x0, 0x0, 0x0, 0x0, 0x0,
    0x2, 0x46, 0x9c, 0xef, 0xfe, 0xb7, 0x31, 0x0,
    0x0, 0x0, 0x4, 0x9e, 0xfd, 0x82, 0x0, 0x0,
    0x0, 0x1, 0x37, 0xbe, 0xff, 0xfd, 0xa7, 0x42,
    0x0, 0x0, 0x3, 0x8d, 0xff, 0xec, 0xa6, 0x31,
    0x0, 0x0, 0x0, 0x0, 0x0, 0x4, 0x9e, 0xfd,
    0x82, 0x0, 0x0, 0x0, 0x0, 0x0, 0x1, 0x36,
    0x9c, 0xef, 0xfd, 0x83, 0x0, 0x0, 0x2, 0x22,
    0x10, 0x0, 0x0, 0x0, 0x0, 0x0, 0x0, 0x0,
    0x4, 0x9e, 0xfd, 0x82, 0x0, 0x0, 0x0, 0x0,
    0x0, 0x0, 0x0, 0x0, 0x2, 0x21, 0x0, 0x0,

    /* U+91CF "量" */
    0x0, 0x0, 0x0, 0x0, 0x15, 0x9c, 0xcc, 0xcc,
    0xcc, 0xcc, 0xcc, 0xcc, 0xcc, 0xcc, 0xcc, 0xcc,
    0xcc, 0xcc, 0xcc, 0xcc, 0xcc, 0xc9, 0x51, 0x0,
    0x0, 0x0, 0x0, 0x0, 0x0, 0x0, 0x0, 0x27,
    0xdf, 0xd8, 0x30, 0x0, 0x0, 0x0, 0x0, 0x0,
    0x0, 0x0, 0x0, 0x0, 0x0, 0x0, 0x4, 0x9e,
    0xfc, 0x72, 0x0, 0x0, 0x0, 0x0, 0x0, 0x0,
    0x0, 0x0, 0x27, 0xdf, 0xfe, 0xed, 0xdd, 0xdd,
    0xdd, 0xdd, 0xdd, 0xdd, 0xdd, 0xdd, 0xdd, 0xdd,
    0xdd, 0xde, 0xef, 0xfc, 0x72, 0x0, 0x0, 0x0,
    0x0, 0x0, 0x0, 0x0, 0x0, 0x27, 0xdf, 0xd8,
    0x20, 0x0, 0x0, 0x0, 0x0, 0x0, 0x0, 0x0,
    0x0, 0x0, 0x0, 0x0, 0x3, 0x8e, 0xfc, 0x72,
    0x0, 0x0, 0x0, 0x0, 0x0, 0x0, 0x0, 0x0,
    0x16, 0xad, 0xdd, 0xdd, 0xdd, 0xdd, 0xdd, 0xdd,
    0xdd, 0xdd, 0xdd, 0xdd, 0xdd, 0xdd, 0xdd, 0xdd,
    0xdd, 0xda, 0x61, 0x0, 0x0, 0x0, 0x0, 0x0,
    0x12, 0x22, 0x22, 0x22, 0x22, 0x22, 0x22, 0x22,
    0x22, 0x22, 0x22, 0x22, 0x22, 0x22, 0x22, 0x22,
    0x22, 0x22, 0x22, 0x22, 0x22, 0x22, 0x22, 0x22,
    0x21, 0x0, 0x0, 0x59, 0xdd, 0xdd, 0xdd, 0xdd,
    0xdd, 0xdd, 0xdd, 0xdd, 0xdd, 0xdd, 0xdd, 0xdd,
    0xdd, 0xdd, 0xdd, 0xdd, 0xdd, 0xdd, 0xdd, 0xdd,
    0xdd, 0xdd, 0xdd, 0xa5, 0x10, 0x0, 0x0, 0x0,
    0x1, 0x47, 0x99, 0x99, 0x99, 0x99, 0x99, 0x99,
    0x99, 0xab, 0xdd, 0xba, 0x99, 0x99, 0x99, 0x99,
    0x99, 0x99, 0x99, 0x95, 0x20, 0x0, 0x0, 0x0,
    0x0, 0x0, 0x0, 0x2, 0x7d, 0xfd, 0x95, 0x44,
    0x44, 0x44, 0x44, 0x44, 0x9f, 0xff, 0xe9, 0x44,
    0x44, 0x44, 0x44, 0x44, 0x48, 0xcf, 0xfa, 0x50,
    0x0, 0x0, 0x0, 0x0, 0x0, 0x0, 0x2, 0x7d,
    0xff, 0xed, 0xcc, 0xcc, 0xcc, 0xcc, 0xcd, 0xff,
    0xff, 0xff, 0xcc, 0xcc, 0xcc, 0xcc, 0xcc, 0xcd,
    0xef, 0xfa, 0x50, 0x0, 0x0, 0x0, 0x0, 0x0,
    0x0, 0x2, 0x7d, 0xfd, 0x72, 0x0, 0x0, 0x0,
    0x0, 0x0, 0x5b, 0xff, 0xa5, 0x0, 0x0, 0x0,
    0x0, 0x0, 0x5, 0xbf, 0xfa, 0x50, 0x0, 0x0,
    0x0, 0x0, 0x0, 0x0, 0x2, 0x7c, 0xfe, 0xed,
    0xdd, 0xdd, 0xdd, 0xdd, 0xdd, 0xff, 0xff, 0xff,
    0xdd, 0xdd, 0xdd, 0xdd, 0xdd, 0xdd, 0xef, 0xfa,
    0x50, 0x0, 0x0, 0x0, 0x0, 0x0, 0x0, 0x0,
    0x0, 0x0, 0x0, 0x0, 0x0, 0x0, 0x0, 0x0,
    0x5b, 0xff, 0xa5, 0x0, 0x0, 0x0, 0x0, 0x0,
    0x0, 0x0, 0x0, 0x0, 0x0, 0x0, 0x0, 0x0,
    0x0, 0x0, 0x49, 0xef, 0xff, 0xff, 0xff, 0xff,
    0xff, 0xff, 0xff, 0xff, 0xff, 0xff, 0xff, 0xff,
    0xff, 0xff, 0xff, 0xff, 0xff, 0xff, 0xa5, 0x0,
    0x0, 0x0, 0x0, 0x0, 0x0, 0x0, 0x0, 0x0,
    0x0, 0x0, 0x0, 0x0, 0x0, 0x0, 0x5b, 0xff,
    0xa5, 0x0, 0x0, 0x0, 0x0, 0x0, 0x0, 0x0,
    0x0, 0x0, 0x0, 0x0, 0x0, 0x1, 0x6b, 0xff,
    0xff, 0xff, 0xff, 0xff, 0xff, 0xff, 0xff, 0xff,
    0xff, 0xff, 0xff, 0xff, 0xff, 0xff, 0xff, 0xff,
    0xff, 0xff, 0xff, 0xff, 0xff, 0xff, 0xd8, 0x30,

    /* U+9524 "锤" */
    0x0, 0x0, 0x0, 0x0, 0x0, 0x0, 0x0, 0x0,
    0x0, 0x0, 0x0, 0x0, 0x0, 0x0, 0x0, 0x0,
    0x0, 0x0, 0x0, 0x0, 0x0, 0x0, 0x0, 0x0,
    0x0, 0x0, 0x0, 0x0, 0x0, 0x0, 0x0, 0x0,
    0x0, 0x28, 0xdf, 0xc7, 0x20, 0x0, 0x0, 0x0,
    0x0, 0x0, 0x0, 0x0, 0x11, 0x22, 0x33, 0x45,
    0x56, 0x78, 0x89, 0xac, 0xca, 0x61, 0x0, 0x0,
    0x0, 0x0, 0x0, 0x0, 0x0, 0x39, 0xef, 0xd8,
    0x31, 0x11, 0x11, 0x10, 0x1, 0x5a, 0xef, 0xff,
    0xff, 0xff, 0xff, 0xff, 0xff, 0xfb, 0xba, 0x98,
    0x77, 0x54, 0x20, 0x0, 0x0, 0x0, 0x0, 0x0,
    0x1, 0x6b, 0xff, 0xff, 0xff, 0xff, 0xff, 0xff,
    0xf9, 0x40, 0x12, 0x32, 0x21, 0x11, 0x0, 0x49,
    0xef, 0x94, 0x0, 0x0, 0x0, 0x0, 0x0, 0x0,
    0x0, 0x0, 0x0, 0x0, 0x15, 0xbe, 0xfe, 0xa6,
    0x33, 0x33, 0x33, 0x33, 0x33, 0x21, 0x0, 0x0,
    0x0, 0x0, 0x0, 0x4, 0xaf, 0xfa, 0x50, 0x0,
    0x0, 0x0, 0x0, 0x0, 0x0, 0x0, 0x0, 0x0,
    0x28, 0xdf, 0xc8, 0x31, 0x11, 0x11, 0x11, 0x11,
    0x10, 0x16, 0xbf, 0xff, 0xff, 0xff, 0xff, 0xff,
    0xff, 0xff, 0xff, 0xff, 0xff, 0xff, 0xff, 0xff,
    0xe9, 0x30, 0x0, 0x0, 0x0, 0x2, 0x27, 0xbf,
    0xff, 0xff, 0xff, 0xff, 0xff, 0xfa, 0x40, 0x0,
    0x39, 0xef, 0xa5, 0x0, 0x4, 0xaf, 0xfa, 0x50,
    0x0, 0x4a, 0xff, 0x94, 0x0, 0x0, 0x0, 0x0,
    0x0, 0x0, 0x0, 0x1, 0x22, 0x5b, 0xff, 0xe8,
    0x32, 0x22, 0x10, 0x0, 0x3, 0x8e, 0xfa, 0x40,
    0x0, 0x49, 0xef, 0x94, 0x0, 0x4, 0x9e, 0xe9,
    0x40, 0x0, 0x0, 0x0, 0x0, 0x0, 0x0, 0x0,
    0x0, 0x3, 0x8d, 0xfb, 0x61, 0x0, 0x3, 0x69,
    0x99, 0xcf, 0xff, 0xfe, 0x99, 0x9d, 0xff, 0xff,
    0xd9, 0x99, 0xdf, 0xff, 0xfd, 0x99, 0x96, 0x30,
    0x0, 0x0, 0x0, 0x12, 0x33, 0x33, 0x6b, 0xff,
    0xe9, 0x43, 0x33, 0x7a, 0xdc, 0xcf, 0xff, 0xff,
    0xfc, 0xcc, 0xff, 0xff, 0xff, 0xcc, 0xcf, 0xff,
    0xff, 0xfc, 0xcc, 0x84, 0x0, 0x0, 0x0, 0x49,
    0xef, 0xff, 0xff, 0xff, 0xff, 0xff, 0xff, 0xfd,
    0x83, 0x0, 0x38, 0xef, 0xa4, 0x0, 0x4, 0x9e,
    0xf9, 0x40, 0x0, 0x49, 0xee, 0x94, 0x0, 0x0,
    0x0, 0x0, 0x0, 0x0, 0x0, 0x0, 0x0, 0x39,
    0xef, 0xc6, 0x10, 0x0, 0x0, 0x0, 0x3, 0x8e,
    0xfa, 0x40, 0x0, 0x49, 0xef, 0x94, 0x0, 0x4,
    0x9e, 0xe9, 0x40, 0x0, 0x0, 0x0, 0x0, 0x0,
    0x0, 0x0, 0x0, 0x3, 0x8d, 0xfb, 0x61, 0x0,
    0x0, 0x48, 0xdd, 0xff, 0xff, 0xff, 0xdd, 0xdf,
    0xff, 0xff, 0xfd, 0xdd, 0xff, 0xff, 0xff, 0xdd,
    0x95, 0x0, 0x0, 0x0, 0x0, 0x0, 0x0, 0x0,
    0x38, 0xdf, 0xb6, 0x10, 0x1, 0x24, 0x57, 0x77,
    0x77, 0x77, 0x77, 0x77, 0xbf, 0xff, 0xfc, 0x77,
    0x77, 0x77, 0x77, 0x77, 0x75, 0x30, 0x0, 0x0,
    0x0, 0x0, 0x0, 0x0, 0x3, 0x8d, 0xfd, 0xa8,
    0xad, 0xfc, 0x72, 0x0, 0x0, 0x0, 0x0, 0x0,
    0x4, 0x9e, 0xf9, 0x40, 0x0, 0x0, 0x0, 0x0,
    0x0, 0x0, 0x0, 0x0, 0x0, 0x0, 0x0, 0x0,
    0x1, 0x8f, 0xff, 0xff, 0xeb, 0x85, 0x20, 0x0,
    0x0, 0x0, 0x0, 0x0, 0x0, 0x4a, 0xff, 0xa5,
    0x0, 0x0, 0x0, 0x0, 0x0, 0x0, 0x0, 0x0,
    0x0, 0x0, 0x0, 0x0, 0x3, 0xdf, 0xff, 0xc6,
    0x20, 0x0, 0x0, 0x0, 0x49, 0xef, 0xff, 0xff,
    0xff, 0xff, 0xff, 0xff, 0xff, 0xff, 0xff, 0xff,
    0xff, 0x94, 0x0, 0x0, 0x0, 0x0, 0x0, 0x0,
    0x0, 0x1, 0x11, 0x0, 0x0, 0x0, 0x0, 0x0,
    0x0, 0x0, 0x0, 0x0, 0x0, 0x0, 0x0, 0x0,
    0x0, 0x0, 0x0, 0x0, 0x0, 0x0, 0x0, 0x0,
    0x0,

    /* U+95F4 "间" */
    0x0, 0x25, 0x9b, 0xa6, 0x20, 0x0, 0x0, 0x0,
    0x11, 0x11, 0x11, 0x11, 0x11, 0x11, 0x11, 0x11,
    0x11, 0x11, 0x11, 0x11, 0x12, 0x23, 0x21, 0x0,
    0x0, 0x1, 0x49, 0xdf, 0xeb, 0x62, 0x0, 0x5,
    0xaf, 0xff, 0xff, 0xff, 0xff, 0xff, 0xff, 0xff,
    0xff, 0xff, 0xff, 0xff, 0xff, 0xff, 0xfe, 0x71,
    0x0, 0x0, 0x0, 0x15, 0xae, 0xea, 0x51, 0x0,
    0x12, 0x22, 0x22, 0x22, 0x22, 0x22, 0x22, 0x22,
    0x22, 0x22, 0x22, 0x22, 0x27, 0xcf, 0xfc, 0x71,
    0x2, 0x58, 0x85, 0x20, 0x0, 0x0, 0x0, 0x0,
    0x0, 0x0, 0x0, 0x0, 0x0, 0x0, 0x0, 0x0,
    0x0, 0x0, 0x0, 0x0, 0x4, 0xaf, 0xfc, 0x71,
    0x5, 0xbf, 0xfb, 0x50, 0x0, 0x0, 0x0, 0x0,
    0x0, 0x0, 0x0, 0x0, 0x0, 0x0, 0x0, 0x0,
    0x0, 0x0, 0x0, 0x0, 0x4, 0xaf, 0xfc, 0x71,
    0x5, 0xbf, 0xfb, 0x50, 0x0, 0x0, 0x4, 0x9f,
    0xff, 0xff, 0xff, 0xff, 0xff, 0xff, 0xff, 0xff,
    0xfa, 0x50, 0x0, 0x0, 0x4, 0xaf, 0xfc, 0x71,
    0x5, 0xbf, 0xfb, 0x50, 0x0, 0x0, 0x5, 0xaf,
    0xea, 0x52, 0x22, 0x22, 0x22, 0x22, 0x25, 0xae,
    0xfb, 0x50, 0x0, 0x0, 0x4, 0xaf, 0xfc, 0x71,
    0x5, 0xbf, 0xfb, 0x50, 0x0, 0x0, 0x5, 0xaf,
    0xe9, 0x40, 0x0, 0x0, 0x0, 0x0, 0x4, 0x9e,
    0xfb, 0x50, 0x0, 0x0, 0x4, 0xaf, 0xfc, 0x71,
    0x5, 0xbf, 0xfb, 0x50, 0x0, 0x0, 0x5, 0xaf,
    0xfa, 0x63, 0x33, 0x33, 0x33, 0x33, 0x36, 0xaf,
    0xfb, 0x50, 0x0, 0x0, 0x4, 0xaf, 0xfc, 0x71,
    0x5, 0xbf, 0xfb, 0x50, 0x0, 0x0, 0x5, 0xaf,
    0xff, 0xee, 0xee, 0xee, 0xee, 0xee, 0xee, 0xff,
    0xfb, 0x50, 0x0, 0x0, 0x4, 0xaf, 0xfc, 0x71,
    0x5, 0xbf, 0xfb, 0x50, 0x0, 0x0, 0x5, 0xaf,
    0xe9, 0x40, 0x0, 0x0, 0x0, 0x0, 0x4, 0x9e,
    0xfb, 0x50, 0x0, 0x0, 0x4, 0xaf, 0xfc, 0x71,
    0x5, 0xbf, 0xfb, 0x50, 0x0, 0x0, 0x5, 0xaf,
    0xe9, 0x40, 0x0, 0x0, 0x0, 0x0, 0x4, 0x9e,
    0xfb, 0x50, 0x0, 0x0, 0x4, 0xaf, 0xfc, 0x71,
    0x5, 0xbf, 0xfb, 0x50, 0x0, 0x0, 0x5, 0xaf,
    0xff, 0xff, 0xff, 0xff, 0xff, 0xff, 0xff, 0xff,
    0xfb, 0x50, 0x0, 0x0, 0x4, 0xaf, 0xfc, 0x71,
    0x5, 0xbf, 0xfb, 0x50, 0x0, 0x0, 0x0, 0x12,
    0x22, 0x22, 0x22, 0x22, 0x22, 0x22, 0x22, 0x22,
    0x21, 0x0, 0x0, 0x0, 0x4, 0xaf, 0xfc, 0x71,
    0x5, 0xbf, 0xfb, 0x50, 0x0, 0x0, 0x0, 0x0,
    0x0, 0x0, 0x0, 0x0, 0x0, 0x0, 0x0, 0x0,
    0x0, 0x1, 0x23, 0x33, 0x37, 0xbf, 0xfb, 0x61,
    0x5, 0xbf, 0xfb, 0x50, 0x0, 0x0, 0x0, 0x0,
    0x0, 0x0, 0x0, 0x0, 0x0, 0x0, 0x0, 0x0,
    0x0, 0x1, 0x6c, 0xff, 0xff, 0xed, 0xb6, 0x20,
    0x0, 0x0, 0x0, 0x0, 0x0, 0x0, 0x0, 0x0,
    0x0, 0x0, 0x0, 0x0, 0x0, 0x0, 0x0, 0x0,
    0x0, 0x0, 0x0, 0x0, 0x0, 0x0, 0x0, 0x0,

    /* U+96C6 "集" */
    0x0, 0x0, 0x0, 0x0, 0x0, 0x0, 0x0, 0x0,
    0x1, 0x10, 0x0, 0x0, 0x0, 0x0, 0x0, 0x0,
    0x0, 0x0, 0x0, 0x0, 0x0, 0x0, 0x0, 0x0,
    0x0, 0x0, 0x0, 0x0, 0x0, 0x0, 0x0, 0x0,
    0x0, 0x0, 0x0, 0x1, 0x6b, 0xff, 0xc7, 0x20,
    0x0, 0x0, 0x49, 0xef, 0xc7, 0x20, 0x0, 0x0,
    0x0, 0x0, 0x0, 0x0, 0x0, 0x0, 0x0, 0x0,
    0x0, 0x0, 0x0, 0x0, 0x0, 0x0, 0x0, 0x16,
    0xdf, 0xff, 0xc7, 0x43, 0x33, 0x33, 0x33, 0x5b,
    0xff, 0xfd, 0x84, 0x33, 0x33, 0x33, 0x33, 0x33,
    0x33, 0x33, 0x21, 0x0, 0x0, 0x0, 0x0, 0x0,
    0x0, 0x0, 0x2, 0x9f, 0xff, 0xff, 0xfe, 0xee,
    0xee, 0xee, 0xee, 0xef, 0xff, 0xff, 0xff, 0xee,
    0xee, 0xee, 0xee, 0xee, 0xee, 0xee, 0xe9, 0x40,
    0x0, 0x0, 0x0, 0x0, 0x0, 0x2, 0x5a, 0xef,
    0xff, 0xfe, 0x72, 0x0, 0x0, 0x0, 0x0, 0x1,
    0x6b, 0xfe, 0x94, 0x0, 0x0, 0x0, 0x0, 0x0,
    0x0, 0x0, 0x0, 0x0, 0x0, 0x0, 0x0, 0x0,
    0x3, 0x7b, 0xef, 0xeb, 0xab, 0xef, 0xff, 0xfe,
    0xee, 0xee, 0xee, 0xee, 0xff, 0xff, 0xff, 0xfe,
    0xee, 0xee, 0xee, 0xee, 0xee, 0xee, 0xd8, 0x30,
    0x0, 0x0, 0x0, 0x0, 0x0, 0x14, 0x77, 0x51,
    0x3, 0x9e, 0xfc, 0x72, 0x0, 0x0, 0x0, 0x0,
    0x1, 0x7c, 0xff, 0xa4, 0x0, 0x0, 0x0, 0x0,
    0x0, 0x0, 0x0, 0x0, 0x0, 0x0, 0x0, 0x0,
    0x0, 0x0, 0x0, 0x0, 0x0, 0x39, 0xef, 0xff,
    0xfe, 0xee, 0xee, 0xee, 0xee, 0xff, 0xff, 0xff,
    0xfe, 0xee, 0xee, 0xee, 0xee, 0xee, 0xee, 0xd8,
    0x30, 0x0, 0x0, 0x0, 0x0, 0x0, 0x0, 0x0,
    0x0, 0x3, 0x9e, 0xfc, 0x72, 0x0, 0x0, 0x0,
    0x0, 0x1, 0x7c, 0xff, 0xa4, 0x0, 0x0, 0x0,
    0x0, 0x0, 0x0, 0x0, 0x0, 0x0, 0x0, 0x0,
    0x0, 0x0, 0x0, 0x0, 0x0, 0x0, 0x3a, 0xff,
    0xff, 0xa8, 0x88, 0x88, 0x88, 0x88, 0x9e, 0xff,
    0xff, 0xc8, 0x88, 0x88, 0x88, 0x88, 0x88, 0x88,
    0x88, 0x88, 0x74, 0x10, 0x0, 0x0, 0x0, 0x0,
    0x0, 0x0, 0x3, 0xaf, 0xff, 0xfa, 0x88, 0x88,
    0x88, 0x88, 0x9b, 0xcc, 0xba, 0x98, 0x88, 0x88,
    0x88, 0x88, 0x88, 0x88, 0x88, 0x88, 0x87, 0x41,
    0x0, 0x0, 0x0, 0x0, 0x0, 0x0, 0x0, 0x11,
    0x22, 0x21, 0x10, 0x0, 0x0, 0x0, 0x4, 0xaf,
    0xfc, 0x72, 0x0, 0x0, 0x0, 0x0, 0x0, 0x0,
    0x0, 0x0, 0x0, 0x0, 0x0, 0x0, 0x0, 0x0,
    0x39, 0xef, 0xff, 0xff, 0xff, 0xff, 0xff, 0xff,
    0xff, 0xff, 0xff, 0xff, 0xff, 0xff, 0xff, 0xff,
    0xff, 0xff, 0xff, 0xff, 0xff, 0xff, 0xff, 0xff,
    0xd8, 0x20, 0x0, 0x0, 0x0, 0x1, 0x11, 0x11,
    0x11, 0x11, 0x11, 0x11, 0x36, 0x9c, 0xff, 0xff,
    0xff, 0xff, 0xfe, 0xff, 0xeb, 0x85, 0x31, 0x11,
    0x11, 0x11, 0x11, 0x11, 0x11, 0x0, 0x0, 0x0,
    0x0, 0x0, 0x0, 0x0, 0x0, 0x13, 0x58, 0xad,
    0xef, 0xeb, 0x85, 0x20, 0x49, 0xef, 0xc6, 0x10,
    0x25, 0x8b, 0xdf, 0xed, 0xa8, 0x63, 0x10, 0x0,
    0x0, 0x0, 0x0, 0x0, 0x0, 0x12, 0x57, 0x8a,
    0xcd, 0xef, 0xfe, 0xc9, 0x63, 0x10, 0x0, 0x0,
    0x4, 0x9e, 0xfc, 0x61, 0x0, 0x0, 0x0, 0x13,
    0x58, 0xac, 0xef, 0xfe, 0xcb, 0x98, 0x52, 0x0,
    0x0, 0x0, 0x15, 0x9b, 0xa8, 0x64, 0x21, 0x0,
    0x0, 0x0, 0x0, 0x0, 0x0, 0x49, 0xef, 0xc6,
    0x10, 0x0, 0x0, 0x0, 0x0, 0x0, 0x0, 0x2,
    0x45, 0x79, 0x74, 0x10, 0x0
};


/*---------------------
 *  GLYPH DESCRIPTION
 *--------------------*/

static const lv_font_fmt_txt_glyph_dsc_t glyph_dsc[] = {
    {.bitmap_index = 0, .adv_w = 0, .box_w = 0, .box_h = 0, .ofs_x = 0, .ofs_y = 0} /* id = 0 reserved */,
    {.bitmap_index = 0, .adv_w = 144, .box_w = 9, .box_h = 13, .ofs_x = 3, .ofs_y = 0},
    {.bitmap_index = 59, .adv_w = 144, .box_w = 21, .box_h = 6, .ofs_x = 1, .ofs_y = 8},
    {.bitmap_index = 122, .adv_w = 144, .box_w = 27, .box_h = 13, .ofs_x = 0, .ofs_y = 0},
    {.bitmap_index = 298, .adv_w = 144, .box_w = 27, .box_h = 17, .ofs_x = 0, .ofs_y = -2},
    {.bitmap_index = 528, .adv_w = 144, .box_w = 33, .box_h = 13, .ofs_x = -1, .ofs_y = 0},
    {.bitmap_index = 743, .adv_w = 144, .box_w = 30, .box_h = 14, .ofs_x = 0, .ofs_y = -1},
    {.bitmap_index = 953, .adv_w = 144, .box_w = 9, .box_h = 6, .ofs_x = 3, .ofs_y = 8},
    {.bitmap_index = 980, .adv_w = 144, .box_w = 18, .box_h = 19, .ofs_x = 2, .ofs_y = -4},
    {.bitmap_index = 1151, .adv_w = 144, .box_w = 18, .box_h = 19, .ofs_x = 1, .ofs_y = -4},
    {.bitmap_index = 1322, .adv_w = 144, .box_w = 21, .box_h = 6, .ofs_x = 1, .ofs_y = 8},
    {.bitmap_index = 1385, .adv_w = 144, .box_w = 27, .box_h = 10, .ofs_x = 0, .ofs_y = 2},
    {.bitmap_index = 1520, .adv_w = 144, .box_w = 15, .box_h = 7, .ofs_x = 2, .ofs_y = -4},
    {.bitmap_index = 1573, .adv_w = 144, .box_w = 21, .box_h = 3, .ofs_x = 1, .ofs_y = 4},
    {.bitmap_index = 1605, .adv_w = 144, .box_w = 15, .box_h = 3, .ofs_x = 2, .ofs_y = 0},
    {.bitmap_index = 1628, .adv_w = 144, .box_w = 27, .box_h = 18, .ofs_x = 0, .ofs_y = -3},
    {.bitmap_index = 1871, .adv_w = 144, .box_w = 27, .box_h = 13, .ofs_x = 0, .ofs_y = 0},
    {.bitmap_index = 2047, .adv_w = 144, .box_w = 27, .box_h = 13, .ofs_x = 0, .ofs_y = 0},
    {.bitmap_index = 2223, .adv_w = 144, .box_w = 27, .box_h = 13, .ofs_x = 0, .ofs_y = 0},
    {.bitmap_index = 2399, .adv_w = 144, .box_w = 27, .box_h = 13, .ofs_x = 0, .ofs_y = 0},
    {.bitmap_index = 2575, .adv_w = 144, .box_w = 27, .box_h = 13, .ofs_x = 0, .ofs_y = 0},
    {.bitmap_index = 2751, .adv_w = 144, .box_w = 27, .box_h = 13, .ofs_x = 0, .ofs_y = 0},
    {.bitmap_index = 2927, .adv_w = 144, .box_w = 27, .box_h = 13, .ofs_x = 0, .ofs_y = 0},
    {.bitmap_index = 3103, .adv_w = 144, .box_w = 27, .box_h = 13, .ofs_x = 0, .ofs_y = 0},
    {.bitmap_index = 3279, .adv_w = 144, .box_w = 27, .box_h = 13, .ofs_x = 0, .ofs_y = 0},
    {.bitmap_index = 3455, .adv_w = 144, .box_w = 27, .box_h = 13, .ofs_x = 0, .ofs_y = 0},
    {.bitmap_index = 3631, .adv_w = 144, .box_w = 15, .box_h = 10, .ofs_x = 2, .ofs_y = 0},
    {.bitmap_index = 3706, .adv_w = 144, .box_w = 15, .box_h = 14, .ofs_x = 2, .ofs_y = -4},
    {.bitmap_index = 3811, .adv_w = 144, .box_w = 27, .box_h = 9, .ofs_x = 0, .ofs_y = 2},
    {.bitmap_index = 3933, .adv_w = 144, .box_w = 27, .box_h = 6, .ofs_x = 0, .ofs_y = 4},
    {.bitmap_index = 4014, .adv_w = 144, .box_w = 27, .box_h = 9, .ofs_x = 0, .ofs_y = 2},
    {.bitmap_index = 4136, .adv_w = 144, .box_w = 21, .box_h = 14, .ofs_x = 1, .ofs_y = 0},
    {.bitmap_index = 4283, .adv_w = 144, .box_w = 27, .box_h = 17, .ofs_x = 0, .ofs_y = -4},
    {.bitmap_index = 4513, .adv_w = 144, .box_w = 27, .box_h = 13, .ofs_x = 0, .ofs_y = 0},
    {.bitmap_index = 4689, .adv_w = 144, .box_w = 24, .box_h = 13, .ofs_x = 1, .ofs_y = 0},
    {.bitmap_index = 4845, .adv_w = 144, .box_w = 27, .box_h = 13, .ofs_x = 0, .ofs_y = 0},
    {.bitmap_index = 5021, .adv_w = 144, .box_w = 27, .box_h = 13, .ofs_x = 0, .ofs_y = 0},
    {.bitmap_index = 5197, .adv_w = 144, .box_w = 24, .box_h = 13, .ofs_x = 1, .ofs_y = 0},
    {.bitmap_index = 5353, .adv_w = 144, .box_w = 24, .box_h = 13, .ofs_x = 1, .ofs_y = 0},
    {.bitmap_index = 5509, .adv_w = 144, .box_w = 27, .box_h = 13, .ofs_x = 0, .ofs_y = 0},
    {.bitmap_index = 5685, .adv_w = 144, .box_w = 27, .box_h = 13, .ofs_x = 0, .ofs_y = 0},
    {.bitmap_index = 5861, .adv_w = 144, .box_w = 27, .box_h = 13, .ofs_x = 0, .ofs_y = 0},
    {.bitmap_index = 6037, .adv_w = 144, .box_w = 24, .box_h = 13, .ofs_x = 0, .ofs_y = 0},
    {.bitmap_index = 6193, .adv_w = 144, .box_w = 30, .box_h = 13, .ofs_x = 0, .ofs_y = 0},
    {.bitmap_index = 6388, .adv_w = 144, .box_w = 24, .box_h = 13, .ofs_x = 1, .ofs_y = 0},
    {.bitmap_index = 6544, .adv_w = 144, .box_w = 27, .box_h = 13, .ofs_x = 0, .ofs_y = 0},
    {.bitmap_index = 6720, .adv_w = 144, .box_w = 27, .box_h = 13, .ofs_x = 0, .ofs_y = 0},
    {.bitmap_index = 6896, .adv_w = 144, .box_w = 27, .box_h = 13, .ofs_x = 0, .ofs_y = 0},
    {.bitmap_index = 7072, .adv_w = 144, .box_w = 27, .box_h = 13, .ofs_x = 0, .ofs_y = 0},
    {.bitmap_index = 7248, .adv_w = 144, .box_w = 27, .box_h = 17, .ofs_x = 0, .ofs_y = -4},
    {.bitmap_index = 7478, .adv_w = 144, .box_w = 27, .box_h = 13, .ofs_x = 0, .ofs_y = 0},
    {.bitmap_index = 7654, .adv_w = 144, .box_w = 27, .box_h = 13, .ofs_x = 0, .ofs_y = 0},
    {.bitmap_index = 7830, .adv_w = 144, .box_w = 27, .box_h = 13, .ofs_x = 0, .ofs_y = 0},
    {.bitmap_index = 8006, .adv_w = 144, .box_w = 27, .box_h = 13, .ofs_x = 0, .ofs_y = 0},
    {.bitmap_index = 8182, .adv_w = 144, .box_w = 27, .box_h = 13, .ofs_x = 0, .ofs_y = 0},
    {.bitmap_index = 8358, .adv_w = 144, .box_w = 33, .box_h = 13, .ofs_x = -1, .ofs_y = 0},
    {.bitmap_index = 8573, .adv_w = 144, .box_w = 27, .box_h = 13, .ofs_x = 0, .ofs_y = 0},
    {.bitmap_index = 8749, .adv_w = 144, .box_w = 27, .box_h = 13, .ofs_x = 0, .ofs_y = 0},
    {.bitmap_index = 8925, .adv_w = 144, .box_w = 27, .box_h = 13, .ofs_x = 0, .ofs_y = 0},
    {.bitmap_index = 9101, .adv_w = 144, .box_w = 18, .box_h = 17, .ofs_x = 2, .ofs_y = -3},
    {.bitmap_index = 9254, .adv_w = 144, .box_w = 27, .box_h = 18, .ofs_x = 0, .ofs_y = -3},
    {.bitmap_index = 9497, .adv_w = 144, .box_w = 18, .box_h = 17, .ofs_x = 1, .ofs_y = -3},
    {.bitmap_index = 9650, .adv_w = 144, .box_w = 27, .box_h = 8, .ofs_x = 0, .ofs_y = 6},
    {.bitmap_index = 9758, .adv_w = 144, .box_w = 27, .box_h = 2, .ofs_x = 0, .ofs_y = -3},
    {.bitmap_index = 9785, .adv_w = 144, .box_w = 12, .box_h = 3, .ofs_x = 2, .ofs_y = 11},
    {.bitmap_index = 9803, .adv_w = 144, .box_w = 27, .box_h = 10, .ofs_x = 0, .ofs_y = 0},
    {.bitmap_index = 9938, .adv_w = 144, .box_w = 27, .box_h = 14, .ofs_x = 0, .ofs_y = 0},
    {.bitmap_index = 10127, .adv_w = 144, .box_w = 27, .box_h = 10, .ofs_x = 0, .ofs_y = 0},
    {.bitmap_index = 10262, .adv_w = 144, .box_w = 27, .box_h = 14, .ofs_x = 0, .ofs_y = 0},
    {.bitmap_index = 10451, .adv_w = 144, .box_w = 27, .box_h = 10, .ofs_x = 0, .ofs_y = 0},
    {.bitmap_index = 10586, .adv_w = 144, .box_w = 27, .box_h = 14, .ofs_x = 1, .ofs_y = 0},
    {.bitmap_index = 10775, .adv_w = 144, .box_w = 27, .box_h = 14, .ofs_x = 0, .ofs_y = -4},
    {.bitmap_index = 10964, .adv_w = 144, .box_w = 27, .box_h = 14, .ofs_x = 0, .ofs_y = 0},
    {.bitmap_index = 11153, .adv_w = 144, .box_w = 9, .box_h = 14, .ofs_x = 3, .ofs_y = 0},
    {.bitmap_index = 11216, .adv_w = 144, .box_w = 24, .box_h = 18, .ofs_x = -1, .ofs_y = -4},
    {.bitmap_index = 11432, .adv_w = 144, .box_w = 24, .box_h = 14, .ofs_x = 1, .ofs_y = 0},
    {.bitmap_index = 11600, .adv_w = 144, .box_w = 18, .box_h = 14, .ofs_x = 3, .ofs_y = 0},
    {.bitmap_index = 11726, .adv_w = 144, .box_w = 27, .box_h = 10, .ofs_x = 0, .ofs_y = 0},
    {.bitmap_index = 11861, .adv_w = 144, .box_w = 27, .box_h = 10, .ofs_x = 0, .ofs_y = 0},
    {.bitmap_index = 11996, .adv_w = 144, .box_w = 27, .box_h = 10, .ofs_x = 0, .ofs_y = 0},
    {.bitmap_index = 12131, .adv_w = 144, .box_w = 27, .box_h = 14, .ofs_x = 0, .ofs_y = -4},
    {.bitmap_index = 12320, .adv_w = 144, .box_w = 27, .box_h = 14, .ofs_x = 0, .ofs_y = -4},
    {.bitmap_index = 12509, .adv_w = 144, .box_w = 24, .box_h = 10, .ofs_x = 1, .ofs_y = 0},
    {.bitmap_index = 12629, .adv_w = 144, .box_w = 27, .box_h = 10, .ofs_x = 0, .ofs_y = 0},
    {.bitmap_index = 12764, .adv_w = 144, .box_w = 27, .box_h = 13, .ofs_x = 0, .ofs_y = 0},
    {.bitmap_index = 12940, .adv_w = 144, .box_w = 27, .box_h = 10, .ofs_x = 0, .ofs_y = 0},
    {.bitmap_index = 13075, .adv_w = 144, .box_w = 27, .box_h = 10, .ofs_x = 0, .ofs_y = 0},
    {.bitmap_index = 13210, .adv_w = 144, .box_w = 33, .box_h = 10, .ofs_x = -1, .ofs_y = 0},
    {.bitmap_index = 13375, .adv_w = 144, .box_w = 27, .box_h = 10, .ofs_x = 0, .ofs_y = 0},
    {.bitmap_index = 13510, .adv_w = 144, .box_w = 27, .box_h = 14, .ofs_x = 0, .ofs_y = -4},
    {.bitmap_index = 13699, .adv_w = 144, .box_w = 27, .box_h = 10, .ofs_x = 0, .ofs_y = 0},
    {.bitmap_index = 13834, .adv_w = 144, .box_w = 21, .box_h = 17, .ofs_x = 1, .ofs_y = -3},
    {.bitmap_index = 14013, .adv_w = 144, .box_w = 9, .box_h = 20, .ofs_x = 3, .ofs_y = -5},
    {.bitmap_index = 14103, .adv_w = 144, .box_w = 21, .box_h = 17, .ofs_x = 1, .ofs_y = -3},
    {.bitmap_index = 14282, .adv_w = 144, .box_w = 27, .box_h = 5, .ofs_x = 0, .ofs_y = 4},
    {.bitmap_index = 14350, .adv_w = 288, .box_w = 54, .box_h = 16, .ofs_x = 0, .ofs_y = -1},
    {.bitmap_index = 14782, .adv_w = 288, .box_w = 54, .box_h = 17, .ofs_x = 0, .ofs_y = -1},
    {.bitmap_index = 15241, .adv_w = 288, .box_w = 54, .box_h = 17, .ofs_x = 0, .ofs_y = -1},
    {.bitmap_index = 15700, .adv_w = 288, .box_w = 54, .box_h = 18, .ofs_x = 0, .ofs_y = -2},
    {.bitmap_index = 16186, .adv_w = 288, .box_w = 54, .box_h = 17, .ofs_x = 0, .ofs_y = -2},
    {.bitmap_index = 16645, .adv_w = 288, .box_w = 51, .box_h = 17, .ofs_x = 1, .ofs_y = -1},
    {.bitmap_index = 17079, .adv_w = 288, .box_w = 51, .box_h = 18, .ofs_x = 0, .ofs_y = -2},
    {.bitmap_index = 17538, .adv_w = 288, .box_w = 54, .box_h = 17, .ofs_x = 0, .ofs_y = -2},
    {.bitmap_index = 17997, .adv_w = 288, .box_w = 54, .box_h = 17, .ofs_x = 0, .ofs_y = -2},
    {.bitmap_index = 18456, .adv_w = 288, .box_w = 54, .box_h = 16, .ofs_x = 0, .ofs_y = -1},
    {.bitmap_index = 18888, .adv_w = 288, .box_w = 54, .box_h = 17, .ofs_x = 0, .ofs_y = -2},
    {.bitmap_index = 19347, .adv_w = 288, .box_w = 54, .box_h = 18, .ofs_x = 0, .ofs_y = -2},
    {.bitmap_index = 19833, .adv_w = 288, .box_w = 54, .box_h = 17, .ofs_x = 0, .ofs_y = -2},
    {.bitmap_index = 20292, .adv_w = 288, .box_w = 51, .box_h = 18, .ofs_x = 1, .ofs_y = -2},
    {.bitmap_index = 20751, .adv_w = 288, .box_w = 54, .box_h = 14, .ofs_x = 0, .ofs_y = 0},
    {.bitmap_index = 21129, .adv_w = 288, .box_w = 54, .box_h = 18, .ofs_x = 0, .ofs_y = -2},
    {.bitmap_index = 21615, .adv_w = 288, .box_w = 54, .box_h = 18, .ofs_x = 0, .ofs_y = -2},
    {.bitmap_index = 22101, .adv_w = 288, .box_w = 54, .box_h = 16, .ofs_x = 0, .ofs_y = -2},
    {.bitmap_index = 22533, .adv_w = 288, .box_w = 54, .box_h = 17, .ofs_x = 0, .ofs_y = -2},
    {.bitmap_index = 22992, .adv_w = 288, .box_w = 54, .box_h = 16, .ofs_x = 0, .ofs_y = -1},
    {.bitmap_index = 23424, .adv_w = 288, .box_w = 54, .box_h = 17, .ofs_x = 0, .ofs_y = -2},
    {.bitmap_index = 23883, .adv_w = 288, .box_w = 54, .box_h = 18, .ofs_x = 0, .ofs_y = -2},
    {.bitmap_index = 24369, .adv_w = 288, .box_w = 54, .box_h = 17, .ofs_x = 0, .ofs_y = -1},
    {.bitmap_index = 24828, .adv_w = 288, .box_w = 54, .box_h = 17, .ofs_x = 0, .ofs_y = -1},
    {.bitmap_index = 25287, .adv_w = 288, .box_w = 51, .box_h = 17, .ofs_x = 1, .ofs_y = -2},
    {.bitmap_index = 25721, .adv_w = 288, .box_w = 48, .box_h = 17, .ofs_x = 1, .ofs_y = -2},
    {.bitmap_index = 26129, .adv_w = 288, .box_w = 54, .box_h = 17, .ofs_x = 0, .ofs_y = -1},
    {.bitmap_index = 26588, .adv_w = 288, .box_w = 54, .box_h = 18, .ofs_x = 0, .ofs_y = -2},
    {.bitmap_index = 27074, .adv_w = 288, .box_w = 54, .box_h = 18, .ofs_x = 0, .ofs_y = -2},
    {.bitmap_index = 27560, .adv_w = 288, .box_w = 54, .box_h = 17, .ofs_x = 0, .ofs_y = -1},
    {.bitmap_index = 28019, .adv_w = 288, .box_w = 54, .box_h = 16, .ofs_x = 0, .ofs_y = -1},
    {.bitmap_index = 28451, .adv_w = 288, .box_w = 54, .box_h = 18, .ofs_x = 0, .ofs_y = -2},
    {.bitmap_index = 28937, .adv_w = 288, .box_w = 54, .box_h = 17, .ofs_x = 0, .ofs_y = -1},
    {.bitmap_index = 29396, .adv_w = 288, .box_w = 54, .box_h = 16, .ofs_x = 0, .ofs_y = -1},
    {.bitmap_index = 29828, .adv_w = 288, .box_w = 54, .box_h = 17, .ofs_x = 0, .ofs_y = -2},
    {.bitmap_index = 30287, .adv_w = 288, .box_w = 54, .box_h = 17, .ofs_x = 0, .ofs_y = -2},
    {.bitmap_index = 30746, .adv_w = 288, .box_w = 54, .box_h = 17, .ofs_x = 0, .ofs_y = -1},
    {.bitmap_index = 31205, .adv_w = 288, .box_w = 54, .box_h = 17, .ofs_x = 0, .ofs_y = -1},
    {.bitmap_index = 31664, .adv_w = 288, .box_w = 57, .box_h = 18, .ofs_x = 0, .ofs_y = -2},
    {.bitmap_index = 32177, .adv_w = 288, .box_w = 54, .box_h = 17, .ofs_x = 0, .ofs_y = -1},
    {.bitmap_index = 32636, .adv_w = 288, .box_w = 54, .box_h = 16, .ofs_x = 0, .ofs_y = -1},
    {.bitmap_index = 33068, .adv_w = 288, .box_w = 51, .box_h = 18, .ofs_x = 0, .ofs_y = -2},
    {.bitmap_index = 33527, .adv_w = 288, .box_w = 54, .box_h = 17, .ofs_x = 0, .ofs_y = -1},
    {.bitmap_index = 33986, .adv_w = 288, .box_w = 54, .box_h = 16, .ofs_x = 0, .ofs_y = -1},
    {.bitmap_index = 34418, .adv_w = 288, .box_w = 54, .box_h = 17, .ofs_x = 0, .ofs_y = -2},
    {.bitmap_index = 34877, .adv_w = 288, .box_w = 51, .box_h = 17, .ofs_x = 0, .ofs_y = -2},
    {.bitmap_index = 35311, .adv_w = 288, .box_w = 51, .box_h = 17, .ofs_x = 0, .ofs_y = -2},
    {.bitmap_index = 35745, .adv_w = 288, .box_w = 54, .box_h = 17, .ofs_x = 0, .ofs_y = -2},
    {.bitmap_index = 36204, .adv_w = 288, .box_w = 54, .box_h = 18, .ofs_x = 0, .ofs_y = -2},
    {.bitmap_index = 36690, .adv_w = 288, .box_w = 54, .box_h = 18, .ofs_x = 0, .ofs_y = -2},
    {.bitmap_index = 37176, .adv_w = 288, .box_w = 54, .box_h = 16, .ofs_x = 0, .ofs_y = -1},
    {.bitmap_index = 37608, .adv_w = 288, .box_w = 54, .box_h = 16, .ofs_x = 0, .ofs_y = -1},
    {.bitmap_index = 38040, .adv_w = 288, .box_w = 57, .box_h = 18, .ofs_x = -1, .ofs_y = -2},
    {.bitmap_index = 38553, .adv_w = 288, .box_w = 48, .box_h = 17, .ofs_x = 1, .ofs_y = -2},
    {.bitmap_index = 38961, .adv_w = 288, .box_w = 57, .box_h = 17, .ofs_x = -1, .ofs_y = -1}
};

/*---------------------
 *  CHARACTER MAPPING
 *--------------------*/

static const uint16_t unicode_list_1[] = {
    0x0, 0x133, 0x142, 0x224, 0x242, 0x3e1, 0x481, 0x571,
    0x5dd, 0x9e0, 0xb15, 0xbb1, 0xd3a, 0xd3d, 0xfcb, 0x1075,
    0x108c, 0x10e6, 0x113b, 0x11e7, 0x14cf, 0x1756, 0x175a, 0x177f,
    0x17dc, 0x18d8, 0x19cb, 0x1a4f, 0x1d07, 0x1d48, 0x1fd7, 0x229f,
    0x249c, 0x2bf1, 0x2cd5, 0x2f15, 0x3092, 0x30a5, 0x30ae, 0x30b5,
    0x3154, 0x3bb8, 0x3d87, 0x3d96, 0x3da4, 0x3dc8, 0x3de9, 0x41c1,
    0x41ef, 0x4205, 0x43ad, 0x43b5, 0x470a, 0x47da, 0x48ac
};

/*Collect the unicode lists and glyph_id offsets*/
static const lv_font_fmt_txt_cmap_t cmaps[] =
{
    {
        .range_start = 33, .range_length = 94, .glyph_id_start = 1,
        .unicode_list = NULL, .glyph_id_ofs_list = NULL, .list_length = 0, .type = LV_FONT_FMT_TXT_CMAP_FORMAT0_TINY
    },
    {
        .range_start = 19994, .range_length = 18605, .glyph_id_start = 95,
        .unicode_list = unicode_list_1, .glyph_id_ofs_list = NULL, .list_length = 55, .type = LV_FONT_FMT_TXT_CMAP_SPARSE_TINY
    }
};



/*--------------------
 *  ALL CUSTOM DATA
 *--------------------*/

#if LV_VERSION_CHECK(8, 0, 0)
/*Store all the custom data of the font*/
static  lv_font_fmt_txt_glyph_cache_t cache;
static const lv_font_fmt_txt_dsc_t font_dsc = {
#else
static lv_font_fmt_txt_dsc_t font_dsc = {
#endif
    .glyph_bitmap = glyph_bitmap,
    .glyph_dsc = glyph_dsc,
    .cmaps = cmaps,
    .kern_dsc = NULL,
    .kern_scale = 0,
    .cmap_num = 2,
    .bpp = 4,
    .kern_classes = 0,
    .bitmap_format = 0,
#if LV_VERSION_CHECK(8, 0, 0)
    .cache = &cache
#endif
};


/*-----------------
 *  PUBLIC FONT
 *----------------*/

/*Initialize a public general font descriptor*/
#if LV_VERSION_CHECK(8, 0, 0)
const lv_font_t user_interface_font_18 = {
#else
lv_font_t user_interface_font_18 = {
#endif
    .get_glyph_dsc = lv_font_get_glyph_dsc_fmt_txt,    /*Function pointer to get glyph's data*/
    .get_glyph_bitmap = lv_font_get_bitmap_fmt_txt,    /*Function pointer to get glyph's bitmap*/
    .line_height = 21,          /*The maximum line height required by the font*/
    .base_line = 5,             /*Baseline measured from the bottom of the line*/
#if !(LVGL_VERSION_MAJOR == 6 && LVGL_VERSION_MINOR == 0)
    .subpx = LV_FONT_SUBPX_HOR,
#endif
#if LV_VERSION_CHECK(7, 4, 0) || LVGL_VERSION_MAJOR >= 8
    .underline_position = -2,
    .underline_thickness = 1,
#endif
    .dsc = &font_dsc           /*The custom font data. Will be accessed by `get_glyph_bitmap/dsc` */
};



#endif /*#if USER_INTERFACE_FONT_18*/

