/*******************************************************************************
 * Size: 10 px
 * Bpp: 4
 * Opts:
 ******************************************************************************/

#ifdef LV_LVGL_H_INCLUDE_SIMPLE
#include "lvgl.h"
#else
#include "../../lvgl.h"
#endif

#ifndef USER_INTERFACE_FONT_10
#define USER_INTERFACE_FONT_10 1
#endif

#if USER_INTERFACE_FONT_10

/*-----------------
 *    BITMAPS
 *----------------*/

/*Store the image of the glyphs*/
static LV_ATTRIBUTE_LARGE_CONST const uint8_t glyph_bitmap[] = {
    /* U+0020 " " */

    /* U+0021 "!" */
    0x0, 0x49, 0xea, 0x40, 0x0, 0x4, 0x9d, 0x94,
    0x0, 0x0, 0x39, 0xc9, 0x30, 0x0, 0x3, 0x8b,
    0x83, 0x0, 0x0, 0x28, 0xb8, 0x20, 0x0, 0x1,
    0x57, 0x51, 0x0, 0x0, 0x13, 0x43, 0x10, 0x0,
    0x5, 0xae, 0xa5, 0x0,

    /* U+0022 "\"" */
    0x0, 0x49, 0xfa, 0x50, 0x5a, 0xf9, 0x40, 0x0,
    0x3, 0x9d, 0x94, 0x4, 0x9d, 0x93, 0x0, 0x0,
    0x27, 0xa8, 0x20, 0x38, 0xa7, 0x20, 0x0, 0x0,
    0x1, 0x0, 0x0, 0x1, 0x0, 0x0,

    /* U+0023 "#" */
    0x0, 0x0, 0x0, 0x4, 0x99, 0x50, 0x49, 0x95,
    0x0, 0x0, 0x0, 0x0, 0x0, 0x1, 0x69, 0x83,
    0x6, 0x98, 0x30, 0x0, 0x0, 0x0, 0x1, 0x59,
    0xcd, 0xec, 0xbc, 0xde, 0xdb, 0x74, 0x0, 0x0,
    0x0, 0x0, 0x4, 0x99, 0x40, 0x49, 0x95, 0x0,
    0x0, 0x0, 0x0, 0x0, 0x0, 0x59, 0x93, 0x5,
    0x99, 0x40, 0x0, 0x0, 0x0, 0x0, 0x47, 0xbd,
    0xdd, 0xbb, 0xdd, 0xdb, 0x85, 0x10, 0x0, 0x0,
    0x0, 0x3, 0x99, 0x50, 0x38, 0x95, 0x0, 0x0,
    0x0, 0x0, 0x0, 0x0, 0x59, 0x83, 0x5, 0x99,
    0x30, 0x0, 0x0, 0x0,

    /* U+0024 "$" */
    0x0, 0x0, 0x1, 0x7a, 0x93, 0x0, 0x0, 0x0,
    0x0, 0x38, 0xcf, 0xff, 0xeb, 0x73, 0x0, 0x1,
    0x6b, 0xd7, 0x20, 0x1, 0x34, 0x20, 0x0, 0x16,
    0xbe, 0x94, 0x0, 0x0, 0x0, 0x0, 0x0, 0x4,
    0x8d, 0xec, 0x95, 0x20, 0x0, 0x0, 0x0, 0x0,
    0x3, 0x6b, 0xee, 0xa4, 0x10, 0x0, 0x0, 0x0,
    0x0, 0x4, 0xae, 0xa5, 0x0, 0x24, 0x53, 0x0,
    0x0, 0x49, 0xda, 0x40, 0x1, 0x48, 0xbd, 0xff,
    0xfe, 0xa6, 0x20, 0x0, 0x0, 0x0, 0x17, 0xa9,
    0x30, 0x0, 0x0, 0x0, 0x0, 0x0, 0x35, 0x41,
    0x0, 0x0, 0x0,

    /* U+0025 "%" */
    0x0, 0x2, 0x7a, 0xaa, 0xa7, 0x20, 0x0, 0x3,
    0x43, 0x0, 0x0, 0x2, 0x8a, 0x72, 0x27, 0xa8,
    0x20, 0x47, 0x73, 0x0, 0x0, 0x0, 0x17, 0xa8,
    0x22, 0x8a, 0x75, 0x77, 0x40, 0x0, 0x0, 0x0,
    0x0, 0x14, 0x79, 0x98, 0x78, 0x74, 0x10, 0x0,
    0x0, 0x0, 0x0, 0x0, 0x0, 0x2, 0x67, 0x76,
    0x8a, 0xa8, 0x41, 0x0, 0x0, 0x0, 0x0, 0x15,
    0x75, 0x47, 0xa7, 0x22, 0x8a, 0x71, 0x0, 0x0,
    0x1, 0x57, 0x62, 0x2, 0x8a, 0x72, 0x27, 0xa7,
    0x20, 0x0, 0x0, 0x22, 0x20, 0x0, 0x2, 0x7a,
    0xaa, 0x96, 0x20, 0x0,

    /* U+0026 "&" */
    0x0, 0x0, 0x0, 0x48, 0xbc, 0xcb, 0x73, 0x0,
    0x0, 0x0, 0x0, 0x0, 0x0, 0x5a, 0xb7, 0x14,
    0x9b, 0x61, 0x0, 0x0, 0x0, 0x0, 0x0, 0x4,
    0x9c, 0x86, 0x8b, 0x83, 0x0, 0x0, 0x0, 0x0,
    0x0, 0x0, 0x18, 0xff, 0xfa, 0x30, 0x1, 0x33,
    0x20, 0x0, 0x0, 0x0, 0x38, 0xcf, 0xfe, 0x94,
    0x2, 0x7c, 0xa4, 0x0, 0x0, 0x0, 0x5a, 0xd8,
    0x32, 0x7c, 0xdb, 0xbc, 0xa5, 0x10, 0x0, 0x0,
    0x5, 0xad, 0x83, 0x0, 0x3b, 0xff, 0xf9, 0x20,
    0x0, 0x0, 0x0, 0x3, 0x7b, 0xdd, 0xdc, 0xb8,
    0x79, 0xba, 0x51, 0x0, 0x0, 0x0, 0x0, 0x0,
    0x0, 0x0, 0x0, 0x0, 0x0, 0x0, 0x0,

    /* U+0027 "'" */
    0x0, 0x4a, 0xfa, 0x40, 0x0, 0x3, 0x9d, 0x93,
    0x0, 0x0, 0x28, 0xa7, 0x20, 0x0, 0x0, 0x0,
    0x0, 0x0,

    /* U+0028 "(" */
    0x0, 0x0, 0x1, 0x58, 0x73, 0x0, 0x0, 0x2,
    0x7c, 0xc7, 0x30, 0x0, 0x0, 0x5a, 0xd8, 0x30,
    0x0, 0x0, 0x5, 0xac, 0x83, 0x0, 0x0, 0x0,
    0x27, 0xda, 0x50, 0x0, 0x0, 0x0, 0x39, 0xd9,
    0x40, 0x0, 0x0, 0x0, 0x38, 0xda, 0x50, 0x0,
    0x0, 0x0, 0x16, 0xbc, 0x71, 0x0, 0x0, 0x0,
    0x1, 0x7c, 0xc7, 0x10, 0x0, 0x0, 0x0, 0x4,
    0xac, 0x94, 0x10, 0x0, 0x0, 0x0, 0x14, 0x9b,
    0x83, 0x0, 0x0, 0x0, 0x0, 0x0, 0x0, 0x0,

    /* U+0029 ")" */
    0x0, 0x37, 0x85, 0x10, 0x0, 0x0, 0x0, 0x2,
    0x7b, 0xb7, 0x20, 0x0, 0x0, 0x0, 0x3, 0x9d,
    0xa4, 0x0, 0x0, 0x0, 0x0, 0x38, 0xda, 0x40,
    0x0, 0x0, 0x0, 0x5, 0xad, 0x72, 0x0, 0x0,
    0x0, 0x4, 0x9d, 0x93, 0x0, 0x0, 0x0, 0x5,
    0xad, 0x83, 0x0, 0x0, 0x0, 0x27, 0xcb, 0x61,
    0x0, 0x0, 0x1, 0x7c, 0xc6, 0x10, 0x0, 0x0,
    0x49, 0xc9, 0x40, 0x0, 0x0, 0x38, 0xb9, 0x41,
    0x0, 0x0, 0x0, 0x0, 0x0, 0x0, 0x0, 0x0,

    /* U+002A "*" */
    0x0, 0x0, 0x2, 0x79, 0x71, 0x0, 0x0, 0x0,
    0x4, 0x8b, 0xcd, 0xed, 0xca, 0x74, 0x0, 0x0,
    0x1, 0x5a, 0xbc, 0xba, 0x51, 0x0, 0x0, 0x0,
    0x13, 0x31, 0x1, 0x33, 0x10, 0x0,

    /* U+002B "+" */
    0x0, 0x0, 0x0, 0x0, 0x13, 0x53, 0x10, 0x0,
    0x0, 0x0, 0x0, 0x0, 0x0, 0x0, 0x3, 0x8b,
    0x83, 0x0, 0x0, 0x0, 0x0, 0x0, 0x0, 0x0,
    0x0, 0x38, 0xb8, 0x30, 0x0, 0x0, 0x0, 0x0,
    0x0, 0x48, 0xcc, 0xcc, 0xee, 0xec, 0xcc, 0xc8,
    0x40, 0x0, 0x0, 0x0, 0x0, 0x0, 0x38, 0xb8,
    0x30, 0x0, 0x0, 0x0, 0x0, 0x0, 0x0, 0x0,
    0x3, 0x8b, 0x83, 0x0, 0x0, 0x0, 0x0,

    /* U+002C "," */
    0x0, 0x13, 0x53, 0x10, 0x0, 0x15, 0xcf, 0xfa,
    0x30, 0x0, 0x3, 0x8a, 0x72, 0x0, 0x37, 0xa8,
    0x41, 0x0, 0x0, 0x0, 0x0, 0x0, 0x0,

    /* U+002D "-" */
    0x0, 0x37, 0xbc, 0xcc, 0xcc, 0xb7, 0x30, 0x0,

    /* U+002E "." */
    0x0, 0x14, 0x64, 0x10, 0x0, 0x15, 0xbe, 0xa5,
    0x10,

    /* U+002F "/" */
    0x0, 0x0, 0x0, 0x0, 0x0, 0x13, 0x54, 0x10,
    0x0, 0x0, 0x0, 0x0, 0x16, 0xa9, 0x40, 0x0,
    0x0, 0x0, 0x0, 0x16, 0xa9, 0x30, 0x0, 0x0,
    0x0, 0x0, 0x16, 0xa9, 0x40, 0x0, 0x0, 0x0,
    0x0, 0x16, 0xa8, 0x30, 0x0, 0x0, 0x0, 0x0,
    0x16, 0xa9, 0x30, 0x0, 0x0, 0x0, 0x0, 0x16,
    0xa8, 0x30, 0x0, 0x0, 0x0, 0x0, 0x16, 0xa8,
    0x30, 0x0, 0x0, 0x0, 0x0, 0x17, 0xa8, 0x30,
    0x0, 0x0, 0x0, 0x0, 0x16, 0xa8, 0x30, 0x0,
    0x0, 0x0, 0x0, 0x17, 0xa8, 0x30, 0x0, 0x0,
    0x0, 0x0, 0x0,

    /* U+0030 "0" */
    0x0, 0x3, 0x7b, 0xcc, 0xcb, 0x73, 0x0, 0x0,
    0x27, 0xcb, 0x61, 0x1, 0x6b, 0xc7, 0x20, 0x5,
    0xbd, 0x72, 0x0, 0x2, 0x7d, 0xb5, 0x2, 0x7c,
    0xb6, 0x10, 0x0, 0x16, 0xcc, 0x71, 0x17, 0xcc,
    0x61, 0x0, 0x1, 0x6c, 0xc7, 0x10, 0x5a, 0xd8,
    0x20, 0x0, 0x28, 0xda, 0x50, 0x1, 0x7c, 0xc6,
    0x10, 0x16, 0xcc, 0x71, 0x0, 0x0, 0x37, 0xbc,
    0xcc, 0xb7, 0x30, 0x0,

    /* U+0031 "1" */
    0x0, 0x26, 0x9b, 0xdf, 0xc7, 0x10, 0x0, 0x0,
    0x1, 0x24, 0x59, 0xdc, 0x71, 0x0, 0x0, 0x0,
    0x0, 0x2, 0x7c, 0xc7, 0x10, 0x0, 0x0, 0x0,
    0x0, 0x27, 0xcc, 0x71, 0x0, 0x0, 0x0, 0x0,
    0x2, 0x7c, 0xc7, 0x10, 0x0, 0x0, 0x0, 0x0,
    0x27, 0xcc, 0x71, 0x0, 0x0, 0x0, 0x0, 0x2,
    0x7c, 0xc7, 0x10, 0x0, 0x0, 0x48, 0xdd, 0xde,
    0xff, 0xed, 0xda, 0x62,

    /* U+0032 "2" */
    0x1, 0x48, 0xbd, 0xdd, 0xdb, 0x73, 0x0, 0x0,
    0x36, 0x63, 0x0, 0x3, 0x8d, 0xb6, 0x0, 0x0,
    0x0, 0x0, 0x0, 0x16, 0xbd, 0x72, 0x0, 0x0,
    0x0, 0x0, 0x4, 0xad, 0xa4, 0x0, 0x0, 0x0,
    0x0, 0x27, 0xcc, 0x72, 0x0, 0x0, 0x0, 0x2,
    0x6c, 0xd9, 0x30, 0x0, 0x0, 0x0, 0x37, 0xcd,
    0x83, 0x0, 0x0, 0x0, 0x2, 0x7c, 0xff, 0xed,
    0xcc, 0xcc, 0xca, 0x62,

    /* U+0033 "3" */
    0x0, 0x0, 0x14, 0x8b, 0xdd, 0xdd, 0xc9, 0x51,
    0x0, 0x0, 0x0, 0x13, 0x32, 0x0, 0x2, 0x7c,
    0xc7, 0x20, 0x0, 0x0, 0x0, 0x0, 0x0, 0x15,
    0xad, 0xa5, 0x0, 0x0, 0x0, 0x0, 0x4, 0x9e,
    0xff, 0xb6, 0x20, 0x0, 0x0, 0x0, 0x0, 0x0,
    0x0, 0x13, 0x9c, 0xc6, 0x10, 0x0, 0x0, 0x0,
    0x0, 0x0, 0x0, 0x38, 0xea, 0x50, 0x0, 0x2,
    0x58, 0x62, 0x0, 0x1, 0x6b, 0xd8, 0x30, 0x0,
    0x0, 0x26, 0xac, 0xdd, 0xdd, 0xc8, 0x41, 0x0,

    /* U+0034 "4" */
    0x0, 0x0, 0x0, 0x0, 0x3, 0x8d, 0xfd, 0x82,
    0x0, 0x0, 0x0, 0x0, 0x0, 0x5a, 0xbc, 0xcd,
    0x82, 0x0, 0x0, 0x0, 0x0, 0x27, 0xbb, 0x66,
    0xbd, 0x82, 0x0, 0x0, 0x0, 0x3, 0x9c, 0x93,
    0x5, 0xbd, 0x82, 0x0, 0x0, 0x1, 0x5a, 0xb7,
    0x20, 0x5, 0xbd, 0x82, 0x0, 0x0, 0x5, 0x9d,
    0xdc, 0xcc, 0xcf, 0xff, 0xfe, 0x73, 0x0, 0x0,
    0x0, 0x0, 0x0, 0x5, 0xbd, 0x82, 0x0, 0x0,
    0x0, 0x0, 0x0, 0x0, 0x5, 0xbd, 0x82, 0x0,

    /* U+0035 "5" */
    0x0, 0x4a, 0xfe, 0xed, 0xdd, 0xdc, 0x72, 0x0,
    0x5, 0xbd, 0x72, 0x0, 0x0, 0x0, 0x0, 0x1,
    0x6c, 0xb6, 0x10, 0x0, 0x0, 0x0, 0x0, 0x27,
    0xce, 0xcb, 0xcc, 0xb8, 0x41, 0x0, 0x0, 0x11,
    0x10, 0x0, 0x27, 0xce, 0x93, 0x0, 0x0, 0x0,
    0x0, 0x0, 0x38, 0xeb, 0x60, 0x13, 0x44, 0x10,
    0x0, 0x27, 0xce, 0x83, 0x0, 0x37, 0xad, 0xdd,
    0xdd, 0xc8, 0x41, 0x0,

    /* U+0036 "6" */
    0x0, 0x1, 0x59, 0xcd, 0xdd, 0xca, 0x52, 0x0,
    0x5, 0xad, 0xa4, 0x10, 0x2, 0x22, 0x0, 0x4,
    0x9e, 0x94, 0x0, 0x0, 0x0, 0x0, 0x1, 0x6b,
    0xda, 0x89, 0xbc, 0xca, 0x62, 0x0, 0x16, 0xcf,
    0xb6, 0x10, 0x4, 0x9d, 0xa5, 0x0, 0x5a, 0xd8,
    0x30, 0x0, 0x16, 0xbc, 0x71, 0x1, 0x6b, 0xc7,
    0x20, 0x3, 0x9d, 0x94, 0x0, 0x0, 0x36, 0xac,
    0xdd, 0xca, 0x62, 0x0,

    /* U+0037 "7" */
    0x16, 0xad, 0xdd, 0xdd, 0xdd, 0xef, 0xc7, 0x10,
    0x0, 0x0, 0x0, 0x2, 0x7c, 0xb5, 0x10, 0x0,
    0x0, 0x0, 0x3, 0x9c, 0x94, 0x0, 0x0, 0x0,
    0x0, 0x4, 0x9d, 0x94, 0x0, 0x0, 0x0, 0x0,
    0x2, 0x8d, 0xb5, 0x0, 0x0, 0x0, 0x0, 0x0,
    0x5b, 0xd8, 0x30, 0x0, 0x0, 0x0, 0x0, 0x27,
    0xdc, 0x71, 0x0, 0x0, 0x0, 0x0, 0x3, 0x8e,
    0xb6, 0x0, 0x0, 0x0,

    /* U+0038 "8" */
    0x0, 0x15, 0x9b, 0xcb, 0xcb, 0x95, 0x10, 0x0,
    0x27, 0xdb, 0x60, 0x0, 0x5a, 0xc8, 0x20, 0x2,
    0x7d, 0xc6, 0x10, 0x4, 0xac, 0x82, 0x0, 0x1,
    0x5a, 0xed, 0xbb, 0xba, 0x61, 0x0, 0x1, 0x5b,
    0xc9, 0x66, 0xad, 0xd9, 0x41, 0x1, 0x7c, 0xb6,
    0x10, 0x0, 0x38, 0xdb, 0x61, 0x16, 0xbc, 0x72,
    0x0, 0x2, 0x8d, 0xb6, 0x10, 0x2, 0x7a, 0xcc,
    0xbc, 0xcb, 0x73, 0x0,

    /* U+0039 "9" */
    0x0, 0x26, 0xac, 0xdd, 0xca, 0x62, 0x0, 0x0,
    0x49, 0xd9, 0x40, 0x2, 0x7c, 0xb6, 0x10, 0x17,
    0xcb, 0x61, 0x0, 0x3, 0x8d, 0xa5, 0x0, 0x5a,
    0xd9, 0x40, 0x1, 0x6b, 0xfc, 0x61, 0x0, 0x26,
    0xac, 0xcb, 0x98, 0xad, 0xb6, 0x10, 0x0, 0x0,
    0x0, 0x0, 0x49, 0xd9, 0x40, 0x0, 0x22, 0x20,
    0x1, 0x4a, 0xda, 0x50, 0x0, 0x25, 0xac, 0xdd,
    0xdc, 0x95, 0x10, 0x0,

    /* U+003A ":" */
    0x1, 0x5a, 0xea, 0x51, 0x0, 0x1, 0x46, 0x41,
    0x0, 0x0, 0x0, 0x0, 0x0, 0x0, 0x0, 0x0,
    0x0, 0x0, 0x0, 0x14, 0x64, 0x10, 0x0, 0x15,
    0xbe, 0xa5, 0x10,

    /* U+003B ";" */
    0x1, 0x5a, 0xea, 0x51, 0x0, 0x1, 0x46, 0x41,
    0x0, 0x0, 0x0, 0x0, 0x0, 0x0, 0x0, 0x0,
    0x0, 0x0, 0x0, 0x13, 0x53, 0x10, 0x0, 0x15,
    0xcf, 0xfa, 0x30, 0x0, 0x3, 0x8a, 0x72, 0x0,
    0x37, 0xa8, 0x41, 0x0, 0x0, 0x0, 0x0, 0x0,
    0x0,

    /* U+003C "<" */
    0x0, 0x0, 0x0, 0x0, 0x0, 0x0, 0x11, 0x10,
    0x0, 0x0, 0x0, 0x1, 0x25, 0x79, 0xbc, 0xc8,
    0x40, 0x0, 0x25, 0x9b, 0xbb, 0x97, 0x52, 0x10,
    0x0, 0x0, 0x0, 0x25, 0x9a, 0xba, 0x97, 0x53,
    0x10, 0x0, 0x0, 0x0, 0x0, 0x0, 0x1, 0x25,
    0x79, 0xbc, 0xc8, 0x40, 0x0, 0x0, 0x0, 0x0,
    0x0, 0x0, 0x0, 0x11, 0x10, 0x0,

    /* U+003D "=" */
    0x0, 0x4, 0x8c, 0xcc, 0xcc, 0xcc, 0xcc, 0xcc,
    0x84, 0x0, 0x0, 0x0, 0x0, 0x0, 0x0, 0x0,
    0x0, 0x0, 0x0, 0x0, 0x0, 0x0, 0x4, 0x8c,
    0xcc, 0xcc, 0xcc, 0xcc, 0xcc, 0x84, 0x0, 0x0,

    /* U+003E ">" */
    0x0, 0x1, 0x11, 0x0, 0x0, 0x0, 0x0, 0x0,
    0x0, 0x0, 0x4, 0x8c, 0xcb, 0x97, 0x52, 0x10,
    0x0, 0x0, 0x0, 0x0, 0x0, 0x1, 0x25, 0x79,
    0xbb, 0xb9, 0x52, 0x0, 0x0, 0x0, 0x1, 0x35,
    0x79, 0xab, 0xa9, 0x52, 0x0, 0x4, 0x8c, 0xcb,
    0x97, 0x52, 0x10, 0x0, 0x0, 0x0, 0x1, 0x11,
    0x0, 0x0, 0x0, 0x0, 0x0, 0x0,

    /* U+003F "?" */
    0x0, 0x26, 0xac, 0xdd, 0xdc, 0x95, 0x10, 0x0,
    0x1, 0x33, 0x10, 0x2, 0x8d, 0xc7, 0x10, 0x0,
    0x0, 0x0, 0x0, 0x39, 0xda, 0x50, 0x0, 0x0,
    0x0, 0x2, 0x7b, 0xc7, 0x20, 0x0, 0x0, 0x0,
    0x4, 0x9d, 0x94, 0x0, 0x0, 0x0, 0x0, 0x0,
    0x36, 0x64, 0x10, 0x0, 0x0, 0x0, 0x0, 0x2,
    0x44, 0x20, 0x0, 0x0, 0x0, 0x0, 0x2, 0x7c,
    0xd8, 0x30, 0x0, 0x0,

    /* U+0040 "@" */
    0x0, 0x0, 0x0, 0x14, 0x8a, 0xaa, 0xa9, 0x52,
    0x0, 0x0, 0x0, 0x16, 0xbb, 0x62, 0x0, 0x15,
    0xa9, 0x50, 0x0, 0x1, 0x6b, 0x94, 0x0, 0x0,
    0x1, 0x69, 0x82, 0x0, 0x4, 0x9b, 0x61, 0x0,
    0x36, 0x8a, 0xcd, 0x93, 0x0, 0x5, 0xab, 0x51,
    0x49, 0xb8, 0x31, 0x6a, 0x94, 0x0, 0x5, 0xab,
    0x52, 0x7b, 0x94, 0x2, 0x8b, 0x94, 0x0, 0x4,
    0x9b, 0x61, 0x26, 0xab, 0xa8, 0x77, 0x52, 0x0,
    0x1, 0x6a, 0x94, 0x0, 0x0, 0x0, 0x0, 0x0,
    0x0, 0x0, 0x15, 0xab, 0x62, 0x0, 0x1, 0x22,
    0x0, 0x0, 0x0, 0x0, 0x14, 0x7a, 0xaa, 0xa9,
    0x74, 0x10,

    /* U+0041 "A" */
    0x0, 0x0, 0x0, 0x3, 0x8e, 0xfe, 0x83, 0x0,
    0x0, 0x0, 0x0, 0x0, 0x0, 0x1, 0x7c, 0xbb,
    0xbc, 0x71, 0x0, 0x0, 0x0, 0x0, 0x0, 0x0,
    0x5a, 0xc7, 0x58, 0xda, 0x50, 0x0, 0x0, 0x0,
    0x0, 0x0, 0x28, 0xca, 0x40, 0x5a, 0xd8, 0x20,
    0x0, 0x0, 0x0, 0x0, 0x16, 0xbc, 0x71, 0x2,
    0x7c, 0xb6, 0x10, 0x0, 0x0, 0x0, 0x4, 0xbf,
    0xff, 0xdd, 0xdf, 0xff, 0xb4, 0x0, 0x0, 0x0,
    0x2, 0x7c, 0xb6, 0x0, 0x0, 0x16, 0xbc, 0x72,
    0x0, 0x0, 0x0, 0x5b, 0xd8, 0x30, 0x0, 0x0,
    0x38, 0xdb, 0x50, 0x0,

    /* U+0042 "B" */
    0x3, 0x9e, 0xed, 0xcc, 0xdc, 0xa6, 0x20, 0x0,
    0x39, 0xeb, 0x50, 0x1, 0x6b, 0xe8, 0x30, 0x3,
    0x9e, 0xb5, 0x0, 0x17, 0xcc, 0x71, 0x0, 0x39,
    0xee, 0xdc, 0xde, 0xea, 0x51, 0x0, 0x3, 0x9e,
    0xb5, 0x0, 0x4, 0x9d, 0xb6, 0x10, 0x39, 0xeb,
    0x50, 0x0, 0x5, 0xae, 0x93, 0x3, 0x9e, 0xb5,
    0x0, 0x3, 0x9d, 0xc6, 0x10, 0x39, 0xee, 0xdc,
    0xdd, 0xcb, 0x73, 0x0,

    /* U+0043 "C" */
    0x0, 0x1, 0x48, 0xcd, 0xed, 0xdb, 0x83, 0x10,
    0x0, 0x1, 0x5a, 0xeb, 0x62, 0x0, 0x13, 0x32,
    0x0, 0x0, 0x5, 0xae, 0x94, 0x0, 0x0, 0x0,
    0x0, 0x0, 0x0, 0x27, 0xcc, 0x72, 0x0, 0x0,
    0x0, 0x0, 0x0, 0x0, 0x27, 0xcc, 0x72, 0x0,
    0x0, 0x0, 0x0, 0x0, 0x0, 0x5, 0xae, 0x94,
    0x0, 0x0, 0x0, 0x0, 0x0, 0x0, 0x1, 0x5b,
    0xeb, 0x61, 0x0, 0x13, 0x43, 0x10, 0x0, 0x0,
    0x1, 0x59, 0xcd, 0xed, 0xdb, 0x84, 0x10, 0x0,

    /* U+0044 "D" */
    0x6, 0xbf, 0xed, 0xdd, 0xc9, 0x52, 0x0, 0x0,
    0x6b, 0xe8, 0x30, 0x14, 0x9d, 0xc6, 0x10, 0x6,
    0xbe, 0x83, 0x0, 0x2, 0x8d, 0xc7, 0x10, 0x6b,
    0xe8, 0x30, 0x0, 0x6, 0xbe, 0x93, 0x6, 0xbe,
    0x83, 0x0, 0x0, 0x6b, 0xe9, 0x30, 0x6b, 0xe8,
    0x30, 0x0, 0x38, 0xdc, 0x71, 0x6, 0xbe, 0x83,
    0x1, 0x49, 0xdb, 0x61, 0x0, 0x6b, 0xfe, 0xed,
    0xdc, 0x95, 0x20, 0x0,

    /* U+0045 "E" */
    0x2, 0x7d, 0xfe, 0xed, 0xdd, 0xdd, 0x95, 0x0,
    0x27, 0xdc, 0x72, 0x0, 0x0, 0x0, 0x0, 0x2,
    0x7d, 0xc7, 0x20, 0x0, 0x0, 0x0, 0x0, 0x27,
    0xdf, 0xed, 0xdd, 0xdc, 0x83, 0x0, 0x2, 0x7d,
    0xc7, 0x20, 0x0, 0x0, 0x0, 0x0, 0x27, 0xdc,
    0x72, 0x0, 0x0, 0x0, 0x0, 0x2, 0x7d, 0xc7,
    0x20, 0x0, 0x0, 0x0, 0x0, 0x27, 0xdf, 0xee,
    0xdd, 0xdd, 0xda, 0x61,

    /* U+0046 "F" */
    0x0, 0x5a, 0xff, 0xed, 0xdd, 0xdd, 0xa6, 0x10,
    0x5, 0xae, 0x94, 0x0, 0x0, 0x0, 0x0, 0x0,
    0x5a, 0xe9, 0x40, 0x0, 0x0, 0x0, 0x0, 0x5,
    0xae, 0x94, 0x0, 0x0, 0x0, 0x0, 0x0, 0x5a,
    0xff, 0xed, 0xdd, 0xda, 0x51, 0x0, 0x5, 0xae,
    0x94, 0x0, 0x0, 0x0, 0x0, 0x0, 0x5a, 0xe9,
    0x40, 0x0, 0x0, 0x0, 0x0, 0x5, 0xae, 0x94,
    0x0, 0x0, 0x0, 0x0,

    /* U+0047 "G" */
    0x0, 0x2, 0x59, 0xce, 0xee, 0xda, 0x52, 0x0,
    0x16, 0xcd, 0xa4, 0x10, 0x3, 0x54, 0x20, 0x16,
    0xce, 0x83, 0x0, 0x0, 0x0, 0x0, 0x3, 0x8e,
    0xb6, 0x10, 0x0, 0x0, 0x0, 0x0, 0x39, 0xeb,
    0x61, 0x4, 0x8d, 0xde, 0xc7, 0x21, 0x6c, 0xd8,
    0x30, 0x0, 0x5, 0xad, 0x83, 0x2, 0x7c, 0xd9,
    0x41, 0x0, 0x5b, 0xd8, 0x30, 0x0, 0x26, 0xad,
    0xed, 0xdc, 0xa6, 0x30,

    /* U+0048 "H" */
    0x16, 0xbd, 0x83, 0x0, 0x3, 0x8d, 0xb6, 0x11,
    0x6b, 0xd8, 0x30, 0x0, 0x38, 0xdb, 0x61, 0x16,
    0xbd, 0x83, 0x0, 0x3, 0x8d, 0xb6, 0x11, 0x6b,
    0xff, 0xee, 0xee, 0xef, 0xfb, 0x61, 0x16, 0xbd,
    0x83, 0x0, 0x3, 0x8d, 0xb6, 0x11, 0x6b, 0xd8,
    0x30, 0x0, 0x38, 0xdb, 0x61, 0x16, 0xbd, 0x83,
    0x0, 0x3, 0x8d, 0xb6, 0x11, 0x6b, 0xd8, 0x30,
    0x0, 0x38, 0xdb, 0x61,

    /* U+0049 "I" */
    0x4, 0x8d, 0xde, 0xff, 0xfe, 0xdd, 0x84, 0x0,
    0x0, 0x0, 0x4a, 0xfa, 0x40, 0x0, 0x0, 0x0,
    0x0, 0x4, 0xaf, 0xa4, 0x0, 0x0, 0x0, 0x0,
    0x0, 0x4a, 0xfa, 0x40, 0x0, 0x0, 0x0, 0x0,
    0x4, 0xaf, 0xa4, 0x0, 0x0, 0x0, 0x0, 0x0,
    0x4a, 0xfa, 0x40, 0x0, 0x0, 0x0, 0x0, 0x4,
    0xaf, 0xa4, 0x0, 0x0, 0x0, 0x38, 0xcd, 0xef,
    0xff, 0xed, 0xc8, 0x30,

    /* U+004A "J" */
    0x0, 0x0, 0x0, 0x0, 0x16, 0xbe, 0x83, 0x0,
    0x0, 0x0, 0x0, 0x1, 0x6b, 0xe8, 0x30, 0x0,
    0x0, 0x0, 0x0, 0x16, 0xbe, 0x83, 0x0, 0x0,
    0x0, 0x0, 0x1, 0x6b, 0xe8, 0x30, 0x0, 0x0,
    0x0, 0x0, 0x16, 0xbe, 0x83, 0x0, 0x0, 0x0,
    0x0, 0x1, 0x6b, 0xd8, 0x30, 0x2, 0x56, 0x41,
    0x0, 0x39, 0xeb, 0x61, 0x0, 0x14, 0x8c, 0xde,
    0xee, 0xc8, 0x30, 0x0,

    /* U+004B "K" */
    0x4, 0xae, 0xa4, 0x0, 0x4, 0x9d, 0xb5, 0x10,
    0x0, 0x4, 0xae, 0xa4, 0x1, 0x6c, 0xd8, 0x30,
    0x0, 0x0, 0x4, 0xae, 0xa5, 0x49, 0xda, 0x51,
    0x0, 0x0, 0x0, 0x4, 0xae, 0xbb, 0xcf, 0xe9,
    0x30, 0x0, 0x0, 0x0, 0x4, 0xaf, 0xfd, 0x98,
    0xad, 0x94, 0x0, 0x0, 0x0, 0x4, 0xaf, 0xb6,
    0x10, 0x4a, 0xda, 0x40, 0x0, 0x0, 0x4, 0xae,
    0xa4, 0x0, 0x4, 0x9e, 0xa4, 0x0, 0x0, 0x4,
    0xae, 0xa4, 0x0, 0x0, 0x49, 0xea, 0x50, 0x0,

    /* U+004C "L" */
    0x0, 0x5b, 0xe9, 0x40, 0x0, 0x0, 0x0, 0x0,
    0x5, 0xbe, 0x94, 0x0, 0x0, 0x0, 0x0, 0x0,
    0x5b, 0xe9, 0x40, 0x0, 0x0, 0x0, 0x0, 0x5,
    0xbe, 0x94, 0x0, 0x0, 0x0, 0x0, 0x0, 0x5b,
    0xe9, 0x40, 0x0, 0x0, 0x0, 0x0, 0x5, 0xbe,
    0x94, 0x0, 0x0, 0x0, 0x0, 0x0, 0x5b, 0xe9,
    0x40, 0x0, 0x0, 0x0, 0x0, 0x5, 0xbf, 0xfe,
    0xdd, 0xdd, 0xdb, 0x72,

    /* U+004D "M" */
    0x27, 0xce, 0x94, 0x0, 0x4, 0x9e, 0xc7, 0x22,
    0x7a, 0xeb, 0x72, 0x2, 0x7b, 0xeb, 0x72, 0x27,
    0xac, 0xb9, 0x61, 0x58, 0xcc, 0xb7, 0x22, 0x7b,
    0xa9, 0x88, 0x88, 0x89, 0xac, 0x72, 0x27, 0xca,
    0x56, 0xae, 0x95, 0x5a, 0xc7, 0x22, 0x7c, 0xa4,
    0x26, 0x75, 0x15, 0xac, 0x72, 0x27, 0xca, 0x40,
    0x0, 0x0, 0x5a, 0xc7, 0x22, 0x7c, 0xa4, 0x0,
    0x0, 0x5, 0xac, 0x72,

    /* U+004E "N" */
    0x6, 0xbf, 0xb6, 0x10, 0x1, 0x6b, 0xb6, 0x0,
    0x6b, 0xee, 0xa6, 0x10, 0x16, 0xbb, 0x60, 0x6,
    0xbb, 0xaa, 0xa6, 0x11, 0x6b, 0xb6, 0x0, 0x6b,
    0xb7, 0x6a, 0xa6, 0x26, 0xbb, 0x60, 0x6, 0xbb,
    0x62, 0x5a, 0xa6, 0x7b, 0xb6, 0x0, 0x6b, 0xb6,
    0x11, 0x5a, 0xab, 0xbb, 0x60, 0x6, 0xbb, 0x61,
    0x1, 0x6a, 0xee, 0xb6, 0x0, 0x6b, 0xb6, 0x10,
    0x1, 0x6b, 0xfb, 0x60,

    /* U+004F "O" */
    0x0, 0x14, 0x8c, 0xde, 0xdc, 0x84, 0x10, 0x0,
    0x49, 0xdb, 0x61, 0x1, 0x6b, 0xd9, 0x40, 0x28,
    0xdb, 0x61, 0x0, 0x1, 0x6c, 0xd8, 0x24, 0x9e,
    0xa5, 0x0, 0x0, 0x5, 0xae, 0x94, 0x49, 0xea,
    0x50, 0x0, 0x0, 0x5a, 0xe9, 0x42, 0x8d, 0xb6,
    0x10, 0x0, 0x16, 0xcd, 0x82, 0x3, 0x9d, 0xb6,
    0x10, 0x16, 0xbd, 0x93, 0x0, 0x1, 0x48, 0xbd,
    0xdd, 0xc8, 0x41, 0x0,

    /* U+0050 "P" */
    0x4, 0x9f, 0xee, 0xdd, 0xdd, 0xb8, 0x41, 0x0,
    0x49, 0xfa, 0x50, 0x0, 0x38, 0xdd, 0x82, 0x4,
    0x9f, 0xa5, 0x0, 0x0, 0x5a, 0xe9, 0x40, 0x49,
    0xfa, 0x50, 0x1, 0x49, 0xdc, 0x61, 0x4, 0x9f,
    0xed, 0xcc, 0xcb, 0x95, 0x20, 0x0, 0x49, 0xfa,
    0x50, 0x0, 0x0, 0x0, 0x0, 0x4, 0x9f, 0xa5,
    0x0, 0x0, 0x0, 0x0, 0x0, 0x49, 0xfa, 0x50,
    0x0, 0x0, 0x0, 0x0,

    /* U+0051 "Q" */
    0x0, 0x14, 0x8c, 0xdd, 0xdc, 0x84, 0x10, 0x0,
    0x0, 0x4, 0x9d, 0xb6, 0x10, 0x16, 0xbd, 0x94,
    0x0, 0x0, 0x28, 0xdb, 0x61, 0x0, 0x1, 0x6c,
    0xd8, 0x20, 0x0, 0x49, 0xea, 0x50, 0x0, 0x0,
    0x5a, 0xe9, 0x40, 0x0, 0x49, 0xea, 0x50, 0x0,
    0x0, 0x5a, 0xe9, 0x40, 0x0, 0x28, 0xdb, 0x61,
    0x0, 0x1, 0x6c, 0xd8, 0x20, 0x0, 0x3, 0x9d,
    0xb6, 0x10, 0x16, 0xbd, 0x93, 0x0, 0x0, 0x0,
    0x14, 0x8c, 0xef, 0xfc, 0x84, 0x10, 0x0, 0x0,
    0x0, 0x0, 0x1, 0x5b, 0xd9, 0x30, 0x0, 0x0,
    0x0, 0x0, 0x0, 0x0, 0x2, 0x59, 0xcc, 0xc8,
    0x40, 0x0,

    /* U+0052 "R" */
    0x4, 0xaf, 0xed, 0xdd, 0xdc, 0xa7, 0x30, 0x0,
    0x4a, 0xfa, 0x50, 0x0, 0x4a, 0xeb, 0x61, 0x4,
    0xaf, 0xa5, 0x0, 0x1, 0x7c, 0xd7, 0x20, 0x4a,
    0xfa, 0x50, 0x1, 0x6b, 0xea, 0x50, 0x4, 0xaf,
    0xed, 0xff, 0xff, 0xb4, 0x10, 0x0, 0x4a, 0xfa,
    0x51, 0x6b, 0xd9, 0x40, 0x0, 0x4, 0xaf, 0xa5,
    0x0, 0x4a, 0xeb, 0x51, 0x0, 0x4a, 0xfa, 0x50,
    0x0, 0x38, 0xdc, 0x72,

    /* U+0053 "S" */
    0x0, 0x14, 0x9c, 0xde, 0xed, 0xb7, 0x31, 0x0,
    0x28, 0xdc, 0x71, 0x0, 0x14, 0x54, 0x10, 0x2,
    0x8d, 0xd8, 0x20, 0x0, 0x0, 0x0, 0x0, 0x1,
    0x59, 0xde, 0xc8, 0x41, 0x0, 0x0, 0x0, 0x0,
    0x0, 0x26, 0xad, 0xeb, 0x51, 0x0, 0x0, 0x0,
    0x0, 0x0, 0x38, 0xdc, 0x72, 0x3, 0x78, 0x62,
    0x0, 0x3, 0x8d, 0xb6, 0x10, 0x13, 0x7b, 0xde,
    0xee, 0xdb, 0x73, 0x0,

    /* U+0054 "T" */
    0x0, 0x5, 0x9d, 0xdd, 0xef, 0xff, 0xed, 0xdd,
    0x95, 0x0, 0x0, 0x0, 0x0, 0x0, 0x4, 0xae,
    0xa4, 0x0, 0x0, 0x0, 0x0, 0x0, 0x0, 0x0,
    0x0, 0x4a, 0xea, 0x40, 0x0, 0x0, 0x0, 0x0,
    0x0, 0x0, 0x0, 0x4, 0xae, 0xa4, 0x0, 0x0,
    0x0, 0x0, 0x0, 0x0, 0x0, 0x0, 0x4a, 0xea,
    0x40, 0x0, 0x0, 0x0, 0x0, 0x0, 0x0, 0x0,
    0x4, 0xae, 0xa4, 0x0, 0x0, 0x0, 0x0, 0x0,
    0x0, 0x0, 0x0, 0x4a, 0xea, 0x40, 0x0, 0x0,
    0x0, 0x0, 0x0, 0x0, 0x0, 0x4, 0xae, 0xa4,
    0x0, 0x0, 0x0, 0x0,

    /* U+0055 "U" */
    0x16, 0xbd, 0x83, 0x0, 0x2, 0x7c, 0xc7, 0x11,
    0x6b, 0xd8, 0x30, 0x0, 0x27, 0xcc, 0x71, 0x16,
    0xbd, 0x83, 0x0, 0x2, 0x7c, 0xc7, 0x11, 0x6b,
    0xd8, 0x30, 0x0, 0x27, 0xcc, 0x71, 0x16, 0xbd,
    0x83, 0x0, 0x2, 0x7c, 0xc7, 0x11, 0x6b, 0xd8,
    0x30, 0x0, 0x27, 0xcc, 0x61, 0x4, 0x9e, 0xb6,
    0x10, 0x5, 0xae, 0xa4, 0x0, 0x2, 0x6a, 0xdd,
    0xdd, 0xca, 0x62, 0x0,

    /* U+0056 "V" */
    0x0, 0x4, 0xae, 0xa5, 0x0, 0x0, 0x4, 0x9e,
    0xa4, 0x0, 0x0, 0x0, 0x16, 0xcd, 0x82, 0x0,
    0x2, 0x7c, 0xc6, 0x10, 0x0, 0x0, 0x0, 0x38,
    0xda, 0x50, 0x0, 0x5a, 0xd8, 0x30, 0x0, 0x0,
    0x0, 0x0, 0x5a, 0xd8, 0x30, 0x28, 0xda, 0x50,
    0x0, 0x0, 0x0, 0x0, 0x2, 0x7c, 0xb5, 0x15,
    0xac, 0x72, 0x0, 0x0, 0x0, 0x0, 0x0, 0x4,
    0x9c, 0x86, 0x8c, 0x94, 0x0, 0x0, 0x0, 0x0,
    0x0, 0x0, 0x16, 0xbc, 0xcc, 0xb6, 0x10, 0x0,
    0x0, 0x0, 0x0, 0x0, 0x0, 0x28, 0xdf, 0xd8,
    0x20, 0x0, 0x0, 0x0,

    /* U+0057 "W" */
    0x0, 0x39, 0xd9, 0x40, 0x0, 0x0, 0x0, 0x38,
    0xb8, 0x30, 0x0, 0x2, 0x7c, 0xa5, 0x0, 0x0,
    0x0, 0x4, 0xab, 0x71, 0x0, 0x0, 0x6, 0xbb,
    0x61, 0x38, 0xda, 0x40, 0x5b, 0xa5, 0x0, 0x0,
    0x0, 0x49, 0xc7, 0x36, 0x9e, 0xa7, 0x36, 0xb9,
    0x40, 0x0, 0x0, 0x3, 0x8b, 0x87, 0x88, 0xa9,
    0x97, 0x7a, 0x82, 0x0, 0x0, 0x0, 0x16, 0xba,
    0xa8, 0x75, 0x89, 0xaa, 0xa6, 0x10, 0x0, 0x0,
    0x0, 0x5a, 0xdd, 0x95, 0x5, 0x9d, 0xda, 0x50,
    0x0, 0x0, 0x0, 0x3, 0x9e, 0xd8, 0x30, 0x38,
    0xde, 0x93, 0x0, 0x0,

    /* U+0058 "X" */
    0x15, 0xbd, 0x94, 0x0, 0x3, 0x8d, 0xb6, 0x10,
    0x5, 0xad, 0x94, 0x2, 0x8c, 0xa5, 0x0, 0x0,
    0x4, 0x9d, 0x97, 0x8c, 0xa4, 0x0, 0x0, 0x0,
    0x3, 0x8d, 0xfe, 0x94, 0x0, 0x0, 0x0, 0x0,
    0x5a, 0xde, 0xda, 0x40, 0x0, 0x0, 0x1, 0x6b,
    0xc7, 0x58, 0xdb, 0x50, 0x0, 0x1, 0x6c, 0xc7,
    0x10, 0x38, 0xdb, 0x61, 0x2, 0x7c, 0xc7, 0x10,
    0x0, 0x38, 0xdc, 0x72,

    /* U+0059 "Y" */
    0x0, 0x4, 0x9e, 0xb5, 0x0, 0x0, 0x5, 0xad,
    0x94, 0x0, 0x0, 0x0, 0x3, 0x9d, 0xa5, 0x0,
    0x5, 0xad, 0x93, 0x0, 0x0, 0x0, 0x0, 0x3,
    0x9d, 0xa5, 0x4, 0xad, 0x93, 0x0, 0x0, 0x0,
    0x0, 0x0, 0x3, 0x8c, 0x98, 0x9c, 0x83, 0x0,
    0x0, 0x0, 0x0, 0x0, 0x0, 0x3, 0x8d, 0xfd,
    0x83, 0x0, 0x0, 0x0, 0x0, 0x0, 0x0, 0x0,
    0x4, 0xaf, 0xa4, 0x0, 0x0, 0x0, 0x0, 0x0,
    0x0, 0x0, 0x0, 0x4a, 0xfa, 0x40, 0x0, 0x0,
    0x0, 0x0, 0x0, 0x0, 0x0, 0x4, 0xaf, 0xa4,
    0x0, 0x0, 0x0, 0x0,

    /* U+005A "Z" */
    0x3, 0x8c, 0xdd, 0xdd, 0xde, 0xff, 0xc7, 0x10,
    0x0, 0x0, 0x0, 0x3, 0x8d, 0xc6, 0x10, 0x0,
    0x0, 0x0, 0x5, 0xad, 0xa4, 0x0, 0x0, 0x0,
    0x0, 0x17, 0xcd, 0x83, 0x0, 0x0, 0x0, 0x0,
    0x38, 0xdb, 0x61, 0x0, 0x0, 0x0, 0x0, 0x5a,
    0xea, 0x40, 0x0, 0x0, 0x0, 0x2, 0x7c, 0xd8,
    0x30, 0x0, 0x0, 0x0, 0x2, 0x7d, 0xfe, 0xdd,
    0xdd, 0xdd, 0xdb, 0x72,

    /* U+005B "[" */
    0x2, 0x6a, 0xa9, 0x88, 0x74, 0x10, 0x3, 0x8b,
    0x72, 0x0, 0x0, 0x0, 0x3, 0x8b, 0x72, 0x0,
    0x0, 0x0, 0x3, 0x8b, 0x72, 0x0, 0x0, 0x0,
    0x3, 0x8b, 0x72, 0x0, 0x0, 0x0, 0x3, 0x8b,
    0x72, 0x0, 0x0, 0x0, 0x3, 0x8b, 0x72, 0x0,
    0x0, 0x0, 0x3, 0x8b, 0x72, 0x0, 0x0, 0x0,
    0x3, 0x8b, 0x72, 0x0, 0x0, 0x0, 0x3, 0x8b,
    0x72, 0x0, 0x0, 0x0, 0x2, 0x6a, 0xa9, 0x99,
    0x74, 0x10,

    /* U+005C "\\" */
    0x14, 0x53, 0x10, 0x0, 0x0, 0x0, 0x0, 0x0,
    0x49, 0xa6, 0x10, 0x0, 0x0, 0x0, 0x0, 0x0,
    0x49, 0xa6, 0x10, 0x0, 0x0, 0x0, 0x0, 0x0,
    0x49, 0xa6, 0x10, 0x0, 0x0, 0x0, 0x0, 0x0,
    0x49, 0xa6, 0x10, 0x0, 0x0, 0x0, 0x0, 0x0,
    0x49, 0xa6, 0x10, 0x0, 0x0, 0x0, 0x0, 0x0,
    0x49, 0xa6, 0x10, 0x0, 0x0, 0x0, 0x0, 0x0,
    0x39, 0xa6, 0x10, 0x0, 0x0, 0x0, 0x0, 0x0,
    0x39, 0xa6, 0x10, 0x0, 0x0, 0x0, 0x0, 0x0,
    0x38, 0xa6, 0x10, 0x0, 0x0, 0x0, 0x0, 0x0,
    0x38, 0xa6, 0x10,

    /* U+005D "]" */
    0x1, 0x47, 0x88, 0x9a, 0xa6, 0x20, 0x0, 0x0,
    0x0, 0x27, 0xb8, 0x30, 0x0, 0x0, 0x0, 0x27,
    0xb8, 0x30, 0x0, 0x0, 0x0, 0x27, 0xb8, 0x30,
    0x0, 0x0, 0x0, 0x27, 0xb8, 0x30, 0x0, 0x0,
    0x0, 0x27, 0xb8, 0x30, 0x0, 0x0, 0x0, 0x27,
    0xb8, 0x30, 0x0, 0x0, 0x0, 0x27, 0xb8, 0x30,
    0x0, 0x0, 0x0, 0x27, 0xb8, 0x30, 0x0, 0x0,
    0x0, 0x27, 0xb8, 0x30, 0x1, 0x47, 0x99, 0x9a,
    0xa6, 0x20,

    /* U+005E "^" */
    0x0, 0x0, 0x2, 0x57, 0x52, 0x0, 0x0, 0x0,
    0x0, 0x3, 0x9c, 0xdc, 0x93, 0x0, 0x0, 0x0,
    0x4, 0x9b, 0x74, 0x7b, 0x94, 0x0, 0x0, 0x4,
    0x9b, 0x82, 0x2, 0x8b, 0x93, 0x0, 0x4, 0x9c,
    0x83, 0x0, 0x3, 0x8c, 0x94, 0x0,

    /* U+005F "_" */
    0x15, 0x8a, 0xaa, 0xaa, 0xaa, 0xaa, 0x85, 0x10,

    /* U+0060 "`" */
    0x16, 0xbd, 0x93, 0x0, 0x0, 0x3, 0x8c, 0x94,
    0x0,

    /* U+0061 "a" */
    0x0, 0x37, 0xac, 0xcd, 0xdd, 0xa6, 0x20, 0x0,
    0x1, 0x22, 0x0, 0x1, 0x6b, 0xe8, 0x30, 0x0,
    0x0, 0x24, 0x68, 0x9b, 0xdf, 0xa5, 0x0, 0x27,
    0xcc, 0x84, 0x20, 0x39, 0xea, 0x50, 0x16, 0xbd,
    0x82, 0x0, 0x16, 0xbf, 0xa5, 0x0, 0x25, 0xad,
    0xdc, 0xb9, 0x8a, 0xda, 0x50,

    /* U+0062 "b" */
    0x5, 0xae, 0x94, 0x0, 0x0, 0x0, 0x0, 0x0,
    0x5a, 0xe9, 0x40, 0x0, 0x0, 0x0, 0x0, 0x5,
    0xae, 0xca, 0xac, 0xdd, 0xb7, 0x30, 0x0, 0x5a,
    0xfb, 0x61, 0x0, 0x5a, 0xea, 0x50, 0x5, 0xae,
    0x94, 0x0, 0x1, 0x6c, 0xd8, 0x20, 0x5a, 0xe9,
    0x40, 0x0, 0x27, 0xcd, 0x82, 0x5, 0xaf, 0xb5,
    0x0, 0x16, 0xbe, 0x94, 0x0, 0x5a, 0xdb, 0xab,
    0xde, 0xda, 0x52, 0x0,

    /* U+0063 "c" */
    0x0, 0x2, 0x59, 0xcd, 0xdd, 0xcb, 0x73, 0x0,
    0x26, 0xce, 0xa5, 0x10, 0x0, 0x11, 0x0, 0x5,
    0xbe, 0x94, 0x0, 0x0, 0x0, 0x0, 0x0, 0x6b,
    0xe9, 0x30, 0x0, 0x0, 0x0, 0x0, 0x2, 0x7c,
    0xd9, 0x41, 0x0, 0x1, 0x21, 0x0, 0x0, 0x26,
    0xac, 0xdd, 0xdc, 0xb8, 0x30,

    /* U+0064 "d" */
    0x0, 0x0, 0x0, 0x0, 0x4, 0x9e, 0xa5, 0x0,
    0x0, 0x0, 0x0, 0x0, 0x49, 0xea, 0x50, 0x0,
    0x26, 0xad, 0xdd, 0xbb, 0xde, 0xa5, 0x0, 0x4a,
    0xeb, 0x61, 0x0, 0x5a, 0xfa, 0x50, 0x28, 0xdc,
    0x71, 0x0, 0x4, 0x9e, 0xa5, 0x2, 0x8d, 0xc7,
    0x10, 0x0, 0x49, 0xea, 0x50, 0x5, 0xae, 0xa5,
    0x0, 0x16, 0xcf, 0xa5, 0x0, 0x2, 0x7b, 0xdd,
    0xda, 0x9b, 0xda, 0x50,

    /* U+0065 "e" */
    0x0, 0x3, 0x7b, 0xcc, 0xcc, 0xb8, 0x30, 0x0,
    0x38, 0xca, 0x40, 0x0, 0x16, 0xbb, 0x50, 0x27,
    0xce, 0xdb, 0xbb, 0xbb, 0xcc, 0xb6, 0x22, 0x7c,
    0xd7, 0x20, 0x0, 0x0, 0x0, 0x0, 0x3, 0x8d,
    0xd8, 0x20, 0x0, 0x0, 0x0, 0x0, 0x0, 0x37,
    0xbd, 0xdc, 0xcc, 0xa5, 0x10,

    /* U+0066 "f" */
    0x0, 0x0, 0x0, 0x38, 0xbd, 0xdc, 0xc8, 0x40,
    0x0, 0x0, 0x0, 0x5, 0xbe, 0x93, 0x0, 0x0,
    0x0, 0x0, 0x2, 0x6b, 0xef, 0xff, 0xfe, 0xcc,
    0x84, 0x0, 0x0, 0x0, 0x0, 0x17, 0xcd, 0x72,
    0x0, 0x0, 0x0, 0x0, 0x0, 0x0, 0x17, 0xcd,
    0x72, 0x0, 0x0, 0x0, 0x0, 0x0, 0x0, 0x17,
    0xcd, 0x72, 0x0, 0x0, 0x0, 0x0, 0x0, 0x0,
    0x17, 0xcd, 0x72, 0x0, 0x0, 0x0, 0x0, 0x0,
    0x0, 0x17, 0xcd, 0x72, 0x0, 0x0, 0x0, 0x0,

    /* U+0067 "g" */
    0x0, 0x26, 0xab, 0xbc, 0xdf, 0xfe, 0xea, 0x50,
    0x0, 0x3, 0x8d, 0xa4, 0x0, 0x28, 0xc9, 0x40,
    0x0, 0x0, 0x3, 0x8d, 0xa5, 0x0, 0x39, 0xd9,
    0x40, 0x0, 0x0, 0x0, 0x49, 0xcc, 0xaa, 0xa8,
    0x51, 0x0, 0x0, 0x0, 0x3, 0x8c, 0x93, 0x0,
    0x0, 0x0, 0x0, 0x0, 0x0, 0x1, 0x5b, 0xee,
    0xdd, 0xcc, 0xcb, 0x84, 0x10, 0x0, 0x16, 0xbb,
    0x61, 0x0, 0x1, 0x5a, 0xea, 0x50, 0x0, 0x2,
    0x6a, 0xbb, 0xba, 0xab, 0xba, 0x62, 0x0, 0x0,

    /* U+0068 "h" */
    0x5, 0xae, 0x94, 0x0, 0x0, 0x0, 0x0, 0x0,
    0x5a, 0xe9, 0x30, 0x0, 0x0, 0x0, 0x0, 0x5,
    0xae, 0xa8, 0x9c, 0xde, 0xda, 0x51, 0x0, 0x5a,
    0xfc, 0x72, 0x0, 0x39, 0xeb, 0x61, 0x5, 0xae,
    0x94, 0x0, 0x2, 0x7c, 0xc7, 0x10, 0x5a, 0xe9,
    0x40, 0x0, 0x27, 0xcc, 0x72, 0x5, 0xae, 0x94,
    0x0, 0x2, 0x7c, 0xc7, 0x20, 0x5a, 0xe9, 0x40,
    0x0, 0x27, 0xcc, 0x72,

    /* U+0069 "i" */
    0x0, 0x5a, 0xea, 0x50, 0x0, 0x0, 0x23, 0x20,
    0x0, 0x0, 0x4a, 0xea, 0x40, 0x0, 0x4, 0xae,
    0xa4, 0x0, 0x0, 0x4a, 0xea, 0x40, 0x0, 0x4,
    0xae, 0xa4, 0x0, 0x0, 0x4a, 0xea, 0x40, 0x0,
    0x4, 0xae, 0xa4, 0x0,

    /* U+006A "j" */
    0x0, 0x0, 0x0, 0x0, 0x27, 0xcd, 0x83, 0x0,
    0x0, 0x0, 0x0, 0x0, 0x12, 0x21, 0x0, 0x0,
    0x0, 0x0, 0x0, 0x17, 0xcd, 0x72, 0x0, 0x0,
    0x0, 0x0, 0x1, 0x7c, 0xd7, 0x20, 0x0, 0x0,
    0x0, 0x0, 0x17, 0xcd, 0x72, 0x0, 0x0, 0x0,
    0x0, 0x1, 0x7c, 0xd7, 0x20, 0x0, 0x0, 0x0,
    0x0, 0x17, 0xcd, 0x72, 0x0, 0x0, 0x0, 0x0,
    0x1, 0x7c, 0xd7, 0x20, 0x0, 0x0, 0x0, 0x0,
    0x39, 0xeb, 0x50, 0x0, 0x1, 0x5a, 0xdd, 0xdd,
    0xc8, 0x30, 0x0,

    /* U+006B "k" */
    0x3, 0x9e, 0xa5, 0x0, 0x0, 0x0, 0x0, 0x0,
    0x0, 0x3, 0x9e, 0xa5, 0x0, 0x0, 0x0, 0x0,
    0x0, 0x0, 0x3, 0x9e, 0xa5, 0x0, 0x15, 0xad,
    0xa5, 0x10, 0x0, 0x3, 0x9e, 0xa5, 0x4, 0x9d,
    0xa5, 0x10, 0x0, 0x0, 0x3, 0x9e, 0xb9, 0x9e,
    0xe8, 0x30, 0x0, 0x0, 0x0, 0x3, 0x9e, 0xfe,
    0xa9, 0xad, 0x94, 0x0, 0x0, 0x0, 0x3, 0x9e,
    0xb6, 0x0, 0x28, 0xcb, 0x61, 0x0, 0x0, 0x3,
    0x9e, 0xa5, 0x0, 0x1, 0x6b, 0xd8, 0x30, 0x0,

    /* U+006C "l" */
    0x1, 0x7c, 0xd7, 0x20, 0x0, 0x0, 0x1, 0x7c,
    0xd7, 0x20, 0x0, 0x0, 0x1, 0x7c, 0xd7, 0x20,
    0x0, 0x0, 0x1, 0x7c, 0xd7, 0x20, 0x0, 0x0,
    0x1, 0x7c, 0xd7, 0x20, 0x0, 0x0, 0x1, 0x7c,
    0xd7, 0x20, 0x0, 0x0, 0x1, 0x6b, 0xd8, 0x30,
    0x0, 0x0, 0x0, 0x15, 0xad, 0xed, 0xd9, 0x40,

    /* U+006D "m" */
    0x49, 0xcb, 0x9c, 0xcb, 0x98, 0xbd, 0xc7, 0x20,
    0x0, 0x49, 0xd9, 0x42, 0x7c, 0xa4, 0x16, 0xcb,
    0x60, 0x0, 0x49, 0xc8, 0x31, 0x7b, 0x93, 0x16,
    0xbb, 0x61, 0x0, 0x49, 0xc8, 0x31, 0x7b, 0x93,
    0x16, 0xbb, 0x61, 0x0, 0x49, 0xc8, 0x31, 0x7b,
    0x93, 0x16, 0xbb, 0x61, 0x0, 0x49, 0xc8, 0x31,
    0x7b, 0x93, 0x16, 0xbb, 0x61, 0x0,

    /* U+006E "n" */
    0x5, 0xad, 0xa8, 0x9a, 0xbd, 0xda, 0x51, 0x0,
    0x5a, 0xfb, 0x61, 0x0, 0x38, 0xdb, 0x61, 0x5,
    0xae, 0x94, 0x0, 0x2, 0x7c, 0xc7, 0x10, 0x5a,
    0xe9, 0x40, 0x0, 0x27, 0xcc, 0x72, 0x5, 0xae,
    0x94, 0x0, 0x2, 0x7c, 0xc7, 0x20, 0x5a, 0xe9,
    0x40, 0x0, 0x27, 0xcc, 0x72,

    /* U+006F "o" */
    0x0, 0x15, 0x9c, 0xdd, 0xdc, 0x95, 0x10, 0x0,
    0x4a, 0xea, 0x51, 0x1, 0x5b, 0xe9, 0x40, 0x38,
    0xdb, 0x61, 0x0, 0x1, 0x6c, 0xd8, 0x33, 0x8d,
    0xb6, 0x10, 0x0, 0x16, 0xbd, 0x83, 0x5, 0xae,
    0xa5, 0x10, 0x15, 0xae, 0xa4, 0x0, 0x2, 0x59,
    0xcd, 0xdd, 0xc9, 0x51, 0x0,

    /* U+0070 "p" */
    0x5, 0xad, 0xba, 0xab, 0xcd, 0xb7, 0x30, 0x0,
    0x5a, 0xfb, 0x61, 0x0, 0x49, 0xea, 0x50, 0x5,
    0xae, 0x94, 0x0, 0x1, 0x6c, 0xd8, 0x20, 0x5a,
    0xe9, 0x40, 0x0, 0x27, 0xcd, 0x82, 0x5, 0xaf,
    0xb5, 0x0, 0x16, 0xce, 0x94, 0x0, 0x5a, 0xed,
    0xbb, 0xde, 0xda, 0x52, 0x0, 0x5, 0xae, 0x94,
    0x0, 0x0, 0x0, 0x0, 0x0, 0x5a, 0xe9, 0x40,
    0x0, 0x0, 0x0, 0x0,

    /* U+0071 "q" */
    0x0, 0x26, 0xad, 0xdd, 0xba, 0xbd, 0x94, 0x0,
    0x5a, 0xeb, 0x51, 0x1, 0x6b, 0xe9, 0x40, 0x38,
    0xdb, 0x61, 0x0, 0x4, 0xae, 0x94, 0x3, 0x8d,
    0xb6, 0x10, 0x0, 0x4a, 0xe9, 0x40, 0x5, 0xae,
    0xa5, 0x0, 0x16, 0xce, 0x94, 0x0, 0x3, 0x7b,
    0xdd, 0xca, 0xbc, 0xe9, 0x40, 0x0, 0x0, 0x0,
    0x0, 0x4, 0x9e, 0x94, 0x0, 0x0, 0x0, 0x0,
    0x0, 0x4a, 0xe9, 0x40,

    /* U+0072 "r" */
    0x0, 0x39, 0xc8, 0x56, 0x9b, 0xcc, 0xa6, 0x20,
    0x3, 0x9e, 0xeb, 0x72, 0x0, 0x0, 0x0, 0x0,
    0x39, 0xeb, 0x50, 0x0, 0x0, 0x0, 0x0, 0x3,
    0x9e, 0xb5, 0x0, 0x0, 0x0, 0x0, 0x0, 0x39,
    0xeb, 0x50, 0x0, 0x0, 0x0, 0x0, 0x3, 0x9e,
    0xb5, 0x0, 0x0, 0x0, 0x0,

    /* U+0073 "s" */
    0x0, 0x26, 0xac, 0xcc, 0xcc, 0xb8, 0x40, 0x0,
    0x28, 0xdb, 0x61, 0x0, 0x1, 0x10, 0x0, 0x0,
    0x37, 0xcd, 0xb9, 0x63, 0x10, 0x0, 0x0, 0x0,
    0x0, 0x13, 0x58, 0xbd, 0xc6, 0x20, 0x1, 0x23,
    0x10, 0x0, 0x3, 0x8d, 0xa5, 0x0, 0x25, 0x9b,
    0xcc, 0xbc, 0xcb, 0x73, 0x0,

    /* U+0074 "t" */
    0x0, 0x0, 0x24, 0x64, 0x10, 0x0, 0x0, 0x0,
    0x0, 0x5, 0xad, 0x83, 0x0, 0x0, 0x0, 0x26,
    0xac, 0xdf, 0xfe, 0xcc, 0xcc, 0x84, 0x0, 0x0,
    0x16, 0xbd, 0x83, 0x0, 0x0, 0x0, 0x0, 0x1,
    0x6b, 0xd8, 0x30, 0x0, 0x0, 0x0, 0x0, 0x16,
    0xbd, 0x83, 0x0, 0x0, 0x0, 0x0, 0x0, 0x5a,
    0xea, 0x40, 0x0, 0x0, 0x0, 0x0, 0x0, 0x38,
    0xcd, 0xdc, 0xca, 0x51,

    /* U+0075 "u" */
    0x27, 0xcc, 0x72, 0x0, 0x5, 0xae, 0x94, 0x2,
    0x7c, 0xc7, 0x20, 0x0, 0x5a, 0xe9, 0x40, 0x27,
    0xcc, 0x72, 0x0, 0x5, 0xae, 0x94, 0x2, 0x7c,
    0xc7, 0x20, 0x0, 0x5a, 0xe9, 0x40, 0x16, 0xbd,
    0x83, 0x0, 0x38, 0xdf, 0x94, 0x0, 0x15, 0xad,
    0xed, 0xc9, 0x89, 0xc9, 0x40,

    /* U+0076 "v" */
    0x0, 0x3, 0x8d, 0xb5, 0x0, 0x0, 0x5, 0xad,
    0x83, 0x0, 0x0, 0x0, 0x4, 0x9d, 0x94, 0x0,
    0x4, 0x9d, 0x94, 0x0, 0x0, 0x0, 0x0, 0x5,
    0xad, 0x83, 0x2, 0x8c, 0xa5, 0x0, 0x0, 0x0,
    0x0, 0x0, 0x16, 0xbc, 0x73, 0x6b, 0xb6, 0x10,
    0x0, 0x0, 0x0, 0x0, 0x0, 0x27, 0xca, 0xaa,
    0xb7, 0x20, 0x0, 0x0, 0x0, 0x0, 0x0, 0x0,
    0x28, 0xdf, 0xd8, 0x20, 0x0, 0x0, 0x0,

    /* U+0077 "w" */
    0x0, 0x39, 0xc8, 0x30, 0x25, 0x75, 0x20, 0x38,
    0xc9, 0x30, 0x0, 0x1, 0x7c, 0xa5, 0x5, 0xae,
    0x95, 0x5, 0xac, 0x71, 0x0, 0x0, 0x4, 0x9c,
    0x74, 0x78, 0xb8, 0x74, 0x7b, 0xa4, 0x0, 0x0,
    0x0, 0x27, 0xb9, 0x88, 0x87, 0x88, 0x89, 0xb7,
    0x20, 0x0, 0x0, 0x0, 0x5a, 0xcc, 0x86, 0x26,
    0x8c, 0xca, 0x50, 0x0, 0x0, 0x0, 0x2, 0x8d,
    0xe9, 0x40, 0x49, 0xed, 0x83, 0x0, 0x0,

    /* U+0078 "x" */
    0x4, 0x9d, 0xb5, 0x10, 0x5, 0xad, 0x94, 0x0,
    0x1, 0x7c, 0xc7, 0x36, 0xbc, 0x71, 0x0, 0x0,
    0x0, 0x49, 0xdf, 0xd9, 0x40, 0x0, 0x0, 0x0,
    0x15, 0xad, 0xed, 0xa4, 0x0, 0x0, 0x0, 0x38,
    0xca, 0x53, 0x7c, 0xc7, 0x20, 0x1, 0x5b, 0xd9,
    0x30, 0x0, 0x49, 0xda, 0x51,

    /* U+0079 "y" */
    0x0, 0x3, 0x8d, 0xb6, 0x10, 0x0, 0x5, 0xad,
    0x83, 0x0, 0x0, 0x0, 0x3, 0x8d, 0xa5, 0x0,
    0x4, 0x9d, 0x94, 0x0, 0x0, 0x0, 0x0, 0x3,
    0x8d, 0xa4, 0x2, 0x7c, 0xa5, 0x0, 0x0, 0x0,
    0x0, 0x0, 0x3, 0x8c, 0x84, 0x6b, 0xb6, 0x10,
    0x0, 0x0, 0x0, 0x0, 0x0, 0x3, 0x8b, 0xcc,
    0xb7, 0x20, 0x0, 0x0, 0x0, 0x0, 0x0, 0x0,
    0x3, 0x9e, 0xd8, 0x20, 0x0, 0x0, 0x0, 0x0,
    0x0, 0x0, 0x1, 0x6c, 0xd8, 0x30, 0x0, 0x0,
    0x0, 0x0, 0x0, 0x4, 0x8d, 0xdc, 0x94, 0x10,
    0x0, 0x0, 0x0, 0x0,

    /* U+007A "z" */
    0x1, 0x5a, 0xdd, 0xdd, 0xde, 0xff, 0xa5, 0x0,
    0x0, 0x0, 0x0, 0x26, 0xbc, 0x82, 0x0, 0x0,
    0x0, 0x1, 0x5a, 0xd9, 0x40, 0x0, 0x0, 0x0,
    0x4, 0x9d, 0xa5, 0x10, 0x0, 0x0, 0x0, 0x28,
    0xcc, 0x62, 0x0, 0x0, 0x0, 0x0, 0x5a, 0xff,
    0xec, 0xcc, 0xcc, 0xca, 0x51,

    /* U+007B "{" */
    0x0, 0x0, 0x1, 0x49, 0xba, 0x97, 0x41, 0x0,
    0x0, 0x0, 0x49, 0xc7, 0x20, 0x0, 0x0, 0x0,
    0x0, 0x4, 0x9b, 0x72, 0x0, 0x0, 0x0, 0x0,
    0x0, 0x38, 0xb7, 0x20, 0x0, 0x0, 0x0, 0x0,
    0x4, 0xab, 0x71, 0x0, 0x0, 0x0, 0x4, 0x8d,
    0xeb, 0x62, 0x0, 0x0, 0x0, 0x0, 0x0, 0x4,
    0xab, 0x71, 0x0, 0x0, 0x0, 0x0, 0x0, 0x38,
    0xb7, 0x20, 0x0, 0x0, 0x0, 0x0, 0x4, 0x9b,
    0x72, 0x0, 0x0, 0x0, 0x0, 0x0, 0x39, 0xc8,
    0x20, 0x0, 0x0, 0x0, 0x0, 0x0, 0x36, 0x9a,
    0x97, 0x41, 0x0,

    /* U+007C "|" */
    0x0, 0x27, 0xa7, 0x20, 0x0, 0x2, 0x7a, 0x72,
    0x0, 0x0, 0x27, 0xa7, 0x20, 0x0, 0x2, 0x7a,
    0x72, 0x0, 0x0, 0x27, 0xa7, 0x20, 0x0, 0x2,
    0x7a, 0x72, 0x0, 0x0, 0x27, 0xa7, 0x20, 0x0,
    0x2, 0x7a, 0x72, 0x0, 0x0, 0x27, 0xa7, 0x20,
    0x0, 0x2, 0x7a, 0x72, 0x0, 0x0, 0x27, 0xa7,
    0x20, 0x0, 0x2, 0x7a, 0x72, 0x0,

    /* U+007D "}" */
    0x1, 0x47, 0x9a, 0xb9, 0x41, 0x0, 0x0, 0x0,
    0x0, 0x0, 0x27, 0xc9, 0x40, 0x0, 0x0, 0x0,
    0x0, 0x2, 0x7b, 0x94, 0x0, 0x0, 0x0, 0x0,
    0x0, 0x28, 0xb8, 0x30, 0x0, 0x0, 0x0, 0x0,
    0x1, 0x7b, 0xa4, 0x0, 0x0, 0x0, 0x0, 0x0,
    0x2, 0x6b, 0xed, 0x84, 0x0, 0x0, 0x0, 0x2,
    0x7b, 0xa4, 0x0, 0x0, 0x0, 0x0, 0x0, 0x28,
    0xb8, 0x30, 0x0, 0x0, 0x0, 0x0, 0x2, 0x7b,
    0x94, 0x0, 0x0, 0x0, 0x0, 0x0, 0x28, 0xc9,
    0x30, 0x0, 0x0, 0x1, 0x47, 0x9a, 0x96, 0x30,
    0x0, 0x0, 0x0,

    /* U+007E "~" */
    0x0, 0x1, 0x48, 0xab, 0xb9, 0x63, 0x0, 0x24,
    0x42, 0x0, 0x0, 0x0, 0x24, 0x42, 0x1, 0x37,
    0xab, 0xba, 0x74, 0x10, 0x0,

    /* U+4E0B "下" */
    0x36, 0x99, 0x99, 0x99, 0x99, 0x99, 0x99, 0x99,
    0x99, 0x99, 0x99, 0x99, 0x99, 0x85, 0x20, 0x1,
    0x22, 0x22, 0x22, 0x22, 0x24, 0xaf, 0xd7, 0x22,
    0x22, 0x22, 0x22, 0x22, 0x21, 0x0, 0x0, 0x0,
    0x0, 0x0, 0x0, 0x2, 0x7c, 0xb5, 0x0, 0x0,
    0x0, 0x0, 0x0, 0x0, 0x0, 0x0, 0x0, 0x0,
    0x0, 0x0, 0x2, 0x7e, 0xff, 0xcc, 0x97, 0x41,
    0x0, 0x0, 0x0, 0x0, 0x0, 0x0, 0x0, 0x0,
    0x0, 0x2, 0x7c, 0xa5, 0x2, 0x48, 0xbd, 0xca,
    0x63, 0x10, 0x0, 0x0, 0x0, 0x0, 0x0, 0x0,
    0x2, 0x7c, 0xa5, 0x0, 0x0, 0x0, 0x36, 0x64,
    0x10, 0x0, 0x0, 0x0, 0x0, 0x0, 0x0, 0x2,
    0x7c, 0xa5, 0x0, 0x0, 0x0, 0x0, 0x0, 0x0,
    0x0, 0x0, 0x0, 0x0, 0x0, 0x0, 0x2, 0x7c,
    0xa5, 0x0, 0x0, 0x0, 0x0, 0x0, 0x0, 0x0,
    0x0, 0x0, 0x0, 0x0, 0x0, 0x2, 0x7c, 0xa5,
    0x0, 0x0, 0x0, 0x0, 0x0, 0x0, 0x0,

    /* U+4E1A "业" */
    0x0, 0x0, 0x0, 0x0, 0x17, 0xca, 0x50, 0x0,
    0x16, 0xca, 0x50, 0x0, 0x0, 0x0, 0x0, 0x0,
    0x0, 0x0, 0x0, 0x17, 0xca, 0x50, 0x0, 0x17,
    0xca, 0x50, 0x0, 0x0, 0x0, 0x0, 0x2, 0x69,
    0x73, 0x0, 0x17, 0xca, 0x50, 0x0, 0x17, 0xca,
    0x50, 0x0, 0x37, 0x95, 0x10, 0x0, 0x27, 0xba,
    0x40, 0x17, 0xca, 0x50, 0x0, 0x17, 0xca, 0x50,
    0x15, 0xab, 0x72, 0x0, 0x0, 0x1, 0x6b, 0xb6,
    0x37, 0xca, 0x50, 0x0, 0x17, 0xca, 0x53, 0x8c,
    0x94, 0x0, 0x0, 0x0, 0x0, 0x14, 0x76, 0x47,
    0xca, 0x50, 0x0, 0x17, 0xca, 0x86, 0x85, 0x10,
    0x0, 0x0, 0x0, 0x0, 0x0, 0x0, 0x17, 0xca,
    0x50, 0x0, 0x17, 0xca, 0x50, 0x0, 0x0, 0x0,
    0x0, 0x14, 0x67, 0x77, 0x77, 0x8d, 0xff, 0xb7,
    0x77, 0x8d, 0xff, 0xc7, 0x77, 0x77, 0x75, 0x31,
    0x12, 0x44, 0x44, 0x44, 0x44, 0x44, 0x44, 0x44,
    0x44, 0x44, 0x44, 0x44, 0x44, 0x43, 0x20,

    /* U+4EE5 "以" */
    0x0, 0x0, 0x0, 0x0, 0x0, 0x0, 0x0, 0x0,
    0x0, 0x0, 0x0, 0x0, 0x0, 0x0, 0x0, 0x0,
    0x0, 0x0, 0x1, 0x58, 0x63, 0x0, 0x13, 0x43,
    0x0, 0x0, 0x0, 0x3, 0x9c, 0x83, 0x0, 0x0,
    0x0, 0x0, 0x0, 0x38, 0xda, 0x40, 0x0, 0x49,
    0xca, 0x51, 0x0, 0x0, 0x49, 0xc8, 0x30, 0x0,
    0x0, 0x0, 0x0, 0x3, 0x8d, 0xa4, 0x0, 0x0,
    0x4, 0x9c, 0x93, 0x0, 0x6, 0xbb, 0x61, 0x0,
    0x0, 0x0, 0x0, 0x0, 0x38, 0xda, 0x40, 0x0,
    0x0, 0x0, 0x11, 0x0, 0x3, 0x8c, 0x94, 0x0,
    0x0, 0x0, 0x0, 0x0, 0x3, 0x8d, 0xa4, 0x0,
    0x0, 0x0, 0x0, 0x0, 0x2, 0x7c, 0xa5, 0x0,
    0x0, 0x0, 0x0, 0x0, 0x0, 0x38, 0xda, 0x40,
    0x13, 0x68, 0x74, 0x0, 0x4, 0xbf, 0xe7, 0x0,
    0x0, 0x0, 0x0, 0x0, 0x0, 0x6, 0xdf, 0xff,
    0xcb, 0x96, 0x41, 0x1, 0x49, 0xdd, 0xcc, 0xca,
    0x52, 0x0, 0x0, 0x0, 0x0, 0x4, 0xac, 0xa4,
    0x10, 0x0, 0x13, 0x6a, 0xcc, 0x94, 0x10, 0x2,
    0x6b, 0xc9, 0x41, 0x0, 0x0, 0x0, 0x0, 0x0,
    0x0, 0x1, 0x58, 0xa8, 0x52, 0x0, 0x0, 0x0,
    0x0, 0x14, 0x76, 0x30, 0x0,

    /* U+4F20 "传" */
    0x0, 0x0, 0x0, 0x0, 0x0, 0x0, 0x0, 0x0,
    0x0, 0x0, 0x0, 0x0, 0x0, 0x0, 0x0, 0x0,
    0x0, 0x0, 0x0, 0x0, 0x2, 0x8c, 0xa5, 0x10,
    0x0, 0x3, 0x8c, 0x94, 0x0, 0x0, 0x0, 0x0,
    0x0, 0x0, 0x0, 0x0, 0x16, 0xbc, 0x72, 0x37,
    0xaa, 0xac, 0xff, 0xff, 0xba, 0xaa, 0xaa, 0x96,
    0x20, 0x0, 0x0, 0x2, 0x7f, 0xff, 0x93, 0x24,
    0x55, 0x56, 0xbf, 0xfa, 0x55, 0x55, 0x55, 0x55,
    0x53, 0x10, 0x0, 0x27, 0xba, 0xab, 0xb6, 0x22,
    0x45, 0x56, 0xbf, 0xfb, 0x65, 0x55, 0x55, 0x55,
    0x55, 0x31, 0x0, 0x0, 0x0, 0x4, 0xab, 0x61,
    0x0, 0x1, 0x7f, 0xff, 0xca, 0xaa, 0xaa, 0xcf,
    0xea, 0x30, 0x0, 0x0, 0x0, 0x0, 0x4a, 0xb6,
    0x10, 0x0, 0x0, 0x0, 0x0, 0x0, 0x2, 0x7b,
    0xc8, 0x30, 0x0, 0x0, 0x0, 0x0, 0x4, 0xab,
    0x61, 0x0, 0x0, 0x1, 0x58, 0x86, 0x69, 0xcb,
    0x62, 0x0, 0x0, 0x0, 0x0, 0x0, 0x0, 0x4a,
    0xb6, 0x10, 0x0, 0x0, 0x0, 0x27, 0xff, 0xfc,
    0x41, 0x0, 0x0, 0x0, 0x0, 0x0, 0x0, 0x4,
    0xab, 0x61, 0x0, 0x0, 0x0, 0x0, 0x0, 0x14,
    0x9b, 0x83, 0x0, 0x0, 0x0, 0x0, 0x0, 0x0,
    0x0, 0x0, 0x0, 0x0, 0x0, 0x0, 0x0, 0x0,
    0x0, 0x0, 0x0, 0x0, 0x0, 0x0,

    /* U+4F4D "位" */
    0x0, 0x0, 0x0, 0x0, 0x25, 0x42, 0x0, 0x0,
    0x2, 0x66, 0x30, 0x0, 0x0, 0x0, 0x0, 0x0,
    0x0, 0x0, 0x0, 0x1, 0x6b, 0xb6, 0x10, 0x0,
    0x0, 0x27, 0xca, 0x40, 0x0, 0x0, 0x0, 0x0,
    0x0, 0x0, 0x0, 0x4, 0xcf, 0xd5, 0x25, 0x9b,
    0xbb, 0xbb, 0xcc, 0xcb, 0xbb, 0xbb, 0xb7, 0x40,
    0x0, 0x0, 0x0, 0x38, 0xff, 0xf8, 0x10, 0x0,
    0x13, 0x21, 0x0, 0x0, 0x0, 0x24, 0x42, 0x0,
    0x0, 0x0, 0x3, 0x8c, 0xab, 0xcc, 0x61, 0x0,
    0x5, 0xab, 0x61, 0x0, 0x0, 0x28, 0xc9, 0x40,
    0x0, 0x0, 0x0, 0x1, 0x10, 0x5a, 0xc6, 0x10,
    0x0, 0x27, 0xb9, 0x40, 0x0, 0x5, 0xab, 0x61,
    0x0, 0x0, 0x0, 0x0, 0x0, 0x5, 0xac, 0x61,
    0x0, 0x0, 0x5a, 0xb6, 0x10, 0x2, 0x8b, 0x83,
    0x0, 0x0, 0x0, 0x0, 0x0, 0x0, 0x5a, 0xc6,
    0x10, 0x0, 0x3, 0x8c, 0x83, 0x0, 0x6a, 0xa5,
    0x0, 0x0, 0x0, 0x0, 0x0, 0x0, 0x5, 0xac,
    0x61, 0x11, 0x22, 0x24, 0x54, 0x22, 0x6b, 0xd8,
    0x32, 0x22, 0x10, 0x0, 0x0, 0x0, 0x0, 0x5a,
    0xc6, 0x35, 0x89, 0x99, 0x99, 0x99, 0x99, 0xaa,
    0xa9, 0x99, 0x97, 0x40, 0x0,

    /* U+4F4E "低" */
    0x0, 0x0, 0x0, 0x1, 0x45, 0x31, 0x0, 0x0,
    0x0, 0x0, 0x1, 0x24, 0x56, 0x52, 0x0, 0x0,
    0x0, 0x0, 0x0, 0x3, 0x9c, 0x83, 0x49, 0xcb,
    0xaa, 0xbb, 0xbe, 0xff, 0xb6, 0x43, 0x10, 0x0,
    0x0, 0x0, 0x0, 0x17, 0xef, 0x92, 0x5, 0xbc,
    0x60, 0x0, 0x0, 0x4a, 0xb6, 0x10, 0x0, 0x0,
    0x0, 0x0, 0x1, 0x5c, 0xff, 0xd4, 0x0, 0x5b,
    0xb5, 0x0, 0x0, 0x4, 0x9b, 0x71, 0x0, 0x0,
    0x0, 0x0, 0x15, 0xac, 0xaa, 0xb9, 0x40, 0x5,
    0xdf, 0xfb, 0xbb, 0xbb, 0xff, 0xff, 0xeb, 0xbb,
    0x84, 0x0, 0x0, 0x11, 0x11, 0x6b, 0x94, 0x0,
    0x5b, 0xb5, 0x0, 0x0, 0x2, 0x7b, 0x94, 0x0,
    0x0, 0x0, 0x0, 0x0, 0x0, 0x16, 0xb9, 0x40,
    0x5, 0xbb, 0x50, 0x0, 0x0, 0x5, 0xab, 0x60,
    0x0, 0x0, 0x0, 0x0, 0x0, 0x1, 0x6b, 0x94,
    0x0, 0x5b, 0xb5, 0x0, 0x1, 0x22, 0x38, 0xb9,
    0x30, 0x12, 0x20, 0x0, 0x0, 0x0, 0x16, 0xb9,
    0x40, 0x5, 0xbb, 0x51, 0x12, 0x58, 0xa7, 0x58,
    0xc8, 0x46, 0x87, 0x20, 0x0, 0x0, 0x1, 0x6b,
    0x94, 0x5, 0xcf, 0xfd, 0x98, 0x52, 0x26, 0x97,
    0x46, 0xbd, 0xc7, 0x30, 0x0, 0x0, 0x0, 0x0,
    0x0, 0x0, 0x0, 0x0, 0x0, 0x0, 0x0, 0x0,
    0x0, 0x0, 0x0, 0x0, 0x0, 0x0,

    /* U+4F5C "作" */
    0x0, 0x0, 0x0, 0x0, 0x13, 0x31, 0x0, 0x1,
    0x22, 0x10, 0x0, 0x0, 0x0, 0x0, 0x0, 0x0,
    0x0, 0x0, 0x0, 0x1, 0x5a, 0xc7, 0x20, 0x3,
    0x8c, 0x94, 0x0, 0x0, 0x0, 0x0, 0x0, 0x0,
    0x0, 0x0, 0x0, 0x3, 0xae, 0xc5, 0x10, 0x17,
    0xff, 0xff, 0xff, 0xeb, 0xbb, 0xbb, 0xbb, 0x95,
    0x10, 0x0, 0x0, 0x38, 0xff, 0xf8, 0x11, 0x5a,
    0xc9, 0x31, 0x6b, 0xb6, 0x0, 0x0, 0x0, 0x0,
    0x0, 0x0, 0x3, 0x8c, 0xaa, 0xcb, 0x63, 0x7a,
    0x73, 0x0, 0x6, 0xff, 0xfb, 0xbb, 0xbb, 0xba,
    0x62, 0x0, 0x0, 0x1, 0x10, 0x5a, 0xb6, 0x10,
    0x0, 0x0, 0x0, 0x6b, 0xb6, 0x0, 0x0, 0x0,
    0x0, 0x0, 0x0, 0x0, 0x0, 0x5, 0xab, 0x61,
    0x0, 0x0, 0x0, 0x6, 0xcc, 0x82, 0x22, 0x22,
    0x22, 0x10, 0x0, 0x0, 0x0, 0x0, 0x5a, 0xb6,
    0x10, 0x0, 0x0, 0x0, 0x6e, 0xff, 0xa9, 0x99,
    0x99, 0x96, 0x30, 0x0, 0x0, 0x0, 0x5, 0xab,
    0x61, 0x0, 0x0, 0x0, 0x6, 0xbb, 0x60, 0x0,
    0x0, 0x0, 0x0, 0x0, 0x0, 0x0, 0x0, 0x5a,
    0xb6, 0x0, 0x0, 0x0, 0x0, 0x6b, 0xb6, 0x0,
    0x0, 0x0, 0x0, 0x0, 0x0,

    /* U+503C "值" */
    0x0, 0x0, 0x0, 0x0, 0x0, 0x0, 0x0, 0x0,
    0x0, 0x0, 0x0, 0x0, 0x0, 0x0, 0x0, 0x0,
    0x0, 0x0, 0x0, 0x0, 0x2, 0x7b, 0xa5, 0x22,
    0x22, 0x22, 0x39, 0xed, 0x72, 0x22, 0x22, 0x10,
    0x0, 0x0, 0x0, 0x0, 0x15, 0xbd, 0x84, 0x46,
    0x66, 0x66, 0x6b, 0xff, 0xd8, 0x66, 0x66, 0x64,
    0x20, 0x0, 0x0, 0x1, 0x4e, 0xff, 0xa1, 0x0,
    0x26, 0xab, 0xaa, 0xce, 0xdb, 0x99, 0x9a, 0xb8,
    0x40, 0x0, 0x0, 0x15, 0xac, 0xdd, 0xb6, 0x10,
    0x3, 0x8d, 0xb8, 0x55, 0x55, 0x55, 0x55, 0x9d,
    0xb5, 0x0, 0x0, 0x0, 0x11, 0x14, 0xab, 0x61,
    0x0, 0x38, 0xca, 0x63, 0x33, 0x33, 0x33, 0x38,
    0xcb, 0x50, 0x0, 0x0, 0x0, 0x0, 0x4a, 0xb6,
    0x10, 0x3, 0x8e, 0xeb, 0x88, 0x88, 0x88, 0x89,
    0xdf, 0xd5, 0x0, 0x0, 0x0, 0x0, 0x4, 0xab,
    0x61, 0x0, 0x38, 0xee, 0xb8, 0x88, 0x88, 0x88,
    0x8c, 0xec, 0x50, 0x0, 0x0, 0x0, 0x0, 0x4a,
    0xb6, 0x11, 0x26, 0xbe, 0xb5, 0x33, 0x33, 0x33,
    0x33, 0x8e, 0xe8, 0x21, 0x0, 0x0, 0x0, 0x4,
    0xab, 0x63, 0x7d, 0xff, 0xff, 0xff, 0xff, 0xff,
    0xff, 0xff, 0xff, 0xfe, 0x94,

    /* U+503E "倾" */
    0x0, 0x0, 0x0, 0x0, 0x35, 0x52, 0x0, 0x0,
    0x0, 0x0, 0x0, 0x0, 0x0, 0x0, 0x0, 0x0,
    0x0, 0x0, 0x0, 0x1, 0x6b, 0xb6, 0x45, 0x52,
    0x0, 0x47, 0xaa, 0xac, 0xff, 0xfd, 0xaa, 0xa8,
    0x41, 0x0, 0x0, 0x1, 0x8f, 0xf8, 0x15, 0xaa,
    0x40, 0x0, 0x13, 0x56, 0xbf, 0xe9, 0x55, 0x53,
    0x10, 0x0, 0x0, 0x4, 0x9f, 0xfe, 0x50, 0x5d,
    0xfe, 0xa9, 0x68, 0xac, 0x86, 0x67, 0x66, 0x9c,
    0xa5, 0x0, 0x0, 0x27, 0xba, 0xab, 0xa5, 0x5,
    0xaa, 0x40, 0x0, 0x6a, 0xa4, 0x38, 0xa6, 0x15,
    0xba, 0x50, 0x0, 0x0, 0x0, 0x15, 0xba, 0x50,
    0x5a, 0xa4, 0x0, 0x6, 0xaa, 0x43, 0x8a, 0x61,
    0x5b, 0xa5, 0x0, 0x0, 0x0, 0x0, 0x5b, 0xa5,
    0x5, 0xab, 0x75, 0x64, 0x7a, 0xa4, 0x49, 0xa6,
    0x15, 0xba, 0x50, 0x0, 0x0, 0x0, 0x5, 0xba,
    0x53, 0xcf, 0xfc, 0x63, 0x13, 0x55, 0x47, 0xb9,
    0x40, 0x36, 0x52, 0x0, 0x0, 0x0, 0x0, 0x5b,
    0xa5, 0x0, 0x0, 0x0, 0x0, 0x2, 0x6a, 0xb8,
    0x67, 0xbb, 0x73, 0x10, 0x0, 0x0, 0x0, 0x5,
    0xba, 0x50, 0x0, 0x0, 0x3, 0x6a, 0xa8, 0x41,
    0x0, 0x0, 0x37, 0xa8, 0x40, 0x0, 0x0, 0x0,
    0x0, 0x0, 0x0, 0x0, 0x0, 0x0, 0x0, 0x0,
    0x0, 0x0, 0x0, 0x0, 0x0, 0x0,

    /* U+505C "停" */
    0x0, 0x0, 0x0, 0x0, 0x2, 0x56, 0x30, 0x0,
    0x0, 0x2, 0x57, 0x51, 0x0, 0x0, 0x0, 0x0,
    0x0, 0x0, 0x0, 0x0, 0x4, 0xac, 0xa8, 0x8a,
    0xaa, 0xaa, 0xad, 0xff, 0xeb, 0xaa, 0xaa, 0xa8,
    0x51, 0x0, 0x0, 0x0, 0x3a, 0xfe, 0x61, 0x0,
    0x36, 0x88, 0x88, 0x88, 0x88, 0x88, 0x88, 0x52,
    0x0, 0x0, 0x0, 0x2, 0x6f, 0xff, 0x80, 0x0,
    0x17, 0xba, 0x51, 0x11, 0x11, 0x11, 0x16, 0xba,
    0x50, 0x0, 0x0, 0x16, 0xbc, 0xcd, 0xb6, 0x0,
    0x0, 0x36, 0x88, 0x88, 0x88, 0x88, 0x88, 0x88,
    0x52, 0x0, 0x0, 0x0, 0x11, 0x14, 0xaa, 0x60,
    0x48, 0xba, 0x99, 0x99, 0x99, 0x99, 0x99, 0x99,
    0x9a, 0xb9, 0x62, 0x0, 0x0, 0x0, 0x4a, 0xa6,
    0x4, 0x99, 0x63, 0x44, 0x44, 0x44, 0x44, 0x44,
    0x43, 0x48, 0x97, 0x20, 0x0, 0x0, 0x4, 0xaa,
    0x60, 0x0, 0x2, 0x45, 0x55, 0x6b, 0xff, 0xb5,
    0x55, 0x53, 0x10, 0x0, 0x0, 0x0, 0x0, 0x4a,
    0xa6, 0x0, 0x0, 0x0, 0x0, 0x1, 0x6b, 0xb5,
    0x0, 0x0, 0x0, 0x0, 0x0, 0x0, 0x0, 0x4,
    0xaa, 0x60, 0x0, 0x0, 0x15, 0x8a, 0xac, 0xc8,
    0x40, 0x0, 0x0, 0x0, 0x0, 0x0, 0x0, 0x0,
    0x0, 0x0, 0x0, 0x0, 0x0, 0x0, 0x0, 0x0,
    0x0, 0x0, 0x0, 0x0, 0x0, 0x0,

    /* U+51B2 "冲" */
    0x0, 0x0, 0x35, 0x64, 0x10, 0x0, 0x0, 0x0,
    0x0, 0x0, 0x5a, 0xc6, 0x10, 0x0, 0x0, 0x0,
    0x0, 0x0, 0x0, 0x25, 0x9c, 0xa6, 0x24, 0x8c,
    0xcc, 0xcc, 0xcf, 0xff, 0xfd, 0xcc, 0xcc, 0xa6,
    0x20, 0x0, 0x0, 0x0, 0x0, 0x0, 0x1, 0x6b,
    0xa5, 0x0, 0x0, 0x5a, 0xc6, 0x10, 0x3, 0x9c,
    0x83, 0x0, 0x0, 0x0, 0x0, 0x0, 0x0, 0x16,
    0xba, 0x50, 0x0, 0x5, 0xac, 0x61, 0x0, 0x39,
    0xc8, 0x30, 0x0, 0x0, 0x0, 0x3, 0x8b, 0x84,
    0x7f, 0xfe, 0x99, 0x99, 0xef, 0xff, 0xa9, 0x9d,
    0xff, 0x93, 0x0, 0x0, 0x0, 0x15, 0xac, 0x72,
    0x5, 0xaa, 0x62, 0x22, 0x27, 0xde, 0x93, 0x22,
    0x58, 0xa6, 0x20, 0x0, 0x0, 0x38, 0xca, 0x51,
    0x0, 0x0, 0x0, 0x0, 0x0, 0x5a, 0xc6, 0x10,
    0x0, 0x0, 0x0, 0x0, 0x0, 0x26, 0x96, 0x20,
    0x0, 0x0, 0x0, 0x0, 0x0, 0x5, 0xac, 0x61,
    0x0, 0x0, 0x0, 0x0, 0x0, 0x0, 0x0, 0x0,
    0x0, 0x0, 0x0, 0x0, 0x0, 0x0, 0x5a, 0xc6,
    0x10, 0x0, 0x0, 0x0, 0x0,

    /* U+51C6 "准" */
    0x0, 0x0, 0x0, 0x0, 0x0, 0x0, 0x13, 0x31,
    0x1, 0x32, 0x10, 0x0, 0x0, 0x0, 0x0, 0x4,
    0x8b, 0x72, 0x0, 0x0, 0x4, 0x9b, 0x72, 0x2,
    0x7b, 0xa5, 0x10, 0x0, 0x0, 0x0, 0x0, 0x26,
    0xbc, 0x72, 0x1, 0x7f, 0xff, 0xba, 0xaa, 0xdf,
    0xfd, 0xaa, 0xaa, 0x85, 0x10, 0x0, 0x0, 0x24,
    0x54, 0x5a, 0xff, 0xd5, 0x0, 0x1, 0x6b, 0xa5,
    0x0, 0x0, 0x0, 0x0, 0x0, 0x0, 0x0, 0x59,
    0xb8, 0x8d, 0xfe, 0xaa, 0xab, 0xff, 0xff, 0xaa,
    0xa9, 0x62, 0x0, 0x0, 0x0, 0x2, 0x33, 0x10,
    0x5a, 0xa5, 0x0, 0x1, 0x6b, 0xa5, 0x0, 0x0,
    0x0, 0x0, 0x0, 0x1, 0x5a, 0xc7, 0x20, 0x5c,
    0xfe, 0xba, 0xab, 0xff, 0xff, 0xaa, 0xaa, 0x62,
    0x0, 0x0, 0x27, 0xcb, 0x61, 0x0, 0x5a, 0xa5,
    0x0, 0x1, 0x6b, 0xa5, 0x0, 0x0, 0x0, 0x0,
    0x4, 0x9d, 0xa5, 0x0, 0x0, 0x5c, 0xfd, 0x99,
    0x9a, 0xef, 0xfd, 0x99, 0x99, 0x96, 0x30, 0x1,
    0x33, 0x10, 0x0, 0x0, 0x5b, 0xb6, 0x11, 0x11,
    0x11, 0x11, 0x11, 0x11, 0x11, 0x0,

    /* U+51FB "击" */
    0x0, 0x0, 0x0, 0x0, 0x0, 0x0, 0x0, 0x17,
    0xca, 0x50, 0x0, 0x0, 0x0, 0x0, 0x0, 0x0,
    0x0, 0x0, 0x0, 0x48, 0xcc, 0xcc, 0xcc, 0xcd,
    0xff, 0xff, 0xcc, 0xcc, 0xcc, 0xcb, 0x73, 0x0,
    0x0, 0x0, 0x0, 0x0, 0x0, 0x0, 0x0, 0x0,
    0x17, 0xca, 0x50, 0x0, 0x0, 0x0, 0x0, 0x0,
    0x0, 0x0, 0x1, 0x59, 0xcc, 0xcc, 0xcc, 0xcc,
    0xcd, 0xff, 0xff, 0xcc, 0xcc, 0xcc, 0xcc, 0xcb,
    0x73, 0x0, 0x0, 0x0, 0x0, 0x0, 0x0, 0x0,
    0x0, 0x17, 0xca, 0x50, 0x0, 0x0, 0x0, 0x0,
    0x0, 0x0, 0x0, 0x0, 0x0, 0x16, 0xbb, 0x60,
    0x0, 0x1, 0x7c, 0xa5, 0x0, 0x0, 0x2, 0x8c,
    0x94, 0x0, 0x0, 0x0, 0x0, 0x1, 0x6b, 0xb6,
    0x0, 0x0, 0x17, 0xca, 0x50, 0x0, 0x0, 0x28,
    0xc9, 0x40, 0x0, 0x0, 0x0, 0x0, 0x16, 0xbd,
    0xb8, 0x88, 0x89, 0xff, 0xfd, 0x88, 0x88, 0x8a,
    0xff, 0xc4, 0x0, 0x0, 0x0, 0x0, 0x0, 0x12,
    0x33, 0x33, 0x33, 0x33, 0x33, 0x33, 0x33, 0x33,
    0x6b, 0xea, 0x40, 0x0, 0x0,

    /* U+529B "力" */
    0x0, 0x0, 0x0, 0x0, 0x0, 0x3, 0x9c, 0x83,
    0x0, 0x0, 0x0, 0x0, 0x0, 0x0, 0x0, 0x0,
    0x0, 0x0, 0x0, 0x0, 0x3, 0x9c, 0x83, 0x0,
    0x0, 0x0, 0x0, 0x0, 0x0, 0x0, 0x2, 0x6a,
    0xcc, 0xcc, 0xcc, 0xcf, 0xff, 0xfe, 0xcc, 0xcc,
    0xcc, 0xcd, 0xff, 0xe5, 0x0, 0x0, 0x0, 0x0,
    0x0, 0x0, 0x6, 0xbb, 0x61, 0x0, 0x0, 0x0,
    0x1, 0x7c, 0xa5, 0x0, 0x0, 0x0, 0x0, 0x0,
    0x0, 0x39, 0xd9, 0x40, 0x0, 0x0, 0x0, 0x2,
    0x7c, 0xa4, 0x0, 0x0, 0x0, 0x0, 0x0, 0x4,
    0xad, 0x93, 0x0, 0x0, 0x0, 0x0, 0x3, 0x8c,
    0x93, 0x0, 0x0, 0x0, 0x0, 0x3, 0x8c, 0xc7,
    0x20, 0x0, 0x0, 0x0, 0x0, 0x5, 0xac, 0x71,
    0x0, 0x0, 0x0, 0x26, 0xbd, 0xb6, 0x20, 0x0,
    0x0, 0x0, 0x0, 0x0, 0x38, 0xda, 0x40, 0x0,
    0x2, 0x7b, 0xc9, 0x52, 0x0, 0x0, 0x0, 0x0,
    0x48, 0xbb, 0xbc, 0xdc, 0x83, 0x0, 0x0, 0x0,
    0x0, 0x0, 0x0, 0x0, 0x0, 0x0, 0x0, 0x0,
    0x0, 0x0, 0x0, 0x0, 0x0, 0x0,

    /* U+5355 "单" */
    0x0, 0x0, 0x0, 0x0, 0x1, 0x22, 0x10, 0x0,
    0x0, 0x0, 0x0, 0x2, 0x33, 0x10, 0x0, 0x0,
    0x0, 0x0, 0x0, 0x0, 0x0, 0x27, 0xba, 0x51,
    0x0, 0x0, 0x0, 0x38, 0xcc, 0x72, 0x0, 0x0,
    0x0, 0x0, 0x0, 0x0, 0x47, 0xaa, 0xac, 0xed,
    0xcc, 0xed, 0xbb, 0xef, 0xff, 0xba, 0xaa, 0x63,
    0x0, 0x0, 0x0, 0x0, 0x6, 0xba, 0x50, 0x0,
    0x1, 0x7c, 0xa5, 0x0, 0x0, 0x0, 0x27, 0xca,
    0x40, 0x0, 0x0, 0x0, 0x0, 0x6b, 0xdb, 0x99,
    0x99, 0xbf, 0xff, 0xe9, 0x99, 0x99, 0x9a, 0xce,
    0xa4, 0x0, 0x0, 0x0, 0x0, 0x6, 0xbc, 0x84,
    0x44, 0x46, 0xbf, 0xfa, 0x44, 0x44, 0x44, 0x6a,
    0xda, 0x40, 0x0, 0x0, 0x0, 0x0, 0x23, 0x55,
    0x55, 0x55, 0x7c, 0xff, 0xa5, 0x55, 0x55, 0x55,
    0x55, 0x31, 0x0, 0x0, 0x1, 0x59, 0xbb, 0xbb,
    0xbb, 0xbb, 0xbc, 0xff, 0xff, 0xbb, 0xbb, 0xbb,
    0xbb, 0xbb, 0x85, 0x10, 0x0, 0x0, 0x0, 0x0,
    0x0, 0x0, 0x0, 0x17, 0xca, 0x50, 0x0, 0x0,
    0x0, 0x0, 0x0, 0x0, 0x0, 0x0, 0x0, 0x0,
    0x0, 0x0, 0x0, 0x1, 0x7c, 0xa5, 0x0, 0x0,
    0x0, 0x0, 0x0, 0x0, 0x0,

    /* U+538B "压" */
    0x0, 0x0, 0x3, 0xaf, 0xfe, 0xbb, 0xbb, 0xbb,
    0xbb, 0xbb, 0xbb, 0xbb, 0xbb, 0xbb, 0xbb, 0x95,
    0x10, 0x0, 0x0, 0x38, 0xb8, 0x20, 0x0, 0x0,
    0x0, 0x15, 0xa9, 0x40, 0x0, 0x0, 0x0, 0x0,
    0x0, 0x0, 0x0, 0x3, 0x8b, 0x82, 0x0, 0x0,
    0x0, 0x1, 0x6c, 0xa5, 0x0, 0x0, 0x0, 0x0,
    0x0, 0x0, 0x0, 0x0, 0x38, 0xb8, 0x45, 0x9b,
    0xbb, 0xbb, 0xcf, 0xff, 0xfb, 0xbb, 0xbb, 0xbb,
    0x73, 0x0, 0x0, 0x0, 0x3, 0x8b, 0x72, 0x0,
    0x0, 0x0, 0x1, 0x6c, 0xa5, 0x0, 0x11, 0x0,
    0x0, 0x0, 0x0, 0x0, 0x0, 0x49, 0xb6, 0x10,
    0x0, 0x0, 0x0, 0x16, 0xca, 0x50, 0x37, 0xba,
    0x62, 0x0, 0x0, 0x0, 0x0, 0x16, 0xba, 0x40,
    0x0, 0x0, 0x0, 0x1, 0x6c, 0xa5, 0x0, 0x1,
    0x47, 0x62, 0x0, 0x0, 0x0, 0x15, 0xaa, 0x74,
    0x57, 0x77, 0x77, 0x77, 0x8d, 0xff, 0xc7, 0x77,
    0x77, 0x77, 0x75, 0x31, 0x0, 0x1, 0x56, 0x41,
    0x23, 0x44, 0x44, 0x44, 0x44, 0x44, 0x44, 0x44,
    0x44, 0x44, 0x44, 0x32, 0x0,

    /* U+539F "原" */
    0x0, 0x16, 0xef, 0xfb, 0xbb, 0xbb, 0xbb, 0xbc,
    0xcc, 0xbb, 0xbb, 0xbb, 0xbb, 0xb8, 0x41, 0x0,
    0x16, 0xba, 0x50, 0x12, 0x33, 0x34, 0x9e, 0xe9,
    0x43, 0x33, 0x33, 0x32, 0x10, 0x0, 0x0, 0x16,
    0xba, 0x51, 0x6b, 0xc9, 0x67, 0x88, 0x86, 0x66,
    0x66, 0x69, 0xcc, 0x71, 0x0, 0x0, 0x16, 0xba,
    0x51, 0x6b, 0xdb, 0x99, 0x99, 0x99, 0x99, 0x99,
    0x9b, 0xdc, 0x71, 0x0, 0x0, 0x16, 0xba, 0x51,
    0x6b, 0xa5, 0x11, 0x11, 0x11, 0x11, 0x11, 0x16,
    0xbc, 0x71, 0x0, 0x0, 0x27, 0xb9, 0x30, 0x36,
    0x88, 0x88, 0x9e, 0xff, 0xd8, 0x88, 0x88, 0x86,
    0x30, 0x0, 0x0, 0x5a, 0xb6, 0x10, 0x15, 0x99,
    0x51, 0x16, 0xba, 0x50, 0x15, 0x89, 0x51, 0x0,
    0x0, 0x4, 0x9c, 0x83, 0x26, 0xbb, 0x73, 0x0,
    0x16, 0xba, 0x50, 0x0, 0x15, 0xab, 0x72, 0x0,
    0x25, 0x75, 0x11, 0x45, 0x41, 0x3, 0x6a, 0xac,
    0xc8, 0x30, 0x0, 0x0, 0x3, 0x54, 0x20, 0x0,
    0x0, 0x0, 0x0, 0x0, 0x0, 0x0, 0x0, 0x0,
    0x0, 0x0, 0x0, 0x0, 0x0, 0x0,

    /* U+53CD "反" */
    0x0, 0x0, 0x0, 0x0, 0x0, 0x0, 0x0, 0x0,
    0x0, 0x0, 0x12, 0x34, 0x21, 0x0, 0x0, 0x0,
    0x0, 0x5b, 0xfe, 0xba, 0xab, 0xbb, 0xbb, 0xbb,
    0xba, 0xa9, 0x86, 0x52, 0x10, 0x0, 0x0, 0x0,
    0x5b, 0xc7, 0x10, 0x0, 0x0, 0x0, 0x0, 0x0,
    0x0, 0x0, 0x0, 0x0, 0x0, 0x0, 0x0, 0x5b,
    0xc8, 0x32, 0x22, 0x22, 0x22, 0x22, 0x22, 0x22,
    0x22, 0x10, 0x0, 0x0, 0x0, 0x0, 0x5c, 0xfe,
    0xce, 0xff, 0xc9, 0x99, 0x99, 0x99, 0x9b, 0xff,
    0xd5, 0x0, 0x0, 0x0, 0x0, 0x5a, 0xb6, 0x12,
    0x7c, 0xa5, 0x0, 0x0, 0x0, 0x38, 0xca, 0x40,
    0x0, 0x0, 0x0, 0x1, 0x6b, 0xa5, 0x0, 0x4,
    0x9c, 0xa4, 0x10, 0x38, 0xcb, 0x62, 0x0, 0x0,
    0x0, 0x0, 0x4, 0x9c, 0x82, 0x0, 0x0, 0x3,
    0x9f, 0xff, 0xfb, 0x51, 0x0, 0x0, 0x0, 0x0,
    0x0, 0x39, 0xc9, 0x30, 0x1, 0x35, 0x8b, 0xcc,
    0xcb, 0xcd, 0xc9, 0x64, 0x21, 0x0, 0x0, 0x3,
    0x8a, 0x72, 0x48, 0xbb, 0x97, 0x52, 0x0, 0x0,
    0x0, 0x24, 0x68, 0xac, 0xa5, 0x10, 0x0, 0x0,
    0x0, 0x0, 0x0, 0x0, 0x0, 0x0, 0x0, 0x0,
    0x0, 0x0, 0x0, 0x0, 0x0,

    /* U+53EF "可" */
    0x26, 0xac, 0xcc, 0xcc, 0xcc, 0xcc, 0xcc, 0xcc,
    0xcc, 0xcc, 0xce, 0xff, 0xfd, 0xc8, 0x40, 0x0,
    0x0, 0x0, 0x0, 0x0, 0x0, 0x0, 0x0, 0x0,
    0x0, 0x5, 0xac, 0x72, 0x0, 0x0, 0x0, 0x0,
    0x3a, 0xff, 0xcb, 0xbb, 0xbb, 0xbb, 0x85, 0x10,
    0x5, 0xac, 0x72, 0x0, 0x0, 0x0, 0x0, 0x5a,
    0xc7, 0x20, 0x0, 0x0, 0x4a, 0xc7, 0x20, 0x5,
    0xac, 0x72, 0x0, 0x0, 0x0, 0x0, 0x5a, 0xb6,
    0x10, 0x0, 0x0, 0x4a, 0xc7, 0x20, 0x5, 0xac,
    0x72, 0x0, 0x0, 0x0, 0x0, 0x5d, 0xff, 0xca,
    0xaa, 0xaa, 0xce, 0xc7, 0x20, 0x5, 0xac, 0x72,
    0x0, 0x0, 0x0, 0x0, 0x48, 0xa6, 0x20, 0x0,
    0x0, 0x0, 0x0, 0x0, 0x5, 0xac, 0x72, 0x0,
    0x0, 0x0, 0x0, 0x0, 0x0, 0x0, 0x0, 0x0,
    0x0, 0x0, 0x0, 0x5, 0xac, 0x72, 0x0, 0x0,
    0x0, 0x0, 0x0, 0x0, 0x0, 0x0, 0x0, 0x0,
    0x48, 0xcc, 0xcd, 0xc9, 0x40, 0x0, 0x0, 0x0,
    0x0, 0x0, 0x0, 0x0, 0x0, 0x0, 0x0, 0x0,
    0x0, 0x0, 0x0, 0x0, 0x0, 0x0,

    /* U+53F7 "号" */
    0x0, 0x0, 0x6b, 0xec, 0xaa, 0xaa, 0xaa, 0xaa,
    0xaa, 0xaa, 0xbd, 0xe9, 0x40, 0x0, 0x0, 0x0,
    0x0, 0x6b, 0xb6, 0x11, 0x11, 0x11, 0x11, 0x11,
    0x11, 0x38, 0xc9, 0x40, 0x0, 0x0, 0x0, 0x0,
    0x36, 0x88, 0x88, 0x88, 0x88, 0x88, 0x88, 0x88,
    0x88, 0x85, 0x20, 0x0, 0x0, 0x25, 0x9a, 0xaa,
    0xac, 0xdc, 0xba, 0xaa, 0xaa, 0xaa, 0xaa, 0xaa,
    0xaa, 0xaa, 0x74, 0x10, 0x0, 0x11, 0x11, 0x6b,
    0xe9, 0x41, 0x11, 0x11, 0x11, 0x11, 0x11, 0x11,
    0x11, 0x0, 0x0, 0x0, 0x0, 0x5, 0xff, 0xfd,
    0xbb, 0xbb, 0xbb, 0xbb, 0xbb, 0xdd, 0xc6, 0x20,
    0x0, 0x0, 0x0, 0x0, 0x0, 0x0, 0x0, 0x0,
    0x0, 0x0, 0x0, 0x0, 0x5b, 0xc7, 0x10, 0x0,
    0x0, 0x0, 0x0, 0x0, 0x0, 0x0, 0x0, 0x0,
    0x0, 0x0, 0x4, 0x9c, 0x93, 0x0, 0x0, 0x0,
    0x0, 0x0, 0x0, 0x0, 0x0, 0x0, 0x37, 0xab,
    0xaa, 0xbc, 0xb7, 0x30, 0x0, 0x0, 0x0, 0x0,
    0x0, 0x0, 0x0, 0x0, 0x0, 0x0, 0x0, 0x0,
    0x0, 0x0, 0x0, 0x0, 0x0, 0x0,

    /* U+5411 "向" */
    0x0, 0x0, 0x0, 0x0, 0x0, 0x0, 0x24, 0x63,
    0x10, 0x0, 0x0, 0x0, 0x0, 0x0, 0x0, 0x0,
    0x0, 0x0, 0x0, 0x0, 0x4, 0x9d, 0xa4, 0x0,
    0x0, 0x0, 0x0, 0x0, 0x0, 0x0, 0x0, 0x37,
    0xbb, 0xbb, 0xbb, 0xef, 0xff, 0xeb, 0xbb, 0xbb,
    0xbb, 0xbb, 0xff, 0xc4, 0x0, 0x0, 0x5a, 0xc6,
    0x10, 0x0, 0x0, 0x0, 0x0, 0x0, 0x0, 0x0,
    0x0, 0x5a, 0xc6, 0x10, 0x0, 0x5a, 0xc6, 0x10,
    0x29, 0xee, 0xba, 0xaa, 0xaa, 0xaa, 0x63, 0x0,
    0x5a, 0xc6, 0x10, 0x0, 0x5a, 0xc6, 0x10, 0x49,
    0xb6, 0x10, 0x0, 0x0, 0x6b, 0xa4, 0x0, 0x5a,
    0xc6, 0x10, 0x0, 0x5a, 0xc6, 0x10, 0x49, 0xb6,
    0x10, 0x0, 0x0, 0x6b, 0xa4, 0x0, 0x5a, 0xc6,
    0x10, 0x0, 0x5a, 0xc6, 0x10, 0x4d, 0xff, 0xcb,
    0xbb, 0xbb, 0xba, 0x73, 0x0, 0x5a, 0xc6, 0x10,
    0x0, 0x5a, 0xc6, 0x10, 0x14, 0x42, 0x0, 0x0,
    0x0, 0x0, 0x0, 0x0, 0x5a, 0xb6, 0x10, 0x0,
    0x5a, 0xc6, 0x10, 0x0, 0x0, 0x0, 0x0, 0x0,
    0x14, 0x8b, 0xbb, 0xcc, 0x83, 0x0,

    /* U+5668 "器" */
    0x0, 0x2, 0x8c, 0xdb, 0xaa, 0xbc, 0xd9, 0x40,
    0x49, 0xdc, 0xba, 0xab, 0xce, 0xa4, 0x0, 0x0,
    0x0, 0x0, 0x28, 0xa8, 0x20, 0x2, 0x7b, 0x94,
    0x4, 0x9b, 0x71, 0x0, 0x17, 0xba, 0x40, 0x0,
    0x0, 0x0, 0x2, 0x69, 0xba, 0xaa, 0xab, 0xb9,
    0x52, 0x37, 0xbc, 0xbb, 0xaa, 0xbb, 0x73, 0x0,
    0x0, 0x0, 0x0, 0x0, 0x0, 0x0, 0x0, 0x38,
    0xb9, 0x40, 0x1, 0x37, 0xaa, 0x83, 0x0, 0x0,
    0x0, 0x0, 0x2, 0x6a, 0xaa, 0xab, 0xdf, 0xff,
    0xfe, 0xba, 0xbd, 0xff, 0xfe, 0xcb, 0xba, 0xaa,
    0x74, 0x0, 0x0, 0x0, 0x14, 0x7a, 0xcc, 0x95,
    0x21, 0x0, 0x0, 0x1, 0x37, 0xbc, 0xca, 0x74,
    0x20, 0x0, 0x0, 0x3, 0x7c, 0xff, 0xfc, 0x99,
    0xac, 0xd9, 0x40, 0x49, 0xdc, 0xa9, 0x9b, 0xff,
    0xfe, 0x74, 0x0, 0x0, 0x0, 0x28, 0xb8, 0x30,
    0x2, 0x7b, 0x94, 0x4, 0x9b, 0x72, 0x0, 0x17,
    0xba, 0x40, 0x0, 0x0, 0x0, 0x2, 0x9f, 0xfd,
    0xaa, 0xdf, 0xfc, 0x40, 0x4b, 0xff, 0xca, 0xac,
    0xff, 0xd4, 0x0, 0x0, 0x0, 0x0, 0x0, 0x0,
    0x0, 0x0, 0x0, 0x0, 0x0, 0x0, 0x0, 0x0,
    0x0, 0x0, 0x0, 0x0, 0x0,

    /* U+57FA "基" */
    0x0, 0x1, 0x22, 0x49, 0xec, 0x72, 0x22, 0x22,
    0x22, 0x22, 0x7c, 0xe8, 0x32, 0x21, 0x0, 0x0,
    0x0, 0x1, 0x46, 0x68, 0xdf, 0xfb, 0x66, 0x66,
    0x66, 0x66, 0x6b, 0xff, 0xd7, 0x66, 0x31, 0x0,
    0x0, 0x0, 0x0, 0x0, 0x17, 0xef, 0xe9, 0x99,
    0x99, 0x99, 0x99, 0xdf, 0xe6, 0x10, 0x0, 0x0,
    0x0, 0x0, 0x0, 0x0, 0x1, 0x7e, 0xfd, 0x88,
    0x88, 0x88, 0x88, 0x8d, 0xfe, 0x61, 0x0, 0x0,
    0x0, 0x0, 0x14, 0x79, 0x99, 0xaf, 0xff, 0xfb,
    0x99, 0x99, 0x99, 0x9a, 0xff, 0xff, 0xa9, 0x99,
    0x63, 0x0, 0x0, 0x0, 0x1, 0x36, 0xac, 0x94,
    0x10, 0x14, 0x87, 0x40, 0x13, 0x8b, 0xb7, 0x31,
    0x0, 0x0, 0x0, 0x2, 0x6a, 0xcb, 0x85, 0x68,
    0xaa, 0xab, 0xff, 0xff, 0xaa, 0xaa, 0x87, 0x8a,
    0xca, 0x63, 0x0, 0x0, 0x1, 0x21, 0x0, 0x0,
    0x0, 0x0, 0x16, 0xcb, 0x50, 0x0, 0x0, 0x0,
    0x0, 0x0, 0x0, 0x0, 0x0, 0x1, 0x7c, 0xff,
    0xff, 0xff, 0xff, 0xff, 0xff, 0xff, 0xff, 0xff,
    0xff, 0xd7, 0x20, 0x0, 0x0,

    /* U+589E "增" */
    0x0, 0x0, 0x0, 0x0, 0x0, 0x0, 0x0, 0x0,
    0x0, 0x0, 0x0, 0x0, 0x0, 0x0, 0x0, 0x0,
    0x0, 0x0, 0x0, 0x4, 0x9b, 0x61, 0x0, 0x0,
    0x37, 0xb9, 0x41, 0x0, 0x27, 0xa9, 0x40, 0x0,
    0x0, 0x0, 0x0, 0x0, 0x49, 0xb6, 0x10, 0x49,
    0xca, 0x99, 0x98, 0xcf, 0xfd, 0xba, 0xac, 0xb6,
    0x10, 0x0, 0x0, 0x37, 0xbf, 0xff, 0xfc, 0x89,
    0xa9, 0x65, 0x88, 0x35, 0x99, 0x66, 0x78, 0x9a,
    0x71, 0x0, 0x0, 0x0, 0x0, 0x49, 0xb6, 0x10,
    0x49, 0xa7, 0x25, 0x66, 0x9c, 0xd9, 0x54, 0x59,
    0xa7, 0x10, 0x0, 0x0, 0x0, 0x4, 0x9b, 0x61,
    0x1, 0x35, 0x66, 0x66, 0x66, 0x66, 0x66, 0x66,
    0x64, 0x20, 0x0, 0x0, 0x0, 0x0, 0x49, 0xb7,
    0x32, 0x10, 0x16, 0x9b, 0x99, 0x99, 0x99, 0x9b,
    0xda, 0x50, 0x0, 0x0, 0x0, 0x36, 0x9c, 0xff,
    0xd9, 0x63, 0x11, 0x8b, 0xc7, 0x77, 0x77, 0x78,
    0xdf, 0xc5, 0x0, 0x0, 0x0, 0x1, 0x11, 0x0,
    0x0, 0x0, 0x0, 0x19, 0xbd, 0x88, 0x88, 0x88,
    0x9e, 0xfc, 0x50, 0x0, 0x0, 0x0, 0x0, 0x0,
    0x0, 0x0, 0x0, 0x1, 0x77, 0x61, 0x11, 0x11,
    0x12, 0x7c, 0xa5, 0x0, 0x0,

    /* U+592F "夯" */
    0x0, 0x0, 0x0, 0x0, 0x0, 0x0, 0x24, 0x42,
    0x0, 0x0, 0x0, 0x0, 0x0, 0x0, 0x0, 0x0,
    0x0, 0x0, 0x0, 0x0, 0x0, 0x0, 0x49, 0xc8,
    0x30, 0x0, 0x0, 0x0, 0x0, 0x0, 0x0, 0x0,
    0x0, 0x2, 0x59, 0xbb, 0xbb, 0xbd, 0xff, 0xff,
    0xdb, 0xcf, 0xff, 0xeb, 0xbb, 0xbb, 0xbb, 0x73,
    0x0, 0x0, 0x0, 0x0, 0x0, 0x26, 0xbb, 0x73,
    0x11, 0x0, 0x14, 0x9b, 0x94, 0x10, 0x0, 0x0,
    0x0, 0x0, 0x0, 0x1, 0x37, 0xbb, 0x94, 0x11,
    0x6b, 0xb5, 0x0, 0x0, 0x25, 0xac, 0xb8, 0x52,
    0x10, 0x0, 0x0, 0x38, 0xaa, 0xab, 0xbb, 0xbb,
    0xef, 0xff, 0xeb, 0xbb, 0xbc, 0xed, 0x85, 0x58,
    0x97, 0x30, 0x0, 0x0, 0x0, 0x0, 0x0, 0x0,
    0x27, 0xca, 0x50, 0x0, 0x0, 0x38, 0xc9, 0x30,
    0x0, 0x0, 0x0, 0x0, 0x0, 0x0, 0x0, 0x0,
    0x38, 0xca, 0x50, 0x0, 0x0, 0x3, 0x9c, 0x82,
    0x0, 0x0, 0x0, 0x0, 0x0, 0x0, 0x0, 0x25,
    0xac, 0xb6, 0x20, 0x0, 0x0, 0x0, 0x5b, 0xb6,
    0x10, 0x0, 0x0, 0x0, 0x0, 0x0, 0x48, 0xcc,
    0x96, 0x20, 0x0, 0x2, 0x59, 0xaa, 0xcc, 0xb6,
    0x20, 0x0, 0x0, 0x0, 0x0, 0x0, 0x0, 0x0,
    0x0, 0x0, 0x0, 0x0, 0x0, 0x0, 0x0, 0x0,
    0x0, 0x0, 0x0, 0x0, 0x0, 0x0,

    /* U+59CB "始" */
    0x0, 0x0, 0x25, 0x63, 0x0, 0x0, 0x0, 0x0,
    0x2, 0x57, 0x52, 0x0, 0x0, 0x0, 0x0, 0x0,
    0x0, 0x0, 0x5, 0xaa, 0x50, 0x0, 0x0, 0x0,
    0x4, 0x9c, 0x94, 0x0, 0x0, 0x0, 0x0, 0x0,
    0x0, 0x25, 0x8c, 0xff, 0xfb, 0xab, 0x95, 0x10,
    0x27, 0xba, 0x51, 0x1, 0x5a, 0xb6, 0x10, 0x0,
    0x0, 0x0, 0x12, 0x8c, 0xc6, 0x25, 0xab, 0x74,
    0x7b, 0xa6, 0x10, 0x0, 0x0, 0x28, 0xba, 0x40,
    0x0, 0x0, 0x0, 0x39, 0xa7, 0x10, 0x5a, 0xa8,
    0x8d, 0xed, 0xbb, 0xbb, 0xbb, 0xbb, 0xbf, 0xff,
    0x72, 0x0, 0x0, 0x28, 0xb9, 0x30, 0x27, 0xb8,
    0x30, 0x11, 0x0, 0x0, 0x0, 0x0, 0x0, 0x12,
    0x32, 0x0, 0x0, 0x3, 0x9e, 0xea, 0x8a, 0xb9,
    0x40, 0x6, 0xbd, 0xba, 0xaa, 0xaa, 0xaa, 0xce,
    0xb6, 0x0, 0x0, 0x0, 0x0, 0x1, 0x7f, 0xff,
    0xc4, 0x10, 0x6b, 0xa5, 0x0, 0x0, 0x0, 0x5,
    0xab, 0x60, 0x0, 0x0, 0x0, 0x14, 0x9c, 0xa5,
    0x47, 0xa7, 0x46, 0xbb, 0x61, 0x11, 0x11, 0x11,
    0x7b, 0xc6, 0x0, 0x0, 0x1, 0x59, 0xb7, 0x30,
    0x0, 0x0, 0x0, 0x6d, 0xfd, 0x99, 0x99, 0x99,
    0x9e, 0xfe, 0x60, 0x0, 0x0, 0x0, 0x0, 0x0,
    0x0, 0x0, 0x0, 0x0, 0x0, 0x0, 0x0, 0x0,
    0x0, 0x0, 0x0, 0x0, 0x0, 0x0,

    /* U+5B54 "孔" */
    0x0, 0x0, 0x0, 0x0, 0x0, 0x0, 0x0, 0x0,
    0x0, 0x0, 0x0, 0x0, 0x0, 0x0, 0x0, 0x0,
    0x0, 0x0, 0x0, 0x3, 0x7b, 0xbb, 0xbb, 0xbb,
    0xbb, 0xef, 0xfd, 0x51, 0x5a, 0xc6, 0x10, 0x0,
    0x0, 0x0, 0x0, 0x0, 0x0, 0x0, 0x0, 0x0,
    0x0, 0x1, 0x49, 0xca, 0x52, 0x0, 0x5a, 0xc6,
    0x10, 0x0, 0x0, 0x0, 0x0, 0x0, 0x0, 0x0,
    0x0, 0x0, 0x3, 0xaf, 0xd7, 0x30, 0x0, 0x0,
    0x5a, 0xc6, 0x10, 0x0, 0x0, 0x0, 0x0, 0x0,
    0x0, 0x0, 0x0, 0x0, 0x5, 0xac, 0x61, 0x0,
    0x1, 0x0, 0x5a, 0xc6, 0x10, 0x0, 0x0, 0x0,
    0x0, 0x0, 0x0, 0x0, 0x1, 0x23, 0x5b, 0xff,
    0xfd, 0xbb, 0xb8, 0x41, 0x5a, 0xc6, 0x10, 0x0,
    0x0, 0x0, 0x0, 0x0, 0x0, 0x15, 0x9b, 0xa8,
    0x7a, 0xee, 0x81, 0x0, 0x0, 0x0, 0x5a, 0xc6,
    0x10, 0x0, 0x0, 0x0, 0x0, 0x0, 0x0, 0x0,
    0x0, 0x0, 0x5, 0xac, 0x61, 0x0, 0x0, 0x0,
    0x5a, 0xc6, 0x10, 0x0, 0x2, 0x44, 0x10, 0x0,
    0x0, 0x0, 0x0, 0x0, 0x5, 0xac, 0x61, 0x0,
    0x0, 0x0, 0x5a, 0xb6, 0x10, 0x0, 0x6, 0xba,
    0x50, 0x0, 0x0, 0x0, 0x3, 0x7b, 0xbc, 0xc9,
    0x40, 0x0, 0x0, 0x0, 0x27, 0xbc, 0xba, 0xaa,
    0xbc, 0xa5, 0x10, 0x0, 0x0, 0x0, 0x0, 0x0,
    0x0, 0x0, 0x0, 0x0, 0x0, 0x0, 0x0, 0x0,
    0x0, 0x0, 0x0, 0x0, 0x0, 0x0,

    /* U+5B57 "字" */
    0x0, 0x0, 0x0, 0x0, 0x0, 0x0, 0x2, 0x57,
    0x52, 0x0, 0x0, 0x0, 0x0, 0x0, 0x0, 0x0,
    0x0, 0x2, 0x69, 0x99, 0x99, 0x99, 0x99, 0x9b,
    0xff, 0xfb, 0x99, 0x99, 0x99, 0x99, 0x85, 0x20,
    0x0, 0x0, 0x5a, 0xc8, 0x32, 0x22, 0x22, 0x22,
    0x22, 0x22, 0x22, 0x22, 0x22, 0x24, 0x8c, 0xa4,
    0x0, 0x0, 0x3, 0x78, 0x42, 0x59, 0xbb, 0xbb,
    0xbb, 0xbb, 0xbb, 0xcf, 0xfd, 0x62, 0x15, 0x87,
    0x30, 0x0, 0x0, 0x0, 0x0, 0x0, 0x0, 0x0,
    0x0, 0x0, 0x13, 0x7b, 0xca, 0x52, 0x0, 0x0,
    0x0, 0x0, 0x0, 0x0, 0x0, 0x0, 0x0, 0x0,
    0x0, 0x4, 0xcf, 0xd7, 0x20, 0x0, 0x0, 0x0,
    0x0, 0x0, 0x0, 0x0, 0x26, 0xab, 0xbb, 0xbb,
    0xbb, 0xbb, 0xff, 0xff, 0xdb, 0xbb, 0xbb, 0xbb,
    0xbb, 0x84, 0x0, 0x0, 0x0, 0x0, 0x0, 0x0,
    0x0, 0x0, 0x5, 0xac, 0x72, 0x0, 0x0, 0x0,
    0x0, 0x0, 0x0, 0x0, 0x0, 0x0, 0x0, 0x0,
    0x0, 0x0, 0x0, 0x5a, 0xc7, 0x20, 0x0, 0x0,
    0x0, 0x0, 0x0, 0x0, 0x0, 0x0, 0x0, 0x0,
    0x0, 0x47, 0xab, 0xbc, 0xc9, 0x40, 0x0, 0x0,
    0x0, 0x0, 0x0, 0x0, 0x0, 0x0, 0x0, 0x0,
    0x0, 0x0, 0x0, 0x0, 0x0, 0x0, 0x0, 0x0,
    0x0, 0x0, 0x0, 0x0, 0x0, 0x0,

    /* U+5DE5 "工" */
    0x0, 0x0, 0x2, 0x34, 0x44, 0x44, 0x44, 0x44,
    0x44, 0x44, 0x44, 0x44, 0x44, 0x44, 0x31, 0x0,
    0x0, 0x0, 0x1, 0x46, 0x88, 0x88, 0x88, 0x88,
    0xcf, 0xff, 0xa8, 0x88, 0x88, 0x88, 0x86, 0x30,
    0x0, 0x0, 0x0, 0x0, 0x0, 0x0, 0x0, 0x0,
    0x5, 0xad, 0x82, 0x0, 0x0, 0x0, 0x0, 0x0,
    0x0, 0x0, 0x0, 0x0, 0x0, 0x0, 0x0, 0x0,
    0x0, 0x5a, 0xd8, 0x20, 0x0, 0x0, 0x0, 0x0,
    0x0, 0x0, 0x0, 0x0, 0x0, 0x0, 0x0, 0x0,
    0x0, 0x5, 0xad, 0x82, 0x0, 0x0, 0x0, 0x0,
    0x0, 0x0, 0x0, 0x0, 0x0, 0x0, 0x0, 0x0,
    0x0, 0x0, 0x5a, 0xd8, 0x20, 0x0, 0x0, 0x0,
    0x0, 0x0, 0x0, 0x0, 0x0, 0x0, 0x0, 0x0,
    0x0, 0x0, 0x5, 0xad, 0x82, 0x0, 0x0, 0x0,
    0x0, 0x0, 0x0, 0x0, 0x0, 0x48, 0xbb, 0xbb,
    0xbb, 0xbb, 0xbb, 0xef, 0xff, 0xdb, 0xbb, 0xbb,
    0xbb, 0xbb, 0xb7, 0x30, 0x0, 0x0, 0x0, 0x0,
    0x0, 0x0, 0x0, 0x0, 0x0, 0x0, 0x0, 0x0,
    0x0, 0x0, 0x0, 0x0, 0x0,

    /* U+5E8F "序" */
    0x0, 0x0, 0x0, 0x0, 0x0, 0x0, 0x0, 0x0,
    0x14, 0x42, 0x0, 0x0, 0x0, 0x0, 0x0, 0x0,
    0x0, 0x0, 0x0, 0x2, 0x55, 0x54, 0x44, 0x44,
    0x46, 0xbf, 0xfa, 0x54, 0x44, 0x44, 0x44, 0x43,
    0x20, 0x0, 0x0, 0x2, 0x8e, 0xea, 0x66, 0x66,
    0x66, 0x66, 0x66, 0x66, 0x66, 0x66, 0x66, 0x66,
    0x53, 0x10, 0x0, 0x0, 0x28, 0xb9, 0x31, 0x47,
    0xaa, 0xaa, 0xaa, 0xaa, 0xaa, 0xbe, 0xff, 0xb4,
    0x0, 0x0, 0x0, 0x0, 0x2, 0x8b, 0x93, 0x0,
    0x1, 0x58, 0x86, 0x54, 0x58, 0xab, 0x95, 0x20,
    0x0, 0x0, 0x0, 0x0, 0x0, 0x28, 0xb9, 0x53,
    0x44, 0x44, 0x46, 0x8c, 0xff, 0xfd, 0x85, 0x44,
    0x45, 0x53, 0x10, 0x0, 0x0, 0x3, 0x8b, 0x96,
    0x56, 0x66, 0x66, 0x67, 0xdf, 0xfc, 0x66, 0x66,
    0x8d, 0xfe, 0x72, 0x0, 0x0, 0x0, 0x5a, 0xb6,
    0x10, 0x0, 0x0, 0x0, 0x16, 0xca, 0x50, 0x2,
    0x7a, 0x95, 0x10, 0x0, 0x0, 0x0, 0x39, 0xc8,
    0x30, 0x0, 0x0, 0x0, 0x1, 0x6c, 0xa5, 0x0,
    0x0, 0x0, 0x0, 0x0, 0x0, 0x0, 0x27, 0xa7,
    0x20, 0x0, 0x0, 0x37, 0xaa, 0xbc, 0xc8, 0x30,
    0x0, 0x0, 0x0, 0x0, 0x0, 0x0, 0x0, 0x0,
    0x0, 0x0, 0x0, 0x0, 0x0, 0x0, 0x0, 0x0,
    0x0, 0x0, 0x0, 0x0, 0x0, 0x0,

    /* U+5E94 "应" */
    0x0, 0x0, 0x0, 0x0, 0x0, 0x0, 0x0, 0x23,
    0x21, 0x0, 0x0, 0x0, 0x0, 0x0, 0x0, 0x0,
    0x0, 0x0, 0x0, 0x0, 0x0, 0x1, 0x5a, 0xc8,
    0x20, 0x0, 0x0, 0x0, 0x0, 0x0, 0x0, 0x28,
    0xff, 0xfb, 0xbb, 0xbb, 0xbb, 0xbc, 0xcc, 0xbb,
    0xbb, 0xbb, 0xbb, 0xb8, 0x41, 0x0, 0x27, 0xc9,
    0x40, 0x0, 0x0, 0x0, 0x35, 0x52, 0x0, 0x0,
    0x2, 0x57, 0x41, 0x0, 0x0, 0x27, 0xc9, 0x43,
    0x8b, 0x83, 0x0, 0x39, 0xb8, 0x20, 0x0, 0x27,
    0xca, 0x50, 0x0, 0x0, 0x27, 0xc9, 0x40, 0x28,
    0xc9, 0x30, 0x5, 0xab, 0x61, 0x2, 0x7c, 0x94,
    0x0, 0x0, 0x0, 0x38, 0xc8, 0x30, 0x3, 0x8c,
    0x93, 0x1, 0x58, 0x73, 0x39, 0xb8, 0x20, 0x0,
    0x0, 0x0, 0x5b, 0xb6, 0x10, 0x0, 0x12, 0x21,
    0x0, 0x0, 0x26, 0xaa, 0x51, 0x0, 0x0, 0x0,
    0x5, 0xac, 0x74, 0x58, 0x99, 0x99, 0x99, 0x99,
    0x9c, 0xff, 0xfb, 0x99, 0x99, 0x98, 0x52, 0x14,
    0x54, 0x10, 0x11, 0x11, 0x11, 0x11, 0x11, 0x11,
    0x11, 0x11, 0x11, 0x11, 0x11, 0x0,

    /* U+5EA6 "度" */
    0x0, 0x0, 0x0, 0x0, 0x0, 0x0, 0x0, 0x36,
    0x74, 0x0, 0x0, 0x0, 0x0, 0x0, 0x0, 0x0,
    0x5, 0xbd, 0xca, 0xaa, 0xaa, 0xaa, 0xbf, 0xff,
    0xda, 0xaa, 0xaa, 0xaa, 0xa8, 0x41, 0x0, 0x17,
    0xcb, 0x61, 0x11, 0x13, 0x66, 0x41, 0x11, 0x11,
    0x36, 0x64, 0x11, 0x11, 0x0, 0x0, 0x17, 0xba,
    0x75, 0x99, 0x9f, 0xff, 0xfa, 0x99, 0x99, 0xef,
    0xff, 0xb9, 0x96, 0x30, 0x0, 0x17, 0xba, 0x40,
    0x0, 0x5, 0xab, 0x60, 0x0, 0x0, 0x5a, 0xb6,
    0x10, 0x0, 0x0, 0x0, 0x17, 0xba, 0x40, 0x0,
    0x3, 0x7a, 0xa9, 0x99, 0x99, 0xaa, 0x84, 0x0,
    0x0, 0x0, 0x0, 0x28, 0xb9, 0x66, 0x9a, 0xaa,
    0xaa, 0xaa, 0xaa, 0xaa, 0xaa, 0xcd, 0xc6, 0x10,
    0x0, 0x0, 0x4a, 0xb6, 0x10, 0x0, 0x38, 0xba,
    0x63, 0x0, 0x13, 0x6a, 0xb9, 0x51, 0x0, 0x0,
    0x3, 0x9c, 0x83, 0x0, 0x1, 0x23, 0x58, 0xdf,
    0xff, 0xff, 0xc7, 0x42, 0x10, 0x0, 0x0, 0x15,
    0x76, 0x22, 0x59, 0xa9, 0x87, 0x65, 0x31, 0x0,
    0x12, 0x46, 0x78, 0x9a, 0xa8, 0x41,

    /* U+5F00 "开" */
    0x0, 0x5b, 0xff, 0xff, 0xff, 0xff, 0xff, 0xff,
    0xff, 0xff, 0xff, 0xff, 0xff, 0xa5, 0x0, 0x0,
    0x0, 0x0, 0x0, 0x5a, 0xc6, 0x10, 0x0, 0x0,
    0x5a, 0xc7, 0x10, 0x0, 0x0, 0x0, 0x0, 0x0,
    0x0, 0x0, 0x5a, 0xc6, 0x10, 0x0, 0x0, 0x5a,
    0xc7, 0x10, 0x0, 0x0, 0x0, 0x0, 0x0, 0x0,
    0x0, 0x5a, 0xb6, 0x10, 0x0, 0x0, 0x5a, 0xc7,
    0x10, 0x0, 0x0, 0x0, 0x14, 0x8b, 0xbb, 0xbc,
    0xff, 0xff, 0xcb, 0xbb, 0xbb, 0xff, 0xff, 0xdb,
    0xbb, 0xb7, 0x30, 0x0, 0x0, 0x0, 0x3, 0x9c,
    0x83, 0x0, 0x0, 0x0, 0x5a, 0xc7, 0x10, 0x0,
    0x0, 0x0, 0x0, 0x0, 0x0, 0x49, 0xc9, 0x40,
    0x0, 0x0, 0x0, 0x5a, 0xc7, 0x10, 0x0, 0x0,
    0x0, 0x0, 0x1, 0x49, 0xdb, 0x62, 0x0, 0x0,
    0x0, 0x0, 0x5a, 0xc7, 0x10, 0x0, 0x0, 0x0,
    0x2, 0x6b, 0xb8, 0x41, 0x0, 0x0, 0x0, 0x0,
    0x0, 0x5a, 0xc7, 0x10, 0x0, 0x0, 0x0, 0x0,
    0x0, 0x0, 0x0, 0x0, 0x0, 0x0, 0x0, 0x0,
    0x0, 0x0, 0x0, 0x0, 0x0, 0x0,

    /* U+5F0F "式" */
    0x0, 0x0, 0x0, 0x0, 0x0, 0x0, 0x0, 0x0,
    0x5a, 0xd8, 0x31, 0x47, 0x98, 0x52, 0x0, 0x0,
    0x0, 0x26, 0xab, 0xbb, 0xbb, 0xbb, 0xbb, 0xbb,
    0xbf, 0xff, 0xff, 0xbb, 0xbc, 0xcc, 0xc8, 0x40,
    0x0, 0x0, 0x0, 0x0, 0x0, 0x0, 0x0, 0x0,
    0x0, 0x39, 0xd9, 0x40, 0x0, 0x0, 0x0, 0x0,
    0x0, 0x0, 0x2, 0x35, 0x55, 0x55, 0x55, 0x55,
    0x54, 0x33, 0x7c, 0xb6, 0x0, 0x0, 0x0, 0x0,
    0x0, 0x0, 0x0, 0x25, 0x66, 0x6b, 0xff, 0xd8,
    0x66, 0x64, 0x25, 0xad, 0x82, 0x0, 0x0, 0x0,
    0x0, 0x0, 0x0, 0x0, 0x0, 0x0, 0x4a, 0xc7,
    0x20, 0x0, 0x0, 0x27, 0xdb, 0x60, 0x0, 0x0,
    0x0, 0x0, 0x0, 0x0, 0x0, 0x0, 0x4, 0xac,
    0x72, 0x0, 0x0, 0x0, 0x38, 0xda, 0x50, 0x0,
    0x14, 0x53, 0x10, 0x0, 0x1, 0x34, 0x56, 0xbf,
    0xff, 0xdc, 0xcb, 0xa6, 0x20, 0x27, 0xcc, 0x72,
    0x3, 0x9b, 0x72, 0x0, 0x2, 0x58, 0x87, 0x64,
    0x32, 0x10, 0x0, 0x0, 0x0, 0x0, 0x3, 0x6b,
    0xcd, 0xdb, 0x73, 0x0, 0x0,

    /* U+5F15 "引" */
    0x0, 0x26, 0xab, 0xbb, 0xbb, 0xbb, 0xbc, 0xed,
    0x83, 0x0, 0x0, 0x5, 0xac, 0x61, 0x0, 0x0,
    0x0, 0x0, 0x0, 0x0, 0x0, 0x5, 0xad, 0x83,
    0x0, 0x0, 0x5, 0xac, 0x61, 0x0, 0x0, 0x3,
    0x9f, 0xfd, 0xbb, 0xbb, 0xbc, 0xed, 0x83, 0x0,
    0x0, 0x5, 0xac, 0x61, 0x0, 0x0, 0x17, 0xcb,
    0x60, 0x0, 0x0, 0x0, 0x0, 0x0, 0x0, 0x0,
    0x5, 0xac, 0x61, 0x0, 0x0, 0x5d, 0xff, 0xca,
    0xaa, 0xaa, 0xac, 0xca, 0x51, 0x0, 0x0, 0x5,
    0xac, 0x61, 0x0, 0x0, 0x0, 0x0, 0x0, 0x0,
    0x0, 0x16, 0xbc, 0x61, 0x0, 0x0, 0x5, 0xac,
    0x61, 0x0, 0x0, 0x0, 0x0, 0x0, 0x0, 0x0,
    0x16, 0xca, 0x50, 0x0, 0x0, 0x5, 0xac, 0x61,
    0x0, 0x0, 0x0, 0x0, 0x0, 0x0, 0x0, 0x49,
    0xc8, 0x30, 0x0, 0x0, 0x5, 0xac, 0x61, 0x0,
    0x0, 0x0, 0x0, 0x26, 0xab, 0xbc, 0xdc, 0x83,
    0x0, 0x0, 0x0, 0x5, 0xac, 0x61, 0x0, 0x0,
    0x0, 0x0, 0x0, 0x0, 0x0, 0x0, 0x0, 0x0,
    0x0, 0x0, 0x0, 0x0, 0x0, 0x0,

    /* U+5F55 "录" */
    0x0, 0x0, 0x0, 0x0, 0x0, 0x0, 0x0, 0x0,
    0x0, 0x0, 0x0, 0x0, 0x0, 0x0, 0x0, 0x0,
    0x26, 0x9b, 0xbb, 0xbb, 0xbb, 0xbb, 0xbb, 0xbb,
    0xbb, 0xef, 0xfb, 0x40, 0x0, 0x0, 0x0, 0x0,
    0x0, 0x0, 0x0, 0x0, 0x0, 0x0, 0x0, 0x0,
    0x38, 0xda, 0x40, 0x0, 0x0, 0x0, 0x2, 0x69,
    0xaa, 0xaa, 0xaa, 0xaa, 0xaa, 0xaa, 0xaa, 0xef,
    0xf9, 0x30, 0x0, 0x0, 0x25, 0x89, 0x99, 0x99,
    0x99, 0x99, 0xac, 0xdb, 0xa9, 0x99, 0xcf, 0xff,
    0xb9, 0x84, 0x10, 0x0, 0x3, 0x67, 0x42, 0x0,
    0x0, 0x5e, 0xff, 0x60, 0x0, 0x2, 0x57, 0x63,
    0x0, 0x0, 0x0, 0x0, 0x25, 0x9b, 0xb7, 0x30,
    0x5a, 0xff, 0xea, 0x78, 0xbc, 0x95, 0x20, 0x0,
    0x0, 0x0, 0x0, 0x0, 0x14, 0x69, 0xab, 0xff,
    0xf9, 0x6a, 0xff, 0xa4, 0x10, 0x0, 0x0, 0x0,
    0x3, 0x7a, 0xcc, 0xb9, 0x64, 0x20, 0x49, 0xc7,
    0x20, 0x13, 0x7b, 0xcb, 0x86, 0x41, 0x0, 0x1,
    0x12, 0x10, 0x0, 0x36, 0x9a, 0xbc, 0xa5, 0x10,
    0x0, 0x0, 0x2, 0x46, 0x53, 0x0,

    /* U+6001 "态" */
    0x0, 0x0, 0x0, 0x0, 0x0, 0x0, 0x3, 0x8c,
    0x93, 0x0, 0x0, 0x0, 0x0, 0x0, 0x0, 0x0,
    0x0, 0x26, 0x9b, 0xbb, 0xbb, 0xbb, 0xbc, 0xff,
    0xff, 0xff, 0xbb, 0xbb, 0xbb, 0xbb, 0xb7, 0x40,
    0x0, 0x0, 0x0, 0x0, 0x0, 0x0, 0x1, 0x7b,
    0xb7, 0x7a, 0xc8, 0x30, 0x0, 0x0, 0x0, 0x0,
    0x0, 0x0, 0x0, 0x0, 0x0, 0x0, 0x37, 0xcd,
    0xa5, 0x10, 0x15, 0xac, 0xa6, 0x20, 0x0, 0x0,
    0x0, 0x0, 0x0, 0x13, 0x46, 0x9b, 0xca, 0x74,
    0x36, 0x9c, 0xb8, 0x41, 0x25, 0x9c, 0xdb, 0x97,
    0x42, 0x0, 0x0, 0x3, 0x57, 0x53, 0x11, 0x11,
    0x1, 0x58, 0x86, 0x31, 0x0, 0x0, 0x13, 0x45,
    0x43, 0x10, 0x0, 0x0, 0x1, 0x6b, 0xa6, 0x6b,
    0xa5, 0x0, 0x38, 0xbb, 0x62, 0x0, 0x4, 0xab,
    0x72, 0x0, 0x0, 0x0, 0x1, 0x6b, 0xa5, 0x26,
    0xba, 0x50, 0x0, 0x1, 0x33, 0x10, 0x58, 0x86,
    0x8c, 0x94, 0x0, 0x0, 0x1, 0x48, 0x74, 0x0,
    0x38, 0xcc, 0xba, 0xaa, 0xaa, 0xaa, 0xbc, 0xa6,
    0x12, 0x68, 0x51, 0x0, 0x0,

    /* U+611F "感" */
    0x0, 0x0, 0x0, 0x0, 0x0, 0x0, 0x0, 0x0,
    0x0, 0x0, 0x0, 0x0, 0x0, 0x0, 0x0, 0x0,
    0x4, 0xac, 0xc9, 0x99, 0x99, 0x99, 0x99, 0x9e,
    0xff, 0xfb, 0xce, 0xdc, 0xa7, 0x41, 0x0, 0x16,
    0xba, 0x62, 0x34, 0x44, 0x44, 0x44, 0x35, 0x9a,
    0x61, 0x1, 0x34, 0x31, 0x0, 0x0, 0x17, 0xb9,
    0x53, 0x55, 0x55, 0x55, 0x55, 0x43, 0x7b, 0x93,
    0x26, 0xb9, 0x40, 0x0, 0x0, 0x38, 0xb8, 0x47,
    0xbc, 0xa8, 0x89, 0xbb, 0x83, 0x27, 0xce, 0xdb,
    0x62, 0x0, 0x0, 0x1, 0x6b, 0xa5, 0x27, 0xbb,
    0x75, 0x56, 0x9b, 0x84, 0x4a, 0xff, 0xf8, 0x11,
    0x58, 0x72, 0x16, 0x98, 0x40, 0x1, 0x23, 0x33,
    0x34, 0x54, 0x57, 0x86, 0x22, 0x59, 0xbb, 0xb7,
    0x30, 0x0, 0x2, 0x44, 0x24, 0x8a, 0x62, 0x3,
    0x8b, 0x95, 0x10, 0x0, 0x15, 0x86, 0x30, 0x0,
    0x0, 0x4a, 0xb7, 0x25, 0xad, 0x72, 0x0, 0x2,
    0x57, 0x41, 0x37, 0x87, 0x8b, 0xa5, 0x10, 0x4,
    0x77, 0x40, 0x2, 0x7b, 0xca, 0x99, 0x99, 0x99,
    0x99, 0xbb, 0x73, 0x3, 0x55, 0x20,

    /* U+62E9 "择" */
    0x0, 0x0, 0x0, 0x0, 0x0, 0x0, 0x0, 0x0,
    0x0, 0x0, 0x0, 0x0, 0x0, 0x0, 0x0, 0x0,
    0x0, 0x0, 0x0, 0x5b, 0xb6, 0x0, 0x15, 0xbf,
    0xfe, 0xbb, 0xbb, 0xbb, 0xcf, 0xfc, 0x40, 0x0,
    0x0, 0x3, 0x69, 0xaf, 0xff, 0xfa, 0x85, 0x20,
    0x27, 0xaa, 0x52, 0x13, 0x7a, 0x84, 0x10, 0x0,
    0x0, 0x0, 0x0, 0x11, 0x7c, 0xd7, 0x21, 0x0,
    0x0, 0x3, 0x9f, 0xff, 0xfb, 0x41, 0x0, 0x0,
    0x0, 0x0, 0x0, 0x0, 0x5, 0xbb, 0x61, 0x25,
    0x9b, 0xbb, 0x97, 0x43, 0x34, 0x79, 0xbc, 0xca,
    0x62, 0x0, 0x0, 0x13, 0x67, 0xef, 0xff, 0xb6,
    0x42, 0x44, 0x44, 0x6b, 0xff, 0xa4, 0x44, 0x43,
    0x10, 0x0, 0x0, 0x2, 0x35, 0x47, 0xbb, 0x60,
    0x0, 0x24, 0x55, 0x56, 0xcf, 0xfa, 0x55, 0x54,
    0x31, 0x0, 0x0, 0x0, 0x0, 0x0, 0x5b, 0xb6,
    0x3, 0x6a, 0xbb, 0xbb, 0xcf, 0xff, 0xfb, 0xbb,
    0xbb, 0xa6, 0x30, 0x0, 0x0, 0x0, 0x5, 0xbb,
    0x60, 0x0, 0x0, 0x0, 0x1, 0x6c, 0xa5, 0x0,
    0x0, 0x0, 0x0, 0x0, 0x0, 0x3, 0x7a, 0xcc,
    0x94, 0x0, 0x0, 0x0, 0x0, 0x16, 0xca, 0x50,
    0x0, 0x0, 0x0, 0x0, 0x0, 0x0, 0x0, 0x0,
    0x0, 0x0, 0x0, 0x0, 0x0, 0x0, 0x0, 0x0,
    0x0, 0x0, 0x0, 0x0, 0x0, 0x0,

    /* U+6570 "数" */
    0x0, 0x0, 0x15, 0x86, 0x25, 0xab, 0x62, 0x68,
    0x73, 0x0, 0x59, 0x94, 0x0, 0x0, 0x0, 0x0,
    0x0, 0x0, 0x36, 0x9a, 0xab, 0xff, 0xff, 0xba,
    0xa9, 0x73, 0x5d, 0xff, 0xca, 0xbc, 0xdc, 0xb6,
    0x20, 0x0, 0x0, 0x0, 0x26, 0xaf, 0xff, 0xeb,
    0xa7, 0x31, 0x3c, 0xff, 0x91, 0x3, 0x8b, 0x82,
    0x0, 0x0, 0x0, 0x37, 0xbb, 0x83, 0x5a, 0xa5,
    0x12, 0x55, 0x7a, 0xcd, 0xc9, 0x41, 0x6a, 0xa4,
    0x0, 0x0, 0x0, 0x0, 0x11, 0x1, 0x58, 0x73,
    0x0, 0x0, 0x26, 0x74, 0x27, 0xa9, 0x8a, 0xa6,
    0x10, 0x0, 0x0, 0x0, 0x15, 0x8c, 0xff, 0xfe,
    0xaa, 0xbf, 0xfc, 0x30, 0x0, 0x28, 0xff, 0xe6,
    0x10, 0x0, 0x0, 0x0, 0x0, 0x5, 0xdf, 0xe8,
    0x43, 0x6a, 0xa6, 0x20, 0x0, 0x4, 0xaf, 0xff,
    0x72, 0x0, 0x0, 0x0, 0x0, 0x0, 0x0, 0x26,
    0xcf, 0xff, 0xfa, 0x41, 0x3, 0x7b, 0xb8, 0x43,
    0x6b, 0xc8, 0x41, 0x0, 0x0, 0x3, 0x6a, 0xa8,
    0x64, 0x10, 0x1, 0x13, 0x7a, 0xb7, 0x41, 0x0,
    0x0, 0x14, 0x8a, 0x83, 0x0, 0x0, 0x0, 0x0,
    0x0, 0x0, 0x0, 0x0, 0x0, 0x0, 0x0, 0x0,
    0x0, 0x0, 0x0, 0x0, 0x0,

    /* U+6574 "整" */
    0x0, 0x0, 0x0, 0x0, 0x0, 0x0, 0x0, 0x0,
    0x0, 0x0, 0x0, 0x0, 0x0, 0x0, 0x0, 0x3,
    0x69, 0x99, 0x9d, 0xff, 0xe9, 0x99, 0x74, 0x12,
    0x8b, 0x93, 0x11, 0x11, 0x10, 0x0, 0x0, 0x25,
    0x77, 0x7b, 0xff, 0xc7, 0x77, 0x54, 0x7f, 0xff,
    0xc9, 0x9c, 0xff, 0xf9, 0x41, 0x0, 0x5a, 0xda,
    0x8d, 0xff, 0xd8, 0xad, 0xb9, 0x44, 0x69, 0xa7,
    0x8a, 0x95, 0x10, 0x0, 0x0, 0x1, 0x37, 0xae,
    0xfe, 0xb9, 0x97, 0x31, 0x1, 0x37, 0xdf, 0xfe,
    0x73, 0x10, 0x0, 0x3, 0x79, 0x84, 0x13, 0x77,
    0x40, 0x11, 0x25, 0x89, 0x75, 0x20, 0x2, 0x58,
    0xa8, 0x51, 0x0, 0x15, 0x8a, 0xaa, 0xaa, 0xaa,
    0xae, 0xff, 0xea, 0xaa, 0xaa, 0xaa, 0xa9, 0x52,
    0x0, 0x0, 0x0, 0x0, 0x47, 0x73, 0x0, 0x6,
    0xce, 0xb7, 0x66, 0x66, 0x65, 0x31, 0x0, 0x0,
    0x0, 0x0, 0x1, 0x6b, 0xa5, 0x0, 0x6, 0xbc,
    0x83, 0x22, 0x22, 0x22, 0x10, 0x0, 0x0, 0x38,
    0xdf, 0xff, 0xff, 0xff, 0xff, 0xff, 0xff, 0xff,
    0xff, 0xff, 0xff, 0xff, 0xfe, 0x83,

    /* U+6599 "料" */
    0x0, 0x0, 0x0, 0x0, 0x0, 0x0, 0x0, 0x0,
    0x0, 0x0, 0x0, 0x0, 0x0, 0x0, 0x0, 0x0,
    0x0, 0x0, 0x0, 0x0, 0x23, 0x31, 0x49, 0xb7,
    0x12, 0x44, 0x20, 0x12, 0x31, 0x0, 0x2, 0x7b,
    0x94, 0x0, 0x0, 0x0, 0x0, 0x0, 0x28, 0x96,
    0x59, 0xb7, 0x47, 0x96, 0x10, 0x13, 0x69, 0xb9,
    0x53, 0x7b, 0x94, 0x0, 0x0, 0x0, 0x0, 0x0,
    0x3, 0x55, 0x69, 0xb8, 0x65, 0x41, 0x0, 0x0,
    0x0, 0x0, 0x2, 0x7b, 0x94, 0x0, 0x0, 0x0,
    0x0, 0x2, 0x59, 0xbc, 0xff, 0xff, 0xdb, 0xb8,
    0x66, 0x9b, 0xa7, 0x41, 0x2, 0x7b, 0x94, 0x0,
    0x0, 0x0, 0x0, 0x0, 0x0, 0x16, 0xcf, 0xff,
    0xa4, 0x10, 0x0, 0x0, 0x25, 0x53, 0x2, 0x7b,
    0x94, 0x0, 0x0, 0x0, 0x0, 0x0, 0x3, 0x8a,
    0xbb, 0xb9, 0x8a, 0xa5, 0x10, 0x1, 0x23, 0x45,
    0x69, 0xff, 0xff, 0xb9, 0x51, 0x0, 0x0, 0x1,
    0x6a, 0xa5, 0x59, 0xb7, 0x22, 0x24, 0x69, 0xaa,
    0x98, 0x76, 0x56, 0xad, 0xa4, 0x0, 0x0, 0x0,
    0x0, 0x1, 0x34, 0x20, 0x49, 0xb7, 0x10, 0x0,
    0x0, 0x0, 0x0, 0x0, 0x2, 0x7b, 0x94, 0x0,
    0x0, 0x0, 0x0, 0x0, 0x0, 0x0, 0x49, 0xb7,
    0x10, 0x0, 0x0, 0x0, 0x0, 0x0, 0x2, 0x7b,
    0x94, 0x0, 0x0, 0x0,

    /* U+65B9 "方" */
    0x0, 0x0, 0x0, 0x0, 0x0, 0x0, 0x13, 0x54,
    0x20, 0x0, 0x0, 0x0, 0x0, 0x0, 0x0, 0x0,
    0x0, 0x0, 0x0, 0x0, 0x0, 0x3, 0x9d, 0xa4,
    0x0, 0x0, 0x0, 0x0, 0x0, 0x0, 0x3, 0x7b,
    0xbb, 0xbb, 0xbd, 0xef, 0xec, 0xcd, 0xdc, 0xbb,
    0xbb, 0xbb, 0xbb, 0xb8, 0x40, 0x0, 0x0, 0x0,
    0x0, 0x4, 0xad, 0x83, 0x0, 0x0, 0x0, 0x0,
    0x0, 0x0, 0x0, 0x0, 0x0, 0x0, 0x0, 0x0,
    0x5, 0xbd, 0x94, 0x22, 0x22, 0x22, 0x22, 0x22,
    0x10, 0x0, 0x0, 0x0, 0x0, 0x0, 0x0, 0x28,
    0xef, 0xd9, 0x99, 0x99, 0x99, 0x9b, 0xff, 0xb5,
    0x0, 0x0, 0x0, 0x0, 0x0, 0x1, 0x7c, 0xb6,
    0x10, 0x0, 0x0, 0x0, 0x2, 0x7b, 0x93, 0x0,
    0x0, 0x0, 0x0, 0x0, 0x38, 0xcb, 0x61, 0x0,
    0x0, 0x0, 0x0, 0x4, 0x9b, 0x72, 0x0, 0x0,
    0x0, 0x1, 0x49, 0xcc, 0x72, 0x0, 0x0, 0x0,
    0x0, 0x0, 0x16, 0xba, 0x50, 0x0, 0x0, 0x3,
    0x8c, 0xc9, 0x41, 0x0, 0x0, 0x1, 0x58, 0xbb,
    0xbb, 0xcc, 0x94, 0x0, 0x0, 0x0, 0x0, 0x0,
    0x0, 0x0, 0x0, 0x0, 0x0, 0x0, 0x0, 0x0,
    0x0, 0x0, 0x0, 0x0, 0x0,

    /* U+65F6 "时" */
    0x2, 0x7d, 0xed, 0xbb, 0xbb, 0xa6, 0x20, 0x0,
    0x0, 0x0, 0x0, 0x27, 0xca, 0x40, 0x0, 0x0,
    0x0, 0x38, 0xb8, 0x30, 0x1, 0x7b, 0x94, 0x35,
    0x88, 0x88, 0x88, 0x8a, 0xff, 0xfc, 0x86, 0x41,
    0x0, 0x3, 0x8b, 0x83, 0x0, 0x17, 0xb9, 0x41,
    0x34, 0x44, 0x44, 0x44, 0x6c, 0xfe, 0x94, 0x32,
    0x0, 0x0, 0x39, 0xff, 0xea, 0xac, 0xff, 0xb4,
    0x2, 0x69, 0x72, 0x0, 0x2, 0x7c, 0xa4, 0x0,
    0x0, 0x0, 0x3, 0x8b, 0x83, 0x0, 0x17, 0xb9,
    0x40, 0x1, 0x5a, 0xb7, 0x30, 0x27, 0xca, 0x40,
    0x0, 0x0, 0x0, 0x38, 0xb8, 0x30, 0x1, 0x7b,
    0x94, 0x0, 0x0, 0x16, 0x98, 0x32, 0x7c, 0xa4,
    0x0, 0x0, 0x0, 0x3, 0x9f, 0xfe, 0xaa, 0xbc,
    0xd9, 0x30, 0x0, 0x0, 0x0, 0x0, 0x27, 0xca,
    0x40, 0x0, 0x0, 0x0, 0x26, 0x86, 0x20, 0x0,
    0x0, 0x0, 0x0, 0x0, 0x0, 0x0, 0x2, 0x7c,
    0x94, 0x0, 0x0, 0x0, 0x0, 0x0, 0x0, 0x0,
    0x0, 0x0, 0x0, 0x0, 0x4, 0x8b, 0xbb, 0xcc,
    0xb6, 0x20, 0x0, 0x0, 0x0, 0x0, 0x0, 0x0,
    0x0, 0x0, 0x0, 0x0, 0x0, 0x0, 0x0, 0x0,
    0x0, 0x0, 0x0, 0x0, 0x0,

    /* U+663E "显" */
    0x0, 0x0, 0x16, 0xbd, 0xb9, 0x99, 0x99, 0x99,
    0x99, 0x99, 0x99, 0xac, 0xda, 0x40, 0x0, 0x0,
    0x0, 0x0, 0x1, 0x6b, 0xa5, 0x11, 0x11, 0x11,
    0x11, 0x11, 0x11, 0x12, 0x7c, 0xa4, 0x0, 0x0,
    0x0, 0x0, 0x0, 0x16, 0xbd, 0xa8, 0x88, 0x88,
    0x88, 0x88, 0x88, 0x88, 0x9b, 0xda, 0x40, 0x0,
    0x0, 0x0, 0x0, 0x1, 0x6b, 0xdb, 0x99, 0x99,
    0x99, 0x99, 0x99, 0x99, 0x9a, 0xcd, 0x94, 0x0,
    0x0, 0x0, 0x0, 0x0, 0x1, 0x10, 0x0, 0x25,
    0x74, 0x10, 0x3, 0x67, 0x40, 0x0, 0x11, 0x10,
    0x0, 0x0, 0x0, 0x0, 0x4, 0x9b, 0x83, 0x3,
    0x9b, 0x72, 0x0, 0x5a, 0xb6, 0x11, 0x49, 0xb7,
    0x20, 0x0, 0x0, 0x0, 0x0, 0x1, 0x6a, 0xa5,
    0x49, 0xb7, 0x20, 0x5, 0xab, 0x75, 0x8a, 0x72,
    0x0, 0x0, 0x0, 0x1, 0x35, 0x66, 0x66, 0x66,
    0x6a, 0xff, 0xe8, 0x66, 0xbf, 0xfc, 0x76, 0x66,
    0x66, 0x65, 0x31, 0x0, 0x13, 0x45, 0x55, 0x55,
    0x55, 0x55, 0x55, 0x55, 0x55, 0x55, 0x55, 0x55,
    0x55, 0x55, 0x42, 0x10, 0x0,

    /* U+66F2 "曲" */
    0x0, 0x0, 0x0, 0x0, 0x16, 0xca, 0x50, 0x0,
    0x5, 0xab, 0x61, 0x0, 0x0, 0x0, 0x0, 0x0,
    0x36, 0xaa, 0xaa, 0xbf, 0xff, 0xfa, 0xaa, 0xaf,
    0xff, 0xfb, 0xaa, 0xaa, 0x73, 0x0, 0x0, 0x5b,
    0xb6, 0x11, 0x38, 0xdc, 0x71, 0x11, 0x17, 0xcd,
    0x82, 0x11, 0x6b, 0xb6, 0x10, 0x0, 0x5b, 0xb5,
    0x0, 0x16, 0xca, 0x50, 0x0, 0x5, 0xab, 0x61,
    0x0, 0x5a, 0xb6, 0x10, 0x0, 0x5d, 0xff, 0xbb,
    0xcf, 0xff, 0xfb, 0xbb, 0xbf, 0xff, 0xfc, 0xbb,
    0xff, 0xf6, 0x10, 0x0, 0x5b, 0xb5, 0x0, 0x16,
    0xca, 0x50, 0x0, 0x5, 0xab, 0x61, 0x0, 0x5a,
    0xb6, 0x10, 0x0, 0x5b, 0xb5, 0x0, 0x16, 0xca,
    0x50, 0x0, 0x5, 0xab, 0x61, 0x0, 0x5a, 0xb6,
    0x10, 0x0, 0x5c, 0xfd, 0x99, 0xaf, 0xff, 0xd9,
    0x99, 0x9d, 0xff, 0xe9, 0x99, 0xdf, 0xe6, 0x10,
    0x0, 0x5b, 0xc7, 0x22, 0x22, 0x22, 0x22, 0x22,
    0x22, 0x22, 0x22, 0x22, 0x7c, 0xc6, 0x10, 0x0,
    0x0, 0x0, 0x0, 0x0, 0x0, 0x0, 0x0, 0x0,
    0x0, 0x0, 0x0, 0x0, 0x0, 0x0,

    /* U+67E5 "查" */
    0x0, 0x0, 0x0, 0x0, 0x0, 0x0, 0x3, 0x8b,
    0x83, 0x0, 0x0, 0x0, 0x0, 0x0, 0x0, 0x14,
    0x8a, 0xaa, 0xaa, 0xaa, 0xcf, 0xff, 0xff, 0xff,
    0xfe, 0xba, 0xaa, 0xaa, 0xa8, 0x41, 0x0, 0x0,
    0x0, 0x13, 0x6a, 0xba, 0x55, 0x8b, 0x85, 0x59,
    0xa8, 0x52, 0x0, 0x0, 0x0, 0x2, 0x57, 0xab,
    0xca, 0x73, 0x10, 0x2, 0x68, 0x62, 0x0, 0x3,
    0x68, 0xaa, 0x86, 0x31, 0x1, 0x34, 0x31, 0x49,
    0xdb, 0x88, 0x88, 0x88, 0x88, 0x88, 0x9b, 0xd9,
    0x40, 0x12, 0x10, 0x0, 0x0, 0x0, 0x49, 0xdb,
    0x98, 0x88, 0x88, 0x88, 0x88, 0x9c, 0xea, 0x40,
    0x0, 0x0, 0x0, 0x0, 0x0, 0x49, 0xc9, 0x54,
    0x44, 0x44, 0x44, 0x44, 0x59, 0xda, 0x40, 0x0,
    0x0, 0x0, 0x0, 0x0, 0x13, 0x55, 0x55, 0x55,
    0x55, 0x55, 0x55, 0x55, 0x53, 0x10, 0x0, 0x0,
    0x0, 0x48, 0xbb, 0xbb, 0xbb, 0xbb, 0xbb, 0xbb,
    0xbb, 0xbb, 0xbb, 0xbb, 0xbb, 0xb8, 0x51,

    /* U+6821 "校" */
    0x0, 0x0, 0x0, 0x0, 0x0, 0x0, 0x0, 0x0,
    0x0, 0x0, 0x0, 0x0, 0x0, 0x0, 0x0, 0x0,
    0x0, 0x0, 0x0, 0x5a, 0xb5, 0x0, 0x0, 0x0,
    0x0, 0x38, 0xb8, 0x30, 0x0, 0x0, 0x0, 0x0,
    0x0, 0x0, 0x0, 0x16, 0xbc, 0x61, 0x3, 0x69,
    0xaa, 0xaa, 0xbc, 0xdc, 0xaa, 0xaa, 0xa8, 0x52,
    0x0, 0x0, 0x36, 0xab, 0xff, 0xff, 0xa8, 0x41,
    0x1, 0x58, 0x62, 0x0, 0x26, 0x86, 0x20, 0x0,
    0x0, 0x0, 0x0, 0x0, 0x5d, 0xff, 0xd5, 0x10,
    0x27, 0xbb, 0x62, 0x0, 0x0, 0x14, 0x9b, 0x94,
    0x10, 0x0, 0x0, 0x1, 0x69, 0xdd, 0xcc, 0xa9,
    0x87, 0x78, 0x9a, 0x61, 0x0, 0x38, 0xb8, 0x66,
    0x63, 0x0, 0x0, 0x2, 0x7a, 0x88, 0xab, 0x63,
    0x32, 0x0, 0x3, 0x8c, 0x95, 0x5a, 0xc8, 0x20,
    0x0, 0x0, 0x0, 0x2, 0x79, 0x62, 0x5a, 0xb5,
    0x0, 0x0, 0x0, 0x1, 0x5e, 0xff, 0xf6, 0x10,
    0x0, 0x0, 0x0, 0x0, 0x0, 0x0, 0x5, 0xab,
    0x50, 0x0, 0x1, 0x36, 0xac, 0xb8, 0x9b, 0xcb,
    0x74, 0x10, 0x0, 0x0, 0x0, 0x0, 0x0, 0x5a,
    0xb5, 0x1, 0x59, 0xb9, 0x63, 0x10, 0x0, 0x1,
    0x36, 0x9b, 0xa6, 0x10, 0x0, 0x0, 0x0, 0x0,
    0x0, 0x0, 0x0, 0x0, 0x0, 0x0, 0x0, 0x0,
    0x0, 0x0, 0x0, 0x0, 0x0, 0x0,

    /* U+6869 "桩" */
    0x0, 0x0, 0x0, 0x0, 0x0, 0x0, 0x0, 0x0,
    0x0, 0x0, 0x0, 0x0, 0x0, 0x0, 0x0, 0x0,
    0x0, 0x5, 0xab, 0x60, 0x0, 0x0, 0x0, 0x0,
    0x16, 0x98, 0x41, 0x0, 0x0, 0x0, 0x15, 0x8b,
    0xbf, 0xff, 0xfb, 0xa7, 0x8c, 0xfd, 0xaa, 0xaa,
    0xaa, 0xaa, 0xaa, 0xa9, 0x52, 0x0, 0x0, 0x2c,
    0xff, 0xb3, 0x0, 0x6b, 0xa5, 0x0, 0x0, 0x48,
    0x94, 0x0, 0x0, 0x0, 0x0, 0x1, 0x7d, 0xff,
    0xea, 0x52, 0x6b, 0xa5, 0x0, 0x0, 0x5a, 0xb6,
    0x0, 0x0, 0x0, 0x0, 0x28, 0x9c, 0xcb, 0x76,
    0x75, 0x7b, 0xa7, 0x59, 0xbb, 0xff, 0xff, 0xbb,
    0xb7, 0x40, 0x15, 0xaa, 0x66, 0xab, 0x60, 0x1,
    0x7b, 0xa4, 0x0, 0x0, 0x5a, 0xb6, 0x0, 0x0,
    0x0, 0x13, 0x42, 0x5, 0xab, 0x60, 0x4, 0xac,
    0x82, 0x0, 0x0, 0x5a, 0xb6, 0x0, 0x0, 0x0,
    0x0, 0x0, 0x5, 0xab, 0x61, 0x5a, 0xd9, 0x64,
    0x66, 0x66, 0xcf, 0xfc, 0x76, 0x66, 0x42, 0x0,
    0x0, 0x5, 0xab, 0x63, 0x69, 0x72, 0x12, 0x44,
    0x44, 0x44, 0x44, 0x44, 0x44, 0x21, 0x0, 0x0,
    0x0, 0x0, 0x0, 0x0, 0x0, 0x0, 0x0, 0x0,
    0x0, 0x0, 0x0, 0x0, 0x0,

    /* U+6A21 "模" */
    0x0, 0x0, 0x5, 0xbb, 0x50, 0x25, 0x77, 0x8d,
    0xff, 0xa7, 0x7c, 0xff, 0xd7, 0x75, 0x30, 0x3,
    0x6a, 0xbf, 0xff, 0xfb, 0x74, 0x11, 0x26, 0xa9,
    0x41, 0x16, 0xaa, 0x62, 0x0, 0x0, 0x0, 0x0,
    0x3d, 0xff, 0x91, 0x1, 0x7b, 0xc9, 0x77, 0x77,
    0x77, 0x78, 0xbd, 0x94, 0x0, 0x0, 0x1, 0x6e,
    0xff, 0xd6, 0x21, 0x7b, 0xda, 0x88, 0x88, 0x88,
    0x89, 0xcd, 0x94, 0x0, 0x0, 0x16, 0xae, 0xeb,
    0x97, 0x65, 0x7b, 0xc9, 0x77, 0x77, 0x77, 0x78,
    0xbd, 0x94, 0x0, 0x3, 0x8b, 0x88, 0xbb, 0x50,
    0x0, 0x1, 0x22, 0x25, 0xbc, 0x83, 0x22, 0x21,
    0x10, 0x0, 0x3, 0x54, 0x25, 0xbb, 0x50, 0x37,
    0xaa, 0xaa, 0xdf, 0xff, 0xff, 0xda, 0xaa, 0xa8,
    0x41, 0x0, 0x0, 0x5, 0xbb, 0x50, 0x0, 0x1,
    0x48, 0xbb, 0x63, 0x49, 0xba, 0x52, 0x0, 0x0,
    0x0, 0x0, 0x5, 0xbb, 0x51, 0x59, 0xba, 0x96,
    0x30, 0x0, 0x0, 0x24, 0x8a, 0xc9, 0x51,

    /* U+6B21 "次" */
    0x0, 0x0, 0x0, 0x0, 0x0, 0x0, 0x2, 0x44,
    0x20, 0x0, 0x0, 0x0, 0x0, 0x0, 0x0, 0x0,
    0x0, 0x15, 0x88, 0x52, 0x0, 0x0, 0x4, 0x9d,
    0x83, 0x0, 0x0, 0x0, 0x0, 0x0, 0x0, 0x0,
    0x0, 0x0, 0x2, 0x59, 0xcb, 0x72, 0x4, 0xdf,
    0xff, 0xcc, 0xcc, 0xcc, 0xcc, 0xdf, 0xe8, 0x30,
    0x0, 0x0, 0x0, 0x0, 0x0, 0x0, 0x15, 0xac,
    0x83, 0x1, 0x46, 0x41, 0x0, 0x16, 0xbb, 0x61,
    0x0, 0x0, 0x0, 0x0, 0x0, 0x0, 0x27, 0xba,
    0x51, 0x0, 0x4c, 0xfc, 0x50, 0x16, 0xba, 0x50,
    0x0, 0x0, 0x0, 0x0, 0x0, 0x4, 0x77, 0x30,
    0x0, 0x0, 0x6, 0xff, 0xf8, 0x10, 0x1, 0x10,
    0x0, 0x0, 0x0, 0x0, 0x0, 0x49, 0xca, 0x50,
    0x0, 0x0, 0x16, 0xbd, 0xcc, 0xb7, 0x20, 0x0,
    0x0, 0x0, 0x0, 0x0, 0x14, 0xad, 0xb5, 0x10,
    0x0, 0x1, 0x4a, 0xda, 0x51, 0x38, 0xcb, 0x62,
    0x0, 0x0, 0x0, 0x0, 0x3, 0x67, 0x51, 0x0,
    0x3, 0x6a, 0xcc, 0x84, 0x10, 0x0, 0x2, 0x7b,
    0xca, 0x63, 0x10, 0x0, 0x0, 0x0, 0x0, 0x0,
    0x36, 0x98, 0x52, 0x0, 0x0, 0x0, 0x0, 0x0,
    0x2, 0x47, 0x64, 0x10, 0x0,

    /* U+6B62 "止" */
    0x0, 0x0, 0x0, 0x0, 0x0, 0x0, 0x0, 0x39,
    0xc9, 0x30, 0x0, 0x0, 0x0, 0x0, 0x0, 0x0,
    0x0, 0x0, 0x0, 0x0, 0x0, 0x0, 0x39, 0xc9,
    0x30, 0x0, 0x0, 0x0, 0x0, 0x0, 0x0, 0x0,
    0x5, 0xac, 0x71, 0x0, 0x0, 0x39, 0xc9, 0x30,
    0x0, 0x0, 0x0, 0x0, 0x0, 0x0, 0x0, 0x5,
    0xac, 0x71, 0x0, 0x0, 0x3a, 0xff, 0xfc, 0xcc,
    0xcc, 0xcc, 0xa6, 0x20, 0x0, 0x0, 0x5, 0xac,
    0x71, 0x0, 0x0, 0x39, 0xc9, 0x30, 0x0, 0x0,
    0x0, 0x0, 0x0, 0x0, 0x0, 0x5, 0xac, 0x71,
    0x0, 0x0, 0x39, 0xc9, 0x30, 0x0, 0x0, 0x0,
    0x0, 0x0, 0x0, 0x0, 0x5, 0xac, 0x71, 0x0,
    0x0, 0x39, 0xc9, 0x30, 0x0, 0x0, 0x0, 0x0,
    0x0, 0x2, 0x57, 0x7b, 0xff, 0xd8, 0x77, 0x77,
    0xaf, 0xff, 0xa7, 0x77, 0x77, 0x77, 0x76, 0x41,
    0x1, 0x34, 0x44, 0x44, 0x44, 0x44, 0x44, 0x44,
    0x44, 0x44, 0x44, 0x44, 0x44, 0x44, 0x21,

    /* U+6B63 "正" */
    0x0, 0x37, 0xbb, 0xbb, 0xbb, 0xbb, 0xbb, 0xef,
    0xff, 0xcb, 0xbb, 0xbb, 0xbb, 0xb7, 0x30, 0x0,
    0x0, 0x0, 0x0, 0x0, 0x0, 0x0, 0x5b, 0xc7,
    0x10, 0x0, 0x0, 0x0, 0x0, 0x0, 0x0, 0x0,
    0x0, 0x0, 0x0, 0x0, 0x0, 0x5b, 0xc7, 0x10,
    0x0, 0x0, 0x0, 0x0, 0x0, 0x0, 0x0, 0x5,
    0xac, 0x71, 0x0, 0x0, 0x5b, 0xc7, 0x20, 0x0,
    0x0, 0x0, 0x0, 0x0, 0x0, 0x0, 0x5, 0xac,
    0x71, 0x0, 0x0, 0x5e, 0xff, 0xcb, 0xbb, 0xbb,
    0xb9, 0x62, 0x0, 0x0, 0x0, 0x5, 0xac, 0x71,
    0x0, 0x0, 0x5b, 0xc7, 0x10, 0x0, 0x0, 0x0,
    0x0, 0x0, 0x0, 0x0, 0x5, 0xac, 0x71, 0x0,
    0x0, 0x5b, 0xc7, 0x10, 0x0, 0x0, 0x0, 0x0,
    0x0, 0x2, 0x46, 0x6b, 0xff, 0xd7, 0x66, 0x66,
    0xbf, 0xfd, 0x76, 0x66, 0x66, 0x66, 0x65, 0x31,
    0x1, 0x35, 0x55, 0x55, 0x55, 0x55, 0x55, 0x55,
    0x55, 0x55, 0x55, 0x55, 0x55, 0x55, 0x31,

    /* U+6D41 "流" */
    0x0, 0x0, 0x0, 0x11, 0x0, 0x0, 0x0, 0x0,
    0x0, 0x2, 0x33, 0x10, 0x0, 0x0, 0x0, 0x0,
    0x0, 0x0, 0x1, 0x38, 0xbc, 0x95, 0x21, 0x11,
    0x11, 0x11, 0x5a, 0xda, 0x41, 0x11, 0x11, 0x11,
    0x0, 0x0, 0x0, 0x0, 0x0, 0x14, 0x45, 0x58,
    0x99, 0xad, 0xff, 0xfe, 0xba, 0xab, 0xa9, 0x99,
    0x63, 0x0, 0x0, 0x14, 0x66, 0x31, 0x0, 0x0,
    0x1, 0x5a, 0xb8, 0x30, 0x0, 0x25, 0xad, 0xb6,
    0x20, 0x0, 0x0, 0x0, 0x2, 0x58, 0xa8, 0x41,
    0x6d, 0xff, 0xeb, 0x99, 0x98, 0x88, 0x77, 0x8b,
    0xdb, 0x61, 0x0, 0x0, 0x0, 0x0, 0x0, 0x0,
    0x0, 0x15, 0x97, 0x30, 0x48, 0x84, 0x3, 0x79,
    0x62, 0x0, 0x0, 0x0, 0x0, 0x0, 0x0, 0x38,
    0xb7, 0x22, 0x7b, 0x83, 0x5, 0xaa, 0x50, 0x39,
    0xb7, 0x20, 0x0, 0x0, 0x0, 0x0, 0x1, 0x6b,
    0xc7, 0x20, 0x4a, 0xb7, 0x20, 0x5a, 0xa5, 0x3,
    0x9b, 0x72, 0x0, 0x0, 0x0, 0x0, 0x3, 0x9c,
    0xa4, 0x12, 0x6b, 0xd8, 0x30, 0x5, 0xaa, 0x50,
    0x38, 0xb7, 0x25, 0x77, 0x20, 0x0, 0x3, 0x8a,
    0x72, 0x4, 0x9c, 0xa5, 0x10, 0x0, 0x1, 0x10,
    0x2, 0x7b, 0xcb, 0xb9, 0x51, 0x0, 0x0, 0x0,
    0x0, 0x0, 0x0, 0x0, 0x0, 0x0, 0x0, 0x0,
    0x0, 0x0, 0x0, 0x0, 0x0, 0x0,

    /* U+6DF1 "深" */
    0x0, 0x2, 0x33, 0x10, 0x0, 0x0, 0x0, 0x0,
    0x0, 0x0, 0x0, 0x0, 0x0, 0x0, 0x0, 0x0,
    0x3, 0x69, 0xbb, 0x89, 0xbd, 0xca, 0xaa, 0xaa,
    0xaa, 0xaa, 0xaa, 0xce, 0xa5, 0x0, 0x0, 0x0,
    0x0, 0x0, 0x15, 0x87, 0x30, 0x36, 0x74, 0x1,
    0x57, 0x63, 0x58, 0x84, 0x0, 0x2, 0x58, 0x63,
    0x10, 0x0, 0x2, 0x6a, 0xa7, 0x30, 0x0, 0x3,
    0x8b, 0x94, 0x10, 0x0, 0x0, 0x13, 0x69, 0xa7,
    0x21, 0x57, 0x62, 0x0, 0x4, 0x89, 0x50, 0x3,
    0x66, 0x40, 0x0, 0x0, 0x0, 0x0, 0x0, 0x2,
    0x69, 0xaa, 0xab, 0xdf, 0xff, 0xfd, 0xba, 0xaa,
    0x73, 0x0, 0x0, 0x0, 0x3, 0x8a, 0x71, 0x0,
    0x0, 0x16, 0xae, 0xff, 0xfb, 0x61, 0x0, 0x0,
    0x0, 0x0, 0x0, 0x5a, 0xb6, 0x10, 0x0, 0x38,
    0xba, 0x67, 0xac, 0x88, 0xba, 0x51, 0x0, 0x0,
    0x0, 0x27, 0xba, 0x51, 0x25, 0x9c, 0xc8, 0x41,
    0x5, 0xac, 0x61, 0x26, 0xbc, 0x94, 0x10, 0x0,
    0x47, 0x63, 0x0, 0x2, 0x32, 0x0, 0x0, 0x5,
    0xac, 0x61, 0x0, 0x2, 0x21, 0x0,

    /* U+70B9 "点" */
    0x0, 0x0, 0x0, 0x0, 0x0, 0x0, 0x27, 0xdc,
    0x83, 0x22, 0x22, 0x22, 0x22, 0x21, 0x10, 0x0,
    0x0, 0x0, 0x0, 0x0, 0x0, 0x0, 0x2, 0x7f,
    0xff, 0xa9, 0x99, 0x99, 0x99, 0x99, 0x74, 0x10,
    0x0, 0x0, 0x0, 0x2, 0x46, 0x66, 0x66, 0x8d,
    0xff, 0xc7, 0x66, 0x66, 0x66, 0x64, 0x20, 0x0,
    0x0, 0x0, 0x0, 0x2, 0x7b, 0xb8, 0x55, 0x55,
    0x55, 0x55, 0x55, 0x55, 0x55, 0x8c, 0xc6, 0x10,
    0x0, 0x0, 0x0, 0x0, 0x27, 0xb9, 0x40, 0x0,
    0x0, 0x0, 0x0, 0x0, 0x0, 0x5, 0xac, 0x61,
    0x0, 0x0, 0x0, 0x0, 0x1, 0x6a, 0xcb, 0xbb,
    0xbb, 0xbb, 0xbb, 0xbb, 0xbb, 0xbb, 0xbc, 0xa5,
    0x10, 0x0, 0x0, 0x0, 0x0, 0x13, 0x54, 0x20,
    0x2, 0x32, 0x10, 0x13, 0x42, 0x0, 0x2, 0x56,
    0x41, 0x0, 0x0, 0x0, 0x0, 0x49, 0xc9, 0x40,
    0x1, 0x6b, 0xa5, 0x0, 0x5a, 0xc7, 0x20, 0x3,
    0x7b, 0xa6, 0x10, 0x0, 0x1, 0x58, 0x73, 0x0,
    0x0, 0x3, 0x77, 0x40, 0x0, 0x47, 0x74, 0x0,
    0x0, 0x36, 0x74, 0x10, 0x0,

    /* U+72B6 "状" */
    0x0, 0x0, 0x0, 0x0, 0x0, 0x0, 0x0, 0x0,
    0x0, 0x0, 0x0, 0x0, 0x0, 0x0, 0x0, 0x0,
    0x0, 0x0, 0x0, 0x0, 0x0, 0x0, 0x16, 0xba,
    0x50, 0x0, 0x0, 0x1, 0x6b, 0xa5, 0x3, 0x67,
    0x41, 0x0, 0x0, 0x0, 0x0, 0x2, 0x69, 0x95,
    0x26, 0xba, 0x50, 0x0, 0x0, 0x1, 0x6b, 0xa5,
    0x0, 0x15, 0x98, 0x40, 0x0, 0x0, 0x0, 0x0,
    0x2, 0x69, 0x9a, 0xca, 0x64, 0x8a, 0xaa, 0xac,
    0xff, 0xff, 0xaa, 0xaa, 0xaa, 0x95, 0x20, 0x0,
    0x0, 0x0, 0x0, 0x0, 0x16, 0xba, 0x50, 0x1,
    0x11, 0x14, 0xaf, 0xfe, 0x41, 0x11, 0x11, 0x10,
    0x0, 0x0, 0x0, 0x0, 0x0, 0x14, 0x9f, 0xfe,
    0x50, 0x0, 0x0, 0x5, 0xaf, 0xfc, 0x72, 0x0,
    0x0, 0x0, 0x0, 0x0, 0x0, 0x1, 0x49, 0xcb,
    0x89, 0xca, 0x50, 0x0, 0x0, 0x49, 0xc8, 0x79,
    0xc8, 0x30, 0x0, 0x0, 0x0, 0x0, 0x0, 0x4,
    0x66, 0x30, 0x16, 0xba, 0x50, 0x0, 0x26, 0xcc,
    0x82, 0x2, 0x8c, 0xb6, 0x10, 0x0, 0x0, 0x0,
    0x0, 0x0, 0x0, 0x0, 0x16, 0xba, 0x50, 0x38,
    0xcd, 0x94, 0x10, 0x0, 0x4, 0x9c, 0xb7, 0x20,
    0x0, 0x0, 0x0, 0x0, 0x0, 0x0, 0x16, 0xbb,
    0x98, 0xcb, 0x62, 0x0, 0x0, 0x0, 0x0, 0x2,
    0x6a, 0xa7, 0x20, 0x0,

    /* U+7387 "率" */
    0x0, 0x0, 0x0, 0x0, 0x0, 0x0, 0x2, 0x67,
    0x52, 0x0, 0x0, 0x0, 0x0, 0x0, 0x0, 0x0,
    0x48, 0xbb, 0xbb, 0xbb, 0xbb, 0xbd, 0xff, 0xff,
    0xcb, 0xbb, 0xbb, 0xbb, 0xba, 0x63, 0x0, 0x3,
    0x44, 0x20, 0x0, 0x2, 0x7a, 0x95, 0x11, 0x46,
    0x41, 0x0, 0x34, 0x41, 0x0, 0x0, 0x1, 0x48,
    0xbb, 0x75, 0x8e, 0xfc, 0xbd, 0xff, 0xa5, 0x23,
    0x7b, 0xb7, 0x30, 0x0, 0x0, 0x0, 0x0, 0x13,
    0x54, 0x32, 0x58, 0xa9, 0x66, 0x65, 0x34, 0x55,
    0x20, 0x0, 0x0, 0x0, 0x37, 0xab, 0xa8, 0x69,
    0xdf, 0xfd, 0xb9, 0x9a, 0xdf, 0xfa, 0x77, 0xab,
    0x95, 0x20, 0x0, 0x1, 0x10, 0x0, 0x0, 0x11,
    0x2, 0x6a, 0x83, 0x1, 0x12, 0x10, 0x1, 0x22,
    0x10, 0x15, 0x9b, 0xbb, 0xbb, 0xbb, 0xbb, 0xbe,
    0xff, 0xff, 0xbb, 0xbb, 0xbb, 0xbb, 0xb9, 0x51,
    0x0, 0x0, 0x0, 0x0, 0x0, 0x0, 0x3, 0x8c,
    0x94, 0x0, 0x0, 0x0, 0x0, 0x0, 0x0, 0x0,
    0x0, 0x0, 0x0, 0x0, 0x0, 0x3, 0x8c, 0x94,
    0x0, 0x0, 0x0, 0x0, 0x0, 0x0,

    /* U+7528 "用" */
    0x0, 0x1, 0x5c, 0xff, 0xbb, 0xbb, 0xbb, 0xef,
    0xfe, 0xbb, 0xbb, 0xbd, 0xfe, 0x82, 0x0, 0x0,
    0x2, 0x7c, 0xa5, 0x0, 0x0, 0x1, 0x6b, 0xb6,
    0x0, 0x0, 0x2, 0x8c, 0x94, 0x0, 0x0, 0x2,
    0x7f, 0xfe, 0x99, 0x99, 0x9a, 0xff, 0xff, 0xa9,
    0x99, 0x9c, 0xff, 0xa4, 0x0, 0x0, 0x2, 0x7d,
    0xb7, 0x22, 0x22, 0x23, 0x8d, 0xd8, 0x22, 0x22,
    0x24, 0x9c, 0x94, 0x0, 0x0, 0x2, 0x7c, 0x94,
    0x0, 0x0, 0x1, 0x6b, 0xb6, 0x0, 0x0, 0x2,
    0x8c, 0x94, 0x0, 0x0, 0x2, 0x8d, 0xed, 0xbb,
    0xbb, 0xbc, 0xff, 0xff, 0xcb, 0xbb, 0xbe, 0xff,
    0xb4, 0x0, 0x0, 0x4, 0xab, 0x61, 0x0, 0x0,
    0x1, 0x6b, 0xb6, 0x0, 0x0, 0x2, 0x8c, 0x94,
    0x0, 0x0, 0x4a, 0xb7, 0x20, 0x0, 0x0, 0x1,
    0x6b, 0xb6, 0x0, 0x0, 0x2, 0x8c, 0x94, 0x0,
    0x16, 0xaa, 0x51, 0x0, 0x0, 0x0, 0x0, 0x6b,
    0xa5, 0x14, 0x7a, 0xbb, 0xcb, 0x62, 0x0, 0x0,
    0x0, 0x0, 0x0, 0x0, 0x0, 0x0, 0x0, 0x0,
    0x0, 0x0, 0x0, 0x0, 0x0, 0x0,

    /* U+7535 "电" */
    0x0, 0x0, 0x0, 0x0, 0x0, 0x1, 0x6c, 0xb6,
    0x0, 0x0, 0x0, 0x0, 0x0, 0x0, 0x0, 0x0,
    0x0, 0x1, 0x7f, 0xff, 0xcc, 0xcc, 0xdf, 0xff,
    0xfc, 0xcc, 0xcc, 0xcc, 0xde, 0xb6, 0x10, 0x0,
    0x0, 0x0, 0x17, 0xca, 0x50, 0x0, 0x1, 0x6c,
    0xb6, 0x0, 0x0, 0x0, 0x5, 0xac, 0x71, 0x0,
    0x0, 0x0, 0x1, 0x8f, 0xff, 0xbb, 0xbb, 0xcf,
    0xff, 0xfc, 0xbb, 0xbb, 0xbb, 0xff, 0xf7, 0x10,
    0x0, 0x0, 0x0, 0x17, 0xca, 0x50, 0x0, 0x1,
    0x6c, 0xb6, 0x0, 0x0, 0x0, 0x5, 0xac, 0x71,
    0x0, 0x0, 0x0, 0x1, 0x7f, 0xff, 0xbb, 0xbb,
    0xdf, 0xff, 0xfc, 0xbb, 0xbb, 0xbb, 0xde, 0xc7,
    0x10, 0x0, 0x0, 0x0, 0x14, 0x76, 0x30, 0x0,
    0x1, 0x6c, 0xb6, 0x0, 0x0, 0x0, 0x0, 0x0,
    0x47, 0x73, 0x0, 0x0, 0x0, 0x0, 0x0, 0x0,
    0x0, 0x6, 0xbb, 0x60, 0x0, 0x0, 0x0, 0x0,
    0x27, 0xc9, 0x40, 0x0, 0x0, 0x0, 0x0, 0x0,
    0x0, 0x0, 0x27, 0xbd, 0xcc, 0xcc, 0xcc, 0xcc,
    0xcd, 0xc8, 0x40, 0x0, 0x0,

    /* U+754C "界" */
    0x0, 0x0, 0x0, 0x5a, 0xd9, 0x54, 0x44, 0x48,
    0xdf, 0xd7, 0x44, 0x44, 0x7a, 0xc9, 0x30, 0x0,
    0x0, 0x0, 0x0, 0x5, 0xae, 0xca, 0x99, 0x99,
    0xcf, 0xff, 0xc9, 0x99, 0x9a, 0xcd, 0x93, 0x0,
    0x0, 0x0, 0x0, 0x0, 0x5a, 0xc6, 0x10, 0x0,
    0x3, 0x8b, 0x83, 0x0, 0x0, 0x38, 0xc9, 0x30,
    0x0, 0x0, 0x0, 0x0, 0x4, 0x9d, 0xca, 0xab,
    0xde, 0xff, 0xff, 0xfe, 0xdb, 0xab, 0xcc, 0x83,
    0x0, 0x0, 0x0, 0x0, 0x0, 0x0, 0x1, 0x48,
    0xbb, 0x73, 0x0, 0x2, 0x6b, 0xb8, 0x41, 0x0,
    0x0, 0x0, 0x0, 0x0, 0x2, 0x47, 0x9b, 0xc9,
    0x87, 0x63, 0x0, 0x0, 0x1, 0x58, 0x9b, 0xcc,
    0xa7, 0x52, 0x10, 0x0, 0x1, 0x46, 0x53, 0x10,
    0x6, 0xbb, 0x60, 0x0, 0x0, 0x49, 0xc8, 0x20,
    0x13, 0x55, 0x30, 0x0, 0x0, 0x0, 0x0, 0x0,
    0x38, 0xcb, 0x62, 0x0, 0x0, 0x4, 0x9c, 0x82,
    0x0, 0x0, 0x0, 0x0, 0x0, 0x0, 0x1, 0x59,
    0xcb, 0x84, 0x10, 0x0, 0x0, 0x0, 0x49, 0xc8,
    0x20, 0x0, 0x0, 0x0, 0x0, 0x0, 0x0, 0x0,
    0x0, 0x0, 0x0, 0x0, 0x0, 0x0, 0x0, 0x0,
    0x0, 0x0, 0x0, 0x0, 0x0,

    /* U+793A "示" */
    0x0, 0x0, 0x37, 0xbb, 0xbb, 0xbb, 0xbb, 0xbb,
    0xbb, 0xbb, 0xbb, 0xbb, 0xb8, 0x40, 0x0, 0x0,
    0x0, 0x0, 0x0, 0x0, 0x0, 0x0, 0x0, 0x0,
    0x0, 0x0, 0x0, 0x0, 0x0, 0x0, 0x1, 0x23,
    0x33, 0x33, 0x33, 0x33, 0x33, 0x33, 0x33, 0x33,
    0x33, 0x33, 0x33, 0x32, 0x10, 0x3, 0x68, 0x88,
    0x88, 0x88, 0x88, 0x8a, 0xff, 0xfc, 0x88, 0x88,
    0x88, 0x88, 0x86, 0x30, 0x0, 0x0, 0x0, 0x23,
    0x53, 0x10, 0x2, 0x8d, 0xa5, 0x0, 0x2, 0x33,
    0x10, 0x0, 0x0, 0x0, 0x0, 0x15, 0xad, 0xa4,
    0x0, 0x2, 0x8d, 0xa5, 0x0, 0x3, 0x8b, 0x94,
    0x0, 0x0, 0x0, 0x15, 0xad, 0xb6, 0x20, 0x0,
    0x2, 0x8d, 0xa5, 0x0, 0x0, 0x4, 0x9b, 0x72,
    0x0, 0x15, 0xad, 0xa5, 0x10, 0x0, 0x0, 0x2,
    0x8d, 0xa5, 0x0, 0x0, 0x0, 0x27, 0xa8, 0x30,
    0x0, 0x0, 0x0, 0x0, 0x15, 0x9b, 0xbc, 0xdb,
    0x72, 0x0, 0x0, 0x0, 0x0, 0x0, 0x0, 0x0,
    0x0, 0x0, 0x0, 0x0, 0x0, 0x0, 0x0, 0x0,
    0x0, 0x0, 0x0, 0x0, 0x0, 0x0,

    /* U+79F0 "称" */
    0x0, 0x0, 0x0, 0x1, 0x35, 0x53, 0x10, 0x14,
    0x53, 0x0, 0x0, 0x0, 0x0, 0x0, 0x0, 0x2,
    0x6b, 0xcf, 0xff, 0xf9, 0x53, 0x11, 0x6b, 0xb6,
    0x11, 0x11, 0x11, 0x11, 0x10, 0x0, 0x0, 0x0,
    0x3, 0x9b, 0x72, 0x0, 0x5, 0xcf, 0xea, 0xcf,
    0xfc, 0x99, 0xbf, 0xfc, 0x40, 0x15, 0x8b, 0xbf,
    0xff, 0xfd, 0xba, 0xbc, 0xa5, 0x0, 0x5b, 0xb6,
    0x12, 0x57, 0x52, 0x0, 0x0, 0x0, 0x3b, 0xff,
    0xc5, 0x1, 0x33, 0x56, 0x52, 0x5b, 0xb6, 0x35,
    0x75, 0x10, 0x0, 0x0, 0x4, 0x8d, 0xed, 0xdb,
    0xa6, 0x13, 0x8a, 0x72, 0x5b, 0xb6, 0x14, 0xab,
    0x71, 0x0, 0x2, 0x6a, 0x87, 0x9b, 0x73, 0x33,
    0x47, 0xa8, 0x30, 0x5b, 0xb6, 0x10, 0x5a, 0xb6,
    0x10, 0x27, 0x85, 0x13, 0x9b, 0x72, 0x3, 0x8b,
    0x83, 0x0, 0x5b, 0xb6, 0x10, 0x16, 0xba, 0x50,
    0x0, 0x0, 0x3, 0x9b, 0x72, 0x0, 0x11, 0x0,
    0x0, 0x5b, 0xb6, 0x10, 0x0, 0x11, 0x0, 0x0,
    0x0, 0x3, 0x9b, 0x72, 0x0, 0x0, 0x3, 0x7a,
    0xcc, 0x83, 0x0, 0x0, 0x0, 0x0,

    /* U+7A0B "程" */
    0x0, 0x0, 0x0, 0x0, 0x0, 0x0, 0x11, 0x10,
    0x0, 0x0, 0x0, 0x0, 0x0, 0x0, 0x0, 0x0,
    0x0, 0x0, 0x13, 0x69, 0x9b, 0xff, 0xfb, 0x74,
    0x69, 0xdc, 0xba, 0xaa, 0xaa, 0xaa, 0xce, 0xa5,
    0x0, 0x0, 0x0, 0x0, 0x0, 0x38, 0xb8, 0x30,
    0x4, 0x9b, 0x61, 0x0, 0x0, 0x0, 0x6, 0xba,
    0x50, 0x0, 0x0, 0x25, 0x9a, 0xaf, 0xff, 0xfd,
    0xa8, 0x8a, 0xdc, 0xaa, 0xaa, 0xaa, 0xaa, 0xce,
    0xa5, 0x0, 0x0, 0x0, 0x0, 0x2, 0xbf, 0xfa,
    0x40, 0x0, 0x0, 0x0, 0x0, 0x0, 0x0, 0x0,
    0x0, 0x0, 0x0, 0x0, 0x0, 0x4, 0x9c, 0xef,
    0xfd, 0x86, 0x79, 0xaa, 0xab, 0xff, 0xfe, 0xaa,
    0xaa, 0x95, 0x20, 0x0, 0x0, 0x27, 0xb8, 0x79,
    0xb8, 0x66, 0x52, 0x0, 0x0, 0x16, 0xca, 0x50,
    0x0, 0x0, 0x0, 0x0, 0x0, 0x37, 0x95, 0x13,
    0x8b, 0x83, 0x0, 0x37, 0xaa, 0xab, 0xff, 0xff,
    0xaa, 0xaa, 0x73, 0x0, 0x0, 0x0, 0x0, 0x0,
    0x38, 0xb8, 0x30, 0x0, 0x0, 0x0, 0x16, 0xca,
    0x50, 0x0, 0x0, 0x0, 0x0, 0x0, 0x0, 0x0,
    0x3, 0x8b, 0x83, 0x6b, 0xff, 0xff, 0xff, 0xff,
    0xff, 0xff, 0xff, 0xfc, 0x71,

    /* U+7AEF "端" */
    0x0, 0x0, 0x38, 0xa7, 0x20, 0x2, 0x79, 0x72,
    0x3, 0x9e, 0xa5, 0x0, 0x27, 0xb9, 0x40, 0x2,
    0x46, 0x67, 0xaa, 0x97, 0x55, 0x99, 0x72, 0x3,
    0x9e, 0xa5, 0x0, 0x27, 0xb9, 0x40, 0x2, 0x57,
    0x76, 0x66, 0x78, 0x75, 0x68, 0xaa, 0xac, 0xef,
    0xec, 0xaa, 0xaa, 0xa6, 0x20, 0x0, 0x59, 0x83,
    0x2, 0x7a, 0xa8, 0x9b, 0xbb, 0xbd, 0xff, 0xfd,
    0xbb, 0xbb, 0xba, 0x63, 0x0, 0x38, 0x96, 0x4,
    0x99, 0x51, 0x12, 0x33, 0x49, 0xff, 0xb5, 0x33,
    0x34, 0x43, 0x10, 0x0, 0x16, 0x98, 0x46, 0x97,
    0x23, 0x9b, 0xaa, 0xff, 0xf9, 0xae, 0xfe, 0x9b,
    0xfd, 0x61, 0x0, 0x2, 0x45, 0x8d, 0xec, 0x89,
    0xc9, 0x53, 0x89, 0x61, 0x27, 0x97, 0x24, 0x9a,
    0x61, 0x15, 0xac, 0xba, 0x97, 0x64, 0x35, 0x99,
    0x53, 0x89, 0x61, 0x27, 0x97, 0x24, 0x9a, 0x61,
    0x0, 0x0, 0x0, 0x0, 0x0, 0x3, 0x99, 0x53,
    0x89, 0x61, 0x17, 0x99, 0x79, 0xc9, 0x50, 0x0,
    0x0, 0x0, 0x0, 0x0, 0x0, 0x0, 0x0, 0x0,
    0x0, 0x0, 0x0, 0x0, 0x0, 0x0,

    /* U+7CFB "系" */
    0x0, 0x0, 0x0, 0x0, 0x0, 0x0, 0x0, 0x0,
    0x0, 0x0, 0x12, 0x34, 0x32, 0x0, 0x0, 0x0,
    0x2, 0x58, 0x9a, 0xaa, 0xab, 0xdf, 0xfe, 0xcb,
    0xaa, 0x99, 0x87, 0x53, 0x10, 0x0, 0x0, 0x0,
    0x0, 0x0, 0x13, 0x7a, 0xa7, 0x31, 0x0, 0x3,
    0x68, 0x52, 0x0, 0x0, 0x0, 0x0, 0x0, 0x5,
    0xbf, 0xff, 0xca, 0x99, 0xac, 0xef, 0xeb, 0x84,
    0x10, 0x0, 0x0, 0x0, 0x0, 0x0, 0x1, 0x34,
    0x22, 0x24, 0x7a, 0xcb, 0x84, 0x10, 0x37, 0x97,
    0x30, 0x0, 0x0, 0x0, 0x0, 0x1, 0x25, 0x8a,
    0xba, 0x74, 0x32, 0x23, 0x33, 0x45, 0x9e, 0xfb,
    0x41, 0x0, 0x0, 0x4, 0xbf, 0xff, 0xdb, 0x99,
    0x99, 0xcf, 0xfb, 0x66, 0x55, 0x55, 0x6a, 0xb9,
    0x30, 0x0, 0x0, 0x0, 0x15, 0x9a, 0x73, 0x1,
    0x6c, 0xb5, 0x2, 0x6a, 0xa7, 0x31, 0x0, 0x0,
    0x0, 0x3, 0x6a, 0xcb, 0x73, 0x0, 0x1, 0x6c,
    0xb5, 0x0, 0x1, 0x37, 0xbc, 0x94, 0x10, 0x0,
    0x3, 0x54, 0x20, 0x1, 0x48, 0xbb, 0xcc, 0x83,
    0x0, 0x0, 0x0, 0x2, 0x44, 0x20, 0x0, 0x0,
    0x0, 0x0, 0x0, 0x0, 0x0, 0x0, 0x0, 0x0,
    0x0, 0x0, 0x0, 0x0, 0x0,

    /* U+7D2F "累" */
    0x0, 0x6, 0xbc, 0x85, 0x55, 0x56, 0xbf, 0xfb,
    0x55, 0x55, 0x55, 0x58, 0xcb, 0x61, 0x0, 0x0,
    0x6, 0xbd, 0xb9, 0x99, 0x9a, 0xff, 0xff, 0xa9,
    0x99, 0x99, 0x9b, 0xdb, 0x61, 0x0, 0x0, 0x6,
    0xbc, 0x84, 0x44, 0x45, 0xaf, 0xfa, 0x44, 0x44,
    0x44, 0x48, 0xcb, 0x61, 0x0, 0x0, 0x2, 0x35,
    0x57, 0xae, 0xfe, 0xa7, 0x55, 0x67, 0xaa, 0x86,
    0x55, 0x53, 0x20, 0x0, 0x0, 0x2, 0x8e, 0xff,
    0xdb, 0x9a, 0xcf, 0xfd, 0xa8, 0x65, 0x55, 0x31,
    0x0, 0x0, 0x0, 0x0, 0x1, 0x46, 0x8a, 0xbc,
    0xcc, 0xa8, 0x65, 0x55, 0x56, 0x8c, 0xff, 0xd6,
    0x20, 0x0, 0x0, 0x38, 0xcd, 0xa9, 0x77, 0x66,
    0xbf, 0xfc, 0x64, 0x44, 0x43, 0x34, 0x79, 0x73,
    0x0, 0x0, 0x1, 0x48, 0xbb, 0x83, 0x0, 0x5b,
    0xc7, 0x10, 0x36, 0x9b, 0xa8, 0x52, 0x10, 0x0,
    0x2, 0x69, 0x85, 0x20, 0x4, 0x7a, 0xcc, 0xa5,
    0x0, 0x0, 0x0, 0x13, 0x79, 0x84, 0x10,

    /* U+7EAC "纬" */
    0x0, 0x0, 0x1, 0x6a, 0x84, 0x0, 0x0, 0x0,
    0x1, 0x7c, 0xa5, 0x0, 0x0, 0x0, 0x0, 0x0,
    0x0, 0x0, 0x3, 0x8b, 0x83, 0x10, 0x25, 0x9b,
    0xbb, 0xdf, 0xff, 0xfb, 0xbb, 0xba, 0x62, 0x0,
    0x0, 0x0, 0x17, 0xcc, 0x75, 0x8a, 0x94, 0x22,
    0x44, 0x46, 0xcf, 0xfa, 0x44, 0x44, 0x21, 0x0,
    0x0, 0x0, 0x5c, 0xfc, 0x9b, 0xec, 0x61, 0x1,
    0x35, 0x55, 0x7c, 0xff, 0xa5, 0x55, 0x43, 0x10,
    0x0, 0x0, 0x0, 0x1, 0x5a, 0xb8, 0x54, 0x45,
    0x7a, 0xaa, 0xab, 0xff, 0xff, 0xaa, 0xaa, 0xcc,
    0x93, 0x0, 0x0, 0x5e, 0xff, 0xfa, 0x87, 0x64,
    0x21, 0x11, 0x11, 0x38, 0xdc, 0x61, 0x11, 0x16,
    0xbb, 0x50, 0x0, 0x0, 0x0, 0x0, 0x0, 0x13,
    0x43, 0x20, 0x0, 0x1, 0x7c, 0xa5, 0x0, 0x2,
    0x7b, 0x94, 0x0, 0x0, 0x25, 0x9b, 0xcc, 0xba,
    0x87, 0x42, 0x0, 0x0, 0x17, 0xca, 0x52, 0x69,
    0xab, 0x84, 0x0, 0x0, 0x0, 0x11, 0x10, 0x0,
    0x0, 0x0, 0x0, 0x0, 0x1, 0x7c, 0xa5, 0x0,
    0x0, 0x0, 0x0, 0x0, 0x0,

    /* U+7EBF "线" */
    0x0, 0x0, 0x1, 0x69, 0x84, 0x0, 0x0, 0x0,
    0x5, 0xac, 0x74, 0x68, 0x74, 0x20, 0x0, 0x0,
    0x0, 0x0, 0x2, 0x8b, 0x94, 0x0, 0x0, 0x0,
    0x0, 0x5a, 0xc6, 0x11, 0x36, 0x86, 0x30, 0x0,
    0x0, 0x0, 0x16, 0xaa, 0x61, 0x27, 0x97, 0x56,
    0x9a, 0xaf, 0xff, 0xfb, 0x98, 0x77, 0x53, 0x10,
    0x0, 0x0, 0x6d, 0xff, 0xcb, 0xff, 0xd6, 0x10,
    0x0, 0x0, 0x49, 0xc8, 0x31, 0x23, 0x45, 0x53,
    0x0, 0x0, 0x0, 0x0, 0x26, 0xaa, 0x61, 0x0,
    0x37, 0xaa, 0xad, 0xff, 0xfd, 0x88, 0x76, 0x54,
    0x20, 0x0, 0x0, 0x27, 0xef, 0xfd, 0xaa, 0xa9,
    0x52, 0x0, 0x0, 0x5, 0xab, 0x61, 0x14, 0x9b,
    0x94, 0x10, 0x0, 0x3, 0x67, 0x53, 0x10, 0x0,
    0x0, 0x0, 0x0, 0x0, 0x18, 0xef, 0xfc, 0xa6,
    0x20, 0x0, 0x0, 0x0, 0x24, 0x78, 0x9a, 0xaa,
    0xa9, 0x62, 0x12, 0x46, 0x9b, 0xdf, 0xff, 0x82,
    0x2, 0x55, 0x20, 0x0, 0x1, 0x34, 0x31, 0x0,
    0x0, 0x2, 0x6a, 0xa7, 0x53, 0x10, 0x2, 0x6a,
    0xcc, 0xca, 0x62, 0x0, 0x0,

    /* U+7EC8 "终" */
    0x0, 0x0, 0x0, 0x0, 0x14, 0x64, 0x10, 0x0,
    0x0, 0x3, 0x67, 0x41, 0x0, 0x0, 0x0, 0x0,
    0x0, 0x0, 0x0, 0x0, 0x0, 0x3, 0x8c, 0x94,
    0x0, 0x0, 0x2, 0x8f, 0xff, 0xa9, 0x99, 0xac,
    0xa6, 0x10, 0x0, 0x0, 0x0, 0x0, 0x1, 0x6a,
    0xb6, 0x11, 0x33, 0x34, 0x8d, 0xff, 0xd6, 0x21,
    0x25, 0xbd, 0x93, 0x0, 0x0, 0x0, 0x0, 0x1,
    0x6c, 0xfc, 0x76, 0xad, 0xd9, 0x77, 0x63, 0x2,
    0x7c, 0xee, 0xec, 0x83, 0x0, 0x0, 0x0, 0x0,
    0x0, 0x2, 0x68, 0x87, 0xae, 0xea, 0x30, 0x0,
    0x1, 0x36, 0xad, 0xee, 0xec, 0x95, 0x21, 0x0,
    0x0, 0x0, 0x0, 0x0, 0x2, 0x6a, 0xa6, 0x32,
    0x33, 0x58, 0xbb, 0x97, 0x54, 0x21, 0x2, 0x47,
    0xac, 0xb6, 0x20, 0x0, 0x0, 0x2, 0x9f, 0xfe,
    0xb9, 0x87, 0x64, 0x20, 0x0, 0x1, 0x36, 0x8a,
    0xba, 0x62, 0x0, 0x0, 0x0, 0x0, 0x0, 0x0,
    0x0, 0x0, 0x1, 0x23, 0x44, 0x31, 0x24, 0x66,
    0x42, 0x10, 0x1, 0x10, 0x0, 0x0, 0x0, 0x0,
    0x0, 0x3, 0x7a, 0xbb, 0xaa, 0x87, 0x65, 0x31,
    0x1, 0x34, 0x68, 0xab, 0xba, 0x86, 0x31, 0x0,
    0x0, 0x0, 0x0, 0x0, 0x0, 0x0, 0x0, 0x0,
    0x0, 0x0, 0x0, 0x0, 0x0, 0x0, 0x1, 0x46,
    0x53, 0x0, 0x0, 0x0,

    /* U+7ECF "经" */
    0x0, 0x0, 0x0, 0x34, 0x41, 0x0, 0x0, 0x0,
    0x0, 0x0, 0x0, 0x0, 0x0, 0x0, 0x0, 0x0,
    0x0, 0x16, 0xbb, 0x61, 0x0, 0x47, 0xbb, 0xbb,
    0xbb, 0xbb, 0xdf, 0xfe, 0x60, 0x0, 0x0, 0x3,
    0x9b, 0x83, 0x2, 0x22, 0x0, 0x0, 0x0, 0x1,
    0x49, 0xbb, 0x62, 0x0, 0x0, 0x3, 0x9c, 0xb7,
    0x46, 0xad, 0xb6, 0x10, 0x1, 0x47, 0xdf, 0xff,
    0x95, 0x20, 0x0, 0x0, 0x27, 0xbc, 0xab, 0xff,
    0xe7, 0x35, 0x9b, 0xcb, 0x96, 0x31, 0x13, 0x58,
    0xbc, 0xb8, 0x41, 0x0, 0x15, 0x9b, 0x84, 0x11,
    0x23, 0x45, 0x55, 0x55, 0x55, 0x55, 0x55, 0x55,
    0x53, 0x10, 0x2a, 0xff, 0xfc, 0xaa, 0x98, 0x53,
    0x24, 0x66, 0x67, 0xbf, 0xfa, 0x66, 0x66, 0x42,
    0x0, 0x0, 0x0, 0x0, 0x1, 0x24, 0x32, 0x0,
    0x0, 0x1, 0x6c, 0xa5, 0x0, 0x0, 0x0, 0x0,
    0x15, 0x9b, 0xcc, 0xba, 0x86, 0x65, 0x44, 0x44,
    0x45, 0xbf, 0xf9, 0x44, 0x44, 0x44, 0x21, 0x0,
    0x10, 0x0, 0x0, 0x0, 0x5a, 0xff, 0xff, 0xff,
    0xff, 0xff, 0xff, 0xff, 0xfe, 0x93,

    /* U+7F6E "置" */
    0x0, 0x39, 0xdc, 0xa8, 0x89, 0xcd, 0xc9, 0x88,
    0x9c, 0xdc, 0x98, 0x89, 0xcc, 0x82, 0x0, 0x0,
    0x38, 0xdc, 0xa8, 0x8a, 0xcd, 0xcb, 0xba, 0xac,
    0xdc, 0xa8, 0x89, 0xcb, 0x72, 0x0, 0x3, 0x57,
    0x77, 0x77, 0x77, 0x77, 0xaf, 0xff, 0xa7, 0x77,
    0x77, 0x77, 0x77, 0x52, 0x0, 0x1, 0x12, 0x24,
    0x56, 0x66, 0x67, 0xcf, 0xfb, 0x76, 0x66, 0x66,
    0x65, 0x32, 0x10, 0x0, 0x0, 0x0, 0x16, 0xcd,
    0x96, 0x66, 0x66, 0x66, 0x66, 0x66, 0x6a, 0xdc,
    0x61, 0x0, 0x0, 0x0, 0x0, 0x17, 0xde, 0xa5,
    0x55, 0x55, 0x55, 0x55, 0x55, 0x5b, 0xed, 0x61,
    0x0, 0x0, 0x0, 0x0, 0x17, 0xef, 0xc7, 0x77,
    0x77, 0x77, 0x77, 0x77, 0x7c, 0xfe, 0x61, 0x0,
    0x0, 0x0, 0x0, 0x16, 0xde, 0xb6, 0x66, 0x66,
    0x66, 0x66, 0x66, 0x6c, 0xfe, 0x61, 0x0, 0x0,
    0x17, 0xcf, 0xff, 0xff, 0xff, 0xff, 0xff, 0xff,
    0xff, 0xff, 0xff, 0xff, 0xff, 0xfc, 0x72,

    /* U+8109 "脉" */
    0x0, 0x0, 0x0, 0x0, 0x0, 0x0, 0x0, 0x0,
    0x0, 0x12, 0x31, 0x0, 0x0, 0x0, 0x0, 0x0,
    0x0, 0x0, 0x0, 0x0, 0x17, 0xef, 0xeb, 0xbf,
    0xfe, 0x50, 0x0, 0x25, 0x79, 0xbb, 0xb9, 0x63,
    0x0, 0x0, 0x0, 0x0, 0x0, 0x0, 0x17, 0xa8,
    0x30, 0x5, 0xab, 0x51, 0x35, 0x77, 0x78, 0x98,
    0x53, 0x21, 0x0, 0x0, 0x0, 0x0, 0x0, 0x0,
    0x17, 0xef, 0xeb, 0xbf, 0xfe, 0x50, 0x13, 0x44,
    0x47, 0xef, 0xe5, 0x0, 0x36, 0x63, 0x0, 0x0,
    0x0, 0x0, 0x17, 0xa8, 0x30, 0x5, 0xab, 0x97,
    0x99, 0xcb, 0x96, 0x9f, 0xfb, 0x69, 0xca, 0x51,
    0x0, 0x0, 0x0, 0x0, 0x17, 0xb9, 0x41, 0x16,
    0xbb, 0x62, 0x35, 0xad, 0xa6, 0x8d, 0xff, 0xf8,
    0x20, 0x0, 0x0, 0x0, 0x0, 0x0, 0x28, 0xef,
    0xda, 0xae, 0xfd, 0x50, 0x27, 0xb9, 0x43, 0x8b,
    0xa9, 0xa9, 0x40, 0x0, 0x0, 0x0, 0x0, 0x0,
    0x39, 0xa7, 0x10, 0x5, 0xab, 0x65, 0xab, 0x83,
    0x2, 0x8b, 0x83, 0x49, 0xb8, 0x30, 0x0, 0x0,
    0x0, 0x1, 0x6a, 0x94, 0x0, 0x5, 0xad, 0xda,
    0x83, 0x0, 0x2, 0x8b, 0x83, 0x1, 0x49, 0xa7,
    0x20, 0x0, 0x0, 0x4, 0x89, 0x51, 0x48, 0xbc,
    0xc8, 0x30, 0x0, 0x48, 0xbb, 0xca, 0x61, 0x0,
    0x0, 0x0, 0x0, 0x0, 0x0, 0x0, 0x0, 0x0,
    0x0, 0x0, 0x0, 0x0, 0x0, 0x0, 0x0, 0x0,
    0x0, 0x0, 0x0, 0x0, 0x0, 0x0,

    /* U+811A "脚" */
    0x0, 0x0, 0x29, 0xff, 0xdc, 0xff, 0xb3, 0x0,
    0x5, 0xaa, 0x40, 0x5, 0xae, 0xcc, 0xff, 0xd4,
    0x0, 0x0, 0x2, 0x8a, 0x72, 0x16, 0xa9, 0x44,
    0x8b, 0xff, 0xff, 0xb7, 0x8a, 0xa5, 0x16, 0xa9,
    0x40, 0x0, 0x0, 0x29, 0xff, 0xcb, 0xff, 0xb3,
    0x0, 0x5, 0xaa, 0x40, 0x5, 0xaa, 0x51, 0x6a,
    0x94, 0x0, 0x0, 0x2, 0x8a, 0x72, 0x16, 0xa9,
    0x54, 0x78, 0xdf, 0xfc, 0x76, 0x9b, 0xa5, 0x16,
    0xa9, 0x40, 0x0, 0x0, 0x28, 0xcb, 0x76, 0xbd,
    0xa4, 0x23, 0x8d, 0xea, 0x54, 0x37, 0xba, 0x51,
    0x6a, 0x94, 0x0, 0x0, 0x2, 0x9c, 0xb7, 0x6b,
    0xda, 0x30, 0x38, 0xa7, 0x78, 0x73, 0x5a, 0xa5,
    0x16, 0xa9, 0x40, 0x0, 0x0, 0x49, 0x95, 0x1,
    0x6a, 0x93, 0x39, 0xca, 0x68, 0xef, 0xa8, 0xab,
    0x98, 0xcb, 0x72, 0x0, 0x0, 0x16, 0x98, 0x30,
    0x16, 0xa9, 0x69, 0xdd, 0x96, 0x57, 0xaa, 0xbb,
    0xa5, 0x0, 0x0, 0x0, 0x0, 0x3, 0x88, 0x42,
    0x59, 0xcb, 0x72, 0x0, 0x0, 0x0, 0x0, 0x5,
    0xaa, 0x50, 0x0, 0x0, 0x0,

    /* U+89D2 "角" */
    0x0, 0x0, 0x0, 0x0, 0x14, 0x88, 0x41, 0x0,
    0x0, 0x0, 0x0, 0x0, 0x0, 0x0, 0x0, 0x0,
    0x0, 0x0, 0x14, 0xaf, 0xff, 0xba, 0xaa, 0xaa,
    0xdf, 0xfa, 0x30, 0x0, 0x0, 0x0, 0x0, 0x0,
    0x27, 0xce, 0xb5, 0x21, 0x11, 0x11, 0x38, 0xcb,
    0x72, 0x11, 0x11, 0x0, 0x0, 0x2, 0x6b, 0xef,
    0xff, 0xf9, 0x99, 0x99, 0xdf, 0xff, 0xda, 0x99,
    0x9e, 0xff, 0x71, 0x0, 0x0, 0x11, 0x26, 0xca,
    0x50, 0x0, 0x0, 0x5a, 0xc7, 0x10, 0x0, 0x5,
    0xac, 0x71, 0x0, 0x0, 0x0, 0x16, 0xff, 0xfa,
    0xaa, 0xaa, 0xff, 0xff, 0xca, 0xaa, 0xaf, 0xff,
    0x71, 0x0, 0x0, 0x0, 0x27, 0xc9, 0x40, 0x0,
    0x0, 0x5a, 0xc7, 0x10, 0x0, 0x5, 0xac, 0x71,
    0x0, 0x0, 0x0, 0x5a, 0xfe, 0xca, 0xaa, 0xaa,
    0xff, 0xff, 0xca, 0xaa, 0xaf, 0xff, 0x71, 0x0,
    0x0, 0x4, 0x9c, 0x82, 0x0, 0x0, 0x0, 0x5a,
    0xc7, 0x10, 0x0, 0x5, 0xac, 0x71, 0x0, 0x1,
    0x6a, 0xa5, 0x10, 0x0, 0x0, 0x0, 0x5a, 0xc7,
    0x24, 0x8b, 0xbc, 0xd9, 0x40, 0x0, 0x0, 0x0,
    0x0, 0x0, 0x0, 0x0, 0x0, 0x0, 0x0, 0x0,
    0x0, 0x0, 0x0, 0x0, 0x0,

    /* U+8BA1 "计" */
    0x0, 0x1, 0x58, 0x95, 0x20, 0x0, 0x0, 0x0,
    0x1, 0x7c, 0xa5, 0x0, 0x0, 0x0, 0x0, 0x0,
    0x0, 0x1, 0x48, 0xa7, 0x20, 0x0, 0x0, 0x1,
    0x7c, 0xa5, 0x0, 0x0, 0x0, 0x0, 0x1, 0x22,
    0x23, 0x43, 0x10, 0x0, 0x0, 0x0, 0x1, 0x7c,
    0xa5, 0x0, 0x0, 0x0, 0x0, 0x14, 0x79, 0x9d,
    0xff, 0x92, 0x48, 0xcc, 0xcc, 0xce, 0xff, 0xff,
    0xcc, 0xcc, 0xca, 0x62, 0x0, 0x0, 0x4, 0xac,
    0x72, 0x0, 0x0, 0x0, 0x1, 0x7c, 0xa5, 0x0,
    0x0, 0x0, 0x0, 0x0, 0x0, 0x4, 0xac, 0x72,
    0x0, 0x0, 0x0, 0x1, 0x7c, 0xa5, 0x0, 0x0,
    0x0, 0x0, 0x0, 0x0, 0x4, 0xac, 0x84, 0x56,
    0x41, 0x0, 0x1, 0x7c, 0xa5, 0x0, 0x0, 0x0,
    0x0, 0x0, 0x0, 0x18, 0xff, 0xfd, 0x85, 0x10,
    0x0, 0x1, 0x7c, 0xa5, 0x0, 0x0, 0x0, 0x0,
    0x0, 0x0, 0x4a, 0xc8, 0x20, 0x0, 0x0, 0x0,
    0x1, 0x7c, 0xa5, 0x0, 0x0, 0x0, 0x0,

    /* U+8BB0 "记" */
    0x0, 0x0, 0x0, 0x0, 0x0, 0x0, 0x0, 0x0,
    0x0, 0x0, 0x0, 0x0, 0x0, 0x0, 0x0, 0x0,
    0x2, 0x6a, 0xb7, 0x30, 0x3, 0x7b, 0xcc, 0xcc,
    0xcc, 0xcc, 0xcc, 0xca, 0x62, 0x0, 0x0, 0x0,
    0x0, 0x36, 0x75, 0x10, 0x0, 0x0, 0x0, 0x0,
    0x0, 0x2, 0x8c, 0x93, 0x0, 0x13, 0x56, 0x68,
    0xa8, 0x40, 0x0, 0x0, 0x0, 0x0, 0x0, 0x0,
    0x2, 0x8c, 0x93, 0x0, 0x2, 0x34, 0x48, 0xde,
    0x82, 0x1, 0x5c, 0xed, 0xaa, 0xaa, 0xaa, 0xad,
    0xff, 0xb3, 0x0, 0x0, 0x0, 0x4, 0x9b, 0x72,
    0x1, 0x7d, 0xb6, 0x11, 0x11, 0x11, 0x12, 0x67,
    0x52, 0x0, 0x0, 0x0, 0x4, 0x9b, 0x72, 0x1,
    0x7c, 0xa5, 0x0, 0x0, 0x0, 0x0, 0x0, 0x0,
    0x0, 0x0, 0x0, 0x4, 0x9b, 0x74, 0x34, 0x8c,
    0xa5, 0x0, 0x0, 0x0, 0x0, 0x1, 0x45, 0x41,
    0x0, 0x0, 0x6, 0xef, 0xfe, 0x96, 0x8c, 0xa5,
    0x0, 0x0, 0x0, 0x0, 0x3, 0x8c, 0x83, 0x0,
    0x0, 0x4c, 0xfb, 0x40, 0x0, 0x37, 0xbc, 0xbb,
    0xbb, 0xbb, 0xbb, 0xcc, 0xc8, 0x30,

    /* U+8BBE "设" */
    0x0, 0x0, 0x0, 0x0, 0x0, 0x0, 0x0, 0x0,
    0x0, 0x0, 0x0, 0x0, 0x0, 0x0, 0x0, 0x0,
    0x0, 0x0, 0x15, 0x9b, 0x84, 0x10, 0x0, 0x4,
    0xef, 0xfd, 0xbb, 0xdf, 0xfb, 0x40, 0x0, 0x0,
    0x0, 0x0, 0x0, 0x0, 0x26, 0x75, 0x10, 0x0,
    0x5a, 0xb6, 0x0, 0x2, 0x7b, 0x94, 0x0, 0x0,
    0x0, 0x0, 0x12, 0x44, 0x55, 0x41, 0x0, 0x3,
    0x8b, 0xb6, 0x10, 0x0, 0x16, 0xbb, 0x85, 0x53,
    0x10, 0x0, 0x3, 0x57, 0x7c, 0xfe, 0x61, 0x47,
    0x96, 0x31, 0x0, 0x0, 0x0, 0x2, 0x45, 0x55,
    0x31, 0x0, 0x0, 0x0, 0x0, 0x5a, 0xb6, 0x1,
    0x5a, 0xff, 0xdb, 0xbb, 0xbb, 0xbb, 0xcf, 0xfd,
    0x50, 0x0, 0x0, 0x0, 0x0, 0x5, 0xab, 0x60,
    0x0, 0x4, 0x9b, 0x83, 0x0, 0x1, 0x49, 0xb8,
    0x30, 0x0, 0x0, 0x0, 0x0, 0x0, 0x5a, 0xb8,
    0x66, 0x51, 0x1, 0x48, 0xbb, 0xaa, 0xbb, 0x73,
    0x0, 0x0, 0x0, 0x0, 0x0, 0x0, 0x3c, 0xff,
    0xf8, 0x41, 0x12, 0x46, 0x9c, 0xff, 0xff, 0xb8,
    0x53, 0x20, 0x0, 0x0, 0x0, 0x0, 0x3, 0x66,
    0x30, 0x4, 0x7a, 0x97, 0x42, 0x0, 0x0, 0x2,
    0x46, 0x8a, 0xa6, 0x20, 0x0,

    /* U+8BE2 "询" */
    0x0, 0x0, 0x0, 0x0, 0x0, 0x0, 0x0, 0x2,
    0x43, 0x10, 0x0, 0x0, 0x0, 0x0, 0x0, 0x0,
    0x1, 0x6a, 0xb8, 0x41, 0x0, 0x2, 0x7c, 0xc7,
    0x20, 0x0, 0x0, 0x0, 0x0, 0x0, 0x0, 0x0,
    0x0, 0x37, 0x74, 0x10, 0x4a, 0xff, 0xfc, 0xbb,
    0xbb, 0xbb, 0xbf, 0xfe, 0x50, 0x1, 0x34, 0x46,
    0x65, 0x21, 0x5a, 0xdc, 0x96, 0x54, 0x44, 0x44,
    0x21, 0x5, 0xab, 0x61, 0x2, 0x46, 0x6b, 0xfe,
    0x71, 0x12, 0x48, 0xcc, 0x95, 0x55, 0x9c, 0xa5,
    0x5, 0xab, 0x61, 0x0, 0x0, 0x5, 0xab, 0x61,
    0x0, 0x27, 0xef, 0xd9, 0x99, 0xff, 0xe5, 0x5,
    0xab, 0x60, 0x0, 0x0, 0x5, 0xab, 0x61, 0x0,
    0x27, 0xb9, 0x30, 0x0, 0x5a, 0xa5, 0x5, 0xab,
    0x50, 0x0, 0x0, 0x5, 0xac, 0x97, 0x97, 0x57,
    0xef, 0xda, 0xaa, 0xab, 0x84, 0x16, 0xba, 0x50,
    0x0, 0x0, 0x4d, 0xff, 0xf8, 0x31, 0x2, 0x43,
    0x10, 0x0, 0x0, 0x0, 0x39, 0xc8, 0x30, 0x0,
    0x0, 0x36, 0x63, 0x0, 0x0, 0x0, 0x0, 0x0,
    0x3, 0x7b, 0xbb, 0xcc, 0x83, 0x0,

    /* U+8C03 "调" */
    0x0, 0x0, 0x0, 0x0, 0x0, 0x0, 0x0, 0x0,
    0x0, 0x0, 0x0, 0x0, 0x0, 0x0, 0x0, 0x0,
    0x3, 0x7b, 0xa6, 0x20, 0x5, 0xcf, 0xea, 0xaa,
    0xaa, 0xaa, 0xaa, 0xaf, 0xfe, 0x50, 0x0, 0x0,
    0x1, 0x59, 0x95, 0x15, 0xa9, 0x40, 0x0, 0x48,
    0x84, 0x0, 0x5, 0xaa, 0x50, 0x1, 0x22, 0x23,
    0x32, 0x10, 0x5, 0xa9, 0x65, 0x89, 0xef, 0xfe,
    0x97, 0x35, 0xaa, 0x50, 0x2, 0x57, 0x7c, 0xfe,
    0x60, 0x5, 0xa9, 0x65, 0x88, 0xdf, 0xfc, 0x88,
    0x58, 0xaa, 0x50, 0x0, 0x0, 0x5, 0xab, 0x60,
    0x5, 0xa9, 0x40, 0x0, 0x0, 0x0, 0x0, 0x5,
    0xaa, 0x50, 0x0, 0x0, 0x5, 0xab, 0x60, 0x16,
    0xa9, 0x7a, 0xfe, 0xa9, 0x9a, 0xc9, 0x45, 0xaa,
    0x50, 0x0, 0x0, 0x5, 0xac, 0xa7, 0x9c, 0xb7,
    0x5a, 0xfe, 0xa9, 0x9a, 0xc9, 0x45, 0xaa, 0x50,
    0x0, 0x0, 0x3c, 0xff, 0xe8, 0x9b, 0x83, 0x14,
    0x43, 0x0, 0x0, 0x0, 0x5, 0xaa, 0x50, 0x0,
    0x0, 0x58, 0x83, 0x27, 0x97, 0x20, 0x0, 0x0,
    0x0, 0x1, 0x58, 0xac, 0xc8, 0x30, 0x0, 0x0,
    0x0, 0x0, 0x0, 0x0, 0x0, 0x0, 0x0, 0x0,
    0x0, 0x0, 0x0, 0x0, 0x0,

    /* U+8FDB "进" */
    0x0, 0x15, 0x9a, 0x73, 0x10, 0x0, 0x0, 0x5a,
    0xb6, 0x10, 0x16, 0xca, 0x50, 0x0, 0x0, 0x0,
    0x0, 0x0, 0x0, 0x26, 0x75, 0x24, 0x8b, 0xbf,
    0xff, 0xfc, 0xbc, 0xff, 0xff, 0xba, 0x73, 0x0,
    0x0, 0x0, 0x0, 0x0, 0x0, 0x0, 0x0, 0x0,
    0x5a, 0xb6, 0x10, 0x16, 0xca, 0x50, 0x0, 0x0,
    0x0, 0x0, 0x48, 0xcc, 0xcc, 0x95, 0x0, 0x0,
    0x5, 0xab, 0x60, 0x1, 0x6c, 0xa5, 0x0, 0x0,
    0x0, 0x0, 0x0, 0x0, 0x5, 0xac, 0x64, 0x7a,
    0xbd, 0xff, 0xff, 0xbb, 0xcf, 0xff, 0xfb, 0xb9,
    0x51, 0x0, 0x0, 0x0, 0x0, 0x5a, 0xc6, 0x10,
    0x1, 0x6b, 0xb6, 0x10, 0x1, 0x6c, 0xa5, 0x0,
    0x0, 0x0, 0x0, 0x0, 0x0, 0x6, 0xcd, 0x71,
    0x15, 0xac, 0x94, 0x0, 0x0, 0x16, 0xca, 0x50,
    0x0, 0x0, 0x0, 0x0, 0x3, 0x8a, 0xba, 0xaa,
    0x98, 0x64, 0x31, 0x0, 0x0, 0x0, 0x13, 0x32,
    0x11, 0x21, 0x10, 0x0, 0x3, 0x77, 0x30, 0x0,
    0x1, 0x35, 0x79, 0x9a, 0xaa, 0xbb, 0xbb, 0xba,
    0xaa, 0xa8, 0x51, 0x0, 0x0,

    /* U+9009 "选" */
    0x0, 0x26, 0x87, 0x31, 0x0, 0x0, 0x26, 0x97,
    0x21, 0x7c, 0xa5, 0x0, 0x0, 0x0, 0x0, 0x0,
    0x0, 0x0, 0x2, 0x7a, 0x95, 0x11, 0x5b, 0xff,
    0xda, 0xcf, 0xff, 0xfa, 0xaa, 0xaa, 0x63, 0x0,
    0x0, 0x0, 0x0, 0x0, 0x0, 0x0, 0x25, 0x53,
    0x0, 0x1, 0x7c, 0xa5, 0x0, 0x0, 0x0, 0x0,
    0x0, 0x0, 0x26, 0xab, 0xbb, 0x84, 0x35, 0x9a,
    0xab, 0xff, 0xfe, 0xdf, 0xff, 0xea, 0xaa, 0x85,
    0x10, 0x0, 0x0, 0x0, 0x5, 0xab, 0x60, 0x0,
    0x0, 0x5a, 0xb7, 0x10, 0x5a, 0xb6, 0x10, 0x0,
    0x0, 0x0, 0x0, 0x0, 0x0, 0x5a, 0xb6, 0x0,
    0x2, 0x7c, 0xc7, 0x20, 0x5, 0xab, 0x61, 0x2,
    0x67, 0x40, 0x0, 0x0, 0x0, 0x5, 0xab, 0x64,
    0x7c, 0xca, 0x62, 0x0, 0x0, 0x39, 0xdc, 0xba,
    0xcc, 0x94, 0x0, 0x0, 0x0, 0x25, 0xbe, 0xfd,
    0xa7, 0x31, 0x0, 0x0, 0x0, 0x0, 0x0, 0x1,
    0x10, 0x0, 0x0, 0x0, 0x2, 0x7b, 0xa5, 0x10,
    0x2, 0x58, 0xab, 0xbb, 0xba, 0xaa, 0xaa, 0xab,
    0xbb, 0xbb, 0x84, 0x0, 0x0, 0x0, 0x0, 0x0,
    0x0, 0x0, 0x0, 0x0, 0x0, 0x0, 0x0, 0x0,
    0x0, 0x0, 0x0, 0x0, 0x0,

    /* U+901F "速" */
    0x0, 0x36, 0x74, 0x10, 0x0, 0x12, 0x22, 0x22,
    0x27, 0xcd, 0x82, 0x22, 0x22, 0x21, 0x10, 0x0,
    0x0, 0x0, 0x25, 0xab, 0x94, 0x34, 0x66, 0x66,
    0x66, 0xcf, 0xfd, 0x76, 0x66, 0x66, 0x53, 0x10,
    0x0, 0x0, 0x0, 0x0, 0x0, 0x0, 0x38, 0xcb,
    0x99, 0x9e, 0xff, 0xfa, 0x99, 0xbc, 0x94, 0x0,
    0x0, 0x1, 0x58, 0xbb, 0xbc, 0x95, 0x4, 0x9b,
    0x61, 0x0, 0x5a, 0xb6, 0x0, 0x6, 0xba, 0x50,
    0x0, 0x0, 0x0, 0x0, 0x5, 0xab, 0x60, 0x25,
    0x99, 0x9a, 0xdf, 0xff, 0xfe, 0xa9, 0x99, 0x63,
    0x0, 0x0, 0x0, 0x0, 0x0, 0x5a, 0xb6, 0x0,
    0x1, 0x37, 0xaa, 0xbc, 0xdb, 0x9b, 0xa7, 0x31,
    0x0, 0x0, 0x0, 0x0, 0x0, 0x5, 0xab, 0x63,
    0x6a, 0xba, 0x62, 0x5, 0xab, 0x60, 0x3, 0x7b,
    0xa6, 0x10, 0x0, 0x0, 0x1, 0x48, 0xce, 0xeb,
    0x85, 0x31, 0x0, 0x0, 0x36, 0x63, 0x0, 0x0,
    0x0, 0x0, 0x0, 0x0, 0x4, 0x9a, 0x62, 0x0,
    0x13, 0x68, 0x9a, 0xaa, 0xaa, 0xaa, 0xaa, 0xaa,
    0xab, 0xbb, 0x73, 0x0, 0x0, 0x0, 0x0, 0x0,
    0x0, 0x0, 0x0, 0x0, 0x0, 0x0, 0x0, 0x0,
    0x0, 0x0, 0x0, 0x0, 0x0,

    /* U+914D "配" */
    0x0, 0x1, 0x11, 0x11, 0x11, 0x11, 0x11, 0x0,
    0x0, 0x0, 0x0, 0x0, 0x0, 0x0, 0x0, 0x14,
    0x79, 0x9e, 0xff, 0xff, 0xff, 0x99, 0x63, 0x47,
    0xbb, 0xbb, 0xbb, 0xbd, 0xea, 0x40, 0x0, 0x12,
    0x38, 0xbb, 0x9b, 0xb8, 0x32, 0x10, 0x0, 0x0,
    0x0, 0x0, 0x16, 0xba, 0x40, 0x3, 0x8b, 0xbc,
    0xff, 0xee, 0xec, 0xbb, 0x72, 0x0, 0x0, 0x0,
    0x0, 0x16, 0xba, 0x40, 0x3, 0x8a, 0x75, 0x77,
    0x66, 0x65, 0x7a, 0x72, 0x4c, 0xff, 0xcb, 0xbb,
    0xdf, 0xfc, 0x40, 0x3, 0x8a, 0xa9, 0x74, 0x36,
    0x8a, 0xcc, 0x82, 0x5b, 0xb6, 0x10, 0x0, 0x4,
    0x65, 0x20, 0x3, 0x8b, 0xa5, 0x32, 0x22, 0x24,
    0x9b, 0x82, 0x5b, 0xb6, 0x10, 0x0, 0x0, 0x0,
    0x0, 0x3, 0x9d, 0xc7, 0x66, 0x66, 0x68, 0xcd,
    0x82, 0x5b, 0xb6, 0x10, 0x0, 0x0, 0x36, 0x52,
    0x3, 0xaf, 0xfb, 0x99, 0x99, 0x9c, 0xfe, 0x92,
    0x5a, 0xb6, 0x10, 0x0, 0x1, 0x6b, 0x94, 0x3,
    0x8a, 0x71, 0x0, 0x0, 0x2, 0x7a, 0x72, 0x27,
    0xcc, 0xcb, 0xbb, 0xbc, 0xc9, 0x51, 0x0, 0x0,
    0x0, 0x0, 0x0, 0x0, 0x0, 0x0, 0x0, 0x0,
    0x0, 0x0, 0x0, 0x0, 0x0,

    /* U+91C7 "采" */
    0x0, 0x0, 0x0, 0x0, 0x0, 0x0, 0x0, 0x0,
    0x0, 0x0, 0x0, 0x11, 0x23, 0x32, 0x0, 0x0,
    0x0, 0x0, 0x2, 0x59, 0xaa, 0xbb, 0xbb, 0xbb,
    0xbb, 0xbb, 0xbb, 0xba, 0xa9, 0x88, 0x63, 0x10,
    0x0, 0x0, 0x0, 0x0, 0x24, 0x42, 0x0, 0x0,
    0x37, 0x95, 0x10, 0x0, 0x0, 0x26, 0xa8, 0x40,
    0x0, 0x0, 0x0, 0x0, 0x1, 0x5a, 0xb7, 0x20,
    0x0, 0x5a, 0xc7, 0x20, 0x1, 0x4a, 0xb8, 0x30,
    0x0, 0x0, 0x0, 0x0, 0x0, 0x0, 0x25, 0x63,
    0x0, 0x3, 0x89, 0x61, 0x1, 0x68, 0x73, 0x0,
    0x0, 0x0, 0x0, 0x0, 0x37, 0xbb, 0xbb, 0xbb,
    0xbb, 0xce, 0xff, 0xff, 0xfd, 0xbb, 0xbb, 0xbb,
    0xbb, 0xa6, 0x20, 0x0, 0x0, 0x0, 0x0, 0x0,
    0x1, 0x5a, 0xce, 0xef, 0xed, 0xb7, 0x30, 0x0,
    0x0, 0x0, 0x0, 0x0, 0x0, 0x0, 0x0, 0x2,
    0x6a, 0xcb, 0x72, 0x5a, 0xc7, 0x33, 0x8b, 0xc8,
    0x41, 0x0, 0x0, 0x0, 0x0, 0x1, 0x47, 0xac,
    0xca, 0x52, 0x0, 0x5, 0xac, 0x72, 0x0, 0x3,
    0x7b, 0xcc, 0x96, 0x31, 0x0, 0x0, 0x25, 0x64,
    0x20, 0x0, 0x0, 0x0, 0x5a, 0xc7, 0x20, 0x0,
    0x0, 0x0, 0x25, 0x53, 0x10,

    /* U+91CD "重" */
    0x0, 0x0, 0x0, 0x0, 0x0, 0x0, 0x0, 0x11,
    0x12, 0x23, 0x34, 0x55, 0x65, 0x30, 0x0, 0x0,
    0x0, 0x0, 0x0, 0x25, 0x9a, 0xaa, 0xaa, 0xaa,
    0xef, 0xfc, 0x77, 0x65, 0x44, 0x31, 0x0, 0x0,
    0x0, 0x0, 0x4, 0x79, 0x99, 0x99, 0x99, 0x99,
    0xbf, 0xff, 0xf9, 0x99, 0x99, 0x99, 0x99, 0x97,
    0x41, 0x0, 0x0, 0x0, 0x1, 0x35, 0x66, 0x66,
    0x67, 0xcf, 0xfb, 0x66, 0x66, 0x66, 0x64, 0x20,
    0x0, 0x0, 0x0, 0x0, 0x0, 0x4a, 0xc8, 0x43,
    0x33, 0x4a, 0xfe, 0x83, 0x33, 0x33, 0x8c, 0xb6,
    0x0, 0x0, 0x0, 0x0, 0x0, 0x4, 0xad, 0xb8,
    0x88, 0x89, 0xff, 0xfd, 0x88, 0x88, 0x8b, 0xdb,
    0x60, 0x0, 0x0, 0x0, 0x0, 0x0, 0x37, 0xa9,
    0x88, 0x88, 0x9f, 0xff, 0xd8, 0x88, 0x88, 0x9a,
    0x84, 0x0, 0x0, 0x0, 0x0, 0x0, 0x37, 0x99,
    0x99, 0x99, 0x9a, 0xff, 0xfe, 0x99, 0x99, 0x99,
    0x99, 0x84, 0x10, 0x0, 0x0, 0x0, 0x0, 0x0,
    0x0, 0x0, 0x0, 0x16, 0xca, 0x50, 0x0, 0x0,
    0x0, 0x0, 0x0, 0x0, 0x0, 0x1, 0x48, 0x99,
    0x99, 0x99, 0x99, 0x9a, 0xbd, 0xcb, 0x99, 0x99,
    0x99, 0x99, 0x99, 0x74, 0x10,

    /* U+91CF "量" */
    0x0, 0x0, 0x39, 0xcb, 0x87, 0x77, 0x77, 0x77,
    0x77, 0x77, 0x79, 0xbd, 0x83, 0x0, 0x0, 0x0,
    0x0, 0x0, 0x3, 0x9c, 0xb8, 0x77, 0x77, 0x77,
    0x77, 0x77, 0x77, 0x8b, 0xc8, 0x30, 0x0, 0x0,
    0x0, 0x0, 0x12, 0x46, 0x89, 0x99, 0x99, 0x99,
    0x99, 0x99, 0x99, 0x99, 0x98, 0x64, 0x22, 0x10,
    0x0, 0x0, 0x13, 0x67, 0x89, 0x99, 0x99, 0x99,
    0x99, 0x99, 0x99, 0x99, 0x99, 0x98, 0x76, 0x64,
    0x20, 0x0, 0x0, 0x1, 0x6b, 0xc9, 0x66, 0x66,
    0x7c, 0xff, 0xc6, 0x66, 0x66, 0x8b, 0xc8, 0x30,
    0x0, 0x0, 0x0, 0x0, 0x16, 0xbc, 0x86, 0x66,
    0x66, 0xcf, 0xfb, 0x66, 0x66, 0x68, 0xbc, 0x83,
    0x0, 0x0, 0x0, 0x0, 0x0, 0x36, 0x88, 0x88,
    0x88, 0x8e, 0xff, 0xd8, 0x88, 0x88, 0x88, 0x64,
    0x10, 0x0, 0x0, 0x0, 0x0, 0x25, 0x77, 0x77,
    0x77, 0x78, 0xdf, 0xfd, 0x87, 0x77, 0x77, 0x77,
    0x53, 0x0, 0x0, 0x0, 0x4, 0x9f, 0xff, 0xff,
    0xff, 0xff, 0xff, 0xff, 0xff, 0xff, 0xff, 0xff,
    0xff, 0xfe, 0x83, 0x0, 0x0,

    /* U+9524 "锤" */
    0x0, 0x0, 0x13, 0x31, 0x0, 0x0, 0x0, 0x0,
    0x0, 0x0, 0x0, 0x1, 0x22, 0x10, 0x0, 0x0,
    0x0, 0x0, 0x4b, 0xeb, 0x64, 0x44, 0x35, 0x79,
    0xaa, 0xab, 0xef, 0xfb, 0x98, 0x64, 0x10, 0x0,
    0x0, 0x2, 0x7c, 0xeb, 0x87, 0x77, 0x76, 0x42,
    0x22, 0x22, 0x49, 0xca, 0x52, 0x22, 0x21, 0x0,
    0x0, 0x1, 0x58, 0x98, 0x9a, 0xa9, 0x75, 0x45,
    0x7d, 0xff, 0xdb, 0xff, 0xfc, 0xcf, 0xfe, 0x74,
    0x10, 0x0, 0x0, 0x2, 0x39, 0xff, 0xa4, 0x31,
    0x0, 0x5a, 0xa5, 0x27, 0xa8, 0x34, 0x9a, 0x60,
    0x0, 0x0, 0x0, 0x12, 0x44, 0x9f, 0xfa, 0x44,
    0x69, 0xbf, 0xff, 0xfd, 0xff, 0xfe, 0xff, 0xff,
    0xc8, 0x40, 0x0, 0x1, 0x36, 0x6b, 0xff, 0xb6,
    0x53, 0x10, 0x5a, 0xa5, 0x27, 0xa8, 0x34, 0x9a,
    0x60, 0x0, 0x0, 0x0, 0x0, 0x0, 0x5a, 0xb5,
    0x0, 0x26, 0x9d, 0xee, 0xdd, 0xff, 0xfe, 0xce,
    0xed, 0xa6, 0x20, 0x0, 0x0, 0x0, 0x17, 0xff,
    0xfc, 0xb7, 0x30, 0x0, 0x0, 0x27, 0xa8, 0x30,
    0x0, 0x0, 0x0, 0x0, 0x0, 0x0, 0x19, 0xff,
    0xc6, 0x20, 0x5, 0xaf, 0xff, 0xff, 0xff, 0xff,
    0xff, 0xfb, 0x61, 0x0, 0x0, 0x0, 0x0, 0x0,
    0x0, 0x0, 0x0, 0x0, 0x0, 0x0, 0x0, 0x0,
    0x0, 0x0, 0x0, 0x0, 0x0, 0x0,

    /* U+95F4 "间" */
    0x0, 0x1, 0x33, 0x10, 0x0, 0x0, 0x0, 0x0,
    0x0, 0x0, 0x0, 0x0, 0x0, 0x0, 0x0, 0x0,
    0x2, 0x6b, 0xc8, 0x31, 0x48, 0xbb, 0xbb, 0xbb,
    0xbb, 0xbb, 0xbb, 0xff, 0xfb, 0x30, 0x0, 0x0,
    0x1, 0x45, 0x41, 0x0, 0x0, 0x0, 0x0, 0x0,
    0x0, 0x0, 0x38, 0xc8, 0x30, 0x0, 0x5a, 0xb6,
    0x10, 0x14, 0x8a, 0xaa, 0xaa, 0xaa, 0xaa, 0x63,
    0x0, 0x38, 0xc8, 0x30, 0x0, 0x5a, 0xc7, 0x10,
    0x27, 0xb9, 0x30, 0x0, 0x0, 0x6b, 0xa5, 0x0,
    0x38, 0xc8, 0x30, 0x0, 0x5a, 0xc7, 0x10, 0x27,
    0xcd, 0xba, 0xaa, 0xaa, 0xce, 0xa5, 0x0, 0x38,
    0xc8, 0x30, 0x0, 0x5a, 0xc7, 0x10, 0x27, 0xb9,
    0x30, 0x0, 0x0, 0x6b, 0xa5, 0x0, 0x38, 0xc8,
    0x30, 0x0, 0x5a, 0xc7, 0x10, 0x27, 0xcd, 0xb9,
    0x99, 0x9a, 0xce, 0xa5, 0x0, 0x38, 0xc8, 0x30,
    0x0, 0x5a, 0xc7, 0x10, 0x0, 0x0, 0x0, 0x0,
    0x0, 0x0, 0x0, 0x0, 0x38, 0xc8, 0x30, 0x0,
    0x5a, 0xc7, 0x10, 0x0, 0x0, 0x0, 0x0, 0x0,
    0x0, 0x2, 0x59, 0xbd, 0xb6, 0x10, 0x0, 0x0,
    0x0, 0x0, 0x0, 0x0, 0x0, 0x0, 0x0, 0x0,
    0x0, 0x0, 0x0, 0x0, 0x0,

    /* U+9608 "阈" */
    0x0, 0x0, 0x12, 0x20, 0x0, 0x0, 0x0, 0x0,
    0x0, 0x0, 0x0, 0x0, 0x0, 0x0, 0x0, 0x0,
    0x0, 0x38, 0xbb, 0x62, 0x37, 0xbb, 0xbb, 0xbb,
    0xbb, 0xbb, 0xbb, 0xef, 0xfa, 0x30, 0x0, 0x12,
    0x21, 0x27, 0x97, 0x30, 0x0, 0x4, 0x88, 0x65,
    0x53, 0x0, 0x38, 0xb8, 0x30, 0x0, 0x5a, 0xc6,
    0x45, 0x88, 0x88, 0x88, 0x8c, 0xff, 0xd9, 0xaa,
    0x83, 0x48, 0xb8, 0x30, 0x0, 0x5a, 0xc6, 0x13,
    0x57, 0x77, 0x76, 0x45, 0x89, 0x51, 0x45, 0x41,
    0x38, 0xb8, 0x30, 0x0, 0x5a, 0xc6, 0x26, 0x86,
    0x10, 0x48, 0x85, 0x79, 0x88, 0x98, 0x30, 0x38,
    0xb8, 0x30, 0x0, 0x5a, 0xc6, 0x24, 0x79, 0x87,
    0x88, 0x62, 0x4b, 0xff, 0x83, 0x0, 0x38, 0xb8,
    0x30, 0x0, 0x5a, 0xc7, 0x34, 0x67, 0x89, 0x99,
    0x76, 0x8f, 0xff, 0x63, 0x77, 0x78, 0xb8, 0x30,
    0x0, 0x5a, 0xc6, 0x32, 0x32, 0x10, 0x4, 0x8b,
    0x94, 0x35, 0x9b, 0x84, 0x48, 0xb8, 0x30, 0x0,
    0x5a, 0xc6, 0x10, 0x0, 0x0, 0x0, 0x0, 0x0,
    0x1, 0x48, 0xaa, 0xbc, 0xa6, 0x10, 0x0, 0x0,
    0x0, 0x0, 0x0, 0x0, 0x0, 0x0, 0x0, 0x0,
    0x0, 0x0, 0x0, 0x0, 0x0,

    /* U+96C6 "集" */
    0x0, 0x0, 0x0, 0x0, 0x1, 0x34, 0x31, 0x0,
    0x24, 0x31, 0x0, 0x0, 0x0, 0x0, 0x0, 0x0,
    0x0, 0x0, 0x0, 0x0, 0x28, 0xff, 0xd8, 0x55,
    0x58, 0xdf, 0xe9, 0x55, 0x55, 0x55, 0x54, 0x31,
    0x0, 0x0, 0x0, 0x14, 0x9f, 0xff, 0xc6, 0x55,
    0x55, 0x9e, 0xfa, 0x65, 0x55, 0x55, 0x55, 0x42,
    0x10, 0x0, 0x0, 0x48, 0xa7, 0x7a, 0xfd, 0xb8,
    0x88, 0x8e, 0xff, 0xfa, 0x88, 0x88, 0x88, 0x63,
    0x10, 0x0, 0x0, 0x0, 0x0, 0x4, 0xaf, 0xda,
    0x88, 0x88, 0xdf, 0xfe, 0x98, 0x88, 0x88, 0x86,
    0x31, 0x0, 0x0, 0x0, 0x0, 0x0, 0x4d, 0xff,
    0xb9, 0x99, 0x9d, 0xff, 0xda, 0x99, 0x99, 0x99,
    0x99, 0x84, 0x10, 0x0, 0x0, 0x0, 0x1, 0x34,
    0x21, 0x0, 0x3, 0x78, 0x51, 0x0, 0x0, 0x0,
    0x0, 0x0, 0x0, 0x0, 0x0, 0x36, 0x99, 0x99,
    0x99, 0x9b, 0xef, 0xff, 0xff, 0xff, 0xda, 0x99,
    0x99, 0x99, 0x85, 0x20, 0x0, 0x0, 0x0, 0x13,
    0x58, 0xab, 0xa7, 0x46, 0xac, 0x73, 0x47, 0x9a,
    0x97, 0x53, 0x10, 0x0, 0x0, 0x0, 0x48, 0xba,
    0x86, 0x41, 0x0, 0x0, 0x4a, 0xc7, 0x20, 0x0,
    0x1, 0x35, 0x79, 0x97, 0x30,

    /* U+9762 "面" */
    0x2, 0x6a, 0xbb, 0xbb, 0xbb, 0xbb, 0xdf, 0xff,
    0xeb, 0xbb, 0xbb, 0xbb, 0xbb, 0xbb, 0x73, 0x0,
    0x0, 0x0, 0x0, 0x0, 0x0, 0x5a, 0xc7, 0x10,
    0x0, 0x0, 0x0, 0x0, 0x0, 0x0, 0x0, 0x37,
    0xbb, 0xbb, 0xbd, 0xef, 0xff, 0xfd, 0xbc, 0xee,
    0xdb, 0xbb, 0xbb, 0x73, 0x0, 0x0, 0x4a, 0xb7,
    0x10, 0x27, 0xb9, 0x30, 0x0, 0x5, 0xab, 0x60,
    0x2, 0x7c, 0xa4, 0x0, 0x0, 0x4a, 0xb7, 0x10,
    0x28, 0xff, 0xd9, 0x99, 0x9e, 0xfd, 0x60, 0x2,
    0x7c, 0xa4, 0x0, 0x0, 0x4a, 0xb7, 0x10, 0x27,
    0xb9, 0x30, 0x0, 0x5, 0xab, 0x60, 0x2, 0x7c,
    0xa4, 0x0, 0x0, 0x4a, 0xb7, 0x10, 0x28, 0xff,
    0xd9, 0x99, 0x9e, 0xfd, 0x60, 0x2, 0x7c, 0xa4,
    0x0, 0x0, 0x4b, 0xfc, 0x87, 0x8d, 0xff, 0xa7,
    0x77, 0x7b, 0xff, 0xc7, 0x79, 0xdf, 0xb4, 0x0,
    0x0, 0x4a, 0xda, 0x54, 0x44, 0x44, 0x44, 0x44,
    0x44, 0x44, 0x44, 0x46, 0xbe, 0xa4, 0x0,

    /* U+9891 "频" */
    0x0, 0x14, 0x53, 0x5, 0xab, 0x60, 0x0, 0x26,
    0x9a, 0xaa, 0xcd, 0xdb, 0xaa, 0xa7, 0x40, 0x0,
    0x38, 0xa7, 0x15, 0xdf, 0xfb, 0xa8, 0x51, 0x0,
    0x3, 0x8b, 0x72, 0x0, 0x0, 0x0, 0x12, 0x6c,
    0xda, 0x58, 0xee, 0x94, 0x33, 0x26, 0xac, 0xaa,
    0xbb, 0x98, 0xac, 0xb6, 0x10, 0x13, 0x67, 0x77,
    0x8c, 0xfd, 0x96, 0x66, 0x47, 0xaa, 0x52, 0x79,
    0x72, 0x39, 0xa7, 0x10, 0x0, 0x27, 0x97, 0x48,
    0xb8, 0x32, 0x78, 0x67, 0xaa, 0x52, 0x7a, 0x72,
    0x39, 0xa7, 0x10, 0x14, 0x9a, 0x72, 0x28, 0xb8,
    0x79, 0xb7, 0x25, 0xaa, 0x53, 0x8a, 0x61, 0x39,
    0xa7, 0x10, 0x2, 0x21, 0x0, 0x14, 0x8b, 0xca,
    0x51, 0x3, 0x66, 0x46, 0xaa, 0x51, 0x25, 0x64,
    0x10, 0x0, 0x1, 0x35, 0x9b, 0xb7, 0x30, 0x0,
    0x0, 0x25, 0xab, 0x85, 0x69, 0xa8, 0x41, 0x0,
    0x3, 0x79, 0x96, 0x31, 0x0, 0x0, 0x3, 0x69,
    0x96, 0x31, 0x0, 0x0, 0x14, 0x77, 0x40,

    /* U+9AD8 "高" */
    0x0, 0x0, 0x0, 0x0, 0x0, 0x0, 0x1, 0x22,
    0x0, 0x0, 0x0, 0x0, 0x0, 0x0, 0x0, 0x12,
    0x33, 0x33, 0x33, 0x33, 0x33, 0x49, 0xef, 0xa5,
    0x33, 0x33, 0x33, 0x33, 0x21, 0x0, 0x24, 0x67,
    0x77, 0x77, 0x77, 0x77, 0x77, 0x88, 0x87, 0x77,
    0x77, 0x77, 0x77, 0x53, 0x10, 0x0, 0x0, 0x4,
    0xae, 0xca, 0x88, 0x88, 0x88, 0x88, 0x88, 0x9c,
    0xea, 0x40, 0x0, 0x0, 0x0, 0x0, 0x3, 0x8c,
    0xb9, 0x88, 0x88, 0x88, 0x88, 0x88, 0x8a, 0xc8,
    0x40, 0x0, 0x0, 0x2, 0x58, 0xaa, 0xaa, 0xaa,
    0xaa, 0xaa, 0xaa, 0xaa, 0xaa, 0xaa, 0xaa, 0xdf,
    0xc5, 0x0, 0x3, 0x8c, 0x94, 0x1, 0x47, 0x87,
    0x66, 0x66, 0x66, 0x66, 0x42, 0x0, 0x6b, 0xb6,
    0x0, 0x3, 0x8c, 0x94, 0x3, 0x8c, 0xa6, 0x33,
    0x33, 0x33, 0x6b, 0xb6, 0x10, 0x6b, 0xb6, 0x0,
    0x3, 0x8c, 0x94, 0x3, 0x9f, 0xfb, 0x88, 0x88,
    0x88, 0x9a, 0x84, 0x0, 0x6b, 0xb6, 0x0, 0x3,
    0x8c, 0x94, 0x0, 0x12, 0x10, 0x0, 0x0, 0x0,
    0x0, 0x3, 0x69, 0xbc, 0x94, 0x0, 0x0, 0x0,
    0x0, 0x0, 0x0, 0x0, 0x0, 0x0, 0x0, 0x0,
    0x0, 0x0, 0x0, 0x0, 0x0
};


/*---------------------
 *  GLYPH DESCRIPTION
 *--------------------*/

static const lv_font_fmt_txt_glyph_dsc_t glyph_dsc[] = {
    {.bitmap_index = 0, .adv_w = 0, .box_w = 0, .box_h = 0, .ofs_x = 0, .ofs_y = 0} /* id = 0 reserved */,
    {.bitmap_index = 0, .adv_w = 80, .box_w = 6, .box_h = 0, .ofs_x = -1, .ofs_y = 0},
    {.bitmap_index = 0, .adv_w = 80, .box_w = 9, .box_h = 8, .ofs_x = 1, .ofs_y = 0},
    {.bitmap_index = 36, .adv_w = 80, .box_w = 15, .box_h = 4, .ofs_x = 0, .ofs_y = 4},
    {.bitmap_index = 66, .adv_w = 80, .box_w = 21, .box_h = 8, .ofs_x = -1, .ofs_y = 0},
    {.bitmap_index = 150, .adv_w = 80, .box_w = 15, .box_h = 11, .ofs_x = 0, .ofs_y = -2},
    {.bitmap_index = 233, .adv_w = 80, .box_w = 21, .box_h = 8, .ofs_x = -1, .ofs_y = 0},
    {.bitmap_index = 317, .adv_w = 80, .box_w = 21, .box_h = 9, .ofs_x = -1, .ofs_y = -1},
    {.bitmap_index = 412, .adv_w = 80, .box_w = 9, .box_h = 4, .ofs_x = 1, .ofs_y = 4},
    {.bitmap_index = 430, .adv_w = 80, .box_w = 12, .box_h = 12, .ofs_x = 1, .ofs_y = -3},
    {.bitmap_index = 502, .adv_w = 80, .box_w = 12, .box_h = 12, .ofs_x = 0, .ofs_y = -3},
    {.bitmap_index = 574, .adv_w = 80, .box_w = 15, .box_h = 4, .ofs_x = 0, .ofs_y = 5},
    {.bitmap_index = 604, .adv_w = 80, .box_w = 21, .box_h = 6, .ofs_x = -1, .ofs_y = 1},
    {.bitmap_index = 667, .adv_w = 80, .box_w = 9, .box_h = 5, .ofs_x = 1, .ofs_y = -3},
    {.bitmap_index = 690, .adv_w = 80, .box_w = 15, .box_h = 1, .ofs_x = 0, .ofs_y = 3},
    {.bitmap_index = 698, .adv_w = 80, .box_w = 9, .box_h = 2, .ofs_x = 1, .ofs_y = 0},
    {.bitmap_index = 707, .adv_w = 80, .box_w = 15, .box_h = 11, .ofs_x = 0, .ofs_y = -2},
    {.bitmap_index = 790, .adv_w = 80, .box_w = 15, .box_h = 8, .ofs_x = 0, .ofs_y = 0},
    {.bitmap_index = 850, .adv_w = 80, .box_w = 15, .box_h = 8, .ofs_x = 0, .ofs_y = 0},
    {.bitmap_index = 910, .adv_w = 80, .box_w = 15, .box_h = 8, .ofs_x = 0, .ofs_y = 0},
    {.bitmap_index = 970, .adv_w = 80, .box_w = 18, .box_h = 8, .ofs_x = -1, .ofs_y = 0},
    {.bitmap_index = 1042, .adv_w = 80, .box_w = 18, .box_h = 8, .ofs_x = -1, .ofs_y = 0},
    {.bitmap_index = 1114, .adv_w = 80, .box_w = 15, .box_h = 8, .ofs_x = 0, .ofs_y = 0},
    {.bitmap_index = 1174, .adv_w = 80, .box_w = 15, .box_h = 8, .ofs_x = 0, .ofs_y = 0},
    {.bitmap_index = 1234, .adv_w = 80, .box_w = 15, .box_h = 8, .ofs_x = 0, .ofs_y = 0},
    {.bitmap_index = 1294, .adv_w = 80, .box_w = 15, .box_h = 8, .ofs_x = 0, .ofs_y = 0},
    {.bitmap_index = 1354, .adv_w = 80, .box_w = 15, .box_h = 8, .ofs_x = 0, .ofs_y = 0},
    {.bitmap_index = 1414, .adv_w = 80, .box_w = 9, .box_h = 6, .ofs_x = 1, .ofs_y = 0},
    {.bitmap_index = 1441, .adv_w = 80, .box_w = 9, .box_h = 9, .ofs_x = 1, .ofs_y = -3},
    {.bitmap_index = 1482, .adv_w = 80, .box_w = 18, .box_h = 6, .ofs_x = 0, .ofs_y = 1},
    {.bitmap_index = 1536, .adv_w = 80, .box_w = 21, .box_h = 3, .ofs_x = -1, .ofs_y = 3},
    {.bitmap_index = 1568, .adv_w = 80, .box_w = 18, .box_h = 6, .ofs_x = -1, .ofs_y = 1},
    {.bitmap_index = 1622, .adv_w = 80, .box_w = 15, .box_h = 8, .ofs_x = 0, .ofs_y = 0},
    {.bitmap_index = 1682, .adv_w = 80, .box_w = 18, .box_h = 10, .ofs_x = -1, .ofs_y = -2},
    {.bitmap_index = 1772, .adv_w = 80, .box_w = 21, .box_h = 8, .ofs_x = -1, .ofs_y = 0},
    {.bitmap_index = 1856, .adv_w = 80, .box_w = 15, .box_h = 8, .ofs_x = 0, .ofs_y = 0},
    {.bitmap_index = 1916, .adv_w = 80, .box_w = 18, .box_h = 8, .ofs_x = 0, .ofs_y = 0},
    {.bitmap_index = 1988, .adv_w = 80, .box_w = 15, .box_h = 8, .ofs_x = 0, .ofs_y = 0},
    {.bitmap_index = 2048, .adv_w = 80, .box_w = 15, .box_h = 8, .ofs_x = 0, .ofs_y = 0},
    {.bitmap_index = 2108, .adv_w = 80, .box_w = 15, .box_h = 8, .ofs_x = 0, .ofs_y = 0},
    {.bitmap_index = 2168, .adv_w = 80, .box_w = 15, .box_h = 8, .ofs_x = 0, .ofs_y = 0},
    {.bitmap_index = 2228, .adv_w = 80, .box_w = 15, .box_h = 8, .ofs_x = 0, .ofs_y = 0},
    {.bitmap_index = 2288, .adv_w = 80, .box_w = 15, .box_h = 8, .ofs_x = 0, .ofs_y = 0},
    {.bitmap_index = 2348, .adv_w = 80, .box_w = 15, .box_h = 8, .ofs_x = 0, .ofs_y = 0},
    {.bitmap_index = 2408, .adv_w = 80, .box_w = 18, .box_h = 8, .ofs_x = 0, .ofs_y = 0},
    {.bitmap_index = 2480, .adv_w = 80, .box_w = 15, .box_h = 8, .ofs_x = 0, .ofs_y = 0},
    {.bitmap_index = 2540, .adv_w = 80, .box_w = 15, .box_h = 8, .ofs_x = 0, .ofs_y = 0},
    {.bitmap_index = 2600, .adv_w = 80, .box_w = 15, .box_h = 8, .ofs_x = 0, .ofs_y = 0},
    {.bitmap_index = 2660, .adv_w = 80, .box_w = 15, .box_h = 8, .ofs_x = 0, .ofs_y = 0},
    {.bitmap_index = 2720, .adv_w = 80, .box_w = 15, .box_h = 8, .ofs_x = 0, .ofs_y = 0},
    {.bitmap_index = 2780, .adv_w = 80, .box_w = 18, .box_h = 10, .ofs_x = 0, .ofs_y = -2},
    {.bitmap_index = 2870, .adv_w = 80, .box_w = 15, .box_h = 8, .ofs_x = 0, .ofs_y = 0},
    {.bitmap_index = 2930, .adv_w = 80, .box_w = 15, .box_h = 8, .ofs_x = 0, .ofs_y = 0},
    {.bitmap_index = 2990, .adv_w = 80, .box_w = 21, .box_h = 8, .ofs_x = -1, .ofs_y = 0},
    {.bitmap_index = 3074, .adv_w = 80, .box_w = 15, .box_h = 8, .ofs_x = 0, .ofs_y = 0},
    {.bitmap_index = 3134, .adv_w = 80, .box_w = 21, .box_h = 8, .ofs_x = -1, .ofs_y = 0},
    {.bitmap_index = 3218, .adv_w = 80, .box_w = 21, .box_h = 8, .ofs_x = -1, .ofs_y = 0},
    {.bitmap_index = 3302, .adv_w = 80, .box_w = 15, .box_h = 8, .ofs_x = 0, .ofs_y = 0},
    {.bitmap_index = 3362, .adv_w = 80, .box_w = 21, .box_h = 8, .ofs_x = -1, .ofs_y = 0},
    {.bitmap_index = 3446, .adv_w = 80, .box_w = 15, .box_h = 8, .ofs_x = 0, .ofs_y = 0},
    {.bitmap_index = 3506, .adv_w = 80, .box_w = 12, .box_h = 11, .ofs_x = 1, .ofs_y = -2},
    {.bitmap_index = 3572, .adv_w = 80, .box_w = 15, .box_h = 11, .ofs_x = 0, .ofs_y = -2},
    {.bitmap_index = 3655, .adv_w = 80, .box_w = 12, .box_h = 11, .ofs_x = 0, .ofs_y = -2},
    {.bitmap_index = 3721, .adv_w = 80, .box_w = 15, .box_h = 5, .ofs_x = 0, .ofs_y = 3},
    {.bitmap_index = 3759, .adv_w = 80, .box_w = 15, .box_h = 1, .ofs_x = 0, .ofs_y = -2},
    {.bitmap_index = 3767, .adv_w = 80, .box_w = 9, .box_h = 2, .ofs_x = 1, .ofs_y = 7},
    {.bitmap_index = 3776, .adv_w = 80, .box_w = 15, .box_h = 6, .ofs_x = 0, .ofs_y = 0},
    {.bitmap_index = 3821, .adv_w = 80, .box_w = 15, .box_h = 8, .ofs_x = 0, .ofs_y = 0},
    {.bitmap_index = 3881, .adv_w = 80, .box_w = 15, .box_h = 6, .ofs_x = 0, .ofs_y = 0},
    {.bitmap_index = 3926, .adv_w = 80, .box_w = 15, .box_h = 8, .ofs_x = 0, .ofs_y = 0},
    {.bitmap_index = 3986, .adv_w = 80, .box_w = 15, .box_h = 6, .ofs_x = 0, .ofs_y = 0},
    {.bitmap_index = 4031, .adv_w = 80, .box_w = 18, .box_h = 8, .ofs_x = 0, .ofs_y = 0},
    {.bitmap_index = 4103, .adv_w = 80, .box_w = 18, .box_h = 8, .ofs_x = 0, .ofs_y = -2},
    {.bitmap_index = 4175, .adv_w = 80, .box_w = 15, .box_h = 8, .ofs_x = 0, .ofs_y = 0},
    {.bitmap_index = 4235, .adv_w = 80, .box_w = 9, .box_h = 8, .ofs_x = 1, .ofs_y = 0},
    {.bitmap_index = 4271, .adv_w = 80, .box_w = 15, .box_h = 10, .ofs_x = -1, .ofs_y = -2},
    {.bitmap_index = 4346, .adv_w = 80, .box_w = 18, .box_h = 8, .ofs_x = 0, .ofs_y = 0},
    {.bitmap_index = 4418, .adv_w = 80, .box_w = 12, .box_h = 8, .ofs_x = 1, .ofs_y = 0},
    {.bitmap_index = 4466, .adv_w = 80, .box_w = 18, .box_h = 6, .ofs_x = 0, .ofs_y = 0},
    {.bitmap_index = 4520, .adv_w = 80, .box_w = 15, .box_h = 6, .ofs_x = 0, .ofs_y = 0},
    {.bitmap_index = 4565, .adv_w = 80, .box_w = 15, .box_h = 6, .ofs_x = 0, .ofs_y = 0},
    {.bitmap_index = 4610, .adv_w = 80, .box_w = 15, .box_h = 8, .ofs_x = 0, .ofs_y = -2},
    {.bitmap_index = 4670, .adv_w = 80, .box_w = 15, .box_h = 8, .ofs_x = 0, .ofs_y = -2},
    {.bitmap_index = 4730, .adv_w = 80, .box_w = 15, .box_h = 6, .ofs_x = 0, .ofs_y = 0},
    {.bitmap_index = 4775, .adv_w = 80, .box_w = 15, .box_h = 6, .ofs_x = 0, .ofs_y = 0},
    {.bitmap_index = 4820, .adv_w = 80, .box_w = 15, .box_h = 8, .ofs_x = 0, .ofs_y = 0},
    {.bitmap_index = 4880, .adv_w = 80, .box_w = 15, .box_h = 6, .ofs_x = 0, .ofs_y = 0},
    {.bitmap_index = 4925, .adv_w = 80, .box_w = 21, .box_h = 6, .ofs_x = -1, .ofs_y = 0},
    {.bitmap_index = 4988, .adv_w = 80, .box_w = 21, .box_h = 6, .ofs_x = -1, .ofs_y = 0},
    {.bitmap_index = 5051, .adv_w = 80, .box_w = 15, .box_h = 6, .ofs_x = 0, .ofs_y = 0},
    {.bitmap_index = 5096, .adv_w = 80, .box_w = 21, .box_h = 8, .ofs_x = -1, .ofs_y = -2},
    {.bitmap_index = 5180, .adv_w = 80, .box_w = 15, .box_h = 6, .ofs_x = 0, .ofs_y = 0},
    {.bitmap_index = 5225, .adv_w = 80, .box_w = 15, .box_h = 11, .ofs_x = 0, .ofs_y = -3},
    {.bitmap_index = 5308, .adv_w = 80, .box_w = 9, .box_h = 12, .ofs_x = 1, .ofs_y = -3},
    {.bitmap_index = 5362, .adv_w = 80, .box_w = 15, .box_h = 11, .ofs_x = 0, .ofs_y = -3},
    {.bitmap_index = 5445, .adv_w = 80, .box_w = 21, .box_h = 2, .ofs_x = -1, .ofs_y = 3},
    {.bitmap_index = 5466, .adv_w = 160, .box_w = 30, .box_h = 9, .ofs_x = 0, .ofs_y = -1},
    {.bitmap_index = 5601, .adv_w = 160, .box_w = 30, .box_h = 9, .ofs_x = 0, .ofs_y = -1},
    {.bitmap_index = 5736, .adv_w = 160, .box_w = 33, .box_h = 10, .ofs_x = 0, .ofs_y = -1},
    {.bitmap_index = 5901, .adv_w = 160, .box_w = 33, .box_h = 11, .ofs_x = -1, .ofs_y = -2},
    {.bitmap_index = 6083, .adv_w = 160, .box_w = 33, .box_h = 10, .ofs_x = 0, .ofs_y = -1},
    {.bitmap_index = 6248, .adv_w = 160, .box_w = 33, .box_h = 11, .ofs_x = 0, .ofs_y = -2},
    {.bitmap_index = 6430, .adv_w = 160, .box_w = 33, .box_h = 10, .ofs_x = 0, .ofs_y = -1},
    {.bitmap_index = 6595, .adv_w = 160, .box_w = 33, .box_h = 10, .ofs_x = -1, .ofs_y = -1},
    {.bitmap_index = 6760, .adv_w = 160, .box_w = 33, .box_h = 11, .ofs_x = -1, .ofs_y = -2},
    {.bitmap_index = 6942, .adv_w = 160, .box_w = 33, .box_h = 11, .ofs_x = -1, .ofs_y = -2},
    {.bitmap_index = 7124, .adv_w = 160, .box_w = 33, .box_h = 9, .ofs_x = -1, .ofs_y = -1},
    {.bitmap_index = 7273, .adv_w = 160, .box_w = 30, .box_h = 10, .ofs_x = 0, .ofs_y = -1},
    {.bitmap_index = 7423, .adv_w = 160, .box_w = 33, .box_h = 9, .ofs_x = -1, .ofs_y = -1},
    {.bitmap_index = 7572, .adv_w = 160, .box_w = 30, .box_h = 10, .ofs_x = 0, .ofs_y = -2},
    {.bitmap_index = 7722, .adv_w = 160, .box_w = 33, .box_h = 10, .ofs_x = -1, .ofs_y = -1},
    {.bitmap_index = 7887, .adv_w = 160, .box_w = 33, .box_h = 9, .ofs_x = -1, .ofs_y = -1},
    {.bitmap_index = 8036, .adv_w = 160, .box_w = 30, .box_h = 10, .ofs_x = 0, .ofs_y = -2},
    {.bitmap_index = 8186, .adv_w = 160, .box_w = 30, .box_h = 11, .ofs_x = 0, .ofs_y = -2},
    {.bitmap_index = 8351, .adv_w = 160, .box_w = 30, .box_h = 10, .ofs_x = 0, .ofs_y = -2},
    {.bitmap_index = 8501, .adv_w = 160, .box_w = 30, .box_h = 10, .ofs_x = 0, .ofs_y = -2},
    {.bitmap_index = 8651, .adv_w = 160, .box_w = 30, .box_h = 10, .ofs_x = 0, .ofs_y = -1},
    {.bitmap_index = 8801, .adv_w = 160, .box_w = 33, .box_h = 10, .ofs_x = 0, .ofs_y = -2},
    {.bitmap_index = 8966, .adv_w = 160, .box_w = 33, .box_h = 9, .ofs_x = 0, .ofs_y = -1},
    {.bitmap_index = 9115, .adv_w = 160, .box_w = 33, .box_h = 10, .ofs_x = -1, .ofs_y = -1},
    {.bitmap_index = 9280, .adv_w = 160, .box_w = 33, .box_h = 11, .ofs_x = 0, .ofs_y = -2},
    {.bitmap_index = 9462, .adv_w = 160, .box_w = 33, .box_h = 11, .ofs_x = 0, .ofs_y = -2},
    {.bitmap_index = 9644, .adv_w = 160, .box_w = 36, .box_h = 11, .ofs_x = -1, .ofs_y = -2},
    {.bitmap_index = 9842, .adv_w = 160, .box_w = 33, .box_h = 11, .ofs_x = 0, .ofs_y = -2},
    {.bitmap_index = 10024, .adv_w = 160, .box_w = 33, .box_h = 9, .ofs_x = -1, .ofs_y = -1},
    {.bitmap_index = 10173, .adv_w = 160, .box_w = 33, .box_h = 11, .ofs_x = -1, .ofs_y = -2},
    {.bitmap_index = 10355, .adv_w = 160, .box_w = 30, .box_h = 10, .ofs_x = 0, .ofs_y = -1},
    {.bitmap_index = 10505, .adv_w = 160, .box_w = 30, .box_h = 10, .ofs_x = 0, .ofs_y = -1},
    {.bitmap_index = 10655, .adv_w = 160, .box_w = 30, .box_h = 10, .ofs_x = 0, .ofs_y = -2},
    {.bitmap_index = 10805, .adv_w = 160, .box_w = 33, .box_h = 9, .ofs_x = 0, .ofs_y = -1},
    {.bitmap_index = 10954, .adv_w = 160, .box_w = 30, .box_h = 10, .ofs_x = 0, .ofs_y = -2},
    {.bitmap_index = 11104, .adv_w = 160, .box_w = 30, .box_h = 10, .ofs_x = 0, .ofs_y = -1},
    {.bitmap_index = 11254, .adv_w = 160, .box_w = 33, .box_h = 9, .ofs_x = 0, .ofs_y = -1},
    {.bitmap_index = 11403, .adv_w = 160, .box_w = 30, .box_h = 10, .ofs_x = 0, .ofs_y = -1},
    {.bitmap_index = 11553, .adv_w = 160, .box_w = 33, .box_h = 11, .ofs_x = 0, .ofs_y = -2},
    {.bitmap_index = 11735, .adv_w = 160, .box_w = 33, .box_h = 10, .ofs_x = -1, .ofs_y = -2},
    {.bitmap_index = 11900, .adv_w = 160, .box_w = 30, .box_h = 10, .ofs_x = 0, .ofs_y = -1},
    {.bitmap_index = 12050, .adv_w = 160, .box_w = 36, .box_h = 10, .ofs_x = -1, .ofs_y = -1},
    {.bitmap_index = 12230, .adv_w = 160, .box_w = 30, .box_h = 11, .ofs_x = 0, .ofs_y = -2},
    {.bitmap_index = 12395, .adv_w = 160, .box_w = 33, .box_h = 10, .ofs_x = 0, .ofs_y = -2},
    {.bitmap_index = 12560, .adv_w = 160, .box_w = 33, .box_h = 9, .ofs_x = 0, .ofs_y = -1},
    {.bitmap_index = 12709, .adv_w = 160, .box_w = 30, .box_h = 10, .ofs_x = 0, .ofs_y = -2},
    {.bitmap_index = 12859, .adv_w = 160, .box_w = 30, .box_h = 9, .ofs_x = 0, .ofs_y = -1},
    {.bitmap_index = 12994, .adv_w = 160, .box_w = 33, .box_h = 11, .ofs_x = 0, .ofs_y = -2},
    {.bitmap_index = 13176, .adv_w = 160, .box_w = 30, .box_h = 11, .ofs_x = 0, .ofs_y = -2},
    {.bitmap_index = 13341, .adv_w = 160, .box_w = 30, .box_h = 9, .ofs_x = 0, .ofs_y = -1},
    {.bitmap_index = 13476, .adv_w = 160, .box_w = 33, .box_h = 10, .ofs_x = 0, .ofs_y = -1},
    {.bitmap_index = 13641, .adv_w = 160, .box_w = 30, .box_h = 9, .ofs_x = 0, .ofs_y = -1},
    {.bitmap_index = 13776, .adv_w = 160, .box_w = 30, .box_h = 9, .ofs_x = 0, .ofs_y = -1},
    {.bitmap_index = 13911, .adv_w = 160, .box_w = 33, .box_h = 11, .ofs_x = -1, .ofs_y = -2},
    {.bitmap_index = 14093, .adv_w = 160, .box_w = 30, .box_h = 10, .ofs_x = 0, .ofs_y = -1},
    {.bitmap_index = 14243, .adv_w = 160, .box_w = 33, .box_h = 9, .ofs_x = 0, .ofs_y = -1},
    {.bitmap_index = 14392, .adv_w = 160, .box_w = 36, .box_h = 10, .ofs_x = -1, .ofs_y = -1},
    {.bitmap_index = 14572, .adv_w = 160, .box_w = 30, .box_h = 10, .ofs_x = 0, .ofs_y = -1},
    {.bitmap_index = 14722, .adv_w = 160, .box_w = 30, .box_h = 10, .ofs_x = 0, .ofs_y = -2},
    {.bitmap_index = 14872, .adv_w = 160, .box_w = 33, .box_h = 9, .ofs_x = 0, .ofs_y = -1},
    {.bitmap_index = 15021, .adv_w = 160, .box_w = 33, .box_h = 10, .ofs_x = -1, .ofs_y = -2},
    {.bitmap_index = 15186, .adv_w = 160, .box_w = 30, .box_h = 10, .ofs_x = 0, .ofs_y = -2},
    {.bitmap_index = 15336, .adv_w = 160, .box_w = 30, .box_h = 10, .ofs_x = 0, .ofs_y = -1},
    {.bitmap_index = 15486, .adv_w = 160, .box_w = 33, .box_h = 10, .ofs_x = -1, .ofs_y = -1},
    {.bitmap_index = 15651, .adv_w = 160, .box_w = 30, .box_h = 10, .ofs_x = 0, .ofs_y = -2},
    {.bitmap_index = 15801, .adv_w = 160, .box_w = 30, .box_h = 11, .ofs_x = 0, .ofs_y = -2},
    {.bitmap_index = 15966, .adv_w = 160, .box_w = 30, .box_h = 9, .ofs_x = 0, .ofs_y = -1},
    {.bitmap_index = 16101, .adv_w = 160, .box_w = 33, .box_h = 9, .ofs_x = 0, .ofs_y = -1},
    {.bitmap_index = 16250, .adv_w = 160, .box_w = 33, .box_h = 9, .ofs_x = 0, .ofs_y = -1},
    {.bitmap_index = 16399, .adv_w = 160, .box_w = 36, .box_h = 10, .ofs_x = -1, .ofs_y = -1},
    {.bitmap_index = 16579, .adv_w = 160, .box_w = 30, .box_h = 10, .ofs_x = 0, .ofs_y = -1},
    {.bitmap_index = 16729, .adv_w = 160, .box_w = 30, .box_h = 9, .ofs_x = 0, .ofs_y = -1},
    {.bitmap_index = 16864, .adv_w = 160, .box_w = 36, .box_h = 11, .ofs_x = -1, .ofs_y = -2},
    {.bitmap_index = 17062, .adv_w = 160, .box_w = 33, .box_h = 9, .ofs_x = -1, .ofs_y = -1},
    {.bitmap_index = 17211, .adv_w = 160, .box_w = 30, .box_h = 11, .ofs_x = 0, .ofs_y = -2},
    {.bitmap_index = 17376, .adv_w = 160, .box_w = 30, .box_h = 9, .ofs_x = 0, .ofs_y = -1},
    {.bitmap_index = 17511, .adv_w = 160, .box_w = 30, .box_h = 10, .ofs_x = 0, .ofs_y = -1},
    {.bitmap_index = 17661, .adv_w = 160, .box_w = 33, .box_h = 10, .ofs_x = 0, .ofs_y = -1},
    {.bitmap_index = 17826, .adv_w = 160, .box_w = 30, .box_h = 10, .ofs_x = 0, .ofs_y = -1},
    {.bitmap_index = 17976, .adv_w = 160, .box_w = 30, .box_h = 11, .ofs_x = 0, .ofs_y = -2},
    {.bitmap_index = 18141, .adv_w = 160, .box_w = 33, .box_h = 9, .ofs_x = 0, .ofs_y = -1},
    {.bitmap_index = 18290, .adv_w = 160, .box_w = 33, .box_h = 10, .ofs_x = 0, .ofs_y = -2},
    {.bitmap_index = 18455, .adv_w = 160, .box_w = 33, .box_h = 10, .ofs_x = 0, .ofs_y = -2},
    {.bitmap_index = 18620, .adv_w = 160, .box_w = 30, .box_h = 11, .ofs_x = 0, .ofs_y = -2},
    {.bitmap_index = 18785, .adv_w = 160, .box_w = 33, .box_h = 10, .ofs_x = -1, .ofs_y = -1},
    {.bitmap_index = 18950, .adv_w = 160, .box_w = 33, .box_h = 10, .ofs_x = -1, .ofs_y = -1},
    {.bitmap_index = 19115, .adv_w = 160, .box_w = 33, .box_h = 9, .ofs_x = 0, .ofs_y = -1},
    {.bitmap_index = 19264, .adv_w = 160, .box_w = 33, .box_h = 11, .ofs_x = 0, .ofs_y = -2},
    {.bitmap_index = 19446, .adv_w = 160, .box_w = 30, .box_h = 11, .ofs_x = 0, .ofs_y = -2},
    {.bitmap_index = 19611, .adv_w = 160, .box_w = 30, .box_h = 11, .ofs_x = 0, .ofs_y = -2},
    {.bitmap_index = 19776, .adv_w = 160, .box_w = 33, .box_h = 10, .ofs_x = -1, .ofs_y = -1},
    {.bitmap_index = 19941, .adv_w = 160, .box_w = 30, .box_h = 9, .ofs_x = 0, .ofs_y = -1},
    {.bitmap_index = 20076, .adv_w = 160, .box_w = 30, .box_h = 9, .ofs_x = 0, .ofs_y = -1},
    {.bitmap_index = 20211, .adv_w = 160, .box_w = 30, .box_h = 11, .ofs_x = 0, .ofs_y = -2}
};

/*---------------------
 *  CHARACTER MAPPING
 *--------------------*/

static const uint16_t unicode_list_1[] = {
    0x0, 0xf, 0xda, 0x115, 0x142, 0x143, 0x151, 0x231,
    0x233, 0x251, 0x3a7, 0x3bb, 0x3f0, 0x490, 0x54a, 0x580,
    0x594, 0x5c2, 0x5e4, 0x5ec, 0x606, 0x85d, 0x9ef, 0xa93,
    0xb24, 0xbc0, 0xd49, 0xd4c, 0xfda, 0x1084, 0x1089, 0x109b,
    0x10f5, 0x1104, 0x110a, 0x114a, 0x11f6, 0x1314, 0x14de, 0x1765,
    0x1769, 0x178e, 0x17ae, 0x17eb, 0x1833, 0x18e7, 0x19da, 0x1a16,
    0x1a5e, 0x1c16, 0x1d16, 0x1d57, 0x1d58, 0x1f36, 0x1fe6, 0x22ae,
    0x24ab, 0x257c, 0x271d, 0x272a, 0x2741, 0x2b2f, 0x2be5, 0x2c00,
    0x2ce4, 0x2ef0, 0x2f24, 0x30a1, 0x30b4, 0x30bd, 0x30c4, 0x3163,
    0x32fe, 0x330f, 0x3bc7, 0x3d96, 0x3da5, 0x3db3, 0x3dd7, 0x3df8,
    0x41d0, 0x41fe, 0x4214, 0x4342, 0x43bc, 0x43c2, 0x43c4, 0x4719,
    0x47e9, 0x47fd, 0x48bb, 0x4957, 0x4a86, 0x4ccd
};

/*Collect the unicode lists and glyph_id offsets*/
static const lv_font_fmt_txt_cmap_t cmaps[] =
{
    {
        .range_start = 32, .range_length = 95, .glyph_id_start = 1,
        .unicode_list = NULL, .glyph_id_ofs_list = NULL, .list_length = 0, .type = LV_FONT_FMT_TXT_CMAP_FORMAT0_TINY
    },
    {
        .range_start = 19979, .range_length = 19662, .glyph_id_start = 96,
        .unicode_list = unicode_list_1, .glyph_id_ofs_list = NULL, .list_length = 94, .type = LV_FONT_FMT_TXT_CMAP_SPARSE_TINY
    }
};



/*--------------------
 *  ALL CUSTOM DATA
 *--------------------*/

#if LV_VERSION_CHECK(8, 0, 0)
/*Store all the custom data of the font*/
static  lv_font_fmt_txt_glyph_cache_t cache;
static const lv_font_fmt_txt_dsc_t font_dsc = {
#else
static lv_font_fmt_txt_dsc_t font_dsc = {
#endif
    .glyph_bitmap = glyph_bitmap,
    .glyph_dsc = glyph_dsc,
    .cmaps = cmaps,
    .kern_dsc = NULL,
    .kern_scale = 0,
    .cmap_num = 2,
    .bpp = 4,
    .kern_classes = 0,
    .bitmap_format = 0,
#if LV_VERSION_CHECK(8, 0, 0)
    .cache = &cache
#endif
};


/*-----------------
 *  PUBLIC FONT
 *----------------*/

/*Initialize a public general font descriptor*/
#if LV_VERSION_CHECK(8, 0, 0)
const lv_font_t user_interface_font_10 = {
#else
lv_font_t user_interface_font_10 = {
#endif
    .get_glyph_dsc = lv_font_get_glyph_dsc_fmt_txt,    /*Function pointer to get glyph's data*/
    .get_glyph_bitmap = lv_font_get_bitmap_fmt_txt,    /*Function pointer to get glyph's bitmap*/
    .line_height = 12,          /*The maximum line height required by the font*/
    .base_line = 3,             /*Baseline measured from the bottom of the line*/
#if !(LVGL_VERSION_MAJOR == 6 && LVGL_VERSION_MINOR == 0)
    .subpx = LV_FONT_SUBPX_HOR,
#endif
#if LV_VERSION_CHECK(7, 4, 0) || LVGL_VERSION_MAJOR >= 8
    .underline_position = -1,
    .underline_thickness = 1,
#endif
    .dsc = &font_dsc           /*The custom font data. Will be accessed by `get_glyph_bitmap/dsc` */
};



#endif /*#if USER_INTERFACE_FONT_10*/

