section name,section type,size
.sramboottext,text,112
.text,text,58556
.text.prvTaskExitError,text,8
.text.pxPortInitialiseStack,text,184
.text.xPortStartScheduler,text,68
.rodata.ulICCEOIR,rodata,4
.rodata.ulICCIAR,rodata,4
.sramtext,text,154
.sramtext.irq.229,text,76
.sramtext.profile.117,text,192
.sramtext.profile.169,text,28
.sramtext.profile.184,text,4
.sramtext.profile.195,text,18
.sramtext.profile.206,text,22
.ramtext,text,376
.ramtext.flashdrv.151,text,64
.ramtext.flashdrv.322,text,196
.ramtext.flashdrv.271,text,498
.ramtext.flashdrv.1161,text,116
.ramtext.flashdrv.348,text,196
.ramtext.flashdrv.371,text,116
.ramtext.flashdrv.645,text,924
.ramtext.flashdrv.716,text,396
.ramtext.flashhal.458,text,22
.ramtext.flashhal.1136,text,230
.ramtext.flashhal.180,text,30
.ramtext.flashhal.470,text,20
.ramtext.flashhal.486,text,36
.ramtext.flashhal.174,text,22
.ramtext.flashhal.669,text,10
.ramtext.flashhal.677,text,10
.ramtext.flashhal.685,text,10
.ramtext.flashhal.693,text,10
.ramtext.flashhal.660,text,24
.ramtext.flashhal.651,text,24
.ramtext.flashhal.642,text,24
.ramtext.flashhal.1054,text,24
.ramtext.flashhal.162,text,18
.ramtext.flashhal.503,text,26
.ramtext.flashhal.554,text,36
.ramtext.flashhal.633,text,28
.ramtext.flashhal.527,text,94
.ramtext.flashhal.1215,text,10
.ramtext.flashhal.571,text,396
.ramtext.flashhal.607,text,108
.ramtext.flashhal.1223,text,10
.ramtext.flashhal.1231,text,10
.ramtext.flashhal.1239,text,10
.ramtext.flashhal.1264,text,26
.ramtext.flashhal.1300,text,38
.ramtext.flashhal.1313,text,16
.ramtext.flashhal.1272,text,106
.ramtext.flashhal.1436,text,396
.ramtext.flashhal.1552,text,320
.ramtext.flashhal.114,text,60
.ramtext.flashhal.135,text,68
.ramtext.flashhal.158,text,68
.ramtext.flashhal.181,text,68
.ramtext.flashhal.240,text,60
.ramtext.flashhal.95,text,52
.text.epdc_wb_f8CompleteInterrupt,text,40
.text.epdc_wb_getPsVersionInfo,text,8
.text.epdc_wb_regInterruptFunF8,text,28
.text.epdc_wb_STR_CPDCP_CONFIG_REQ,text,168
.text.epdc_wb_STR_CPDCP_RELEASE_REQ,text,88
.text.epdc_wb_create_RLC_UM_DATA_REQ_LTE,text,180
.text.epdc_wb_create_DATA_IND,text,164
.text.epdc_wb_create_INTEGRITY_IND,text,172
.text.epdc_sendRegularBsrReq,text,148
.text.epdc_sendCpUlResumeReq,text,140
.text.epdc_wb_doHeaderComp,text,148
.text.epdc_wb_doHeaderDecomp,text,264
.text.epdc_wb_dealRohcFeedback,text,84
.text.epdc_wb_rohc_restore,text,46
.text.epdc_wb_rohcForReestablish,text,106
.text.epdc_wb_openRohc,text,126
.text.epdc_wb_DAM_CPDCP_CONFIG_REQ,text,236
.text.epdc_wb_closeRohc,text,26
.text.epdc_wb_analyse_smc_message,text,216
.text.epdc_wb_calculateDiscardTimerLen,text,92
.text.epdc_wb_getEpdcUlRate,text,12
.text.epdc_wb_clearEpdcUlRate,text,12
.text.epdc_wb_getEpdcDlRate,text,12
.text.epdc_wb_clearEpdcDlRate,text,12
.text.epdc_wb_getEpdcRohcDlRate,text,12
.text.epdc_wb_clearEpdcRohcDlRate,text,12
.text.epdc_wb_getEpdcDlHoBeforeTick,text,12
.text.epdc_wb_clearEpdcDlHoBeforeTick,text,12
.text.epdc_wb_getEpdcDlHoAfterTick,text,12
.text.epdc_wb_clearEpdcDlHoAfterTick,text,12
.text.epdc_wb_getEpdcDlHoBeforeSsfn,text,12
.text.epdc_wb_clearEpdcDlHoBeforeSsfn,text,12
.text.epdc_wb_getEpdcDlHoAfterSsfn,text,12
.text.epdc_wb_clearEpdcDlHoAfterSsfn,text,12
.text.epdc_getEpdcInstUlStatis,text,46
.text.epdc_clearEpdcInstUlStatis,text,34
.text.epdc_getInstUlDiscardStatisticsInfo,text,88
.text.epdc_clearInstUlDiscardStatistics,text,48
.text.epdc_wb_send_rel_msg_to_self,text,76
.text.epdc_wb_free_pdsch_mem,text,124
.text.epdc_freePdschMemReq,text,8
.text.epdc_mod,text,56
.text.epdc_wb_freeDlErlcSdu,text,44
.text.epdc_wb_free_dl_sdu_node,text,32
.text.epdc_wb_free_ul_pdu,text,220
.text.epdc_wb_free_all_up_pdu,text,30
.text.epdc_wb_free_buff_head,text,50
.text.epdc_wb_free_all_dl_sdu,text,20
.text.epdc_wb_free_all_user_data,text,100
.text.epdc_wb_DAM_CPDCP_RELEASE_REQ,text,116
.text.epdc_wb_DUM_CPDCP_RELEASE_REQ,text,104
.text.epdc_wb_apply_up_pdu_node,text,124
.text.epdc_wb_free_sdu_data,text,76
.text.epdc_wb_free_discard_sdu,text,120
.text.epdc_wb_freePrimitiveMem,text,172
.text.epdc_rel_ul_pdcp_pdu,text,60
.text.epdc_wb_sduBuffProc,text,164
.text.epdc_wb_sdu_config_f9,text,132
.text.epdc_wb_calculate_mac_i,text,220
.text.epdc_wb_config_dl_f8,text,246
.text.epdc_wb_decipher_sdu,text,148
.text.epdc_wb_config_ul_f8,text,182
.text.epdc_wb_cipher_pdu,text,136
.text.epdc_wb_initialPdcpParam,text,224
.text.epdc_wb_initialSRBParam,text,88
.text.epdc_wb_initialDRBUmParam,text,196
.text.epdc_wb_initialDRBAmParam,text,232
.text.epdc_wb_NUL_CPDCP_CONFIG_REQ,text,244
.text.epdc_wb_getDrbTxRxInfo,text,86
.text.epdc_wb_encode_pdu,text,88
.text.epdc_wb_append_sdu_to_link,text,108
.text.epdc_wb_update_ul_sdu_buff_list,text,24
.text.epdc_wb_update_tx_sn,text,32
.text.epdc_wb_process_ul_sdu_buff,text,380
.text.epdc_appendSrbPduToShareBuff,text,300
.text.epdc_wb_append_pdu_to_link,text,332
.text.epdc_wb_send_pdu_to_erlc,text,24
.text.epdc_wb_sendRohcFeedback,text,118
.text.epdc_wb_create_PDCP_DATA_IND,text,456
.text.epdc_wb_protect_integrity,text,76
.text.epdc_wb_process_fms,text,114
.text.epdc_wb_process_bitmMap,text,126
.text.epdc_wb_decode_status_pdu,text,340
.text.epdc_wb_delete_status_pdu,text,56
.text.epdc_wb_old_to_new_pdu,text,56
.text.epdc_wb_deal_reest,text,104
.text.epdc_wb_deal_dl_control_pdu,text,336
.text.epdc_wb_deal_PDCP_DATA_REQ,text,232
.text.epdc_wb_DAM_PDCP_DATA_REQ,text,68
.text.epdc_wb_DUM_CPDCP_CONFIG_REQ,text,224
.text.epdc_wb_proc_get_buff_msg,text,396
.text.epdc_wb_deal_CPDCP_DATA_REQ,text,152
.text.epdc_wb_CPDCP_DATA_REQ,text,92
.text.epdc_wb_proc_discard_pdu,text,320
.text.epdc_wb_sdu_srb_count,text,18
.text.epdc_wb_update_rx_sn,text,30
.text.epdc_wb_sdu_am_count,text,80
.text.epdc_wb_sdu_um_count,text,40
.text.epdc_wb_encode_status_pdu,text,220
.text.epdc_wb_decode_am_pdu,text,44
.text.epdc_wb_decode_pdu,text,66
.text.epdc_wb_check_pdu_validity,text,42
.text.epdc_wb_del_cur_sdu_node,text,22
.text.epdc_wb_process_dl_srb_pdu_list,text,184
.text.epdc_wb_process_dl_um_pdu_list,text,552
.text.epdc_wb_process_dl_am_pdu_list,text,872
.text.epdc_wb_get_security_used_flag,text,32
.text.epdc_wb_verify_integrity,text,144
.text.epdc_wb_save_dl_sdu_to_buffer,text,106
.text.epdc_wb_deliver_sdu_to_rab,text,72
.text.epdc_wb_process_smc_msg,text,112
.text.epdc_wb_process_other_errc_msg,text,68
.text.epdc_wb_deliver_srb_sdu_to_errc,text,48
.text.epdc_wb_process_loop_back,text,284
.text.epdc_wb_append_status_pdu_to_link,text,32
.text.epdc_appendUackPduToLink,text,32
.text.epdc_wb_deal_drb_AM_DATA_IND,text,168
.text.epdc_wb_DAM_RLC_AM_DATA_IND,text,360
.text.epdc_wb_deal_drb_UM_DATA_IND,text,140
.text.epdc_wb_DUM_RLC_UM_DATA_IND,text,196
.text.epdc_wb_deal_srb_DATA_IND,text,120
.text.epdc_wb_STR_RLC_AM_DATA_IND,text,164
.text.epdc_wb_proc_fsm_func,text,396
.text.__ch_stream_write_avail,text,16
.text.__ch_queue_read_avail,text,16
.text.__ch_enable_irq,text,74
.text.__ch_disable_irq,text,74
.text.dummy_notify,text,20
.text.prv_set_cp_irq,text,24
.text.__ch_buf_read,text,120
.text.__ch_queue_read,text,16
.text.__ch_stream_read,text,14
.text.__ch_buf_write,text,118
.text.__ch_queue_write,text,16
.text.__ch_stream_write,text,14
.text.__ch_free_dl_node_buf,text,160
.text.__ch_free_ul_node_buf,text,92
.text.__ch_syscmd_read,text,188
.text.__ch_stream_read_avail,text,14
.text.__ch_alloc_ul_node_buf,text,132
.text.__ch_syscmd_write_avail,text,24
.text.__ch_syscmd_write,text,46
.text.__ch_queue_write_avail,text,18
.text.ipc_ch_read,text,38
.text.ipc_disable_ch_irq,text,26
.text.ipc_enable_ch_irq,text,26
.text.ipc_ch_write,text,204
.text.ipc_ch_read_avail,text,30
.text.ipc_ch_write_avail,text,30
.text.drvMdIpcISR,text,1096
.text.ipc_alloc_ul_ps_buf,text,38
.text.ipc_free_dl_ps_buf,text,34
.text.ipc_get_deltanv_addr,text,20
.text.ipc_get_ims_nv_addr,text,40
.text.ipc_set_deltanv_bin,text,44
.text.ipcInit,text,1492
.text.ipc_update_buf_access,text,72
.text.ipc_ch_open,text,112
.text.ipc_ch_set_event_mask,text,4
.text.ipc_show_cp_assert,text,72
.text.ipc_get_cp_assert_cause,text,24
.text.ipc_notify_cp_exit_wfi,text,8
.text.ipc_notify_sim_detect,text,24
.text.ipc_cp_wake_lock,text,20
.text.osiRPCPatchHandler,text,56
.text.access,text,44
.text.__aeabi_memclr,text,8
.text.__aeabi_memcpy,text,4
.text.atof,text,6
.text.atoi,text,8
.text.atol,text,8
.text.bsearch,text,70
.rodata._ctype_,rodata,257
.text.div,text,48
.text.quorem,text,294
.rodata._dtoa_r.str1.1,rodata,13
.text._dtoa_r,text,2640
.text.__env_lock,text,12
.text.__env_unlock,text,12
.text.__errno,text,8
.text._fclose_r,text,168
.text.fclose,text,18
.text.__sflush_r,text,284
.text._fflush_r,text,74
.text.fflush,text,44
.text.std,text,80
.text._cleanup_r,text,12
.text.__sfmoreglue,text,44
.text.__sfp_lock_acquire,text,12
.text.__sfp_lock_release,text,12
.text.__sinit_lock_acquire,text,12
.text.__sinit_lock_release,text,12
.text.__sinit,text,80
.text.__sfp,text,140
.text.__sflags,text,108
.text._fopen_r,text,168
.text.fopen,text,22
.text._fputc_r,text,70
.text.fputc,text,22
.text._fread_r,text,212
.text.fread,text,30
.text._fseek_r,text,4
.text.fseek,text,26
.text._fseeko_r,text,664
.text.ftell,text,18
.text._ftello_r,text,192
.text.__sfvwrite_r,text,660
.text._fwalk,text,60
.text._fwalk_reent,text,64
.text._fwrite_r,text,156
.text.fwrite,text,30
.text.rshift,text,166
.text.__hexdig_fun,text,42
.text.__gethex,text,1108
.text.L_shift,text,36
.text.__match,text,40
.text.__hexnan,text,312
.text.getenv,text,20
.text._findenv_r,text,116
.text._getenv_r,text,14
.text.__getreent,text,12
.text.__gettzinfo,text,8
.text.gmtime,text,22
.text.gmtime_r,text,412
.rodata._global_impure_ptr,rodata,4
.text.iswspace,text,6
.text.iswspace_l,text,20
.rodata.str1.1,rodata,47290
.rodata._C_numeric_locale,rodata,12
.rodata._setlocale_r.str1.1,rodata,6
.text.__locale_mb_cur_max,text,12
.text._localeconv_r,text,8
.text.__retarget_lock_init_recursive,text,2
.text.__retarget_lock_close_recursive,text,2
.text.__retarget_lock_acquire,text,2
.text.__retarget_lock_acquire_recursive,text,2
.text.__retarget_lock_release,text,2
.text.__retarget_lock_release_recursive,text,2
.text.__swhatbuf_r,text,86
.text.__smakebuf_r,text,124
.rodata._mbrtowc_r.str1.1,rodata,1
.text._mbrtowc_r,text,52
.text.__ascii_mbtowc,text,36
.text.memcmp,text,92
.text.memcpy,text,200
.text.memmove,text,212
.text.memset,text,168
.text.validate_structure,text,412
.text.mktime,text,800
.rodata.DAYS_IN_MONTH,rodata,48
.rodata._DAYS_BEFORE_MONTH,rodata,48
.rodata.__month_lengths,rodata,96
.text._Balloc,text,72
.text._Bfree,text,18
.text.__multadd,text,124
.text.__s2b,text,136
.text.__hi0bits,text,64
.text.__lo0bits,text,92
.text.__i2b,text,18
.text.__multiply,text,310
.text.__pow5mult,text,128
.text.__lshift,text,190
.text.__mcmp,text,54
.text.__mdiff,text,236
.text.__ulp,text,88
.text.__b2d,text,160
.text.__d2b,text,164
.text.__ratio,text,100
.text.__copybits,text,70
.text.__any_on,text,66
.rodata.__mprec_bigtens,rodata,40
.rodata.__mprec_tens,rodata,200
.rodata.p05.7384,rodata,12
.text._putc_r,text,104
.text.swapfunc,text,50
.text.med3.isra.0,text,64
.text.qsort,text,694
.text.srand,text,20
.text.rand,text,56
.text.cleanup_glue,text,22
.text._reclaim_reent,text,124
.text.lflush,text,18
.text.__srefill_r,text,260
.text.frexp,text,112
.text.nan,text,16
.text.__sccl,text,116
.text.nanf,text,12
.text.siscanf,text,80
.text.snprintf,text,102
.text.sprintf,text,64
.text.sscanf,text,80
.text.__sread,text,38
.text.__seofread,text,4
.text.__swrite,text,50
.text.__sseek,text,40
.text.__sclose,text,8
.text.strcasecmp,text,68
.text.strcat,text,64
.text.strchr,text,208
.text.strcpy,text,196
.text.strcspn,text,48
.text.strdup,text,20
.text._strdup_r,text,36
.rodata._strerror_r.str1.4,rodata,1792
.text._strerror_r,text,1132
.text.strerror,text,24
.text.strncasecmp,text,84
.text.strncat,text,92
.text.strncmp,text,132
.text.strncpy,text,116
.text.strndup,text,24
.text._strndup_r,text,64
.text.strnlen,text,44
.text.strpbrk,text,56
.text.strrchr,text,36
.text.strspn,text,48
.text.two_way_long_needle,text,692
.text.strstr,text,400
.text.sulp,text,52
.rodata._strtod_l.str1.1,rodata,9
.text._strtod_l,text,2956
.text._strtod_r,text,12
.text.strtod,text,28
.rodata.fpi.7544,rodata,20
.rodata.fpinan.7580,rodata,20
.rodata.tinytens,rodata,40
.text.strtok,text,28
.text.__strtok_r,text,112
.text.strtok_r,text,8
.text._strtol_l.isra.0,text,236
.text._strtol_r,text,4
.text.strtol,text,26
.text._strtoll_l.isra.0,text,300
.text._strtoll_r,text,4
.text.strtoll,text,26
.text._strtoul_l.isra.0,text,244
.text._strtoul_r,text,4
.text.strtoul,text,26
.text._strtoull_l.isra.0,text,308
.text._strtoull_r,text,4
.text.strtoull,text,26
.text.__ssprint_r,text,234
.text._sungetc_r,text,122
.text.__ssrefill_r,text,58
.text._sfread_r,text,122
.text.__ssvfiscanf_r,text,3856
.rodata.basefix.8182,rodata,34
.rodata._svfprintf_r.str1.1,rodata,29
.text._svfprintf_r,text,4884
.rodata.blanks.8611,rodata,16
.rodata.zeroes.8612,rodata,16
.rodata.__ssvfscanf_r.str1.1,rodata,5
.text.__ssvfscanf_r,text,4796
.rodata.basefix.8680,rodata,34
.text.time,text,38
.text.__tzcalc_limits,text,340
.text.__tz_lock,text,12
.text.__tz_unlock,text,12
.text._tzset_unlocked,text,14
.rodata._tzset_unlocked_r.str1.1,rodata,56
.text._tzset_unlocked_r,text,772
.text._user_strerror,text,4
.text.__submore,text,112
.text._vsnprintf_r,text,88
.text.vsnprintf,text,30
.text._vsscanf_r,text,72
.text.vsscanf,text,26
.text.__swbuf_r,text,146
.text.__ascii_wctomb,text,26
.text.__swsetup_r,text,170
.text.__xpg_strerror_r,text,96
.text.AudEventCb,text,40
.text.AudCbInit,text,156
.text.ql_player_lock,text,12
.text.ql_record_lock,text,12
.text.ql_player_unlock,text,12
.text.ql_record_unlock,text,12
.text.AudPlayEventCb,text,40
.rodata.AudPipePlayerPipeWrite.str1.1,rodata,35
.text.AudPipePlayerPipeWrite,text,60
.rodata.ql_aud_tone_process.str1.1,rodata,144
.text.ql_aud_tone_process,text,448
.text.PipeReadCallback,text,60
.rodata.player_deinit.str1.1,rodata,23
.text.player_deinit,text,132
.text.set_recorder_event_callback.constprop.0,text,64
.rodata.recorder_deinit.str1.1,rodata,23
.text.recorder_deinit,text,116
.text.set_play_event_callback.constprop.0,text,64
.text.IsAudioInCallMode,text,28
.text.ql_set_record_packet_size,text,28
.rodata.ql_aud_set_nvm.str1.1,rodata,136
.text.ql_aud_get_nvm,text,116
.text.ql_audio_stop_ring_handler,text,76
.text.ql_audio_start_ring_handler,text,92
.text.ql_ext_pa_ctrl,text,96
.rodata.ql_volume_to_unisoc_vol.str1.1,rodata,20
.text.ql_volume_to_unisoc_vol,text,128
.text.uinsoc_volume_to_ql_vol,text,164
.text.ql_aud_set_volume,text,128
.text.ql_aud_get_volume,text,44
.text.ql_aud_set_output_type,text,20
.text.ql_aud_set_input_type,text,20
.text.ql_aud_get_output_type,text,4
.text.ql_aud_get_input_type,text,4
.rodata.ql_get_file_format.str1.1,rodata,24
.text.ql_get_file_format,text,56
.text.ql_get_audio_state,text,12
.rodata.ql_aud_tone_nvm_init.str1.1,rodata,47
.text.ql_aud_tone_nvm_init,text,24
.rodata.ql_set_tone_gain.str1.1,rodata,15
.text.ql_set_tone_gain,text,92
.rodata.ql_aud_check_file.str1.1,rodata,66
.text.ql_aud_check_file,text,164
.rodata.ql_aud_player_pause.str1.1,rodata,26
.text.ql_aud_player_pause,text,80
.text.ql_aud_player_resume,text,80
.text.ql_aud_player_stop,text,88
.text.ql_aud_get_play_state,text,20
.rodata.record_is_allowed.str1.1,rodata,120
.text.record_is_allowed,text,188
.text.ql_aud_get_playing_func,text,12
.text.ql_aud_wait_play_finish,text,68
.rodata.ql_aud_dtmf_play.str1.1,rodata,46
.text.ql_aud_dtmf_play,text,136
.rodata.ql_aud_tone_play.str1.1,rodata,19
.text.ql_aud_tone_play,text,80
.rodata.ql_aud_tone_stop.str1.1,rodata,38
.text.ql_aud_tone_stop,text,144
.text.ql_set_record_samplerate,text,20
.text.ql_aud_get_record_state,text,20
.rodata.playback_is_allowed.str1.1,rodata,33
.text.playback_is_allowed,text,148
.rodata.ql_aud_play_file_start.str1.1,rodata,238
.text.ql_aud_play_file_start,text,500
.rodata.ql_aud_play_file_start_ex.str1.1,rodata,294
.text.ql_aud_play_file_start_ex,text,796
.rodata.ql_aud_play_stream_start.str1.1,rodata,51
.text.ql_aud_play_stream_start,text,588
.rodata.aud_play_tone_config.str1.1,rodata,114
.text.aud_play_tone_config,text,356
.text.ql_aud_dtmf_tone_init,text,6
.text.ql_aud_get_recording_func,text,12
.rodata.ql_aud_recorder_pause.str1.1,rodata,28
.text.ql_aud_recorder_pause,text,80
.text.ql_aud_recorder_resume,text,80
.rodata.ql_aud_record_stop.str1.1,rodata,26
.text.ql_aud_record_stop,text,168
.rodata.RecordEventCallback.str1.1,rodata,46
.text.RecordEventCallback,text,104
.rodata.ql_aud_record_file_start.str1.1,rodata,173
.text.ql_aud_record_file_start,text,520
.rodata.ql_aud_record_stream_start_ex.str1.1,rodata,28
.text.ql_aud_record_stream_start_ex,text,464
.text.ql_aud_start_poc_mode,text,64
.text.ql_aud_stop_poc_mode,text,20
.text.ql_aud_poc_switch,text,60
.text.ql_aud_record_stream_start,text,8
.rodata.ql_aud_pcm_open.str1.1,rodata,108
.text.ql_aud_pcm_open,text,776
.rodata.ql_pcm_buffer_reset.str1.1,rodata,44
.text.ql_pcm_buffer_reset,text,156
.text.ql_pcm_buffer_used,text,92
.rodata.ql_aud_data_done.str1.1,rodata,15
.text.ql_aud_data_done,text,60
.rodata.audio_process_task.str1.1,rodata,224
.text.audio_process_task,text,660
.rodata.ql_pcm_read.str1.1,rodata,18
.text.ql_pcm_read,text,172
.rodata.ql_pcm_close.str1.1,rodata,70
.text.ql_pcm_close,text,208
.rodata.AudCallOnEventCB.str1.1,rodata,46
.text.AudCallOnEventCB,text,184
.rodata.AudLocalOnEventCB.str1.1,rodata,48
.text.AudLocalOnEventCB,text,136
.rodata.ql_pcm_write.str1.1,rodata,15
.text.ql_pcm_write,text,344
.rodata.ql_audio_init.str1.1,rodata,75
.text.ql_audio_init,text,240
.rodata.ql_set_audio_path_speaker.str1.1,rodata,47
.text.ql_set_audio_path_speaker,text,72
.rodata.ql_set_audio_path_earphone.str1.1,rodata,44
.text.ql_set_audio_path_earphone,text,80
.rodata.ql_set_audio_path_receiver.str1.1,rodata,24
.text.ql_set_audio_path_receiver,text,72
.rodata.ql_set_volume.str1.1,rodata,21
.text.ql_set_volume,text,52
.text.ql_get_volume,text,6
.text.ql_play_file_start,text,44
.text.ql_play_file_stop,text,4
.text.ql_play_mp3_stream_start,text,24
.text.ql_amr_stream_write,text,24
.text.ql_amr_stream_close,text,4
.text.ql_amr_file_start,text,40
.text.ql_amr_file_pause,text,10
.text.ql_amr_file_end,text,4
.text.ql_pcm_open,text,10
.text.ql_aud_loop_back_start,text,52
.text.ql_aud_loop_back_stop,text,20
.text.ql_bind_speakerpa_cb,text,12
.text.ql_bind_receiverpa_cb,text,12
.text.ql_aud_resampler_create,text,48
.text.ql_aud_resampler_run,text,24
.text.ql_aud_resampler_destroy,text,20
.rodata.ql_psm_get_timer_ex_rsp.str1.1,rodata,32
.text.ql_psm_get_timer_ex_rsp,text,132
.text.ql_psm_get_timer_rsp,text,112
.rodata._ql_powd_nw_deregister.str1.1,rodata,23
.text._ql_powd_nw_deregister,text,96
.rodata._ql_powd_nw_deregisterCB.str1.1,rodata,21
.text._ql_powd_nw_deregisterCB,text,100
.text.quec_shutdown_wait_uart,text,66
.rodata.quec_shutdown_mode.str1.1,rodata,91
.text.quec_shutdown_mode,text,248
.rodata.quec_power_shutdown.str1.1,rodata,46
.text.quec_power_shutdown,text,156
.rodata.quec_shutdown_task.str1.1,rodata,33
.text.quec_shutdown_task,text,192
.rodata.ql_power_down.str1.1,rodata,19
.text.ql_power_down,text,72
.rodata.ql_power_reset.str1.1,rodata,15
.text.ql_power_reset,text,100
.text.ql_get_powerup_reason,text,120
.text.ql_get_boot_cause,text,80
.text.ql_get_pwrkey_status,text,44
.text.ql_pwrkey_callback_register,text,24
.text.ql_pwrkey_longpress_cb_register,text,44
.text.ql_pwrkey_press_cb_register,text,24
.text.ql_pwrkey_release_cb_register,text,24
.text.ql_pwrkey_shutdown_time_set,text,24
.rodata.ql_lpm_wakelock_create.str1.1,rodata,109
.text.ql_lpm_wakelock_create,text,244
.rodata.ql_lpm_wakelock_delete.str1.1,rodata,20
.text.ql_lpm_wakelock_delete,text,148
.rodata.ql_lpm_wakelock_lock.str1.1,rodata,16
.text.ql_lpm_wakelock_lock,text,80
.rodata.ql_lpm_wakelock_unlock.str1.1,rodata,18
.text.ql_lpm_wakelock_unlock,text,80
.text.ql_autosleep_enable,text,20
.rodata.ql_autosleepex_enable.str1.1,rodata,20
.text.ql_autosleepex_enable,text,168
.rodata.ql_psm_timer_mins_check.str1.1,rodata,65
.text.ql_psm_timer_mins_check,text,332
.rodata.ql_psm_sleep_enable.str1.1,rodata,154
.text.ql_psm_sleep_enable,text,524
.text.ql_psm_register_enter_cb,text,32
.text.ql_psm_read_wakeup_pin_cfg_from_nv,text,2
.text.ql_psm_wakeup_pin_init,text,88
.rodata.ql_psm_set_wakeup_pin_cfg.str1.1,rodata,81
.text.ql_psm_set_wakeup_pin_cfg,text,100
.text.ql_psm_get_wakeup_pin_cfg,text,28
.text.ql_psm_set_wakeup_pin,text,120
.text.ql_psm_get_timer_ex,text,136
.text.ql_psm_get_timer,text,148
.text.ql_sleep_register_cb,text,24
.text.ql_wakeup_register_cb,text,24
.text.ql_get_wakeup_source,text,12
.text.ql_get_vchg_vol,text,24
.text.ql_get_vbus_state,text,24
.text.ql_get_battery_vol,text,24
.text.ql_get_battery_level,text,24
.text.ql_get_charge_cur,text,24
.rodata.ql_get_charge_status.str1.1,rodata,21
.text.ql_get_charge_status,text,72
.text.ql_charge_set_config,text,76
.text.ql_charge_get_config,text,36
.text.ql_charge_set_over_temp,text,10
.text.quec_set_sleep_delay_time,text,96
.text.quec_get_sleep_delay_time,text,104
.text.ql_switch_power_domain,text,56
.rodata,rodata,19166
.rodata.domain_map,rodata,48
.text.ql_hd_gnss_callback,text,44
.rodata.ql_gnss_switch.str1.1,rodata,58
.text.ql_gnss_switch,text,184
.rodata.ql_gnss_agps_cfg.str1.1,rodata,63
.text.ql_gnss_agps_cfg,text,132
.rodata.ql_gnss_agps_param_cfg_ex.str1.1,rodata,68
.text.ql_gnss_agps_param_cfg_ex,text,256
.rodata.ql_auto_gnss_cfg.str1.1,rodata,37
.text.ql_auto_gnss_cfg,text,136
.text.ql_gnss_callback_register_ex,text,80
.rodata.ql_gnss_sys_type_cfg.str1.1,rodata,72
.text.ql_gnss_sys_type_cfg,text,152
.rodata.ql_gnss_agps_get_cfg.str1.1,rodata,17
.text.ql_gnss_agps_get_cfg,text,184
.text.ql_gnss_agps_param_cfg,text,62
.text.ql_gnss_state_info_get,text,12
.text.ql_gnss_get_cfg,text,88
.rodata.ql_gnss_nmea_get.str1.1,rodata,35
.text.ql_gnss_nmea_get,text,76
.rodata.ql_gnss_dsds_sim_cfg.str1.1,rodata,20
.text.ql_gnss_dsds_sim_cfg,text,132
.rodata.quec_modem_active_req.str1.1,rodata,132
.text.quec_modem_active_req,text,296
.rodata.quec_modem_connect_ctx_try_lock.str1.1,rodata,16
.text.quec_modem_connect_ctx_try_lock,text,76
.text.quec_modem_connect_ctx_unlock,text,16
.rodata.quec_modem_attach_rsp.str1.1,rodata,38
.text.quec_modem_attach_rsp,text,136
.rodata.quec_modem_active_rsp.str1.1,rodata,21
.text.quec_modem_active_rsp,text,296
.rodata.quec_modem_attach_notification.str1.1,rodata,26
.text.quec_modem_attach_notification,text,100
.rodata.quec_get_NAT_wan_NetIf.str1.1,rodata,20
.text.quec_get_NAT_wan_NetIf,text,100
.text.quec_getAvailableNetIfBySIMCID,text,88
.rodata.quec_check_netif_exist_or_available.str1.1,rodata,63
.text.quec_check_netif_exist_or_available,text,232
.rodata.quec_check_gprs_pdp_state.str1.1,rodata,119
.text.quec_check_gprs_pdp_state,text,216
.rodata.quec_try_to_active_pdp_context_by_cid.str1.1,rodata,67
.text.quec_try_to_active_pdp_context_by_cid,text,204
.rodata._getPeerIpv6Prefix.str1.1,rodata,214
.text._getPeerIpv6Prefix,text,492
.text.quec_usbnet_try_lock,text,20
.text.quec_usbnet_unlock,text,16
.rodata.quec_usbnet_connect_enable_with_cid.str1.1,rodata,51
.text.quec_usbnet_connect_enable_with_cid,text,116
.text.quec_usbnet_connect_netif_get,text,12
.text.quec_usbnet_connect_netif_set,text,28
.rodata.quec_usbnet_connect_netif_find.str1.1,rodata,51
.text.quec_usbnet_connect_netif_find,text,148
.text.quec_usbnet_wan_netif_get,text,12
.text.quec_usbnet_connect_ctx_init,text,36
.rodata.quec_usbnet_urc.str1.1,rodata,19
.text.quec_usbnet_urc,text,80
.text.quec_usbnet_send_osi_event_set_if,text,44
.text.quec_usbnet_sendevent,text,52
.rodata.quec_netdev_timer_callback.str1.1,rodata,26
.text.quec_netdev_timer_callback,text,64
.text.quec_usbnet_retry_or_reinit,text,176
.rodata.quec_netdevctl_cfg_save.str1.1,rodata,75
.text.quec_netdevctl_cfg_save,text,80
.rodata.quec_exec_qnetdevctl_cmd.str1.1,rodata,176
.text.quec_exec_qnetdevctl_cmd,text,604
.rodata.quec_usbnet_up.str1.1,rodata,47
.text.quec_usbnet_up,text,172
.rodata.quec_usbnet_down.str1.1,rodata,24
.text.quec_usbnet_down,text,80
.rodata.quec_usbnet_port_connect.str1.1,rodata,49
.text.quec_usbnet_port_connect,text,184
.rodata.quec_usbnet_port_disconnect.str1.1,rodata,33
.text.quec_usbnet_port_disconnect,text,124
.rodata.quec_netdev_thread.str1.1,rodata,87
.text.quec_netdev_thread,text,404
.text.quec_get_usbnet_threadID,text,12
.rodata.quec_netdev_init.str1.1,rodata,15
.text.quec_netdev_init,text,100
.text.ql_adc_get_channel_map,text,48
.rodata.ql_adc_get_volt.str1.1,rodata,45
.text.ql_adc_get_volt,text,288
.text.ql_adc_get_volt_raw,text,64
.rodata.ql_CamPowerOn.str1.1,rodata,113
.text.ql_CamPowerOn,text,204
.rodata.ql_CamPowerOff.str1.1,rodata,17
.text.ql_CamPowerOff,text,152
.text.ql_CamClose,text,116
.rodata.ql_CamPreview.str1.1,rodata,73
.text.ql_CamPreview,text,188
.rodata.ql_CamStopPreview.str1.1,rodata,86
.text.ql_CamStopPreview,text,188
.rodata.ql_CamCaptureImage.str1.1,rodata,49
.text.ql_CamCaptureImage,text,164
.rodata.ql_CamGetSensorInfo.str1.1,rodata,26
.text.ql_CamGetSensorInfo,text,68
.rodata.ql_CamPreviewDQBUF.str1.1,rodata,26
.text.ql_CamPreviewDQBUF,text,156
.text.ql_CamPreviewQBUF,text,144
.rodata.ql_CamInit.str1.1,rodata,89
.text.ql_CamInit,text,296
.rodata.ql_camPrint.str1.1,rodata,94
.text.ql_camPrint,text,744
.text.ql_CamSetBufopt,text,120
.text.ql_CamInit0310SPI,text,32
.text.ql_CamI2CRead,text,168
.text.ql_CamI2CWrite,text,160
.rodata.ql_log_set_port.str1.1,rodata,50
.text.ql_log_set_port,text,136
.text.ql_quec_trace_enable,text,12
.text.ql_quec_trace_is_enabled,text,16
.text.quec_fs_trace_fname_combination,text,48
.rodata.quec_fs_trace_path_parm_init.str1.1,rodata,17
.text.quec_fs_trace_path_parm_init,text,68
.rodata.quec_fs_trace_set_log_size.str1.1,rodata,17
.text.quec_fs_trace_set_log_size,text,260
.rodata.ql_log_pcap_get_from_nv.str1.1,rodata,30
.text.ql_log_pcap_get_from_nv,text,36
.text.ql_log_pcap_get,text,24
.text.ql_log_pcap_set,text,48
.text.ql_log_auddump_set,text,10
.text.ql_log_auddump_get,text,24
.rodata.ql_datacall_result_handler.str1.1,rodata,38
.text.ql_datacall_result_handler,text,108
.text.ql_datacall_psm_pdp_linkmode_write,text,104
.rodata.ql_data_call_ind_cb.str1.1,rodata,30
.text.ql_data_call_ind_cb,text,116
.text.ql_datacall_try_lock,text,20
.text.ql_datacall_unlock,text,16
.text.ql_datacall_check_if_cid_is_used_by_ext_device,text,84
.rodata.ql_datacall_get_info_from_ext_device.str1.1,rodata,66
.text.ql_datacall_get_info_from_ext_device,text,324
.text.ql_datacall_ip4_route,text,168
.rodata.quec_set_datacall_status.str1.1,rodata,41
.text.quec_set_datacall_status,text,96
.text.quec_get_datacall_status,text,60
.rodata.ql_datacall_set_timer_config.str1.1,rodata,120
.text.ql_datacall_set_timer_config,text,328
.rodata.ql_datacall_get_timer_config.str1.1,rodata,44
.text.ql_datacall_get_timer_config,text,176
.text.ql_datacall_pdp_deactive_handler,text,40
.text.ql_netif_sema_release_event,text,12
.text.ql_network_register_wait,text,96
.text.ql_datacall_user_apn_clear,text,64
.text.ql_datacall_user_apn_save,text,68
.text.ql_datacall_user_apn_read,text,68
.rodata.ql_set_data_call_asyn_mode.str1.1,rodata,54
.text.ql_set_data_call_asyn_mode,text,120
.rodata.quec_get_qiact_info.str1.1,rodata,39
.rodata.ql_get_data_call_info.str1.1,rodata,177
.text.ql_get_data_call_info,text,700
.rodata.ql_datacall_register_cb.str1.1,rodata,68
.text.ql_datacall_register_cb,text,344
.text.ql_datacall_unregister_cb,text,268
.rodata.ql_datacall_get_sim_profile_is_active.str1.1,rodata,56
.text.ql_datacall_get_sim_profile_is_active,text,92
.text.ql_bind_sim_and_profile,text,48
.rodata.ql_datacall_tcpip_app_cb.str1.1,rodata,30
.text.ql_datacall_tcpip_app_cb,text,156
.text.ql_get_sim_and_profile,text,60
.rodata.ql_datacall_set_nat.str1.1,rodata,87
.text.ql_datacall_set_nat,text,252
.text.ql_datacall_get_nat,text,32
.rodata.ql_datacall_set_qdmz.str1.1,rodata,39
.rodata.ql_datacall_read_qdmz_from_nv.str1.1,rodata,28
.text.ql_datacall_read_qdmz_from_nv,text,56
.rodata.ql_datacall_read_subnet_from_nv.str1.1,rodata,72
.text.ql_datacall_read_subnet_from_nv,text,56
.rodata.ql_datacall_read_assign_from_nv.str1.1,rodata,72
.text.ql_datacall_read_assign_from_nv,text,56
.rodata.ql_datacall_set_subnet.str1.1,rodata,156
.text.ql_datacall_set_subnet,text,440
.rodata.ql_datacall_get_subnet.str1.1,rodata,18
.text.ql_datacall_get_subnet,text,212
.rodata.ql_datacall_set_nat_assign.str1.1,rodata,69
.text.ql_datacall_set_nat_assign,text,244
.text.ql_datacall_get_nat_assign,text,68
.text.quec_is_assign_port,text,108
.text.quec_is_assign_dns,text,68
.text.ql_nat_get_subnet,text,124
.rodata.ql_datacall_set_dns_addr.str1.1,rodata,34
.text.ql_datacall_set_dns_addr,text,536
.text.ql_datacall_get_dns_addr,text,480
.rodata.ql_datacall_set_default_pdn_cfg.str1.1,rodata,81
.text.ql_datacall_set_default_pdn_cfg,text,672
.text.ql_datacall_get_default_pdn_cfg,text,112
.rodata.quec_get_default_pdn_info.str1.1,rodata,58
.text.quec_get_default_pdn_info,text,388
.rodata.quec_check_datacall_param.str1.1,rodata,217
.text.quec_check_datacall_param,text,532
.rodata.ql_datacall_resume_pdp_conf.str1.1,rodata,27
.rodata.ql_get_data_call_conf.str1.1,rodata,21
.text.ql_get_data_call_conf,text,340
.text.ql_datacall_get_default_pdn_info,text,340
.rodata.ql_datacall_apn_remap_handler.str1.1,rodata,130
.text.ql_datacall_apn_remap_handler,text,428
.rodata.ql_datacall_apn_remap_set_handler.str1.1,rodata,85
.text.ql_datacall_apn_remap_set_handler,text,232
.rodata.ql_datacall_read_auto_auth_from_nv.str1.1,rodata,77
.text.ql_datacall_read_auto_auth_from_nv,text,132
.rodata.ql_datacall_save_auto_auth_nv.str1.1,rodata,16
.text.ql_datacall_save_auto_auth_nv,text,132
.text.ql_datacall_set_pdp_auth,text,496
.text.ql_datacall_get_last_auto_auth,text,68
.rodata.ql_datacall_enable_auto_auth.str1.1,rodata,18
.text.ql_datacall_enable_auto_auth,text,124
.text.ql_datacall_reset_auto_auth_counter,text,60
.rodata.ql_datacall_retry_auto_auth.str1.1,rodata,80
.text.ql_datacall_retry_auto_auth,text,404
.rodata.ql_datacall_sendevent.str1.1,rodata,21
.text.ql_datacall_sendevent,text,104
.text.ql_datacall_rsra_sendevent,text,24
.rodata.ql_datacall_wait_ip6_prefix.str1.1,rodata,53
.text.ql_datacall_wait_ip6_prefix,text,160
.rodata.ql_datacall_msg_process.str1.1,rodata,59
.text.ql_datacall_msg_process,text,700
.rodata.ql_start_data_call_ex.str1.1,rodata,466
.text.ql_start_data_call_ex,text,1468
.text.ql_datacall_pdp_active,text,176
.rodata.ql_datacall_gprs_act_rsp.str1.1,rodata,136
.text.ql_datacall_gprs_act_rsp,text,592
.rodata.ql_datacall_gprs_att_rsp.str1.1,rodata,50
.text.ql_datacall_gprs_att_rsp,text,144
.rodata.ql_start_data_call.str1.1,rodata,193
.text.ql_start_data_call,text,628
.rodata.ql_stop_data_call_ex.str1.1,rodata,118
.text.ql_stop_data_call_ex,text,616
.text.ql_stop_data_call,text,488
.rodata.ql_datacall_psm_wakeup_init.str1.1,rodata,151
.text.ql_datacall_psm_wakeup_init,text,268
.rodata.ql_datacall_psm_get_pdp_link_mode.str1.1,rodata,15
.text.ql_datacall_psm_get_pdp_link_mode,text,164
.text.ql_datacall_psm_set_pdp_link_mode,text,36
.text.ql_datacall_cfw_init,text,40
.rodata.ql_datacall_init.str1.1,rodata,11
.text.ql_datacall_init,text,56
.text.ql_cfunSetCommRsp,text,24
.text.ql_dev_get_imei,text,80
.text.ql_dev_get_firmware_version,text,44
.text.ql_dev_get_firmware_subversion,text,44
.text.ql_dev_get_model,text,44
.text.ql_dev_get_sn,text,72
.text.ql_dev_get_modem_fun,text,80
.rodata.ql_cfun_comm_set.str1.1,rodata,18
.text.ql_cfun_comm_set,text,200
.rodata.quec_notify_sim_detect.str1.1,rodata,117
.text.quec_notify_sim_detect,text,272
.rodata.ql_dev_set_modem_fun.str1.1,rodata,44
.text.ql_dev_set_modem_fun,text,248
.text.ql_dev_get_product_id,text,44
.rodata.ql_dev_check_property.str1.1,rodata,27
.text.ql_dev_check_property,text,60
.rodata.ql_dev_get_cpu_uid.str1.1,rodata,20
.text.ql_dev_get_cpu_uid,text,96
.text.ql_dev_get_temp_value,text,72
.text.ql_dev_cfg_wdt,text,64
.text.ql_dev_feed_wdt,text,14
.text.ql_dev_memory_state,text,8
.text.ql_dev_memory_size_query,text,52
.rodata.ql_get_authorization.str1.1,rodata,23
.text.ql_get_authorization,text,80
.text.ql_dev_get_secure_boot_enable_state,text,32
.rodata.ql_dev_enable_secure_boot_ex.str1.1,rodata,46
.text.ql_dev_enable_secure_boot_ex,text,100
.text.ql_dev_enable_secure_boot,text,6
.text.ql_dev_set_datatransmit_feed_wdt,text,32
.text.ql_dev_get_datatransmit_feed_wdt,text,12
.rodata.ql_dev_get_mac_address.str1.1,rodata,22
.text.ql_dev_get_mac_address,text,76
.rodata.ql_dev_config_dump.str1.1,rodata,21
.text.ql_dev_config_dump,text,176
.text.ql_dev_get_dump_info,text,116
.text.ql_dev_get_sys_srand,text,4
.rodata.CSWTCH.33,rodata,96
.rodata.quec_fill_fota_cfg_parm.part.0.str1.1,rodata,30
.text.quec_fill_fota_cfg_parm.part.0,text,132
.rodata.ql_fota_pack_name_convert_fs.str1.1,rodata,46
.text.ql_fota_pack_name_convert_fs,text,92
.rodata.ql_fs_convert_fota_pack_name.str1.1,rodata,144
.text.ql_fs_convert_fota_pack_name,text,256
.rodata.ql_fota_cfg_PackFileName_verify.str1.1,rodata,69
.text.ql_fota_cfg_PackFileName_verify,text,116
.rodata.ql_fota_get_pack_name.str1.1,rodata,90
.text.ql_fota_get_pack_name,text,148
.rodata.ql_fota_file_reset.str1.1,rodata,57
.text.ql_fota_file_reset,text,188
.rodata.ql_fota_fs_size_judge.str1.1,rodata,113
.text.ql_fota_fs_size_judge,text,168
.rodata.quec_get_fota_storage_size.str1.1,rodata,166
.text.quec_get_fota_storage_size,text,944
.rodata.quec_check_fota_storage_size.str1.1,rodata,69
.text.quec_check_fota_storage_size,text,248
.rodata.ql_fota_get_image_version.str1.1,rodata,16
.text.ql_fota_get_image_version,text,48
.rodata.ql_fota_image_verify.str1.1,rodata,225
.text.ql_fota_image_verify,text,720
.rodata.ql_fota_image_verify_without_setflag.str1.1,rodata,25
.text.ql_fota_image_verify_without_setflag,text,396
.rodata.ql_fota_get_result.str1.1,rodata,41
.text.ql_fota_get_result,text,152
.text.ql_file_feed_dog_callback,text,4
.rodata.ql_fs_get_size.str1.1,rodata,53
.text.ql_fs_get_size,text,340
.rodata.ql_file_timer_start.str1.1,rodata,43
.text.ql_file_timer_start,text,140
.rodata.ql_file_timer_stop.str1.1,rodata,20
.text.ql_file_timer_stop,text,56
.rodata.ql_fclose.str1.1,rodata,64
.text.ql_fclose,text,188
.rodata.ql_remove.str1.1,rodata,33
.text.ql_remove,text,212
.rodata.ql_fread.str1.1,rodata,36
.text.ql_fread,text,204
.rodata.ql_nvm_fwrite.str1.1,rodata,37
.text.ql_nvm_fwrite,text,212
.rodata.ql_nvm_fread.str1.1,rodata,16
.text.ql_nvm_fread,text,212
.rodata.ql_cust_nvm_fwrite.str1.1,rodata,12
.text.ql_cust_nvm_fwrite,text,72
.text.ql_cust_nvm_fread,text,72
.rodata.ql_fac_cust_nvm_fwrite_internal.str1.1,rodata,25
.text.ql_fac_cust_nvm_fwrite_internal,text,112
.text.ql_fac_cust_nvm_fread_internal,text,112
.text.ql_fac_cust_nvm_fread,text,244
.text.ql_sfs_setkey,text,4
.rodata.ql_fseek.str1.1,rodata,16
.text.ql_fseek,text,176
.rodata.ql_ftell.str1.1,rodata,17
.text.ql_ftell,text,80
.rodata.ql_fstat.str1.1,rodata,17
.text.ql_fstat,text,136
.rodata.ql_stat.str1.1,rodata,15
.text.ql_stat,text,160
.text.ql_fsize,text,100
.text.ql_file_exist,text,96
.rodata.ql_frewind.str1.1,rodata,19
.text.ql_frewind,text,80
.rodata.ql_ftruncate.str1.1,rodata,20
.text.ql_ftruncate,text,136
.rodata.ql_mkdir.str1.1,rodata,50
.text.ql_mkdir,text,184
.rodata.ql_opendir.str1.1,rodata,20
.text.ql_opendir,text,108
.text.ql_closedir,text,88
.rodata.ql_readdir.str1.1,rodata,20
.text.ql_readdir,text,100
.rodata.ql_telldir.str1.1,rodata,20
.text.ql_telldir,text,76
.rodata.ql_seekdir.str1.1,rodata,20
.text.ql_seekdir,text,120
.text.ql_rewinddir,text,76
.rodata.ql_rmdir.str1.1,rodata,22
.text.ql_rmdir,text,140
.rodata.ql_rmdir_ex.str1.1,rodata,73
.text.ql_rmdir_ex,text,444
.rodata.ql_rename.str1.1,rodata,37
.text.ql_rename,text,176
.text.ql_fs_free_size,text,8
.rodata.ql_fopen_ex.str1.1,rodata,162
.text.ql_fopen_ex,text,544
.text.ql_fopen,text,6
.rodata.ql_open_ex.str1.1,rodata,26
.text.ql_open_ex,text,500
.text.ql_open,text,8
.text.ql_fs_free_size_by_fd,text,148
.rodata.ql_fwrite.str1.1,rodata,37
.text.ql_fwrite,text,312
.text.ql_fs_total_size,text,8
.text.ql_fputc,text,72
.text.ql_fputs,text,68
.text.ql_fgetc,text,76
.text.ql_fgets,text,68
.rodata.ql_ferror.str1.1,rodata,13
.text.ql_ferror,text,60
.rodata.ql_fsync.str1.1,rodata,16
.text.ql_fsync,text,108
.text.ql_fscanf,text,88
.text.ql_fprintf,text,110
.rodata.ql_file_sys_handle.str1.1,rodata,11
.text.ql_file_sys_handle,text,60
.text.ql_fs_errocode_get,text,124
.rodata.quec_file_dedotdotify.str1.1,rodata,20
.text.quec_file_dedotdotify,text,364
.rodata.quec_file_get_dir_level.str1.1,rodata,3
.text.quec_file_get_dir_level,text,84
.rodata.quec_file_check_path_is_mount.str1.1,rodata,28
.text.quec_file_check_path_is_mount,text,84
.rodata.ql_file_type_get.str1.1,rodata,39
.text.ql_file_type_get,text,96
.text.quec_file_is_name_valid,text,292
.rodata.ql_file_check_path.str1.1,rodata,15
.text.ql_file_check_path,text,320
.rodata.ql_file_path_type_convert.str1.1,rodata,61
.text.ql_file_path_type_convert,text,216
.rodata.ql_file_get_mode.str1.1,rodata,20
.text.ql_file_get_mode,text,356
.rodata.ql_filesys_get_state.str1.1,rodata,29
.text.ql_filesys_get_state,text,72
.rodata.ql_open_file_init.str1.1,rodata,166
.text.ql_open_file_init,text,216
.rodata.ql_fs_file_open.str1.1,rodata,18
.text.ql_fs_file_open,text,176
.rodata.ql_fs_file_close.str1.1,rodata,134
.text.ql_fs_file_close,text,244
.rodata.ql_get_file_info.str1.1,rodata,62
.text.ql_get_file_info,text,340
.text.ql_file_get_mode_by_fd,text,32
.rodata.ql_open_file_get_cnt.str1.1,rodata,84
.text.ql_open_file_get_cnt,text,104
.rodata.ql_open_file_get_info.str1.1,rodata,70
.text.ql_open_file_get_info,text,220
.rodata.ql_file_check_support_sfs.str1.1,rodata,70
.text.ql_file_check_support_sfs,text,236
.text.ql_file_is_opened,text,42
.rodata.ql_fs_file_stat.str1.1,rodata,58
.text.ql_fs_file_stat,text,176
.text.ql_file_is_opened_by_fd,text,40
.text.ql_get_file_name_by_fd,text,54
.text.ql_property_init,text,20
.rodata.ql_ftp_default_write_cb.str1.1,rodata,13
.text.ql_ftp_default_write_cb,text,76
.rodata.ql_ftp_open_get_error_code.str1.1,rodata,62
.text.ql_ftp_open_get_error_code,text,324
.rodata.ql_sftp_client_list_cb.str1.1,rodata,71
.text.ql_sftp_client_list_cb,text,336
.text.ql_ftp_default_read_cb,text,60
.text.ql_ftp_client_new,text,48
.text.ql_ftp_client_release,text,26
.text.ql_ftp_client_setopt,text,436
.rodata.ql_ftp_client_open.str1.1,rodata,6
.text.ql_ftp_client_open,text,360
.text.ql_ftp_client_close,text,52
.rodata.ql_ftp_client_get_ex.str1.1,rodata,3
.text.ql_ftp_client_get_ex,text,264
.rodata.ql_ftp_client_put_ex.str1.1,rodata,2
.text.ql_ftp_client_put_ex,text,256
.text.ql_ftp_client_delete,text,104
.text.ql_ftp_client_cwd,text,104
.rodata.ql_ftp_client_lcwd.str1.1,rodata,6
.text.ql_ftp_client_lcwd,text,212
.rodata.ql_ftp_client_pwd.str1.1,rodata,19
.text.ql_ftp_client_pwd,text,268
.text.ql_ftp_client_lpwd,text,100
.text.ql_ftp_client_mkdir,text,104
.text.ql_ftp_client_rmdir,text,104
.text.ftp_list_readline,text,108
.rodata.ql_ftp_client_list_cb.str1.1,rodata,66
.text.ql_ftp_client_list_cb,text,388
.rodata.ql_ftp_client_list.str1.1,rodata,15
.text.ql_ftp_client_list,text,264
.rodata.ql_ftp_client_size.str1.1,rodata,23
.text.ql_ftp_client_size,text,164
.text.ql_ftp_client_rename,text,120
.text.getlong,text,30
.text.ftp_list_parse_permissions,text,120
.rodata.ftp_list_split_ls_uinx.str1.1,rodata,203
.text.ftp_list_split_ls_uinx,text,1552
.rodata.ql_ftp_list_data_parse.str1.1,rodata,162
.text.ql_ftp_list_data_parse,text,1676
.rodata.months,rodata,48
.text.ql_gpio_index_check,text,56
.rodata.ql_pin_pull_up_with_uart_rxd.str1.1,rodata,16
.text.ql_pin_pull_up_with_uart_rxd,text,312
.rodata.ql_gpio_deinit.str1.1,rodata,34
.text.ql_gpio_deinit,text,88
.rodata.ql_gpio_get_direction.str1.1,rodata,28
.text.ql_gpio_get_direction,text,148
.rodata.ql_gpio_set_level.str1.1,rodata,46
.text.ql_gpio_set_level,text,192
.text.ql_gpio_get_level,text,200
.rodata.ql_gpio_set_pull.str1.1,rodata,46
.text.ql_gpio_set_pull,text,228
.text.ql_gpio_set_direction,text,196
.text.ql_gpio_init,text,136
.text.ql_gpio_get_pull,text,188
.rodata.ql_int_register.str1.1,rodata,46
.text.ql_int_register,text,296
.text.ql_int_unregister,text,104
.text.ql_int_enable,text,72
.text.ql_int_enable_ex,text,308
.text.ql_int_disable,text,56
.text.ql_int_disable_ex,text,4
.text.ql_pin_index_check,text,52
.rodata.ql_pin_set_func.str1.1,rodata,101
.text.ql_pin_set_func,text,376
.text.ql_pin_get_func,text,88
.rodata.ql_pin_get_gpio.str1.1,rodata,66
.text.ql_pin_set_gpio,text,192
.text.ql_pin_set_func_internal,text,172
.text.ql_pin_set_drving,text,100
.rodata.ql_httpc_event_listener.str1.1,rodata,46
.text.ql_httpc_event_listener,text,468
.text.ql_httpc_dload_timer_expire,text,12
.rodata.ql_httpc_upload_data_read.str1.1,rodata,20
.text.ql_httpc_upload_data_read,text,92
.rodata.ql_httpc_dload_data_write.str1.1,rodata,54
.text.ql_httpc_dload_data_write,text,256
.rodata.ql_httpc_new.str1.1,rodata,50
.text.ql_httpc_new,text,212
.rodata.ql_httpc_setopt.str1.1,rodata,18
.text.ql_httpc_setopt,text,976
.text.ql_httpc_formadd,text,168
.rodata.ql_httpc_perform.str1.1,rodata,22
.text.ql_httpc_perform,text,136
.text.ql_httpc_getinfo,text,336
.text.ql_httpc_continue_dload,text,24
.text.ql_httpc_release,text,204
.rodata.ql_I2cInit.str1.1,rodata,59
.text.ql_I2cInit,text,280
.rodata.ql_I2cWrite.str1.1,rodata,17
.text.ql_I2cWrite,text,176
.rodata.ql_I2cRead.str1.1,rodata,16
.text.ql_I2cRead,text,176
.rodata.ql_I2cRelease.str1.1,rodata,17
.text.ql_I2cRelease,text,120
.text.ql_I2cWrite_16bit_addr,text,192
.text.ql_I2cRead_16bit_addr,text,192
.text.ql_i2c_write_slave_data,text,168
.text.ql_i2c_read_slave_data,text,168
.text.ql_keypad_isr_cb,text,116
.rodata.ql_keypad_state.str1.1,rodata,16
.text.ql_keypad_state,text,84
.rodata.ql_keypad_init.str1.1,rodata,84
.text.ql_keypad_init,text,256
.text.ql_keypad_set_config,text,36
.rodata.quec_lcd_sleep_in.str1.1,rodata,38
.text.quec_lcd_sleep_in,text,176
.text.quec_spi_lcd_write_cmd_data,text,176
.rodata.quec_lcd_version_init.str1.1,rodata,20
.text.quec_lcd_version_init,text,152
.rodata.quec_lcd_mutex_create.str1.1,rodata,26
.text.quec_lcd_mutex_create,text,44
.text.ql_lcd_free,text,80
.rodata.ql_lcd_write.str1.1,rodata,47
.text.ql_lcd_write,text,408
.text.ql_lcd_display_on,text,6
.text.ql_lcd_display_off,text,6
.text.ql_spi_lcd_write_cmd,text,8
.text.ql_spi_lcd_write_data,text,8
.rodata.ql_lcd_clear_screen.str1.1,rodata,27
.text.ql_lcd_clear_screen,text,448
.rodata.ql_lcd_init_ext.str1.1,rodata,78
.text.ql_lcd_init_ext,text,516
.text.ql_lcd_init,text,10
.text.ql_lcd_init_bwscreen,text,100
.text.ql_lcd_init_st7567a,text,100
.text.ql_lcd_brightness_pin_sel,text,88
.text.ql_lcd_set_brightness,text,216
.text.ql_lcd_set_level_brightness,text,136
.rodata.ql_lcd_enter_sleep.str1.1,rodata,27
.text.ql_lcd_enter_sleep,text,268
.text.ql_compute_threshold,text,272
.text.ql_lcd_set_display_offset,text,176
.text.ql_lcd_reset_config,text,76
.rodata.ql_lcd_get_info.str1.1,rodata,19
.text.ql_lcd_get_info,text,140
.rodata.ql_lcd_set_config.str1.1,rodata,22
.text.ql_lcd_set_config,text,200
.text.ql_lcd_get_config,text,112
.text.ql_lcd_set_busmode,text,34
.text.ql_lcd_set_reset_pin,text,20
.text.ql_get_lcdSpec,text,128
.text.ql_lcd_special_init,text,404
.text.ql_lcd_special_change,text,100
.text.ql_mqtt_append_request,text,22
.text.ql_mqtt_client_check_cliptr_valid,text,180
.rodata.ql_mqtt_client_event_listener.str1.1,rodata,21
.text.ql_mqtt_client_event_listener,text,124
.rodata.ql_mqtt_listen_task.str1.1,rodata,116
.text.ql_mqtt_listen_task,text,960
.rodata.ql_mqtt_onenet_generate_auth_token.str1.1,rodata,25
.text.ql_mqtt_onenet_generate_auth_token,text,108
.text.ql_mqtt_client_init,text,272
.rodata.ql_mqtt_connect.str1.1,rodata,43
.text.ql_mqtt_connect,text,864
.rodata.ql_mqtt_publish.str1.1,rodata,16
.text.ql_mqtt_publish,text,232
.text.ql_mqtt_sub_unsub,text,280
.text.ql_mqtt_disconnect,text,152
.text.ql_mqtt_set_inpub_callback,text,52
.text.ql_mqtt_client_is_connected,text,22
.text.ql_mqtt_client_deinit,text,120
.rodata.ql_mqtt_client_setopt.str1.1,rodata,45
.text.ql_mqtt_client_setopt,text,248
.rodata.quec_nv_json_data_parse.str1.1,rodata,48
.text.quec_nv_json_data_parse,text,168
.text.quec_resolution_nv_path,text,140
.rodata.quec_json_nv_cfg_read.str1.1,rodata,104
.text.quec_json_nv_cfg_read,text,356
.rodata.quec_json_nv_cfg_write.str1.1,rodata,140
.text.quec_json_nv_cfg_write,text,568
.text.ql_nw_gsm_rssi_compare,text,18
.text.ql_nw_lte_rssi_compare,text,18
.rodata.ql_sim_operator_name_rsp.str1.1,rodata,19
.text.ql_sim_operator_name_rsp,text,64
.text.quec_netlight_datatransmit_callback,text,10
.text.ql_cops_set_rsp,text,16
.text.ql_nw_create_mutex,text,10
.rodata.ql_update_sim_operator_name.str1.1,rodata,35
.text.ql_update_sim_operator_name,text,212
.text.ql_nw_try_lock,text,12
.text.ql_nw_unlock,text,8
.text.quec_qoos_check_param,text,48
.rodata.ql_nw_set_losscovtimer.str1.1,rodata,29
.text.ql_nw_set_losscovtimer,text,148
.rodata.ql_nw_set_limittimer.str1.1,rodata,28
.text.ql_nw_set_limittimer,text,148
.text.ql_nw_get_losscovtimer,text,56
.rodata.quec_regstatus_rda2quec.str1.1,rodata,20
.text.quec_regstatus_rda2quec,text,76
.rodata.quec_get_regstatus.str1.1,rodata,34
.text.quec_get_regstatus,text,176
.rodata.quec_get_nw_status.str1.1,rodata,38
.text.quec_get_nw_status,text,264
.rodata.quec_nw_info_allow_query.str1.1,rodata,32
.text.quec_nw_info_allow_query,text,252
.text.quec_get_nitz_time,text,36
.rodata.quec_save_nw_sync_time.str1.1,rodata,15
.text.quec_save_nw_sync_time,text,72
.text.quec_network_name_info_parser,text,250
.text._get_nwk_opername,text,92
.text.quec_nw_get_nwk_opername,text,76
.rodata.quec_nw_oper_name_handler.str1.1,rodata,20
.text.quec_nw_oper_name_handler,text,312
.rodata.quec_pdpAddressToStr.str1.1,rodata,114
.text.quec_pdpAddressToStr,text,768
.rodata.quec_netstatuslight_switch.str1.1,rodata,43
.text.quec_netstatuslight_switch,text,196
.rodata.quec_netlight_deal_call_change.str1.1,rodata,28
.text.quec_netlight_deal_call_change,text,116
.rodata.quec_netlight_deal_network_change.str1.1,rodata,45
.text.quec_netlight_deal_network_change,text,132
.rodata.quec_netlight_deal_pdp_activing.str1.1,rodata,33
.text.quec_netlight_deal_pdp_activing,text,96
.text.quec_netlight_deal_pdp_active_fail,text,100
.text.quec_netlight_deal_pdp_change,text,128
.rodata.quec_netlight_deal_socket_connect.str1.1,rodata,21
.text.quec_netlight_deal_socket_connect,text,72
.text.quec_netlight_get_current_status,text,16
.rodata.ql_nw_get_csq.str1.1,rodata,182
.text.ql_nw_get_csq,text,504
.rodata.ql_nw_set_mode.str1.1,rodata,63
.text.ql_nw_set_mode,text,244
.text.ql_nw_get_mode,text,88
.text.ql_nw_set_cemode,text,88
.text.ql_nw_get_cemode,text,48
.text.ql_nw_get_rrc_duration,text,76
.rodata.quec_nw_get_drxtm.str1.1,rodata,42
.text.quec_nw_get_drxtm,text,228
.rodata.quec_nw_set_drxtm.str1.1,rodata,14
.text.quec_nw_set_drxtm,text,156
.text.ql_nw_set_drxtm,text,24
.rodata.ql_nw_get_drxtm.str1.1,rodata,19
.text.ql_nw_get_drxtm,text,128
.rodata.ql_nw_get_operator_name.str1.1,rodata,116
.text.ql_nw_get_operator_name,text,480
.rodata.ql_nw_set_selection.str1.1,rodata,201
.text.ql_nw_set_selection,text,640
.rodata.ql_nw_get_selection.str1.1,rodata,19
.text.ql_nw_get_selection,text,264
.rodata.ql_nw_get_signal_strength.str1.1,rodata,80
.text.ql_nw_get_signal_strength,text,352
.rodata.ql_nw_get_nitz_time_info.str1.1,rodata,61
.text.ql_nw_get_nitz_time_info,text,216
.rodata.ql_emod_process_gsm_cell_info.str1.1,rodata,20
.text.ql_emod_process_gsm_cell_info,text,512
.text.ql_nw_sort_cell_info_by_rssi,text,84
.rodata.ql_nw_get_cell_info_by_mode.str1.1,rodata,62
.text.ql_nw_get_cell_info_by_mode,text,560
.rodata.ql_nw_get_servingcell_info.str1.1,rodata,17
.text.ql_nw_get_servingcell_info,text,400
.text.ql_nw_get_cell_info,text,28
.text.ql_nw_register_cb,text,140
.text.ql_nw_increase_data_count,text,164
.text.quec_data_transmit_event_send,text,44
.rodata.ql_nw_get_data_count_from_nv.str1.1,rodata,42
.text.ql_nw_get_data_count_from_nv,text,60
.text.ql_nw_get_data_count,text,104
.text.quec_netlight_deal_data_transmit,text,148
.rodata.quec_netlight_datatransmit_check.str1.1,rodata,21
.text.quec_netlight_datatransmit_check,text,220
.rodata.ql_nw_reset_data_count.str1.1,rodata,15
.text.ql_nw_reset_data_count,text,164
.rodata.ql_nw_save_data_count.str1.1,rodata,83
.text.ql_nw_save_data_count,text,308
.text.ql_nw_send_event,text,36
.rodata.quec_nw_nitz_ind_handler.str1.1,rodata,90
.text.quec_nw_nitz_ind_handler,text,492
.text.ql_nw_get_cell_info_async,text,40
.rodata.ql_nw_get_cell_info_handle.str1.1,rodata,18
.text.ql_nw_get_cell_info_handle,text,100
.rodata.ql_emod_rsp.str1.1,rodata,97
.text.ql_emod_rsp,text,944
.rodata._is_netinfo_valid.str1.1,rodata,22
.text._is_netinfo_valid,text,92
.rodata.QUEC_MID_update_netinfo.str1.1,rodata,33
.text.QUEC_MID_update_netinfo,text,80
.rodata.QUEC_MID_CFW_GetNetinfo.str1.1,rodata,17
.text.QUEC_MID_CFW_GetNetinfo,text,160
.rodata.ql_nw_init.str1.1,rodata,11
.text.ql_nw_init,text,56
.text.quec_is_lte_band_val_changed,text,52
.text.quec_lte_check_support_band,text,88
.text.quec_lte_lock_freq_cell,text,192
.text.ql_nw_lte_getlock,text,196
.text.ql_nw_get_cfg_band,text,352
.rodata.ql_nw_set_cfg_band.str1.1,rodata,304
.text.ql_nw_set_cfg_band,text,900
.rodata.quec_network_config_from_nv.str1.1,rodata,20
.text.quec_network_config_from_nv,text,64
.rodata.quec_nw_nwscanmode_save.str1.1,rodata,25
.text.quec_nw_nwscanmode_save,text,76
.rodata.ql_nw_cfg_init.str1.1,rodata,50
.text.ql_nw_cfg_init,text,180
.rodata.ql_nw_get_cfg.str1.1,rodata,173
.text.ql_nw_get_cfg,text,504
.rodata.ql_nw_get_cfg_locrel.str1.1,rodata,16
.text.ql_nw_get_cfg_locrel,text,80
.rodata.ql_nw_set_locrel.str1.1,rodata,20
.text.ql_nw_set_locrel,text,88
.text.ql_nw_get_qceer,text,20
.text.ql_nw_get_cause,text,52
.rodata.ql_nw_get_cause_str.str1.1,rodata,31
.text.ql_nw_get_cause_str,text,120
.rodata.ql_nw_qceer_update.str1.1,rodata,13
.text.ql_nw_qceer_update,text,288
.text.ql_nw_set_cause_detail,text,128
.rodata.ql_nw_set_cause.str1.1,rodata,42
.text.ql_nw_set_cause,text,144
.text.ql_nw_get_at_cause,text,92
.text.ql_nw_get_emm_gmm_cause_ex,text,84
.text.ql_nw_get_esm_sm_cause_ex,text,80
.text.ql_nw_set_auto_black_elec_fence,text,68
.text.ql_nw_get_auto_black_elec_fence,text,52
.text.ql_nw_set_blacklist_func,text,44
.text.ql_nw_get_blacklist_func,text,36
.text.quec_convert_black_cell,text,320
.text.quec_nw_set_black_cell_again,text,96
.rodata.ql_nw_set_gsm_black_cell.str1.1,rodata,17
.text.ql_nw_set_gsm_black_cell,text,580
.text.ql_nw_set_lte_black_cell,text,448
.text.ql_nw_get_black_cell,text,48
.text.ql_nw_get_pwrsweep,text,36
.text.ql_nw_set_pwrsweep,text,52
.text.ql_nw_set_disrplmn,text,80
.text.ql_nw_get_disrplmn,text,84
.text.ql_nw_set_tau_type_aft_local_rel,text,72
.text.ql_nw_get_tau_type_aft_local_rel,text,44
.text.ql_nw_set_measurement_flag_aft_local_rel,text,52
.text.ql_nw_get_measurement_flag_aft_local_rel,text,36
.rodata.ql_nw_set_esmfail_times.str1.1,rodata,54
.text.ql_nw_set_esmfail_times,text,88
.text.ql_nw_get_esmfail_times,text,60
.text.ql_nw_get_cell_sinr,text,68
.text.ql_nw_get_ue_stat,text,60
.rodata.ql_nw_get_reg_status.str1.1,rodata,18
.text.ql_nw_get_reg_status,text,524
.rodata.ql_nw_msg_process.str1.1,rodata,56
.text.ql_nw_msg_process,text,1324
.rodata.ql_nw_get_ue_stat_report.str1.1,rodata,66
.text.ql_nw_get_ue_stat_report,text,60
.text.ql_nw_set_ue_stat_report,text,88
.rodata.ql_nw_save_edrxs_mode.str1.1,rodata,55
.text.ql_nw_save_edrxs_mode,text,80
.text.ql_nw_get_edrxs_mode,text,56
.rodata.ql_nw_save_qptwedrxs_mode.str1.1,rodata,62
.text.ql_nw_save_qptwedrxs_mode,text,80
.text.ql_nw_get_qptwedrxs_mode,text,56
.text.ql_nw_set_edrx,text,204
.text.ql_nw_get_edrx,text,84
.rodata.ql_nw_clear_history_freq.str1.1,rodata,13
.text.ql_nw_clear_history_freq,text,128
.text.ql_nw_get_history_freq,text,240
.rodata.ql_nw_set_history_freq.str1.1,rodata,32
.text.ql_nw_set_history_freq,text,480
.rodata.ql_nw_get_testsim_autopdn.str1.1,rodata,53
.text.ql_nw_get_testsim_autopdn,text,88
.text.ql_nw_set_testsim_autopdn,text,128
.text.ql_nw_testsim_autopdn_init,text,80
.text.ql_nw_get_weak_signal_mode,text,36
.text.ql_nw_set_weak_signal_mode,text,52
.rodata.ql_nw_get_band_pwrboost.str1.1,rodata,31
.text.ql_nw_get_band_pwrboost,text,164
.rodata.ql_nw_set_band_pwrboost.str1.1,rodata,109
.text.ql_nw_set_band_pwrboost,text,504
.rodata.quec_band_pwrboost_init.str1.1,rodata,41
.text.quec_band_pwrboost_init,text,256
.text.quec_pcl_to_dbm,text,68
.text.quec_dbm_to_pcl,text,92
.rodata.ql_nw_get_rfpwrcfg.str1.1,rodata,18
.text.ql_nw_get_rfpwrcfg,text,268
.text.ql_nw_set_rfpwrcfg,text,240
.rodata.ql_nw_get_plmn_prefer.str1.1,rodata,57
.text.ql_nw_get_plmn_prefer,text,96
.text.ql_nw_set_plmn_prefer,text,120
.rodata.ql_nw_init_plmn_prefer.str1.1,rodata,41
.text.ql_nw_init_plmn_prefer,text,360
.text.ql_nw_set_cell_select_offset,text,100
.text.ql_nw_get_cell_select_offset,text,48
.text.ql_nw_set_event,text,72
.rodata.ql_nw_set_cxreg_mode.str1.1,rodata,51
.text.ql_nw_set_cxreg_mode,text,100
.text.ql_nw_get_cxreg_mode,text,36
.rodata.ql_nw_get_cxreg_mode_from_nv.str1.1,rodata,15
.text.ql_nw_get_cxreg_mode_from_nv,text,64
.text.ql_nw_set_cxreg_reject_status,text,32
.text.ql_nw_get_cxreg_reject_status,text,72
.text.ql_nw_set_resel_tau_mode,text,28
.text.ql_nw_get_resel_tau_mode,text,24
.text.quec_nw_lte_ta_update,text,12
.rodata.ql_nw_get_scell_timing_advance.str1.1,rodata,56
.text.ql_nw_get_scell_timing_advance,text,256
.rodata.CSWTCH.291,rodata,11
.rodata.CsInternalCauseText,rodata,24
.rodata.CsNetworkCauseText,rodata,72
.rodata.CsNetworkRejectText,rodata,368
.rodata.PSGprsCauseText,rodata,368
.rodata.PSLteCauseText,rodata,384
.rodata.PsLteLocalCauseText,rodata,296
.rodata.quec_nw_plmn_format_convert.str1.1,rodata,56
.text.quec_nw_plmn_format_convert,text,268
.text.ql_malloc,text,28
.text.ql_rtos_task_yield,text,4
.rodata.ql_rtos_task_suspend.str1.1,rodata,16
.text.ql_rtos_task_suspend,text,44
.text.ql_rtos_task_resume,text,48
.text.ql_rtos_task_get_current_ref,text,60
.text.ql_rtos_task_change_priority,text,88
.text.ql_rtos_task_get_priority,text,52
.text.ql_rtos_task_sleep_ms,text,32
.text.ql_rtos_task_sleep_s,text,40
.rodata.ql_rtos_task_set_userdata.str1.1,rodata,20
.text.ql_rtos_task_set_userdata,text,72
.text.ql_rtos_task_get_userdata,text,72
.text.ql_rtos_task_get_status,text,4
.text.ql_event_wait,text,68
.text.ql_event_try_wait,text,20
.rodata.ql_rtos_event_group_create.str1.1,rodata,24
.text.ql_rtos_event_group_create,text,84
.rodata.ql_rtos_event_group_wait.str1.1,rodata,21
.text.ql_rtos_event_group_wait,text,124
.text.ql_rtos_event_group_clear,text,100
.text.ql_rtos_event_group_set,text,124
.text.ql_rtos_event_group_sync,text,116
.text.ql_rtos_event_group_get,text,80
.text.ql_rtos_event_group_delete,text,48
.text.ql_rtos_enter_critical,text,4
.text.ql_rtos_exit_critical,text,4
.rodata.ql_rtos_semaphore_create.str1.1,rodata,18
.text.ql_rtos_semaphore_create,text,88
.text.ql_rtos_semaphore_create_ex,text,92
.text.ql_rtos_semaphore_wait,text,56
.text.ql_rtos_semaphore_release,text,48
.text.ql_rtos_semaphore_get_cnt,text,52
.text.ql_rtos_semaphore_delete,text,48
.text.ql_rtos_mutex_create,text,60
.text.ql_rtos_mutex_lock,text,56
.text.ql_rtos_mutex_try_lock,text,48
.text.ql_rtos_mutex_unlock,text,48
.rodata.ql_rtos_task_create.str1.1,rodata,41
.text.ql_rtos_task_create,text,252
.text.ql_rtos_task_create_default,text,216
.text.ql_rtos_mutex_delete,text,48
.text.ql_rtos_queue_create,text,68
.text.ql_rtos_queue_wait,text,64
.text.ql_rtos_queue_release,text,68
.text.ql_rtos_queue_get_cnt,text,52
.rodata.ql_rtos_event_send.str1.1,rodata,58
.text.ql_rtos_event_send,text,208
.rodata.ql_rtos_event_send_ex.str1.1,rodata,20
.text.ql_rtos_event_send_ex,text,192
.text.ql_rtos_queue_get_free_cnt,text,52
.text.ql_rtos_queue_reset,text,56
.text.ql_rtos_queue_delete,text,48
.text.ql_rtos_timer_create,text,144
.text.ql_rtos_timer_start,text,72
.text.ql_rtos_timer_start_us,text,60
.text.ql_rtos_timer_start_relaxed,text,76
.text.ql_rtos_timer_stop,text,56
.text.ql_rtos_timer_is_running,text,8
.rodata.ql_rtos_timer_delete.str1.1,rodata,19
.text.ql_rtos_timer_delete,text,120
.rodata.ql_rtos_task_delete.str1.1,rodata,55
.text.ql_rtos_task_delete,text,176
.rodata.ql_rtos_swdog_register.str1.1,rodata,36
.text.ql_rtos_swdog_register,text,148
.text.ql_rtos_swdog_unregister,text,108
.text.ql_rtos_swdog_suspend,text,28
.text.ql_rtos_swdog_resume,text,28
.text.ql_rtos_feed_dog,text,68
.text.ql_rtos_sw_dog_enable,text,60
.text.ql_rtos_sw_dog_disable,text,20
.text.ql_gettimeofday,text,64
.text.ql_rtos_get_system_tick,text,24
.text.cpu_using_timer_cb,text,64
.text.ql_idle_task_hook,text,20
.text.ql_task_switch_in_hook,text,44
.text.ql_task_switch_out_hook,text,52
.text.ql_rtos_get_cpu_using,text,92
.rodata.ql_is_irq.str1.1,rodata,16
.text.ql_is_irq,text,56
.text.ql_assert,text,4
.text.ql_rtos_up_time_ms,text,4
.text.ql_delay_us,text,32
.text.ql_app_image_from_flash,text,4
.text.ql_app_image_from_file,text,4
.text.ql_rtos_scheduler_suspend,text,4
.text.ql_rtos_scheduler_resume,text,6
.text.ql_rtos_task_create_with_stack,text,268
.text.dog_timer_cb,text,2
.rodata.api_push_task_info_to_list.str1.1,rodata,46
.text.api_push_task_info_to_list,text,72
.rodata.api_task_info_init.str1.1,rodata,36
.text.api_task_info_init,text,104
.rodata.api_get_task_name_by_ref.str1.1,rodata,17
.text.api_get_task_name_by_ref,text,140
.rodata.api_remove_task_info.str1.1,rodata,38
.text.api_remove_task_info,text,164
.rodata.sw_dog_init.str1.1,rodata,53
.text.sw_dog_init,text,124
.rodata.api_get_swdog_cb_from_list.str1.1,rodata,21
.text.api_get_swdog_cb_from_list,text,156
.rodata.sw_dog_register_cb.str1.1,rodata,79
.text.sw_dog_register_cb,text,224
.rodata.sw_dog_unregister_cb.str1.1,rodata,40
.text.sw_dog_unregister_cb,text,188
.text.get_dog_cb_cnt,text,60
.rodata.sw_dog_callback.str1.1,rodata,40
.text.sw_dog_callback,text,156
.rodata.api_task_init.str1.1,rodata,80
.text.api_task_init,text,176
.text.quec_api_task_init,text,4
.text.api_get_dog_cblist_info,text,160
.rodata.api_feed_dog.str1.1,rodata,20
.text.api_feed_dog,text,56
.rodata.api_sw_dog_enable.str1.1,rodata,66
.text.api_sw_dog_enable,text,144
.text.api_sw_dog_disable,text,60
.text.api_sw_dog_suspend,text,12
.text.api_sw_dog_resume,text,12
.rodata.ql_timer_bind_task.str1.1,rodata,70
.text.ql_timer_bind_task,text,168
.rodata.ql_timer_unbind_task.str1.1,rodata,22
.text.ql_timer_unbind_task,text,132
.rodata.ql_task_is_binded_timer.str1.1,rodata,25
.text.ql_task_is_binded_timer,text,196
.text.ql_ledcfg_callback_register,text,52
.text.ql_led_set_sim,text,84
.text.ql_led_get_sim,text,28
.rodata.ql_pwm_open.str1.1,rodata,49
.text.ql_pwm_open,text,112
.rodata.ql_pwm_close.str1.1,rodata,24
.text.ql_pwm_close,text,80
.rodata.ql_pwm_enable.str1.1,rodata,20
.text.ql_pwm_enable,text,240
.rodata.ql_pwm_disable.str1.1,rodata,25
.text.ql_pwm_disable,text,76
.text.ql_pwm_get_counter,text,84
.text.ql_sec_to_rtc_time,text,320
.text.ql_rtc_to_sec_time,text,160
.rodata.ql_rtc_time_check.str1.1,rodata,24
.text.ql_rtc_time_check,text,148
.rodata.ql_rtc_set_time.str1.1,rodata,43
.text.ql_rtc_set_time,text,120
.text.ql_rtc_get_time,text,44
.text.ql_rtc_get_localtime,text,68
.text.ql_rtc_set_timezone,text,28
.text.ql_rtc_get_timezone,text,28
.rodata.ql_rtc_print_time.str1.1,rodata,44
.text.ql_rtc_print_time,text,88
.rodata.ql_rtc_set_alarm.str1.1,rodata,30
.text.ql_rtc_set_alarm,text,132
.text.ql_rtc_get_alarm,text,48
.rodata.ql_rtc_enable_alarm.str1.1,rodata,46
.text.ql_rtc_enable_alarm,text,148
.rodata.ql_rtc_get_cfg.str1.1,rodata,35
.text.ql_rtc_get_cfg,text,88
.text.ql_rtc_set_cfg,text,64
.rodata.ql_rtc_register_cb.str1.1,rodata,17
.text.ql_rtc_register_cb,text,68
.rodata.ql_get_imsi_rsp.str1.1,rodata,42
.text.ql_get_imsi_rsp,text,72
.rodata.ql_cpin_read_rsp.str1.1,rodata,63
.text.ql_cpin_read_rsp,text,104
.rodata.ql_clck_sim_enable_rsp.str1.1,rodata,27
.text.ql_clck_sim_enable_rsp,text,68
.text.ql_clck_sim_disable_rsp,text,68
.text.ql_sim_verify_pin_rsp,text,76
.rodata.ql_sim_change_pin_rsp.str1.1,rodata,58
.text.ql_sim_change_pin_rsp,text,68
.text.ql_sim_unblock_pin_rsp,text,76
.rodata.ql_sim_send_apdu_rsp.str1.1,rodata,22
.text.ql_sim_send_apdu_rsp,text,156
.rodata.ql_get_cnum_rsp.str1.1,rodata,116
.text.ql_get_cnum_rsp,text,404
.rodata.ql_cimi_resp_before_pb_done.str1.1,rodata,17
.text.ql_cimi_resp_before_pb_done,text,132
.rodata.ql_sim_get_imsi.str1.1,rodata,21
.text.ql_sim_get_imsi,text,240
.text.ql_sim_get_mnc_len,text,16
.rodata.ql_convert_iccid.str1.1,rodata,21
.text.ql_convert_iccid,text,84
.rodata.ql_get_ccid_rsp.str1.1,rodata,51
.text.ql_get_ccid_rsp,text,104
.text.ql_sim_get_iccid,text,260
.text.ql_sim_get_phonenumber,text,228
.text.ql_sim_get_card_status,text,76
.rodata.ql_sim_get_card_status_phy.str1.1,rodata,30
.text.ql_sim_get_card_status_phy,text,256
.text.ql_sim_enable_pin,text,248
.text.ql_sim_disable_pin,text,248
.text.ql_sim_verify_pin,text,272
.text.ql_sim_change_pin,text,300
.text.ql_sim_unblock_pin,text,376
.text.ql_sim_get_pin_remain_retries,text,308
.text.ql_sim_get_operate_id,text,26
.rodata.ql_sim_set_operate_id.str1.1,rodata,112
.text.ql_sim_set_operate_id,text,264
.text.ql_sim_hotplug_get_volttrigger,text,16
.rodata.ql_sim_set_hotplug.str1.1,rodata,61
.text.ql_sim_set_hotplug,text,248
.text.ql_sim_hotplug_register_cb,text,12
.rodata.ql_sim_set_ds_feature.str1.1,rodata,82
.text.ql_sim_set_ds_feature,text,116
.rodata.ql_sim_get_ds_feature.str1.1,rodata,24
.text.ql_sim_get_ds_feature,text,44
.text.ql_sim_set_dstype,text,32
.text.ql_sim_get_dstype,text,40
.rodata.ql_sim_ds_feature_init.str1.1,rodata,61
.text.ql_sim_ds_feature_init,text,136
.rodata.quec_read_hotplug_debounce_from_nv.str1.1,rodata,72
.text.quec_read_hotplug_debounce_from_nv,text,56
.text.ql_sim_set_debounce_cfg,text,72
.rodata.ql_sim_get_debounce_cfg.str1.1,rodata,20
.text.ql_sim_get_debounce_cfg,text,56
.rodata.ql_sim_get_write_count.str1.1,rodata,46
.text.ql_sim_get_write_count,text,212
.text.ql_sim_send_event,text,32
.rodata.quec_csim_rsp_cb.str1.1,rodata,68
.text.quec_csim_rsp_cb,text,224
.rodata.ql_sim_send_apdu.str1.1,rodata,20
.text.ql_sim_send_apdu,text,292
.rodata.quec_sim_csim.str1.1,rodata,16
.text.quec_sim_csim,text,216
.rodata.quec_get_esim_eid_fsm.str1.1,rodata,140
.text.quec_get_esim_eid_fsm,text,468
.rodata.ql_sim_msg_process.str1.1,rodata,45
.text.ql_sim_msg_process,text,132
.text.ql_sim_get_eid,text,76
.rodata.ql_sim_init.str1.1,rodata,38
.text.ql_sim_init,text,80
.rodata.dualSIMFeatureVSMap,rodata,32
.rodata.ql_sms_delete_callback.str1.1,rodata,27
.text.ql_sms_delete_callback,text,108
.text.ql_sms_csca_callback,text,92
.rodata.quec_set_trust_info.part.0.str1.1,rodata,101
.rodata.ql_sms_read_msg_list.str1.1,rodata,118
.text.ql_sms_read_msg_list,text,512
.rodata.ql_sms_read_msg_ex.str1.1,rodata,28
.text.ql_sms_read_msg_ex,text,500
.rodata.ql_sms_read_msg.str1.1,rodata,40
.text.ql_sms_read_msg,text,192
.text.ql_sms_delete_msg_ex,text,512
.text.ql_sms_delete_msg,text,6
.text.ql_sms_get_center_address,text,216
.text.ql_sms_set_center_address,text,424
.text.ql_sms_get_storage_info,text,276
.text.ql_sms_set_storage,text,264
.text.ql_sms_get_storage,text,60
.text.ql_sms_set_code_mode,text,32
.text.ql_sms_get_code_mode,text,36
.rodata.ql_sms_parse_pdu.str1.1,rodata,3
.text.ql_sms_parse_pdu,text,816
.rodata.ql_sms_set_msg.str1.1,rodata,39
.text.ql_sms_set_msg,text,440
.text.ql_sms_list_callback,text,512
.rodata.ql_sms_read_callback.str1.1,rodata,143
.text.ql_sms_read_callback,text,268
.text.ql_sms_set_retry_count,text,76
.text.ql_sms_get_init_status,text,48
.rodata.ql_sms_get_me_erase_flag.str1.1,rodata,46
.text.ql_sms_get_me_erase_flag,text,100
.rodata.quec_sms_init_me_size.str1.1,rodata,23
.text.quec_sms_init_me_size,text,104
.text.ql_sms_callback_register,text,12
.text.ql_sms_start_send_timer,text,76
.text.ql_sms_send_msg_ex,text,584
.text.ql_sms_send_msg,text,26
.rodata.ql_sms_send_pdu.str1.1,rodata,22
.text.ql_sms_send_pdu,text,520
.text.ql_sms_stop_send_timer,text,68
.rodata.ql_sms_send_callback.str1.1,rodata,12
.text.ql_sms_send_callback,text,128
.text.ql_sms_set_ignore_cscs,text,32
.text.ql_sms_get_ignore_cscs,text,44
.rodata.quec_get_trust_info.str1.1,rodata,21
.text.quec_get_trust_info,text,128
.rodata.quec_trust_num_check.str1.1,rodata,64
.text.quec_trust_num_check,text,300
.text.quec_get_concat_sms_cfg,text,28
.rodata.quec_is_concat_sms.str1.1,rodata,31
.text.quec_is_concat_sms,text,84
.text.quec_concat_sms_node_count,text,14
.rodata.quec_concat_sms_destroy.str1.1,rodata,39
.text.quec_concat_sms_destroy,text,156
.rodata.quec_concat_sms_ouput.str1.1,rodata,39
.text.quec_concat_sms_ouput,text,180
.rodata._concat_sms_cb.str1.1,rodata,25
.text._concat_sms_cb,text,72
.text.quec_concat_sms_node_add,text,108
.rodata.quec_concat_sms_head_get.str1.1,rodata,54
.text.quec_concat_sms_head_get,text,172
.rodata.quec_concat_sms_update.str1.1,rodata,19
.text.quec_concat_sms_update,text,92
.text.quec_sms_init,text,4
.text.quec_sms_cfw_init,text,92
.rodata.CSWTCH.83,rodata,3
.text.isLegalUTF8,text,118
.text.ConvertUTF8toUTF16,text,268
.text.utf8toutf16,text,56
.text.utf8len,text,46
.text.gsmEncode7bit,text,54
.text.pdu_encode,text,784
.rodata.offsetsFromUTF8,rodata,24
.rodata.trailingBytesForUTF8,rodata,256
.rodata.ql_spi_get_dev.str1.1,rodata,15
.text.ql_spi_get_dev,text,80
.text.ql_spi_lock,text,28
.text.ql_spi_unlock,text,24
.rodata.ql_spi_ctrl_cs_pin.str1.1,rodata,23
.text.ql_spi_ctrl_cs_pin,text,148
.rodata.ql_spi_init_ext.str1.1,rodata,357
.text.ql_spi_init_ext,text,980
.text.ql_spi_init,text,164
.rodata.ql_spi_write_read.str1.1,rodata,96
.text.ql_spi_write_read,text,332
.text.ql_spi_read,text,316
.text.ql_spi_write,text,316
.text.ql_spi_cs_low,text,6
.text.ql_spi_cs_high,text,6
.text.ql_spi_cs_auto,text,6
.rodata.ql_spi_read_follow_write.str1.1,rodata,18
.text.ql_spi_read_follow_write,text,392
.rodata.ql_spi_set_irq.str1.1,rodata,23
.text.ql_spi_set_irq,text,152
.text.ql_spi_get_tx_fifo_free,text,100
.text.ql_spi_release,text,272
.text.ql_spi_request_sys_clk,text,100
.text.ql_spi_release_sys_clk,text,100
.text.ql_spi6_ext_nor_flash_clk_set,text,24
.text.ql_spi6_ext_nor_flash_init,text,4
.text.ql_spi6_ext_nor_flash_deinit,text,4
.text.ql_spi6_ext_nor_flash_sffs_mount,text,28
.text.ql_spi6_ext_nor_flash_sffs_unmount,text,20
.text.ql_spi6_ext_nor_flash_sffs_mkfs,text,28
.rodata.CSWTCH.6,rodata,48
.text.ql_spi_err_to_flash_err,text,28
.rodata.ql_spi_flash_init_ext.str1.1,rodata,28
.text.ql_spi_flash_init_ext,text,192
.text.ql_spi_flash_enable_write,text,60
.rodata.CSWTCH.2,rodata,76
.text.ql_spi_nand_type_portable,text,4
.rodata.ql_spi_nand_read_status.str1.1,rodata,17
.text.ql_spi_nand_read_status,text,108
.rodata.ql_spi_nand_read_devid_ex.str1.1,rodata,18
.text.ql_spi_nand_read_devid_ex,text,176
.text.ql_spi_nand_write_status,text,104
.rodata.ql_spi_nand_operate.str1.1,rodata,48
.text.ql_spi_nand_operate,text,264
.text.ql_spi_nand_reset,text,40
.rodata.ql_spi_nand_init_ext.str1.1,rodata,47
.text.ql_spi_nand_init_ext,text,160
.text.ql_spi_nand_init,text,50
.text.ql_spi_nand_init_portable,text,6
.text.ql_spi_nand_erase_block,text,40
.rodata.ql_spi_nand_load_program_data_op.str1.1,rodata,15
.text.ql_spi_nand_load_program_data_op,text,176
.text.ql_spi_nand_load_program_data,text,22
.text.ql_spi_nand_program_excute,text,42
.rodata.ql_spi_nand_write_page_spare.str1.1,rodata,20
.text.ql_spi_nand_write_page_spare,text,100
.text.ql_spi_nand_write_spare,text,96
.text.ql_spi_nand_page_data_read,text,42
.text.ql_spi_nand_read_data,text,252
.rodata.ql_spi_nand_read_page_spare.str1.1,rodata,20
.text.ql_spi_nand_read_page_spare,text,108
.text.ql_spi_nand_read_devid,text,6
.rodata.ql_spi_nor_wait_write_finish.str1.1,rodata,16
.text.ql_spi_nor_wait_write_finish,text,124
.rodata.ql_spi_nor_init_ext.str1.1,rodata,153
.text.ql_spi_nor_init_ext,text,492
.text.ql_spi_nor_init,text,50
.text.ql_spi_nor_enable_write,text,24
.rodata.ql_spi_nor_write_16bit_status.str1.1,rodata,67
.text.ql_spi_nor_write_16bit_status,text,232
.text.ql_spi_nor_write_8bit_status,text,220
.text.ql_spi_nor_read_status_low,text,58
.text.ql_spi_nor_read_status_high,text,140
.text.ql_spi_nor_erase_chip,text,116
.text.ql_spi_nor_read_capacity,text,32
.text.ql_spi_nor_get_addr_mode,text,82
.rodata.ql_spi_nor_read.str1.1,rodata,19
.text.ql_spi_nor_read,text,92
.rodata.ql_spi_nor_page_write.str1.1,rodata,19
.text.ql_spi_nor_page_write,text,276
.text.ql_spi_nor_write,text,232
.text.ql_spi_nor_erase_sector,text,136
.text.ql_spi_nor_erase_64k_block,text,136
.text.quec_port_get_rx_thread,text,96
.rodata.quec_uart_try_lock.str1.1,rodata,34
.text.quec_uart_try_lock,text,100
.rodata.quec_uart_unlock.str1.1,rodata,29
.text.quec_uart_unlock,text,84
.text.quec_get_uart_cb,text,44
.rodata.ql_usrl1_rx_msg_process.str1.1,rodata,45
.text.ql_usrl1_rx_msg_process,text,164
.text.ql_usrl_modem_rx_msg_process,text,164
.text.ql_usrl_at_rx_msg_process,text,164
.text.ql_uart6_rx_msg_process,text,164
.text.ql_uart5_rx_msg_process,text,164
.text.ql_uart4_rx_msg_process,text,164
.text.ql_uart3_rx_msg_process,text,164
.text.ql_uart2_rx_msg_process,text,164
.text.ql_uart1_rx_msg_process,text,164
.rodata.quec_dev_add_device.str1.1,rodata,18
.text.quec_dev_add_device,text,88
.rodata.quec_dev_add_dispatch.str1.1,rodata,48
.text.quec_dev_add_dispatch,text,120
.text.quec_set_uart_status.part.0,text,40
.rodata.quec_dev_create_mutex.str1.1,rodata,30
.text.quec_dev_create_mutex,text,64
.text.quec_get_dev_by_drv_name,text,28
.rodata._usrl_work_notify.str1.1,rodata,75
.text._usrl_work_notify,text,176
.text._uart_work_notify,text,180
.text.quec_get_device_by_dev,text,80
.text.quec_dev_delete_dispatch,text,72
.text.quec_get_dispatch_by_dev,text,68
.rodata.quec_dispatch_is_valid.str1.1,rodata,26
.text.quec_dispatch_is_valid,text,52
.text.quec_get_uart_status,text,44
.text.quec_uart_is_allow_create,text,26
.rodata.quec_uart_pin_init.str1.1,rodata,83
.text.quec_uart_pin_init,text,244
.text.quec_at_device_create_success,text,48
.rodata.quec_uart_at_device_create.str1.1,rodata,97
.text.quec_uart_at_device_create,text,256
.rodata.quec_write_to_at_dev.str1.1,rodata,21
.text.quec_write_to_at_dev,text,88
.text.ql_uart_set_sleep_delay_time,text,24
.text.ql_uart_get_sleep_delay_time,text,24
.rodata.ql_uart_set_event_mask.str1.1,rodata,81
.text.ql_uart_set_event_mask,text,164
.rodata.ql_uart_set_dcbconfig.str1.1,rodata,89
.text.ql_uart_set_dcbconfig,text,192
.text.ql_uart_get_dcbconfig,text,80
.rodata.ql_uart_write.str1.1,rodata,22
.text.ql_uart_write,text,116
.text.ql_uart_read,text,116
.text.ql_uart_write_aviable,text,68
.text.ql_uart_read_aviable,text,72
.text.ql_uart_register_cb,text,60
.text.ql_uart_close,text,132
.rodata.ql_uart_open.str1.1,rodata,251
.text.ql_uart_open,text,1020
.rodata.ql_uart_get_tx_fifo_status.str1.1,rodata,75
.text.ql_uart_get_tx_fifo_status,text,136
.rodata.ql_uart_tx_wait_complete.str1.1,rodata,83
.text.ql_uart_tx_wait_complete,text,144
.text.quec_get_sim_by_dispatch,text,100
.text.ql_uart_init,text,66
.rodata.autobaud_list,rodata,44
.rodata.baud_list,rodata,88
.rodata.cbaud_list,rodata,84
.rodata.ql_dev_name,rodata,88
.rodata.ql_usb_mode_handle.str1.1,rodata,65
.text.ql_usb_mode_handle,text,144
.rodata.ql_usb_set_detmode.str1.1,rodata,32
.text.ql_usb_set_detmode,text,104
.text.ql_usb_get_detmode,text,52
.rodata.ql_usb_set_config_nvm.str1.1,rodata,174
.text.ql_usb_set_config_nvm,text,348
.text.ql_usb_get_config_nvm,text,108
.rodata.ql_usb_config_nvm_init.str1.1,rodata,24
.text.ql_usb_config_nvm_init,text,68
.rodata.ql_usb_enable.str1.1,rodata,21
.text.ql_usb_enable,text,68
.text.ql_usb_disable,text,10
.text.ql_usb_set_enum_mode,text,108
.text.ql_usb_get_enum_mode,text,56
.text.ql_usb_set_remote_wakeup,text,68
.text.ql_usb_get_remote_wakeup,text,32
.text.ql_usb_hotplug_init,text,20
.text.ql_usb_get_hotplug_state,text,22
.text.prvUsbHotplugNotify,text,28
.text.ql_usb_bind_hotplug_cb,text,12
.rodata.ql_set_usb_detect_max_time.str1.1,rodata,62
.text.ql_set_usb_detect_max_time,text,96
.text.ql_get_usb_detect_max_time,text,16
.text.uac_get_data,text,76
.text.ql_uac_creat_done,text,40
.text.ql_get_fifo_data_blocked,text,56
.text.ql_uac_write_done,text,10
.text.ql_uac_open,text,84
.rodata.ql_uac_audeventcb.str1.1,rodata,127
.text.ql_uac_audeventcb,text,468
.rodata.ql_usbnet_read_mac.str1.1,rodata,44
.text.ql_usbnet_read_mac,text,20
.rodata.ql_usbnet_set_type.str1.1,rodata,16
.text.ql_usbnet_set_type,text,84
.text.ql_usbnet_get_type,text,44
.text.ql_usbnet_get_status,text,36
.text.ql_usbnet_set_status,text,24
.rodata.ql_usbnet_active_up.str1.1,rodata,27
.text.ql_usbnet_active_up,text,416
.rodata.ql_usbnet_start.str1.1,rodata,95
.text.ql_usbnet_start,text,356
.text.ql_usbnet_stop,text,108
.text.ql_usbnet_register_cb,text,28
.text.ql_usbnet_register_uplink_cb,text,12
.rodata.ql_usbnet_send_data_to_host.str1.1,rodata,15
.text.ql_usbnet_send_data_to_host,text,140
.rodata.ql_virat_is_aviable.str1.1,rodata,28
.text.ql_virat_is_aviable,text,56
.rodata.ql_virt_at_tx_pipe_callback.str1.1,rodata,77
.text.ql_virt_at_tx_pipe_callback,text,176
.text.ql_virt_at_rx_pipe_callback,text,60
.rodata.quec_virat_operate_pipe.str1.1,rodata,88
.text.quec_virat_operate_pipe,text,260
.text.ql_virt_at_read_aviable,text,76
.text.ql_virt_at_write_aviable,text,116
.text.ql_virt_at_get_simid,text,80
.text.ql_virt_at_read,text,20
.text.ql_virt_at_write,text,20
.rodata.ql_virt_at_close.str1.1,rodata,31
.text.ql_virt_at_close,text,140
.rodata.ql_virt_at_open.str1.1,rodata,32
.text.ql_virt_at_open,text,328
.text.ql_virt_get_dispatch,text,84
.text.ql_wifi_ap_info_compare,text,12
.rodata.ql_wifiscan_state_handle.str1.1,rodata,93
.text.ql_wifiscan_state_handle,text,200
.rodata.ql_wifiscan_result_callback_handle.str1.1,rodata,52
.text.ql_wifiscan_result_callback_handle,text,460
.text.ql_wifiscan_send_event,text,36
.rodata.quec_retry_scan_wifi_timeout.str1.1,rodata,50
.text.quec_retry_scan_wifi_timeout,text,84
.rodata.quec_scan_wifi_timeout.str1.1,rodata,24
.text.quec_scan_wifi_timeout,text,60
.rodata.ql_wifiscan_open.str1.1,rodata,43
.text.ql_wifiscan_open,text,108
.rodata.quec_wifiscan_stop.str1.1,rodata,25
.text.quec_wifiscan_stop,text,224
.rodata.ql_wifiscan_close.str1.1,rodata,117
.text.ql_wifiscan_close,text,324
.rodata.quec_retry_scan_wifi_handle.str1.1,rodata,22
.text.quec_retry_scan_wifi_handle,text,84
.rodata.ql_wifiscan_result_callback.str1.1,rodata,250
.text.ql_wifiscan_result_callback,text,916
.rodata.ql_scan_wifi_ap.str1.1,rodata,121
.text.ql_scan_wifi_ap,text,432
.rodata.ql_wifiscan_thread.str1.1,rodata,52
.text.ql_wifiscan_thread,text,428
.rodata.ql_wifiscan_do.str1.1,rodata,104
.text.ql_wifiscan_do,text,448
.rodata.ql_wifiscan_option_set_ex.str1.1,rodata,45
.text.ql_wifiscan_option_set_ex,text,276
.text.ql_wifiscan_option_set,text,54
.rodata.ql_wifiscan_async.str1.1,rodata,98
.text.ql_wifiscan_async,text,324
.rodata.ql_wifiscan_register_cb.str1.1,rodata,22
.text.ql_wifiscan_register_cb,text,144
.rodata.ql_wifiscan_task_init.str1.1,rodata,56
.text.ql_wifiscan_task_init,text,168
.text.ql_xlat_set_ipv6_mtu,text,84
.text.ql_xlat_set_src_prefix_len,text,92
.text.ql_xlat_set_dest_prefix_len,text,72
.text.ql_xlat_getopt,text,32
.rodata.ql_xlat_get_allparam_string.str1.1,rodata,54
.text.ql_xlat_get_allparam_string,text,124
.text.ql_xlat_get_enable,text,12
.text.ql_xlat_set_enable,text,12
.text.ql_xlat_update_enable,text,52
.rodata.ql_xlat_init.str1.1,rodata,10
.text.ql_xlat_init,text,44
.text.ql_xlat_setopt,text,176
.text.ql_xlat_clat_enable,text,14
.text.ql_xlat_judge_support_plat,text,56
.text.ql_plat_resp_timer_callback,text,12
.text.ql_xlat_msgsnd,text,40
.text.ql_plat_create_timer,text,44
.rodata.xlat_app_thread.str1.1,rodata,14
.text.xlat_app_thread,text,136
.text.ql_plat_destroy_timer,text,36
.rodata.ql_xlat_app_create.str1.1,rodata,9
.text.ql_xlat_app_create,text,60
.text.quec_ssl_ctx_int,text,64
.text.quec_ssl_ctx_set_sni,text,44
.text.quec_ssl_ctx_set_version,text,44
.text.quec_ssl_ctx_set_transport,text,44
.text.quec_ssl_ctx_set_ciphersuites,text,44
.text.quec_ssl_ctx_set_verify_mode,text,44
.text.quec_ssl_ctx_set_ca_chain,text,40
.text.quec_ssl_ctx_set_ca_chain_buffer,text,40
.text.quec_ssl_ctx_set_own_cert,text,44
.text.quec_ssl_ctx_set_own_cert_buffer,text,44
.text.quec_ssl_ctx_set_negotiation_timeout,text,44
.text.quec_ssl_ctx_set_negotiation_timeout_cb,text,40
.text.quec_ssl_ctx_set_ignore_expire,text,44
.text.quec_ssl_ctx_set_ignore_invalid_certsign,text,44
.text.quec_ssl_ctx_set_ignore_certitem,text,44
.text.quec_ssl_ctx_set_ignore_multi_certchain_verify,text,44
.text.quec_ssl_ctx_set_alpn,text,44
.text.quec_ssl_ctx_get_sni,text,44
.text.quec_ssl_ctx_get_version,text,44
.text.quec_ssl_ctx_get_verify_mode,text,44
.text.quec_ssl_ctx_get_ca_chain,text,40
.text.quec_ssl_ctx_get_own_cert,text,44
.text.quec_ssl_ctx_get_negotiation_timeout,text,44
.text.quec_ssl_ctx_get_ignore_expire,text,44
.text.quec_ssl_ctx_get_ignore_invalid_certsign,text,44
.text.quec_ssl_ctx_get_ignore_certitem,text,44
.text.quec_ssl_ctx_get_ignore_multi_certchain_verify,text,44
.text.quec_ssl_close,text,28
.text.quec_ssl_free,text,28
.text.quec_ssl_open,text,76
.text.quec_ssl_set_socket_hndl,text,38
.text.quec_ssl_set_hostname,text,28
.text.quec_ssl_connect,text,28
.text.quec_ssl_write,text,28
.text.quec_ssl_read,text,28
.text.quec_ssl_cfg_get_by_id,text,24
.text.quec_ssl_get_dtls_buffer_size,text,12
.text.quec_at_app_init,text,2
.text.quec_at_app_event_proc,text,6
.text.quec_cfunSimCloseRsp,text,10
.text.quec_cfunSetCommRspTimeOutCB,text,28
.rodata.quec_cfun_enable_comm.str1.1,rodata,89
.text.quec_cfun_enable_comm,text,272
.rodata.quec_cfun_on_ev_cfw_init_ind.str1.1,rodata,34
.text.quec_cfun_on_ev_cfw_init_ind,text,112
.text.quec_psm_auto_sleep_delay_save_callback,text,10
.text.quec_cfun_notify_sim_detect,text,72
.text.quec_cfunSetCommRsp,text,72
.rodata.quec_notify_sim_detect_timeout_cb.str1.1,rodata,28
.text.quec_notify_sim_detect_timeout_cb,text,80
.rodata.quec_read_qsvn.str1.1,rodata,65
.text.quec_read_qsvn,text,116
.rodata.quec_write_qsvn.str1.1,rodata,73
.text.quec_write_qsvn,text,260
.rodata.quec_at_setting_save.str1.1,rodata,68
.text.quec_at_setting_save,text,60
.rodata.quec_uart_setting_save.str1.1,rodata,24
.text.quec_uart_setting_save,text,60
.rodata.quec_uart_setting_read.str1.1,rodata,66
.text.quec_uart_setting_read,text,88
.rodata.quec_uart_custom_nv_write.str1.1,rodata,27
.text.quec_uart_custom_nv_read,text,88
.rodata.quec_at_setting_read.str1.1,rodata,29
.text.quec_at_setting_read,text,56
.rodata.quec_usb_setting_save.str1.1,rodata,46
.text.quec_usb_setting_save,text,112
.rodata.quec_usb_setting_read.str1.1,rodata,30
.text.quec_usb_setting_read,text,60
.rodata.quec_wdt_cfg_read.str1.1,rodata,74
.text.quec_wdt_cfg_read,text,72
.text.quec_wdt_cfg_save,text,36
.text.quec_at_setting_reset_default,text,28
.rodata.quec_exec_qpowd_cmd.str1.1,rodata,14
.text.quec_exec_qpowd_cmd,text,160
.rodata.quec_exec_qreset_cmd.str1.1,rodata,39
.text.quec_exec_qreset_cmd,text,112
.text.ql_download_handler,text,76
.text.atCmdHandleCGMI,text,56
.text.atCmdHandleGMI,text,4
.text.atCmdHandleCGMM,text,56
.text.atCmdHandleGMM,text,4
.text.atCmdHandleCGMR,text,56
.text.atCmdHandleGMR,text,8
.rodata.atCmdHandleCGSN.str1.1,rodata,35
.text.atCmdHandleCGSN,text,328
.text.atCmdHandleGSN,text,4
.rodata.quec_get_3gpp_release_version.str1.1,rodata,17
.text.quec_get_3gpp_release_version,text,56
.text.quec_set_3gpp_release_version,text,92
.text.utiImeiIsValidate,text,42
.text.utiAddImeiCheckSum,text,98
.rodata.atCmdHandleEGMR.str1.1,rodata,419
.text.atCmdHandleEGMR,text,964
.rodata.atCmdHandleCFUN.str1.1,rodata,50
.text.atCmdHandleCFUN,text,656
.text.quec_exec_qgsn_cmd,text,4
.rodata.quec_exec_cversion_cmd.str1.1,rodata,23
.text.quec_exec_cversion_cmd,text,148
.rodata.quec_exec_qrdy_cmd.str1.1,rodata,12
.text.quec_exec_qrdy_cmd,text,76
.rodata.quec_init_set_status_bit.str1.1,rodata,11
.text.quec_init_set_status_bit,text,60
.rodata.quec_init_get_status_bit.str1.1,rodata,12
.rodata.atCmdHandleI.str1.1,rodata,21
.text.atCmdHandleI,text,88
.rodata.quec_exec_csub_cmd.str1.1,rodata,15
.text.quec_exec_csub_cmd,text,56
.rodata.quec_exec_qgmr_cmd.str1.1,rodata,8
.text.quec_exec_qgmr_cmd,text,104
.text.quec_exec_qinf_cmd,text,44
.rodata.quec_exec_qprod_cmd.str1.1,rodata,24
.text.quec_exec_qprod_cmd,text,140
.rodata.quec_exec_qwsetmac_cmd.str1.1,rodata,112
.text.quec_exec_qwsetmac_cmd,text,324
.text.quectel_read_urc_ind_flag,text,4
.rodata.quec_at_config_init_from_nv.str1.1,rodata,60
.text.quec_at_config_init_from_nv,text,216
.rodata.quec_exec_ats24_cmd.str1.1,rodata,11
.text.quec_exec_ats24_cmd,text,152
.rodata.quec_exec_qsclk_cmd.str1.1,rodata,122
.text.quec_exec_qsclk_cmd,text,656
.rodata.quec_exec_qsclkex_cmd.str1.1,rodata,61
.text.quec_exec_qsclkex_cmd,text,412
.text.atCmdHandleAndC,text,92
.text.quec_get_config,text,92
.rodata.atCmdHandleAndV.str1.1,rodata,9
.text.atCmdHandleAndV,text,152
.rodata.quec_exec_qcustnvm_cmd.str1.1,rodata,45
.text.quec_exec_qcustnvm_cmd,text,244
.rodata.quec_exec_qfaccustnvm_cmd.str1.1,rodata,61
.text.quec_exec_qfaccustnvm_cmd,text,620
.text.quec_exec_at_start_app,text,34
.text.quec_convert_string_to_hex,text,120
.rodata.quec_exec_ebtaddr_cmd.str1.1,rodata,145
.text.quec_exec_ebtaddr_cmd,text,348
.rodata.quec_exec_qtemp_cmd.str1.1,rodata,18
.text.quec_exec_qtemp_cmd,text,108
.rodata.at_qsvn_cmd_func.str1.1,rodata,28
.text.at_qsvn_cmd_func,text,200
.rodata.quec_exec_questat_cmd.str1.1,rodata,16
.text.quec_exec_questat_cmd,text,152
.rodata.quectel_exec_adc_cmd.str1.1,rodata,41
.text.quectel_exec_adc_cmd,text,184
.rodata.quec_exec_authcode_cmd.str1.1,rodata,77
.text.quec_exec_authcode_cmd,text,328
.text.quec_exec_rstset_cmd,text,180
.rodata.mob_model_id,rodata,7
.rodata.mob_sw_qinfrev,rodata,4
.rodata.mob_sw_subrev,rodata,4
.rodata.mob_usb_manufacturer,rodata,8
.rodata.mob_usb_product,rodata,12
.rodata.quec_exec_qgpior_cmd.str1.1,rodata,28
.text.quec_exec_qgpior_cmd,text,152
.rodata.quec_exec_qgpiow_cmd.str1.1,rodata,24
.text.quec_exec_qgpiow_cmd,text,148
.rodata.quec_exec_qgpios_cmd.str1.1,rodata,62
.text.quec_exec_qgpios_cmd,text,320
.rodata.quec_exec_qpins_cmd.str1.1,rodata,35
.text.quec_exec_qpins_cmd,text,200
.rodata.quec_exec_qgpiocfg_cmd.str1.1,rodata,69
.text.quec_exec_qgpiocfg_cmd,text,416
.text._lteRsrpCompare,text,22
.rodata.qnwinfo_RspCB.str1.1,rodata,153
.text.qnwinfo_RspCB,text,524
.text.quec_get_qrftest_labels_check,text,100
.text._qopsAllRspTimeOutCB,text,28
.text.quec_gdcnt_autosave_callback,text,10
.rodata.quec_exec_qnwlock_common_lte_cmd.str1.1,rodata,70
.text.quec_exec_qnwlock_common_lte_cmd,text,512
.rodata._lteLockSetCommRsp.str1.1,rodata,17
.text._lteLockSetCommRsp,text,140
.text._ltePlmnCompare,text,110
.rodata.quectel_exec_qnwcfg_plmn_prefer_cmd.str1.1,rodata,34
.text.quectel_exec_qnwcfg_plmn_prefer_cmd,text,376
.rodata.quectel_exec_qnwcfg_ta_cmd.str1.1,rodata,22
.text.quectel_exec_qnwcfg_ta_cmd,text,156
.rodata.quectel_exec_qnwcfg_resel_tau_cmd.str1.1,rodata,24
.text.quectel_exec_qnwcfg_resel_tau_cmd,text,180
.rodata.quectel_exec_qnwcfg_testsim_autopdn_cmd.str1.1,rodata,30
.text.quectel_exec_qnwcfg_testsim_autopdn_cmd,text,176
.rodata.quectel_exec_qnwcfg_drxcycle_cmd.str1.1,rodata,51
.text.quectel_exec_qnwcfg_drxcycle_cmd,text,244
.rodata.quectel_exec_qnwcfg_cxreg_mode_cmd.str1.1,rodata,25
.text.quectel_exec_qnwcfg_cxreg_mode_cmd,text,180
.text._qopsRelease.isra.0,text,44
.text._lteLockSetCommEnableRsp,text,18
.rodata.ql_psm_get_timer_rsp.str1.1,rodata,37
.rodata.quectel_exec_qnwcfg_locrel_measreport_cmd.part.0.str1.1,rodata,32
.text.quectel_exec_qnwcfg_locrel_measreport_cmd.part.0,text,192
.text.quectel_exec_qnwcfg_locrel_measreport_cmd,text,18
.text.quectel_exec_qnwcfg_psm_timer_cmd,text,60
.rodata.quec_exec_qnwinfo_cmd.str1.1,rodata,125
.text.quec_exec_qnwinfo_cmd,text,404
.rodata.quec_qeng_get_currrent_state.str1.1,rodata,14
.text.quec_qeng_get_currrent_state,text,40
.rodata.quec_emod_qeng_process_gsm_data.str1.1,rodata,316
.text.quec_emod_qeng_process_gsm_data,text,868
.text.quec_rsrp_range_legalized,text,20
.text.quec_rsrq_range_legalized,text,20
.rodata.quec_qcellinfo_process_data.str1.1,rodata,336
.text.quec_qcellinfo_process_data,text,1912
.rodata.QuecCell_RespCacheData.str1.1,rodata,256
.text.QuecCell_RespCacheData,text,1408
.rodata.QuecCell_Update.str1.1,rodata,15
.text.QuecCell_Update,text,312
.rodata.QuecCell_RspCB.str1.1,rodata,83
.text.QuecCell_RspCB,text,1112
.rodata.QuecCell_ServingTimerCB.str1.1,rodata,35
.text.QuecCell_ServingTimerCB,text,276
.text.QuecCell_NeighborTimerCB,text,224
.text.QuecCell_TimerDeinit,text,44
.rodata.QuecCell_TimerInit.str1.1,rodata,49
.text.QuecCell_TimerInit,text,156
.rodata.quec_exec_qeng_cmd.str1.1,rodata,65
.text.quec_exec_qeng_cmd,text,292
.text.quec_qcell_handler,text,120
.rodata.quec_qcellex_handler.str1.1,rodata,7
.text.quec_qcellex_handler,text,324
.rodata.quec_exec_qcellinfo_cmd.str1.1,rodata,93
.text.quec_exec_qcellinfo_cmd,text,960
.rodata.quec_exec_qcsq_cmd.str1.1,rodata,151
.text.quec_exec_qcsq_cmd,text,540
.rodata.quec_exec_qceer_cmd.str1.1,rodata,58
.text.quec_exec_qceer_cmd,text,232
.rodata.quec_exec_qlts_cmd.str1.1,rodata,85
.text.quec_exec_qlts_cmd,text,348
.rodata.quec_exec_qgdcnt_cmd.str1.1,rodata,34
.text.quec_exec_qgdcnt_cmd,text,240
.rodata.quec_exec_qpdpgdcnt_cmd.str1.1,rodata,45
.text.quec_exec_qpdpgdcnt_cmd,text,248
.text.quec_qgdcnt_auto_timer_start,text,96
.rodata.quec_exec_qaugdcnt_cmd.str1.1,rodata,39
.text.quec_exec_qaugdcnt_cmd,text,196
.rodata.quec_exec_qdftpdn_cmd.str1.1,rodata,51
.text.quec_exec_qdftpdn_cmd,text,460
.rodata.quec_exec_qpdptimer_cmd.str1.1,rodata,64
.text.quec_exec_qpdptimer_cmd,text,400
.rodata.quec_deal_lte_cell_resel_tau.str1.1,rodata,28
.text.quec_deal_lte_cell_resel_tau,text,224
.rodata.quec_deal_nw_gprs_status_ind.str1.1,rodata,53
.text.quec_deal_nw_gprs_status_ind,text,216
.text.quec_deal_nw_signal_quality_ind,text,2
.text.quec_deal_ratchg_ind,text,2
.text.quec_deal_qcsq_ind,text,2
.rodata.quec_exec_qrftestmode_cmd.str1.1,rodata,37
.text.quec_exec_qrftestmode_cmd,text,356
.rodata.quec_exec_qrxftm_cmd.str1.1,rodata,93
.text.quec_exec_qrxftm_cmd,text,676
.rodata.quec_exec_qrftest_cmd.str1.1,rodata,65
.text.quec_exec_qrftest_cmd,text,688
.text.quec_exec_qnwlock_cmd,text,12
.rodata.quec_exec_qlocrel_cmd.str1.1,rodata,42
.text.quec_exec_qlocrel_cmd,text,292
.rodata.quec_exec_qblackcell_cmd.str1.1,rodata,77
.text.quec_exec_qblackcell_cmd,text,1064
.rodata.quec_exec_qblackcellcfg_cmd.str1.1,rodata,50
.text.quec_exec_qblackcellcfg_cmd,text,332
.rodata.quec_get_pwr_backoff_labels_type.str1.1,rodata,30
.text.quec_get_pwr_backoff_labels_type,text,96
.rodata.quec_exec_qpwrbackoff_cmd.str1.1,rodata,19
.text.quec_exec_qpwrbackoff_cmd,text,880
.rodata.quec_exec_qrfpwrcfg_cmd.str1.1,rodata,33
.text.quec_exec_qrfpwrcfg_cmd,text,580
.rodata.quec_read_qceercatcfg_from_nv.str1.1,rodata,57
.text.quec_read_qceercatcfg_from_nv,text,64
.rodata.quec_exec_qceercatcfg_cmd.str1.1,rodata,37
.text.quec_exec_qceercatcfg_cmd,text,176
.rodata.quec_freq_scan_print.str1.1,rodata,138
.text.quec_freq_scan_print,text,1032
.rodata._qopsAllGetFreqScanRsp.str1.1,rodata,90
.text._qopsAllGetFreqScanRsp,text,288
.rodata.quec_exec_qops_cmd.str1.1,rodata,74
.text.quec_exec_qops_cmd,text,216
.rodata.quec_exec_qptwedrxs_cmd.str1.1,rodata,103
.text.quec_exec_qptwedrxs_cmd,text,468
.rodata.quec_exec_qcellselect_cfg_cmd.str1.1,rodata,263
.text.quec_exec_qcellselect_cfg_cmd,text,528
.text.quec_exec_qnwcfg_cmd,text,12
.rodata.quectel_exec_qcfg_nw_parameter_calib_cmd.str1.1,rodata,31
.text.quectel_exec_qcfg_nw_parameter_calib_cmd,text,180
.rodata.quectel_exec_qcfg_qcsq_negative_rssi_cmd.str1.1,rodata,33
.text.quectel_exec_qcfg_qcsq_negative_rssi_cmd,text,140
.rodata.quectel_exec_qcfg_pdp_retrytimes_cmd.str1.1,rodata,29
.text.quectel_exec_qcfg_pdp_retrytimes_cmd,text,148
.rodata.quectel_exec_qcfg_qoos_cmd.str1.1,rodata,151
.text.quectel_exec_qcfg_qoos_cmd,text,468
.rodata.quectel_exec_qcfg_ccho_fmt_cmd.str1.1,rodata,68
.text.quectel_exec_qcfg_ccho_fmt_cmd,text,180
.rodata.quectel_exec_qcfg_qcellinfo_fmt_cmd.str1.1,rodata,78
.text.quectel_exec_qcfg_qcellinfo_fmt_cmd,text,180
.rodata.quectel_exec_qcfg_creg_mode_cmd.str1.1,rodata,66
.text.quectel_exec_qcfg_creg_mode_cmd,text,176
.rodata.quectel_exec_qcfg_creg_emergency_cmd.str1.1,rodata,85
.text.quectel_exec_qcfg_creg_emergency_cmd,text,176
.rodata.quectel_exec_qcfg_dftpdn_cmd.str1.1,rodata,153
.text.quectel_exec_qcfg_dftpdn_cmd,text,668
.rodata.quectel_exec_qcfg_nat_cid_cmd.str1.1,rodata,23
.text.quectel_exec_qcfg_nat_cid_cmd,text,180
.text._ipassign_addr_aton,text,64
.rodata.quectel_exec_qcfg_nat_ipassign_cmd.str1.1,rodata,43
.text.quectel_exec_qcfg_nat_ipassign_cmd,text,476
.rodata.quectel_exec_qcfg_led_sim_cmd.str1.1,rodata,20
.text.quectel_exec_qcfg_led_sim_cmd,text,196
.rodata.quectel_exec_qcfg_clat_cmd.str1.1,rodata,16
.text.quectel_exec_qcfg_clat_cmd,text,644
.rodata.quectel_exec_rtc_cfg_cmd.str1.1,rodata,29
.text.quectel_exec_rtc_cfg_cmd,text,268
.rodata.quectel_exec_ims_cfg_cmd.str1.1,rodata,19
.text.quectel_exec_ims_cfg_cmd,text,196
.rodata.quectel_exec_sim_det_debounce_cmd.str1.1,rodata,34
.text.quectel_exec_sim_det_debounce_cmd,text,196
.rodata.quectel_exec_qcfg_psmwakeup_pin_cmd.str1.1,rodata,33
.text.quectel_exec_qcfg_psmwakeup_pin_cmd,text,232
.rodata.quectel_exec_qcfg_wgm_cmd.str1.1,rodata,16
.text.quectel_exec_qcfg_wgm_cmd,text,184
.rodata.quectel_exec_qcfg_history_freq_cmd.str1.1,rodata,63
.text.quectel_exec_qcfg_history_freq_cmd,text,456
.rodata.quectel_exec_qcfg_disrplmn_cmd.str1.1,rodata,21
.text.quectel_exec_qcfg_disrplmn_cmd,text,176
.rodata.quectel_exec_qcfg_pwrsweep_cmd.str1.1,rodata,21
.text.quectel_exec_qcfg_pwrsweep_cmd,text,176
.rodata.quectel_exec_qcfg_3gpprel_cmd.str1.1,rodata,22
.text.quectel_exec_qcfg_3gpprel_cmd,text,200
.rodata.quectel_exec_qcfg_esmfail_times_cmd.str1.1,rodata,28
.text.quectel_exec_qcfg_esmfail_times_cmd,text,172
.rodata.quec_band_setCommRsp.str1.1,rodata,40
.text.quec_band_setCommRsp,text,172
.rodata.nwscanmodeSetCommRsp.str1.1,rodata,57
.text.nwscanmodeSetCommRsp,text,172
.rodata.quectel_exec_qcfg_band_cmd.str1.1,rodata,195
.text.quectel_exec_qcfg_band_cmd,text,812
.rodata.quectel_exec_qcfg_nwscanmode_cmd.str1.1,rodata,114
.text.quectel_exec_qcfg_nwscanmode_cmd,text,604
.rodata.quec_band_setCommEnableRsp.str1.1,rodata,26
.text.quec_band_setCommEnableRsp,text,68
.rodata.quectel_exec_qcfg_pdn_pco_cmd.str1.1,rodata,20
.text.quectel_exec_qcfg_pdn_pco_cmd,text,164
.rodata.nwscanmodeSetCommEnableRsp.str1.1,rodata,33
.text.nwscanmodeSetCommEnableRsp,text,68
.rodata.quectel_exec_qcfg_bandstr_cmd.str1.1,rodata,160
.text.quectel_exec_qcfg_bandstr_cmd,text,1552
.text.quec_map_Rdaband2Quecband,text,252
.rodata.quec_map_Quecband2Rdaband.str1.1,rodata,58
.text.quec_map_Quecband2Rdaband,text,376
.rodata.quec_creg_emergency_read.str1.1,rodata,33
.text.quec_creg_emergency_read,text,64
.rodata.quec_creg_mode_read.str1.1,rodata,13
.text.quec_creg_mode_read,text,64
.rodata.quec_read_qcellinfo_fmt_from_nv.str1.1,rodata,34
.text.quec_read_qcellinfo_fmt_from_nv,text,64
.rodata.quec_read_ccho_fmt_from_nv.str1.1,rodata,26
.text.quec_read_ccho_fmt_from_nv,text,64
.text.quec_cfg_common_handler,text,184
.text.quec_exec_qcfg_cmd,text,12
.rodata.quectel_exec_qdbgcfg_tracecfg_cmd.str1.1,rodata,127
.text.quectel_exec_qdbgcfg_tracecfg_cmd,text,400
.rodata.quectel_exec_qdbgcfg_flash_cmd.str1.1,rodata,29
.text.quectel_exec_qdbgcfg_flash_cmd,text,252
.rodata.quectel_exec_qdbgcfg_dumpcfg_cmd.str1.1,rodata,23
.text.quectel_exec_qdbgcfg_dumpcfg_cmd,text,192
.rodata.quectel_exec_qdbgcfg_syswdt_cmd.str1.1,rodata,22
.text.quectel_exec_qdbgcfg_syswdt_cmd,text,188
.rodata.quectel_exec_qdbgcfg_memory_cmd.str1.1,rodata,38
.text.quectel_exec_qdbgcfg_memory_cmd,text,124
.rodata.quectel_exec_qdbgcfg_pcap_cmd.str1.1,rodata,22
.text.quectel_exec_qdbgcfg_pcap_cmd,text,220
.rodata.quec_modemnvm_dir_conv.str1.1,rodata,11
.text.quec_modemnvm_dir_conv,text,64
.rodata.quectel_exec_qdbgcfg_flst_cmd.str1.1,rodata,142
.text.quectel_exec_qdbgcfg_flst_cmd,text,416
.text.quec_qdbgcfg_free_async,text,18
.rodata.quectel_exec_qdbgcfg_format_fs_cmd.str1.1,rodata,2
.text.quectel_exec_qdbgcfg_format_fs_cmd,text,100
.rodata.quectel_exec_qdbgcfg_flash_blk_info_cmd.str1.1,rodata,35
.text.quectel_exec_qdbgcfg_flash_blk_info_cmd,text,304
.rodata.quectel_exec_qdbgcfg_qlogcfg_cmd.str1.1,rodata,25
.text.quectel_exec_qdbgcfg_qlogcfg_cmd,text,160
.rodata.quectel_exec_qdbgcfg_atcnt_cmd.str1.1,rodata,21
.text.quectel_exec_qdbgcfg_atcnt_cmd,text,132
.rodata.quectel_exec_qdbgcfg_auddumpcmd.str1.1,rodata,17
.text.quectel_exec_qdbgcfg_auddumpcmd,text,160
.rodata.quec_exec_qftest_partitian_ctl_ec_cmd.str1.1,rodata,32
.text.quec_exec_qftest_partitian_ctl_ec_cmd,text,76
.rodata.quectel_exec_qdbgcfg_flashpartition_cmd.str1.1,rodata,139
.text.quectel_exec_qdbgcfg_flashpartition_cmd,text,140
.rodata.quectel_exec_qdbgcfg_system_abort_cmd.str1.1,rodata,26
.text.quectel_exec_qdbgcfg_system_abort_cmd,text,76
.rodata.quectel_exec_qdbgcfg_fssize_get_cmd.str1.1,rodata,43
.text.quectel_exec_qdbgcfg_fssize_get_cmd,text,228
.rodata.quectel_exec_qdbgcfg_flowwdt_cmd.str1.1,rodata,23
.text.quectel_exec_qdbgcfg_flowwdt_cmd,text,124
.rodata.quectel_exec_qdbgcfg_cgbv_cmd.str1.1,rodata,64
.text.quectel_exec_qdbgcfg_cgbv_cmd,text,324
.rodata.quectel_exec_qdbgcfg_oem_cmd.str1.1,rodata,102
.text.quectel_exec_qdbgcfg_oem_cmd,text,288
.rodata.quec_cp_device_read.str1.1,rodata,105
.text.quec_cp_device_read,text,216
.rodata.quec_rmdir_ex.str1.1,rodata,17
.text.quec_rmdir_ex,text,204
.text.quectel_exec_qdbgcfg_fdel_cmd,text,140
.text.quec_flash_erase_count_update,text,120
.text.quec_exec_qftest_cmd,text,12
.text.quec_exec_qdbgcfg_cmd,text,12
.text.quec_dsss_switch_end,text,20
.rodata.quec_dsss_none.str1.1,rodata,27
.text.quec_dsss_none,text,60
.rodata._qesim_eid_cb.str1.1,rodata,85
.text._qesim_eid_cb,text,212
.rodata.quec_dsss_notify_sim_detect.str1.1,rodata,107
.text.quec_dsss_notify_sim_detect,text,180
.rodata.quec_dsss_plug_in_sim.str1.1,rodata,30
.text.quec_dsss_plug_in_sim,text,76
.rodata.quec_dsss_switch_handler.str1.1,rodata,30
.text.quec_dsss_switch_handler,text,152
.rodata.quec_dsss_setcomm_cb.str1.1,rodata,21
.text.quec_dsss_setcomm_cb,text,92
.rodata.quec_dsss_enable_comm.str1.1,rodata,34
.text.quec_dsss_enable_comm,text,156
.rodata.quec_dsss_disable_comm.str1.1,rodata,35
.text.quec_dsss_disable_comm,text,148
.rodata.quec_dsss_notify_sim_detect_timeout_cb.str1.1,rodata,30
.text.quec_dsss_notify_sim_detect_timeout_cb,text,136
.rodata.quec_dsss_unplug_sim.str1.1,rodata,66
.text.quec_dsss_unplug_sim,text,124
.text.quec_exec_qesim_eid_cmd,text,56
.rodata.quec_dsss_switch_simslot.str1.1,rodata,40
.text.quec_dsss_switch_simslot,text,92
.rodata.quec_exec_qwritesim_cmd.str1.1,rodata,106
.text.quec_exec_qwritesim_cmd,text,332
.rodata.atCmdHandleCCID.str1.1,rodata,16
.text.atCmdHandleCCID,text,168
.rodata.quectel_exec_qsimwritecnt_cmd.str1.1,rodata,19
.text.quectel_exec_qsimwritecnt_cmd,text,76
.rodata.quectel_exec_qsimstat_cmd.str1.1,rodata,17
.text.quectel_exec_qsimstat_cmd,text,184
.rodata.quec_exec_qpinc_cmd.str1.1,rodata,67
.text.quec_exec_qpinc_cmd,text,308
.text.quec_exec_qesim_cmd,text,12
.rodata.quec_exec_qdstype_cmd.str1.1,rodata,29
.text.quec_exec_qdstype_cmd,text,160
.rodata.quec_exec_qsimplmninfo_cmd.str1.1,rodata,13
.text.quec_exec_qsimplmninfo_cmd,text,184
.rodata.quec_exec_efs_mkfs_cmd.str1.1,rodata,37
.text.quec_exec_efs_mkfs_cmd,text,152
.rodata.quec_uti_handle_thread.str1.1,rodata,97
.text.quec_uti_handle_thread,text,196
.rodata.quec_msg_handle_thread.str1.1,rodata,18
.text.quec_msg_handle_thread,text,168
.text.quec_msg_handle_sendevent,text,40
.text.quec_get_uti_handle_threadId,text,12
.rodata.quec_msg_process_init.str1.1,rodata,23
.text.quec_msg_process_init,text,100
.rodata.CFW_ImsIsRegistered.str1.1,rodata,32
.text.CFW_ImsIsRegistered,text,36
.text.quec_at_get_chsetting,text,8
.rodata.quec_at_set_all_chsetting.str1.1,rodata,17
.text.quec_at_set_all_chsetting,text,160
.text.quec_atParamHex2Num,text,44
.rodata.quec_atParamStrFromRaw.str1.1,rodata,1
.text.quec_atParamStrFromRaw,text,160
.text.quec_atParamHexDataParse,text,98
.text.quec_IsUintInList,text,28
.text.quec_IsIntInList,text,28
.text.quec_IsUint64InList,text,36
.text.quec_IsInt64InList,text,36
.text.quec_atParamUint,text,56
.text.quec_atParamUintInRange,text,32
.text.quec_atParamUintInList,text,38
.text.quec_atParamInt,text,50
.text.quec_atParamIntInRange,text,32
.text.quec_atParamIntInList,text,38
.text.quec_atParamUint64,text,54
.text.quec_atParamUint64InRange,text,56
.text.quec_atParamUint64InList,text,50
.text.quec_atParamInt64,text,54
.text.quec_atParamInt64InRange,text,54
.text.quec_atParamInt64InList,text,50
.text.quec_atParamStr,text,48
.text.quec_atParamHexRawText,text,56
.text.quec_atParamRawText,text,28
.text.quec_atParamUintByStrMap,text,40
.text.quec_atParamTrimTail,text,32
.text.quec_atParamIsEmpty,text,16
.text.quec_atParamDefUint,text,28
.text.quec_atParamDefUintInRange,text,32
.text.quec_atParamDefUintInList,text,32
.text.quec_atParamDefInt,text,28
.text.quec_atParamDefIntInRange,text,32
.text.quec_atParamDefIntInList,text,32
.text.quec_atParamDefUint64,text,28
.text.quec_atParamDefUint64InRange,text,52
.text.quec_atParamDefUint64InList,text,36
.text.quec_atParamDefInt64,text,28
.text.quec_atParamDefInt64InRange,text,52
.text.quec_atParamDefInt64InList,text,36
.text.quec_atParamOptStr,text,32
.text.quec_atParamDefStr,text,28
.text.quec_atParamDefUintByStrMap,text,30
.text.quec_atParamHexInt64,text,54
.text.quec_atParamHexInt64InRange,text,54
.text.quec_atParamHexData,text,80
.text.atCmdGetSim,text,4
.text.atCmdSetTimeoutHandler,text,4
.text.atCmdWorkerCall,text,4
.text.atDispatchGetDevice,text,6
.text.atDispatchGetDataEngine,text,2
.text.atDispatchGetCmdEngine,text,2
.text.atDispatchInDataEscape,text,4
.text.atCmdDeviceSetBaudNeeded,text,2
.text.atCmdGetDispatch,text,2
.text.atCmdChannelSetting,text,4
.text.atDataIsPPPMode,text,36
.text.atCmdDeviceSetIfcNeeded,text,2
.text.atDataEngineGetPppSession,text,4
.rodata.quec_at_cmd_start.str1.1,rodata,46
.text.quec_at_cmd_start,text,144
.text.quec_free_attach_at,text,82
.rodata.quec_at_tb_list_clean.str1.1,rodata,30
.text.quec_at_tb_list_clean,text,156
.text.quec_at_param_init,text,92
.rodata.quec_at_finish.str1.1,rodata,91
.text.quec_at_finish,text,380
.rodata.quec_at_worker_call.str1.1,rodata,61
.text.quec_at_worker_call,text,132
.rodata.quec_at_engine_init.str1.1,rodata,37
.text.quec_at_engine_init,text,112
.text.quec_at_get_engine_id,text,12
.text.quec_at_get_cmd_table,text,32
.text.quec_at_set_error_flag,text,36
.text.quec_at_get_attach_cnt,text,40
.rodata.quec_at_data_arrive.str1.1,rodata,39
.text.quec_at_data_arrive,text,96
.text.quec_at_set_first_info,text,40
.text.quec_at_get_first_info,text,36
.text.quec_at_list_deinit,text,56
.rodata.quec_at_set_timeout_cb.str1.1,rodata,38
.text.quec_at_set_timeout_cb,text,248
.rodata.quec_atc_is_parsing.str1.1,rodata,33
.text.quec_atc_is_parsing,text,100
.rodata.quec_atresp_timeout_cb.str1.1,rodata,27
.text.quec_atresp_timeout_cb,text,220
.text.quec_at_async_param_free,text,16
.text.atCmdHandleAT,text,22
.rodata.quec_at_cmd_parse.str1.1,rodata,349
.text.quec_at_cmd_parse,text,1964
.rodata.quec_at_thread.str1.1,rodata,276
.text.quec_at_thread,text,1296
.rodata.quec_at_lf_timer_handler.str1.1,rodata,26
.text.quec_at_lf_timer_handler,text,96
.rodata.gAtQprodHandler,rodata,12
.text.quec_uint_id_cmp,text,22
.rodata.quec_get_code_text.str1.1,rodata,3
.text.quec_get_code_text,text,52
.text.quec_at_get_code_txt,text,36
.rodata.quec_resp_result_code.part.0.str1.1,rodata,11
.text.quec_resp_result_code.part.0,text,116
.rodata.quec_resp_cme_cms.str1.1,rodata,165
.text.quec_resp_cme_cms,text,388
.rodata.quec_resp_ok_error.str1.1,rodata,83
.text.quec_resp_ok_error,text,276
.rodata.quec_atCmdResp.str1.1,rodata,36
.text.quec_atCmdResp,text,100
.rodata.quec_atCmdRespInfoNText.str1.1,rodata,17
.text.quec_atCmdRespInfoNText,text,304
.text.quec_atResp,text,58
.rodata.quec_at_cme_text,rodata,520
.rodata.quec_at_cms_text,rodata,656
.rodata.quec_at_res_text,rodata,96
.rodata.quec_data_engine_notify.str1.1,rodata,15
.text.quec_data_engine_notify,text,84
.text.quec_get_data_engine_id,text,12
.text.SrcLinear,text,172
.text.FilterUD.constprop.0,text,148
.text.FilterUp.constprop.0,text,160
.text.res_Resample,text,420
.text.res_GetXOFF,text,48
.text.audio_resampler_create_ex,text,134
.text.audio_resampler_run_ex,text,100
.text.resampler_create,text,28
.text.resampler_run,text,4
.text.resampler_destroy,text,18
.rodata.SMALL_FILTER_IMP,rodata,3072
.rodata.SMALL_FILTER_IMPD,rodata,6144
.rodata.quec_camSetBufopt.str1.1,rodata,41
.text.quec_camSetBufopt,text,164
.rodata.quec_Cam_Init.str1.1,rodata,20
.text.quec_Cam_Init,text,276
.text.quec_CamInit0310SPI,text,40
.text.quec_atcmd_get_dispatch,text,2
.text.quec_at_dispatch_read_avail,text,80
.text.quec_dispatch_virt_get_port,text,54
.rodata.quec_get_dev_by_dispatch.str1.1,rodata,26
.text.quec_get_dev_by_dispatch,text,72
.text.quec_at_dispatch_read,text,100
.text.quec_at_dispatch_write,text,176
.text.quec_dispatch_set_device,text,6
.rodata.quec_dispatch_create.str1.1,rodata,31
.text.quec_dispatch_create,text,176
.rodata.quec_dispatch_create_vir_port.str1.1,rodata,38
.text.quec_dispatch_create_vir_port,text,108
.rodata.quec_dispatch_delete.str1.1,rodata,41
.text.quec_dispatch_delete,text,116
.text.quec_dispatch_set_mode,text,32
.text.quec_dispatch_get_mode,text,36
.rodata.quec_bypass_server_task.str1.1,rodata,44
.text.quec_bypass_server_task,text,220
.text.quec_dispatch_in_data_escape,text,14
.text.quec_dispatch_get_ppp_session,text,30
.text.quec_dispatch_auto_sleep,text,34
.text.quec_at_invoke_mode_switch_cb,text,42
.rodata.quec_at_mode_switch.str1.1,rodata,28
.text.quec_at_mode_switch,text,128
.rodata.quec_at_bypass_rec_data.str1.1,rodata,23
.text.quec_at_bypass_rec_data,text,96
.text.quec_at_set_sio_hw_needed,text,90
.rodata.quec_bypass_engine_init.str1.1,rodata,10
.text.quec_bypass_engine_init,text,48
.rodata.quec_ledcfg_event_send.str1.1,rodata,54
.text.quec_ledcfg_event_send,text,88
.rodata.quec_ledcfg_handler.str1.1,rodata,26
.text.quec_ledcfg_handler,text,220
.rodata.quec_ledcfg_init.str1.1,rodata,9
.text.quec_ledcfg_init,text,48
.rodata.base64_encode.isra.0.str1.1,rodata,24
.text.base64_encode.isra.0,text,280
.text.Curl_base64_decode,text,260
.text.Curl_base64_encode,text,12
.rodata.base64,rodata,65
.text.conn_llist_dtor,text,8
.text.bundle_remove_conn,text,50
.text.conncache_find_first_connection,text,32
.text.bundle_destroy.part.0,text,28
.text.free_bundle_hash_entry,text,8
.text.Curl_conncache_init,text,72
.text.Curl_conncache_destroy,text,8
.text.Curl_conncache_size,text,38
.rodata.Curl_conncache_find_bundle.str1.1,rodata,6
.text.Curl_conncache_find_bundle,text,112
.rodata.Curl_conncache_add_conn.str1.1,rodata,58
.text.Curl_conncache_add_conn,text,232
.rodata.Curl_conncache_remove_conn.str1.1,rodata,58
.text.Curl_conncache_remove_conn,text,136
.text.Curl_conncache_foreach,text,124
.text.Curl_conncache_extract_bundle,text,144
.text.Curl_conncache_extract_oldest,text,220
.rodata.Curl_conncache_return_conn.str1.1,rodata,51
.text.Curl_conncache_return_conn,text,108
.rodata.Curl_conncache_close_all_connections.str1.1,rodata,9
.text.Curl_conncache_close_all_connections,text,116
.text.ainext,text,32
.text.conn_is_conn,text,18
.rodata.connect_SOCKS.str1.1,rodata,31
.text.connect_SOCKS,text,172
.text.verifyconnect,text,62
.text.Curl_timeleft,text,184
.text.Curl_persistconninfo,text,84
.text.Curl_addr2string,text,68
.rodata.Curl_updateconninfo.str1.1,rodata,164
.text.Curl_updateconninfo,text,268
.text.post_SOCKS,text,66
.text.Curl_getconnectinfo,text,96
.text.Curl_closesocket,text,98
.text.Curl_socket,text,186
.rodata.singleipconnect.str1.1,rodata,355
.text.singleipconnect,text,976
.text.trynextip,text,78
.rodata.Curl_is_connected.str1.1,rodata,129
.text.Curl_is_connected,text,768
.rodata.Curl_connecthost.str1.1,rodata,36
.text.Curl_connecthost,text,288
.rodata.Curl_conncontrol.str1.1,rodata,57
.text.Curl_conncontrol,text,128
.text.Curl_conn_data_pending,text,76
.rodata.__func__.21212,rodata,10
.text.Curl_unencode_write,text,4
.text.Curl_freeaddrinfo,text,24
.text.Curl_getaddrinfo_ex,text,244
.text.Curl_he2ai,text,224
.text.Curl_ip2addr,text,172
.text.Curl_str2addr,text,66
.text.Curl_isspace,text,20
.text.Curl_isdigit,text,20
.text.Curl_isalnum,text,20
.text.Curl_isxdigit,text,20
.text.Curl_isgraph,text,28
.text.Curl_isprint,text,20
.text.Curl_isalpha,text,20
.text.Curl_isupper,text,20
.text.Curl_islower,text,20
.text.Curl_iscntrl,text,20
.rodata.ascii,rodata,128
.text.charclass,text,40
.text.setcharorrange,text,110
.rodata.loop.str1.1,rodata,49
.text.loop,text,908
.text.Curl_fnmatch,text,18
.rodata.Curl_getworkingpath.str1.1,rodata,4
.text.Curl_getworkingpath,text,248
.text.Curl_get_pathname,text,328
.rodata.WHITESPACE.20155,rodata,5
.rodata.Curl_range.str1.1,rodata,144
.text.Curl_range,text,272
.rodata.Curl_dedotdotify.str1.1,rodata,28
.text.Curl_dedotdotify,text,356
.text.Curl_dyn_init,text,32
.text.Curl_dyn_free,text,32
.text.dyn_nappend,text,176
.text.Curl_dyn_reset,text,40
.text.Curl_dyn_addn,text,40
.text.Curl_dyn_add,text,56
.text.Curl_dyn_vaddf,text,44
.text.Curl_dyn_addf,text,52
.text.Curl_dyn_ptr,text,32
.text.Curl_dyn_len,text,36
.rodata.global_init.str1.1,rodata,29
.text.global_init,text,136
.text.curl_global_init,text,6
.text.curl_global_cleanup,text,32
.rodata.curl_easy_init.str1.1,rodata,57
.text.curl_easy_init,text,68
.rodata.curl_easy_perform.str1.1,rodata,61
.text.curl_easy_perform,text,288
.text.curl_easy_cleanup,text,18
.text.curl_easy_getinfo,text,28
.text.curl_easy_reset,text,114
.text.Curl_isunreserved,text,58
.text.Curl_urldecode,text,216
.text.curl_free,text,12
.text.Curl_fileinfo_alloc,text,16
.text.Curl_fileinfo_cleanup,text,36
.text.freedirs,text,80
.rodata._state.str1.1,rodata,45
.text._state,text,60
.rodata.ftp_state_use_pasv.str1.1,rodata,31
.text.ftp_state_use_pasv,text,108
.rodata.ftp_disconnect.str1.1,rodata,53
.text.ftp_disconnect,text,216
.text.ftp_multi_statemach,text,32
.text.ftp_getsock,text,8
.rodata.ftp_state_retr.str1.1,rodata,88
.text.ftp_state_retr,text,320
.text.close_secondarysocket,text,36
.rodata.ftp_connect.str1.1,rodata,12
.text.ftp_connect,text,132
.rodata.ftp_readresp.str1.1,rodata,25
.text.ftp_readresp,text,64
.rodata.ftp_state_ul_setup.str1.1,rodata,50
.text.ftp_state_ul_setup,text,396
.rodata.ftp_state_use_port.str1.1,rodata,286
.text.ftp_state_use_port,text,1216
.text.ftp_timeleft_accept,text,126
.rodata.AcceptServerConnect.str1.1,rodata,66
.text.AcceptServerConnect,text,184
.rodata.InitiateTransfer.str1.1,rodata,48
.text.InitiateTransfer,text,136
.text.wc_data_dtor,text,32
.rodata.ftp_parse_url_path.str1.1,rodata,84
.text.ftp_parse_url_path,text,592
.rodata.ftp_setup_connection.str1.1,rodata,7
.text.ftp_setup_connection,text,136
.rodata.ftp_state_user.str1.1,rodata,8
.text.ftp_state_user,text,68
.rodata.ftp_state_pwd.str1.1,rodata,4
.text.ftp_state_pwd,text,44
.rodata.ftp_state_loggedin.str1.1,rodata,8
.text.ftp_state_loggedin,text,56
.rodata.ftp_state_user_resp.isra.0.str1.1,rodata,70
.text.ftp_state_user_resp.isra.0,text,216
.rodata.ftp_epsv_disable.str1.1,rodata,72
.text.ftp_epsv_disable,text,132
.text.ftp_domore_getsock,text,128
.text.ftp_endofresp,text,70
.text.ftp_state_size,text,68
.text.ftp_state_type,text,78
.rodata.ftp_state_mdtm.str1.1,rodata,8
.text.ftp_state_mdtm,text,72
.rodata.ftp_state_quote.str1.1,rodata,7
.text.ftp_state_quote,text,448
.rodata.ftp_state_prepare_transfer.str1.1,rodata,39
.text.ftp_state_prepare_transfer,text,160
.rodata.ftp_state_rest.str1.1,rodata,8
.text.ftp_state_rest,text,68
.rodata.ftp_state_type_resp.str1.1,rodata,79
.text.ftp_state_type_resp,text,304
.rodata.ftp_nb_type.str1.1,rodata,8
.text.ftp_nb_type,text,88
.rodata.ftp_state_pasv_resp.str1.1,rodata,319
.text.ftp_state_pasv_resp,text,800
.rodata.Curl_GetFTPResponse.str1.1,rodata,71
.text.Curl_GetFTPResponse,text,244
.rodata.ReceivedServerConnect.str1.1,rodata,270
.text.ReceivedServerConnect,text,228
.rodata.AllowServerConnect.str1.1,rodata,45
.text.AllowServerConnect,text,140
.rodata.ftp_do_more.str1.1,rodata,81
.text.ftp_do_more,text,408
.text.ftp_dophase_done,text,94
.rodata.ftp_doing.str1.1,rodata,40
.text.ftp_doing,text,56
.rodata.ftp_statemach_act.str1.1,rodata,978
.text.ftp_statemach_act,text,2748
.rodata.ftp_do.str1.1,rodata,147
.text.ftp_do,text,984
.rodata.ftp_done.str1.1,rodata,506
.text.ftp_done,text,1188
.rodata.Curl_handler_ftp,rodata,76
.rodata.Curl_handler_ftps,rodata,76
.rodata.ftp_state_names,rodata,140
.rodata.ftpauth.21411,rodata,8
.rodata.mode.21106,rodata,10
.rodata.mode.21157,rodata,10
.rodata.ftp_pl_insert_finfo.isra.0.str1.1,rodata,5
.text.ftp_pl_insert_finfo.isra.0,text,188
.text.Curl_ftp_parselist_data_alloc,text,16
.text.Curl_ftp_parselist_data_free,text,32
.text.Curl_ftp_parselist_geterror,text,4
.rodata.Curl_ftp_parselist.str1.1,rodata,49
.text.Curl_ftp_parselist,text,2252
.text.curl_getenv,text,32
.text.Curl_initinfo,text,188
.rodata.Curl_getinfo.str1.1,rodata,35
.text.Curl_getinfo,text,1800
.rodata.CSWTCH.12,rodata,20
.text.hash_element_dtor,text,40
.text.Curl_hash_init,text,80
.text.Curl_hash_add,text,132
.text.Curl_hash_delete,text,78
.text.Curl_hash_pick,text,64
.text.Curl_hash_destroy,text,48
.text.Curl_hash_clean_with_criterium,text,82
.text.Curl_hash_clean,text,8
.text.Curl_hash_str,text,36
.text.Curl_str_key_compare,text,28
.text.Curl_hash_start_iterate,text,10
.text.Curl_hash_next_element,text,50
.text.hostcache_timestamp_remove,text,44
.text.freednsentry,text,48
.rodata.create_hostcache_id.constprop.0.str1.1,rodata,4
.text.create_hostcache_id.constprop.0,text,76
.rodata.fetch_addr.isra.0.str1.1,rodata,41
.text.fetch_addr.isra.0,text,144
.text.Curl_num_addresses,text,14
.text.Curl_printable_address,text,52
.text.Curl_hostcache_prune,text,80
.text.Curl_fetch_addr,text,60
.text.Curl_cache_addr,text,128
.rodata.Curl_resolv.str1.1,rodata,46
.text.Curl_resolv,text,368
.rodata.Curl_resolv_timeout.str1.1,rodata,41
.text.Curl_resolv_timeout,text,72
.text.Curl_resolv_unlock,text,46
.text.Curl_mk_dnscache,text,36
.text.Curl_hostcache_clean,text,46
.rodata.Curl_loadhostpairs.str1.1,rodata,272
.text.Curl_loadhostpairs,text,608
.text.Curl_resolv_check,text,4
.text.Curl_resolv_getsock,text,4
.text.Curl_once_resolved,text,68
.text.Curl_ipv6works,text,52
.text.Curl_ipvalid,text,16
.rodata.Curl_getaddrinfo.str1.1,rodata,33
.text.Curl_getaddrinfo,text,184
.text.Curl_connect_free,text,2
.text.Curl_ipv6_scope,text,134
.text.Curl_if2ip,text,4
.rodata.inet_ntop4.str1.1,rodata,12
.text.inet_ntop4,text,88
.rodata.Curl_inet_ntop.str1.1,rodata,12
.text.Curl_inet_ntop,text,376
.text.inet_pton4,text,132
.text.Curl_inet_pton,text,308
.rodata.digits.17427,rodata,11
.rodata.xdigits_l.17442,rodata,17
.rodata.xdigits_u.17443,rodata,17
.text.my_libssh2_malloc,text,12
.text.my_libssh2_realloc,text,12
.text.my_libssh2_free,text,16
.text.sshkeycallback,text,10
.text.ssh_perform_getsock,text,24
.text.ssh_getsock,text,4
.text.ssh_setup_connection,text,36
.rodata.sftp_libssh2_strerror.str1.1,rodata,25
.text.sftp_libssh2_strerror,text,24
.rodata.state.str1.1,rodata,36
.text.state,text,56
.text.ssh_block2waitfor,text,32
.text.kbd_callback,text,48
.text.scp_recv,text,54
.text.ssh_tls_send,text,70
.text.ssh_tls_recv,text,70
.text.sftp_recv,text,80
.text.sftp_send,text,80
.text.scp_send,text,80
.rodata.ssh_statemach_act.str1.1,rodata,3236
.text.ssh_statemach_act,text,9644
.text.ssh_multi_statemach,text,54
.rodata.scp_doing.str1.1,rodata,22
.text.scp_doing,text,32
.rodata.ssh_do.str1.1,rodata,17
.text.ssh_do,text,152
.text.sftp_doing,text,32
.rodata.ssh_connect.str1.1,rodata,146
.text.ssh_connect,text,296
.rodata.ssh_block_statemach.constprop.0.str1.1,rodata,20
.text.ssh_block_statemach.constprop.0,text,288
.text.ssh_done,text,60
.text.scp_done,text,26
.text.sftp_done,text,52
.rodata.sftp_disconnect.str1.1,rodata,51
.text.sftp_disconnect,text,56
.text.scp_disconnect,text,30
.rodata.Curl_ssh_init.str1.1,rodata,28
.text.Curl_ssh_init,text,32
.text.Curl_ssh_cleanup,text,4
.rodata.CSWTCH.151,rodata,19
.rodata.CSWTCH.153,rodata,38
.rodata.CSWTCH.162,rodata,80
.rodata.Curl_handler_scp,rodata,76
.rodata.Curl_handler_sftp,rodata,76
.rodata.names.20898,rodata,240
.text.Curl_llist_init,text,12
.text.Curl_llist_insert_next,text,60
.text.Curl_llist_remove,text,88
.text.Curl_llist_destroy,text,28
.text.Curl_llist_count,text,4
.text.Curl_mbedtls_close_all,text,2
.text.Curl_mbedtls_init,text,4
.text.Curl_mbedtls_cleanup,text,2
.text.Curl_mbedtls_get_internals,text,10
.text.Curl_mbedtls_sha256sum,text,18
.text.Curl_mbedtls_session_free,text,24
.text.mbed_send,text,52
.text.mbed_recv,text,74
.rodata.mbed_debug.str1.1,rodata,3
.text.mbed_debug,text,16
.rodata.Curl_mbedtls_random.str1.1,rodata,55
.text.Curl_mbedtls_random,text,192
.rodata.ql_ssl_ignore_ca_check_item.str1.1,rodata,122
.text.ql_ssl_ignore_ca_check_item,text,436
.rodata.mbed_connect_step2.str1.1,rodata,478
.text.mbed_connect_step2,text,692
.rodata.mbed_connect_common.str1.1,rodata,647
.text.mbed_connect_common,text,1648
.text.Curl_mbedtls_connect_nonblocking,text,8
.text.Curl_mbedtls_connect,text,34
.text.Curl_mbedtls_data_pending,text,30
.rodata.Curl_mbedtls_version.str1.1,rodata,17
.text.Curl_mbedtls_version,text,44
.text.mbedtls_x509_crl_free,text,2
.text.Curl_mbedtls_close,text,90
.rodata.Curl_ssl_mbedtls,rodata,96
.rodata.mbedtls_x509_crt_profile_fr,rodata,16
.text.addbyter,text,34
.text.dprintf_DollarString,text,62
.text.alloc_addbyter,text,40
.text.curl_msnprintf,text,26
.rodata.dprintf_formatf.str1.1,rodata,5
.text.dprintf_formatf,text,3080
.text.curl_mvsnprintf,text,48
.text.Curl_dyn_vprintf,text,52
.text.curl_mvaprintf,text,100
.text.curl_maprintf,text,26
.text.curl_mfprintf,text,32
.rodata.lower_digits,rodata,37
.rodata.null.17710,rodata,6
.rodata.strnil.17724,rodata,6
.rodata.upper_digits,rodata,37
.text.trhash,text,14
.text.trhash_compare,text,12
.text.trhash_dtor,text,2
.text.sh_freeentry,text,12
.text.fd_key_compare,text,12
.text.hash_fd,text,14
.rodata.mstate.str1.1,rodata,54
.text.mstate,text,124
.text.multi_deltimeout,text,34
.text.multi_getsock,text,220
.text.sh_getentry,text,28
.rodata.close_connect_only.str1.1,rodata,34
.text.close_connect_only,text,68
.text.multi_timeout.isra.0.part.0,text,128
.text.add_next_timeout.isra.0,text,140
.text.singlesocket,text,620
.text.Curl_multi_handle,text,304
.text.Curl_multiplex_wanted,text,12
.text.Curl_detach_connnection,text,28
.text.Curl_attach_connnection,text,40
.text.Curl_preconnect,text,44
.text.curl_multi_info_read,text,80
.text.Curl_multi_closed,text,78
.text.curl_multi_setopt,text,384
.text.curl_multi_timeout,text,56
.text.Curl_multi_wait.part.0,text,692
.text.curl_multi_poll,text,60
.text.Curl_update_timer,text,138
.rodata.Curl_expire.str1.1,rodata,41
.text.Curl_expire,text,380
.text.curl_multi_add_handle,text,372
.text.process_pending_handles,text,76
.rodata.multi_done.str1.1,rodata,119
.text.multi_done,text,536
.text.curl_multi_cleanup,text,216
.rodata.multi_runsingle.str1.1,rodata,446
.text.multi_runsingle,text,2968
.text.curl_multi_perform,text,148
.text.Curl_expire_done,text,4
.rodata.Curl_expire_clear.str1.1,rodata,71
.text.Curl_expire_clear,text,112
.text.Curl_init_completed,text,18
.rodata.curl_multi_remove_handle.str1.1,rodata,30
.text.curl_multi_remove_handle,text,352
.text.Curl_multi_max_host_connections,text,8
.text.Curl_multi_max_total_connections,text,8
.text.Curl_set_in_callback,text,20
.rodata.finit.20771,rodata,68
.rodata.statename,rodata,68
.rodata.tv_zero.21284,rodata,16
.text.curlx_nonblock,text,28
.rodata.parsedate.constprop.0.str1.1,rodata,75
.text.parsedate.constprop.0,text,1012
.text.Curl_getdate_capped,text,58
.text.Curl_gmtime,text,40
.rodata.Curl_month,rodata,48
.rodata.Curl_wkday,rodata,28
.rodata.month_days_cumulative.17518,rodata,48
.rodata.tz,rodata,828
.rodata.weekday,rodata,28
.text.Curl_pp_state_timeout,text,136
.text.Curl_pp_init,text,46
.text.Curl_pp_setup,text,10
.rodata.Curl_pp_vsendf.str1.1,rodata,3
.text.Curl_pp_vsendf,text,212
.text.Curl_pp_sendf,text,26
.rodata.Curl_pp_readresp.str1.1,rodata,194
.text.Curl_pp_readresp,text,496
.text.Curl_pp_getsock,text,22
.text.Curl_pp_flushsend,text,78
.text.Curl_pp_disconnect,text,28
.text.Curl_pp_moredata,text,28
.rodata.Curl_pp_statemach.str1.1,rodata,42
.text.Curl_pp_statemach,text,256
.text.Curl_pgrsResetTransferSizes,text,34
.text.Curl_pgrsTime,text,218
.text.Curl_pgrsLimitWaitTime,text,164
.text.Curl_pgrsSetDownloadCounter,text,10
.text.Curl_ratelimit,text,160
.text.Curl_pgrsStartNow,text,126
.text.Curl_pgrsSetUploadCounter,text,10
.text.Curl_pgrsSetDownloadSize,text,50
.text.Curl_pgrsSetUploadSize,text,50
.rodata.Curl_pgrsUpdate.str1.1,rodata,17
.text.Curl_pgrsUpdate,text,860
.rodata.Curl_pgrsDone.str1.1,rodata,2
.text.Curl_pgrsDone,text,64
.text.quectel_curl_getaddrinfo,text,22
.rodata.quectel_nCid_local_addr.str1.1,rodata,105
.text.quectel_nCid_local_addr,text,224
.text.quectel_curl_global_init,text,32
.text.quectel_curl_global_cleanup,text,28
.text.Curl_wait_ms,text,106
.text.Curl_select,text,110
.text.Curl_poll,text,422
.text.Curl_socket_check,text,234
.text.pausewrite,text,132
.text.Curl_recv_has_postponed_data,text,4
.text.Curl_write,text,68
.text.Curl_read_plain,text,48
.text.Curl_read,text,78
.text.Curl_debug,text,108
.rodata.Curl_infof.str1.1,rodata,17
.text.Curl_infof,text,124
.text.Curl_failf,text,114
.rodata.Curl_send_plain.str1.1,rodata,17
.text.Curl_send_plain,text,116
.text.Curl_write_plain,text,36
.rodata.Curl_recv_plain.str1.1,rodata,17
.text.Curl_recv_plain,text,108
.rodata.Curl_client_write.str1.1,rodata,111
.text.Curl_client_write,text,344
.rodata.s_infotype.21127,rodata,21
.rodata.setstropt_userpwd.str1.1,rodata,1
.text.setstropt_userpwd,text,112
.text.Curl_setstropt,text,80
.text.Curl_setblobopt,text,104
.text.Curl_vsetopt,text,6452
.text.curl_easy_setopt,text,32
.text.Curl_share_lock,text,36
.text.Curl_share_unlock,text,36
.text.Curl_slist_append_nodup,text,52
.text.curl_slist_append,text,52
.text.curl_slist_free_all,text,40
.text.Curl_socketpair,text,6
.rodata.socksstate.str1.1,rodata,36
.text.socksstate,text,44
.text.Curl_SOCKS_getsock,text,46
.rodata.Curl_SOCKS4.str1.1,rodata,961
.text.Curl_SOCKS4,text,1020
.rodata.Curl_SOCKS5.str1.1,rodata,1231
.text.Curl_SOCKS5,text,1816
.rodata.lookup.20470,rodata,9
.rodata.statename.20353,rodata,72
.text.Curl_speedinit,text,12
.rodata.Curl_speedcheck.str1.1,rodata,77
.text.Curl_speedcheck,text,176
.text.Curl_splay,text,190
.text.Curl_splayinsert,text,148
.text.Curl_splaygetbest,text,128
.text.Curl_splayremovebyaddr,text,158
.rodata.KEY_NOTUSED.17455,rodata,16
.rodata.tv_zero.17461,rodata,16
.text.Curl_raw_toupper,text,14
.text.Curl_strcasecompare,text,50
.text.Curl_safe_strcasecompare,text,20
.text.Curl_strncasecompare,text,78
.text.curl_strnequal,text,4
.text.curlx_strdup,text,44
.rodata.curl_easy_strerror.str1.1,rodata,14
.text.curl_easy_strerror,text,24
.rodata.Curl_strerror.str1.1,rodata,17
.text.Curl_strerror,text,128
.rodata.CSWTCH.1,rodata,392
.text.curlx_strtoofft,text,112
.text.Curl_now,text,30
.text.Curl_timediff,text,120
.text.Curl_timediff_us,text,104
.text.Curl_get_upload_buffer,text,40
.rodata.Curl_fillreadbuffer.str1.1,rodata,177
.text.Curl_fillreadbuffer,text,412
.rodata.Curl_readrewind.str1.1,rodata,164
.text.Curl_readrewind,text,232
.text.Curl_done_sending,text,30
.rodata.Curl_readwrite.str1.1,rodata,563
.text.Curl_readwrite,text,2264
.text.Curl_single_getsock,text,108
.text.Curl_init_CONNECT,text,18
.rodata.Curl_pretransfer.str1.1,rodata,12
.text.Curl_pretransfer,text,396
.text.Curl_posttransfer,text,4
.text.Curl_follow,text,4
.rodata.Curl_retry_request.str1.1,rodata,151
.text.Curl_retry_request,text,276
.text.Curl_setup_transfer,text,342
.text.up_free,text,124
.text.conn_free,text,268
.text.strip_trailing_dot,text,28
.rodata.zonefrom_url.str1.1,rodata,24
.text.zonefrom_url,text,100
.rodata.parse_proxy.str1.1,rodata,188
.text.parse_proxy,text,592
.rodata.extract_if_dead.part.0.str1.1,rodata,83
.text.extract_if_dead.part.0,text,176
.text.call_extract_if_dead,text,38
.text.Curl_freeset,text,132
.text.Curl_init_userdefined,text,332
.rodata.Curl_open.str1.1,rodata,35
.text.Curl_open,text,144
.rodata.Curl_disconnect.str1.1,rodata,57
.text.Curl_disconnect,text,204
.rodata.Curl_verboseconnect.str1.1,rodata,38
.text.Curl_verboseconnect,text,88
.text.Curl_is_ASCII_name,text,22
.rodata.Curl_idnconvert_hostname.str1.1,rodata,54
.text.Curl_idnconvert_hostname,text,32
.text.Curl_builtin_scheme,text,32
.text.Curl_uc_to_curlcode,text,20
.text.Curl_free_request_state,text,40
.text.Curl_close,text,416
.text.Curl_parse_login_details,text,472
.rodata.Curl_setup_conn.str1.1,rodata,17
.text.Curl_setup_conn,text,252
.text.Curl_init_do,text,182
.rodata.Curl_connect.str1.1,rodata,1143
.text.Curl_connect,text,7120
.rodata.CSWTCH.271,rodata,4
.rodata.Curl_handler_dummy,rodata,76
.rodata.protocols,rodata,20
.text.free_urlhandle,text,88
.text.mv_urlhandle,text,48
.rodata.find_host_sep.str1.1,rodata,3
.text.find_host_sep,text,72
.text.urlchar_needs_escaping,text,38
.rodata.strcpy_url.str1.1,rodata,7
.text.strcpy_url,text,124
.text.junkscan,text,36
.rodata.hostname_check.isra.0.str1.1,rodata,25
.text.hostname_check.isra.0,text,224
.text.Curl_is_absolute_url,text,104
.rodata.Curl_parse_port.str1.1,rodata,47
.text.Curl_parse_port,text,220
.rodata.parseurl.str1.1,rodata,86
.text.parseurl,text,1232
.text.curl_url,text,16
.text.curl_url_cleanup,text,28
.text.curl_url_dup,text,220
.rodata.curl_url_get.str1.1,rodata,58
.text.curl_url_get,text,932
.text.curl_url_set,text,1340
.rodata.badbytes.20353,rodata,33
.text.Curl_none_cleanup,text,2
.text.Curl_none_shutdown,text,4
.text.Curl_none_check_cxn,text,6
.text.Curl_none_random,text,4
.text.Curl_none_close_all,text,2
.text.Curl_none_data_pending,text,4
.text.Curl_none_cert_status_request,text,4
.text.Curl_none_set_engine,text,4
.text.Curl_none_set_engine_default,text,4
.text.Curl_none_engines_list,text,4
.text.Curl_none_md5sum,text,4
.rodata.Curl_multissl_version.str1.1,rodata,58
.text.Curl_multissl_version,text,232
.rodata.ssl_prefs_check.str1.1,rodata,113
.text.ssl_prefs_check,text,52
.rodata.multissl_init.str1.1,rodata,17
.text.multissl_init,text,104
.text.Curl_multissl_get_internals,text,40
.text.Curl_multissl_connect_nonblocking,text,44
.text.Curl_multissl_connect,text,40
.text.Curl_multissl_close,text,36
.text.Curl_multissl_init,text,32
.text.ssl_connect_init_proxy,text,124
.text.Curl_none_false_start,text,4
.text.Curl_none_session_free,text,2
.text.Curl_ssl_config_matches,text,190
.text.Curl_clone_primary_ssl_config,text,348
.text.Curl_free_primary_ssl_config,text,96
.text.Curl_ssl_backend,text,20
.text.Curl_ssl_init,text,32
.text.Curl_ssl_cleanup,text,32
.text.Curl_ssl_connect,text,100
.text.Curl_ssl_sessionid_lock,text,22
.text.Curl_ssl_sessionid_unlock,text,20
.text.Curl_ssl_getsessionid,text,358
.text.Curl_ssl_kill_session,text,60
.text.Curl_ssl_delsessionid,text,44
.text.Curl_ssl_addsessionid,text,388
.text.Curl_ssl_close_all,text,84
.text.Curl_ssl_getsock,text,36
.text.Curl_ssl_close,text,44
.text.Curl_ssl_shutdown,text,72
.text.Curl_ssl_set_engine,text,12
.text.Curl_ssl_set_engine_default,text,12
.text.Curl_ssl_engines_list,text,12
.text.Curl_ssl_initsessions,text,52
.text.Curl_ssl_data_pending,text,12
.text.Curl_ssl_free_certinfo,text,72
.rodata.Curl_pin_peer_pubkey.str1.1,rodata,94
.text.Curl_pin_peer_pubkey,text,636
.text.Curl_ssl_cert_status_request,text,12
.text.Curl_ssl_false_start,text,12
.text.Curl_ssl_tls13_ciphersuites,text,16
.rodata.Curl_ssl_multi,rodata,96
.text.curlx_ultous,text,16
.text.curlx_ultouc,text,14
.text.curlx_uztosi,text,12
.text.curlx_uztoui,text,2
.text.curlx_sltosi,text,12
.text.curlx_sltoui,text,12
.text.curlx_sltous,text,16
.text.curlx_sotouz,text,18
.text.fileinfo_dtor,text,6
.text.Curl_wildcard_init,text,24
.text.Curl_wildcard_dtor,text,72
.rodata.ql_aud_ext_codec_cfg.str1.1,rodata,44
.text.ql_aud_ext_codec_cfg,text,168
.text.ql_aud_get_ext_codec_cfg,text,84
.rodata.ql_aud_codec_init.str1.1,rodata,26
.text.ql_aud_codec_init,text,104
.text.quec_file_hex_to_byte,text,42
.rodata.quec_sfs_file_encrypt.str1.1,rodata,13
.text.quec_sfs_file_encrypt,text,68
.text.quec_sfs_file_decrypt,text,68
.rodata.quec_sfs_file_proc_info_get.str1.1,rodata,14
.text.quec_sfs_file_proc_info_get,text,116
.rodata.quec_sfs_file_proc_info_init.str1.1,rodata,82
.text.quec_sfs_file_proc_info_init,text,376
.text.quec_sfs_file_proc_info_deinit,text,72
.rodata.quec_sfs_file_set_aes_key.str1.1,rodata,17
.text.quec_sfs_file_set_aes_key,text,132
.rodata.quec_sfs_file_write_onetime.str1.1,rodata,81
.text.quec_sfs_file_write_onetime,text,428
.text.quec_sfs_file_write_lasttimes,text,496
.text.quec_sfs_file_write_middletimes,text,440
.text.quec_sfs_file_write_firsttimes,text,404
.rodata.quec_sfs_file_read_onetime.str1.1,rodata,22
.text.quec_sfs_file_read_onetime,text,248
.rodata.quec_sfs_file_read_lasttimes.str1.1,rodata,31
.text.quec_sfs_file_read_lasttimes,text,308
.text.quec_sfs_file_read_middletimes,text,332
.text.quec_sfs_file_read_firsttimes,text,304
.text.quec_sfs_file_proc_info_delete,text,108
.rodata.sfs_fstat.str1.1,rodata,118
.text.sfs_fstat,text,520
.rodata.sfs_write.str1.1,rodata,101
.text.sfs_write,text,368
.rodata.sfs_read.str1.1,rodata,108
.text.sfs_read,text,592
.rodata.quec_vfs_cfg_nv_write.str1.1,rodata,60
.text.quec_vfs_cfg_nv_write,text,120
.rodata.quec_vfs_sfile_factory_write.str1.1,rodata,9
.text.quec_vfs_sfile_factory_write,text,132
.text.quec_vfs_sfile_read,text,108
.text.quec_vfs_sfile_write,text,60
.rodata.quec_vfs_version_model_remove.str1.1,rodata,28
.text.quec_vfs_version_model_remove,text,28
.rodata.quec_ftp_client_debug.str1.1,rodata,145
.text.quec_ftp_client_debug,text,204
.rodata.quec_exec_ftp_request_reply.str1.1,rodata,38
.text.quec_exec_ftp_request_reply,text,120
.rodata.quec_exec_ftp_cwd_current_dir.str1.1,rodata,74
.text.quec_exec_ftp_cwd_current_dir,text,248
.rodata.quec_exec_ftp_get_reply_code.str1.1,rodata,66
.text.quec_exec_ftp_get_reply_code,text,248
.rodata.quec_exec_ftp_rename_dir.str1.1,rodata,63
.text.quec_exec_ftp_rename_dir,text,156
.rodata.quec_ftp_convert_current_dir.str1.1,rodata,96
.text.quec_ftp_convert_current_dir,text,380
.text.quec_ftp_convert_current_dir_and_filename,text,176
.rodata.quec_ftp_client_set_ssl_config.str1.1,rodata,103
.text.quec_ftp_client_set_ssl_config,text,392
.rodata.quec_exec_ftp_request_command_by_custom_request.str1.1,rodata,82
.text.quec_exec_ftp_request_command_by_custom_request,text,892
.rodata.quec_ftp_client_size_c.str1.1,rodata,92
.text.quec_ftp_client_size_c,text,1152
.rodata.quec_ftp_client_list_c.str1.1,rodata,85
.text.quec_ftp_client_list_c,text,376
.rodata.quec_ftp_client_cwd_c.str1.1,rodata,128
.text.quec_ftp_client_cwd_c,text,1488
.rodata.quec_exec_ftp_request_command_by_quote.str1.1,rodata,57
.text.quec_exec_ftp_request_command_by_quote,text,800
.rodata.quec_ftp_client_rmd_c.str1.1,rodata,36
.text.quec_ftp_client_rmd_c,text,324
.rodata.quec_ftp_client_mkd_c.str1.1,rodata,36
.text.quec_ftp_client_mkd_c,text,324
.rodata.quec_ftp_client_rename_c.str1.1,rodata,74
.text.quec_ftp_client_rename_c,text,1416
.rodata.quec_ftp_client_pwd_c.str1.1,rodata,19
.text.quec_ftp_client_pwd_c,text,368
.rodata.quec_ftp_client_delete_c.str1.1,rodata,68
.text.quec_ftp_client_delete_c,text,324
.rodata.quec_ftp_client_put_c.str1.1,rodata,45
.text.quec_ftp_client_put_c,text,1208
.rodata.quec_ftp_client_get_c.str1.1,rodata,42
.text.quec_ftp_client_get_c,text,1104
.text.quec_ftp_client_close_c,text,108
.rodata.quec_ftp_client_open_c.str1.1,rodata,40
.text.quec_ftp_client_open_c,text,1116
.rodata.quec_ftp_client_setopt_c.str1.1,rodata,203
.text.quec_ftp_client_setopt_c,text,576
.text.quec_ftp_client_new_c,text,112
.rodata.quec_ftp_client_cleanup.str1.1,rodata,12
.text.quec_ftp_client_cleanup,text,48
.text.quec_ftp_client_get_error_code,text,24
.rodata.CSWTCH.1019,rodata,316
.text.quec_gnss_mutex_unlock,text,12
.text.quec_gnss_mutex_lock,text,12
.rodata.ql_write_agps_response_data.str1.1,rodata,69
.text.ql_write_agps_response_data,text,128
.rodata.quec_gnss_pin_init.str1.1,rodata,20
.text.quec_gnss_pin_init,text,444
.text.cmd_check_checksum.part.0,text,30
.rodata.quec_gnss_param_lock.str1.1,rodata,47
.text.quec_gnss_param_lock,text,76
.rodata.quec_gnss_param_unlock.str1.1,rodata,29
.text.quec_gnss_param_unlock,text,72
.rodata.quec_gnss_report_code_set.str1.1,rodata,21
.text.quec_gnss_report_code_set,text,72
.rodata.agps_http_event_cb.str1.1,rodata,142
.text.agps_http_event_cb,text,368
.rodata.quec_gnss_report_code_get.str1.1,rodata,21
.text.quec_gnss_report_code_get,text,68
.text.quec_gnss_report_hanlder,text,40
.rodata.quec_gps_handle_set.str1.1,rodata,70
.text.quec_gps_handle_set,text,60
.rodata.quec_gps_handle_get.str1.1,rodata,26
.text.quec_gps_handle_get,text,60
.rodata.quec_gps_config_param_read.str1.1,rodata,42
.text.quec_gps_config_param_read,text,100
.rodata.gpsautocheck.str1.1,rodata,169
.text.gpsautocheck,text,260
.rodata.quec_gnss_init.str1.1,rodata,123
.text.quec_gnss_init,text,156
.rodata.uart_get_gnss_ack.str1.1,rodata,47
.text.uart_get_gnss_ack,text,152
.text.sendfirm,text,140
.rodata.quec_gnss_agps_assist_data_transfer.str1.1,rodata,221
.text.quec_gnss_agps_assist_data_transfer,text,456
.rodata.quec_http_download_two_hours_assist_data.str1.1,rodata,665
.text.quec_http_download_two_hours_assist_data,text,1508
.rodata.ql_gnss_hal_init.str1.1,rodata,33
.text.ql_gnss_hal_init,text,72
.text.ql_gnss_open,text,160
.text.ql_gnss_close,text,72
.rodata.quec_gnss_del_task.str1.1,rodata,57
.text.quec_gnss_del_task,text,372
.rodata.quec_gnss_power_onff.str1.1,rodata,83
.text.quec_gnss_power_onff,text,200
.rodata.quec_gnss_onff_handle.str1.1,rodata,61
.text.quec_gnss_onff_handle,text,232
.text.ql_gnss_nmeatype_cfg,text,284
.rodata.quec_gps_send_cmd.str1.1,rodata,40
.text.quec_gps_send_cmd,text,472
.rodata.quec_gnss_flash_update.isra.0.str1.1,rodata,67
.text.quec_gnss_flash_update.isra.0,text,1460
.rodata.ql_gnss_firmware_update.str1.1,rodata,49
.text.ql_gnss_firmware_update,text,184
.rodata.quec_gnss_config_init.str1.1,rodata,184
.text.quec_gnss_config_init,text,1088
.rodata.quec_gnss_init_task_entry.str1.1,rodata,62
.text.quec_gnss_init_task_entry,text,112
.rodata.__func__.57385,rodata,13
.rodata.__func__.57696,rodata,24
.text.list_del,text,32
.rodata.ql_http_client_dns_found.str1.1,rodata,29
.text.ql_http_client_dns_found,text,160
.text.ql_http_client_socket_evt_cb,text,112
.rodata.ql_http_client_mul_form_upload.str1.1,rodata,164
.text.ql_http_client_mul_form_upload,text,820
.rodata.ql_http_client_check_prefix.str1.1,rodata,7
.text.ql_http_client_check_prefix,text,68
.rodata.ql_http_client_ssl_close.str1.1,rodata,16
.text.ql_http_client_ssl_close,text,76
.rodata.ql_http_client_tcp_close.str1.1,rodata,28
.text.ql_http_client_tcp_close,text,272
.rodata.ql_http_client_response_timer_expire.str1.1,rodata,43
.text.ql_http_client_response_timer_expire,text,172
.text.ql_http_client_ssl_handshake_expire,text,132
.text.ql_http_client_ssl_handshake,text,220
.rodata.ql_http_client_tcp_send.str1.1,rodata,181
.text.ql_http_client_tcp_send,text,1152
.rodata.ql_http_client_send_http_raw_post_request.str1.1,rodata,14
.text.ql_http_client_send_http_raw_post_request,text,296
.rodata.ql_http_client_read_chunk_data.str1.1,rodata,64
.text.ql_http_client_read_chunk_data,text,660
.rodata.ql_http_client_tcp_recv.str1.1,rodata,666
.text.ql_http_client_tcp_recv,text,3404
.rodata.ql_http_client_check_custome_header.str1.1,rodata,4
.text.ql_http_client_check_custome_header,text,108
.rodata.ql_http_client_send_http_request.str1.1,rodata,445
.text.ql_http_client_send_http_request,text,1616
.rodata.ql_http_client_append_custome_header_ex.str1.1,rodata,77
.text.ql_http_client_append_custome_header_ex,text,476
.text.ql_http_client_append_custome_header,text,444
.text.ql_http_client_delete_custome_header_ex,text,220
.text.ql_http_client_delete_custome_header,text,220
.rodata.ql_http_get_url_filename.str1.1,rodata,43
.text.ql_http_get_url_filename,text,268
.text.ql_http_client_new,text,380
.rodata.ql_http_client_set_url.str1.1,rodata,94
.text.ql_http_client_set_url,text,672
.text.ql_http_client_reset_url,text,132
.rodata.ql_http_client_set_option.str1.1,rodata,166
.text.ql_http_client_set_option,text,888
.rodata.ql_http_client_get_option.str1.1,rodata,24
.text.ql_http_client_get_option,text,440
.rodata.ql_http_client_set_form_opt.str1.1,rodata,75
.text.ql_http_client_set_form_opt,text,428
.rodata.ql_http_client_clear_mul_form_opt.str1.1,rodata,15
.text.ql_http_client_clear_mul_form_opt,text,284
.text.ql_http_client_clear_all_mul_form_opt,text,88
.text.ql_http_client_reset_opt,text,312
.rodata.ql_http_client_getinfo.str1.1,rodata,15
.text.ql_http_client_getinfo,text,156
.rodata.ql_http_client_net_cb.str1.1,rodata,62
.text.ql_http_client_net_cb,text,660
.rodata.ql_http_client_perform.str1.1,rodata,202
.text.ql_http_client_perform,text,1584
.text.ql_http_client_cancel,text,100
.text.ql_http_client_continue_dload,text,120
.rodata.ql_http_client_wait_http_close.str1.1,rodata,20
.text.ql_http_client_wait_http_close,text,152
.text.ql_http_client_free,text,308
.rodata.ql_http_release_destroy.str1.1,rodata,14
.text.ql_http_release_destroy,text,136
.rodata.ql_http_service_task.str1.1,rodata,216
.text.ql_http_service_task,text,2060
.rodata.ql_http_service_start.str1.1,rodata,44
.text.ql_http_service_start,text,140
.text.ntohf,text,44
.rodata.ql_lbs_client_encrypt_data.str1.1,rodata,20
.text.ql_lbs_client_encrypt_data,text,92
.rodata.ql_lbs_client_serialize_auth_info.str1.1,rodata,79
.text.ql_lbs_client_serialize_auth_info,text,340
.text.ql_lbs_client_serialize_wifi_info,text,74
.text.ql_lbs_client_serialize_cell_info,text,326
.rodata.ql_lbs_client_make_tlv_node.str1.1,rodata,26
.text.ql_lbs_client_make_tlv_node,text,248
.rodata.ql_lbs_client_decode_response_buf.str1.1,rodata,159
.text.ql_lbs_client_decode_response_buf,text,1600
.text.ql_lbs_client_read_http_post_data,text,72
.text.ql_lbs_client_write_http_response_data,text,66
.rodata.ql_lbs_client_http_event_cb.str1.1,rodata,114
.text.ql_lbs_client_http_event_cb,text,236
.text.ql_lbs_client_free,text,96
.text.ql_lbs_client_calculate_request_md5,text,144
.rodata.ql_lbs_client_send_http_request.str1.1,rodata,101
.text.ql_lbs_client_send_http_request,text,1140
.rodata.ql_lbs_client_recv_http_reply.str1.1,rodata,18
.text.ql_lbs_client_recv_http_reply,text,748
.rodata.ql_lbs_service_task.str1.1,rodata,14
.text.ql_lbs_service_task,text,180
.text.ql_lbs_get_position,text,516
.rodata.ql_lbs_service_start.str1.1,rodata,58
.text.ql_lbs_service_start,text,172
.rodata.xor_key,rodata,64
.rodata.mqtt_packet_encode.str1.1,rodata,16
.text.mqtt_packet_encode,text,96
.text.mqtt_packet_decode,text,68
.text.mqtt_write_char,text,14
.text.mqtt_write_int,text,58
.text.mqtt_read_int,text,32
.text.mqtt_write_string,text,24
.text.mqtt_check_header,text,50
.rodata.mqtt_serialize_connect.str1.1,rodata,172
.text.mqtt_serialize_connect,text,620
.text.mqtt_deserialize_connectack,text,30
.text.mqtt_serialize_zero,text,120
.text.mqtt_deserialize_zero,text,4
.text.mqtt_serialize_subscribe,text,220
.rodata.mqtt_deserialize_subscribe_ack.str1.1,rodata,17
.text.mqtt_deserialize_subscribe_ack,text,96
.text.mqtt_serialize_unsubscribe,text,212
.rodata.mqtt_serialize_ack.str1.1,rodata,16
.text.mqtt_serialize_ack,text,164
.text.mqtt_deserialize_ack,text,24
.rodata.mqtt_serialize_publish.str1.1,rodata,13
.text.mqtt_serialize_publish,text,260
.rodata.mqtt_deserialize_publish.str1.1,rodata,42
.text.mqtt_deserialize_publish,text,276
.rodata.ql_mqtt_client_check_request_allow.str1.1,rodata,15
.text.ql_mqtt_client_check_request_allow,text,144
.rodata.ql_mqtt_client_add_subscribe_message.str1.1,rodata,15
.text.ql_mqtt_client_add_subscribe_message,text,168
.text.ql_mqtt_client_remove_request,text,124
.rodata.ql_mqtt_client_socket_evt_cb.str1.1,rodata,12
.text.ql_mqtt_client_socket_evt_cb,text,144
.text.ql_mqtt_client_dns_found,text,232
.text.ql_mqtt_client_ssl_close,text,38
.text.ql_mqtt_client_ssl_handshake,text,204
.text.ql_mqtt_client_ssl_handshake_expire,text,68
.text.ql_mqtt_client_clear_requests.constprop.0,text,140
.rodata.ql_mqtt_client_new.str1.1,rodata,19
.text.ql_mqtt_client_new,text,336
.text.ql_mqtt_client_open,text,328
.text.ql_mqtt_client_connect,text,480
.rodata.ql_mqtt_client_subscribe.str1.1,rodata,12
.text.ql_mqtt_client_subscribe,text,328
.text.ql_mqtt_client_unsubscribe,text,288
.rodata.ql_mqtt_client_publish.str1.1,rodata,15
.text.ql_mqtt_client_publish,text,416
.text.ql_mqtt_client_disconnect,text,236
.rodata.ql_mqtt_client_close.str1.1,rodata,16
.text.ql_mqtt_client_close,text,208
.rodata.ql_mqtt_client_tcp_send.str1.1,rodata,78
.text.ql_mqtt_client_tcp_send,text,560
.rodata.ql_mqtt_client_cyclic_timer.str1.1,rodata,114
.text.ql_mqtt_client_cyclic_timer,text,1112
.rodata.ql_mqtt_client_continue_parse.str1.1,rodata,171
.text.ql_mqtt_client_continue_parse,text,1944
.rodata.ql_mqtt_client_tcp_recv.str1.1,rodata,21
.text.ql_mqtt_client_tcp_recv,text,236
.rodata.ql_mqtt_client_task.str1.1,rodata,180
.text.ql_mqtt_client_task,text,2272
.rodata.ql_mqtt_client_free.str1.1,rodata,11
.text.ql_mqtt_client_free,text,416
.rodata.ql_mqtt_client_read_subcribe_message.str1.1,rodata,50
.text.ql_mqtt_client_read_subcribe_message,text,364
.text.ql_mqtt_client_get_state_info,text,312
.rodata.ql_mqtt_client_start.str1.1,rodata,57
.text.ql_mqtt_client_start,text,184
.text.quec_onenet_url_encode.part.0,text,152
.text.quec_onenet_calc_base64_decode_length,text,40
.rodata.quec_onenet_generate_auth_token.str1.1,rodata,77
.text.quec_onenet_generate_auth_token,text,1024
.rodata.base64_alphabet,rodata,64
.rodata.base64_suffix_map,rodata,256
.rodata.hexchars.7519,rodata,17
.text.quec_lwip_function_2,text,92
.text.ql_socket_remove_monitor.isra.0,text,132
.text.quec_lwip_waitres_check,text,18
.rodata.quec_lwip_function_1.str1.1,rodata,175
.text.quec_lwip_function_1,text,232
.text.ql_socket_add_monitor.isra.0,text,176
.text.ql_socket_dns_callback,text,236
.rodata.ql_socket_add_monitor_ex.str1.1,rodata,16
.text.ql_socket_add_monitor_ex,text,52
.text.ql_socket_get_fd,text,28
.text.ql_socket_get_hndl,text,68
.rodata.ql_socket_create.str1.1,rodata,26
.text.ql_socket_create,text,208
.rodata.ql_socket_bind.str1.1,rodata,45
.text.ql_socket_bind,text,256
.rodata.ql_socket_connect.str1.1,rodata,109
.text.ql_socket_connect,text,508
.text.ql_socket_select,text,52
.rodata.__ql_socket_read.str1.1,rodata,45
.text.__ql_socket_read,text,248
.text.ql_socket_read,text,6
.text.ql_socket_read_ex,text,4
.rodata.ql_socket_send.str1.1,rodata,48
.text.ql_socket_send,text,192
.rodata.ql_socket_close.str1.1,rodata,39
.text.ql_socket_close,text,232
.rodata.ql_socket_monitor_task.str1.1,rodata,128
.text.ql_socket_monitor_task,text,1048
.rodata.ql_socket_shutdown.str1.1,rodata,39
.text.ql_socket_shutdown,text,184
.rodata.ql_socket_sendto.str1.1,rodata,63
.text.ql_socket_sendto,text,320
.rodata.ql_socket_recvfrom.str1.1,rodata,64
.text.ql_socket_recvfrom,text,316
.text.ql_socket_set_opt,text,168
.rodata.ql_socket_get_opt.str1.1,rodata,14
.text.ql_socket_get_opt,text,148
.rodata.ql_socket_get_last_errno.str1.1,rodata,20
.text.ql_socket_get_last_errno,text,112
.text.ql_socket_get_peername,text,178
.text.ql_socket_get_connect_num,text,68
.rodata.ql_socket_engine_start.str1.1,rodata,23
.text.ql_socket_engine_start,text,172
.rodata.ql_ssl_handshake_timer_expire.str1.1,rodata,29
.text.ql_ssl_handshake_timer_expire,text,60
.rodata.ql_ssl_net_recv.str1.1,rodata,29
.text.ql_ssl_net_recv,text,272
.rodata.ql_ssl_net_send.str1.1,rodata,19
.text.ql_ssl_net_send,text,328
.text.ql_ssl_dtls_retransmit_timer_expire,text,14
.rodata.ql_ssl_debug.str1.1,rodata,32
.text.ql_ssl_debug,text,56
.text.quec_ssl_certex_int,text,28
.rodata.ql_ssl_conf_init.str1.1,rodata,12
.text.ql_ssl_conf_init,text,144
.rodata.ql_ssl_conf_set.str1.1,rodata,265
.text.ql_ssl_conf_set,text,1848
.rodata.ql_ssl_conf_get.str1.1,rodata,40
.text.ql_ssl_conf_get,text,740
.rodata.ql_ssl_conf_set_by_id.str1.1,rodata,28
.text.ql_ssl_conf_set_by_id,text,180
.text.ql_ssl_conf_get_by_id,text,220
.text.ql_ssl_conf_free,text,216
.text.ql_ssl_new,text,164
.rodata.ql_ssl_set_session.str1.1,rodata,70
.text.ql_ssl_set_session,text,284
.rodata.ql_ssl_setup.str1.1,rodata,454
.text.ql_ssl_setup,text,1668
.text.ql_ssl_set_socket_fd,text,112
.text.ql_ssl_set_hostname,text,176
.rodata.ql_ssl_handshake.str1.1,rodata,172
.text.ql_ssl_handshake,text,704
.text.ql_ssl_close_notify,text,80
.text.ql_ssl_get_bytes_avail,text,88
.rodata.ql_ssl_read.str1.1,rodata,26
.text.ql_ssl_read,text,192
.rodata.ql_ssl_write.str1.1,rodata,71
.text.ql_ssl_write,text,304
.text.ql_ssl_free,text,154
.text.ql_ntp_diff,text,80
.rodata.ql_ntp_dns_found.str1.1,rodata,24
.text.ql_ntp_dns_found,text,156
.text.ql_ntp_socket_event_cb,text,112
.text.ql_ntp_gettime,text,52
.text.ql_ntp_get_client,text,72
.rodata.ql_ntp_client_free.str1.1,rodata,15
.text.ql_ntp_client_free,text,152
.rodata.ql_ntp_release_destroy.str1.1,rodata,33
.text.ql_ntp_release_destroy,text,108
.text.ql_ntp_send_sync_requset,text,312
.text.ql_ntp_retry_timer_callback,text,64
.rodata.ql_ntp_sync.str1.1,rodata,93
.text.ql_ntp_sync,text,1036
.rodata.ql_ntp_net_cb.str1.1,rodata,31
.text.ql_ntp_net_cb,text,504
.rodata.ql_ntp_service_task.str1.1,rodata,460
.text.ql_ntp_service_task,text,1368
.rodata.ql_ntp_service_start.str1.1,rodata,54
.text.ql_ntp_service_start,text,160
.rodata.ql_ping_socket_event_cb.str1.1,rodata,12
.text.ql_ping_socket_event_cb,text,124
.text.ql_ping_free_ping_session,text,84
.rodata.ql_ping_send_icmp_requset.str1.1,rodata,129
.text.ql_ping_send_icmp_requset,text,664
.rodata.ql_ping_response_timer_callback.str1.1,rodata,93
.text.ql_ping_response_timer_callback,text,228
.rodata.ql_ping_read_icmp_reply.str1.1,rodata,234
.text.ql_ping_read_icmp_reply,text,804
.rodata.ql_ping_dns_found.str1.1,rodata,26
.text.ql_ping_dns_found,text,180
.rodata.ql_ping_net_cb.str1.1,rodata,92
.text.ql_ping_net_cb,text,584
.rodata.ql_ping_app_task.str1.1,rodata,20
.text.ql_ping_app_task,text,192
.rodata.ql_ping_start.str1.1,rodata,56
.text.ql_ping_start,text,624
.rodata.ql_ping_app_start.str1.1,rodata,6
.text.ql_ping_app_start,text,124
.rodata.ql_find_psm_data.str1.1,rodata,22
.text.ql_find_psm_data,text,92
.text.auto_sleep_timer_callback,text,4
.text.quec_psm_enter_delay,text,12
.text.wake_up_timer_callback,text,2
.rodata.pmsource_list_init.str1.1,rodata,48
.text.pmsource_list_init,text,100
.rodata.pmsoucre_get_list.str1.1,rodata,42
.text.pmsoucre_get_list,text,196
.rodata.quec_pmsource_create.str1.1,rodata,67
.text.quec_pmsource_create,text,320
.rodata.quec_pmsource_delete.str1.1,rodata,24
.text.quec_pmsource_delete,text,212
.text.quec_pmsource_lock,text,144
.text.quec_pmsource_unlock,text,144
.rodata.quec_pmsource_auto_sleep.str1.1,rodata,93
.text.quec_pmsource_auto_sleep,text,352
.rodata.wakeup_get_source.str1.1,rodata,61
.text.wakeup_get_source,text,192
.rodata.quec_enter_sleep_cb.str1.1,rodata,51
.text.quec_enter_sleep_cb,text,92
.text.quec_exit_sleep_cb,text,36
.rodata.quec_local_rrc_init.str1.1,rodata,22
.text.quec_local_rrc_init,text,164
.text.ql_psm_try_lock,text,12
.text.ql_psm_unlock,text,8
.rodata.quec_psm_data_save.str1.1,rodata,82
.text.quec_psm_data_save,text,208
.text.quec_psm_sim_status_write,text,44
.rodata.quec_psm_data_restore.str1.1,rodata,48
.text.quec_psm_data_restore,text,128
.text.quec_register_psm_enter_cb,text,100
.rodata.quec_psm_enter_handler.str1.1,rodata,20
.text.quec_psm_enter_handler,text,96
.rodata.quec_psm_data_init.str1.1,rodata,48
.text.quec_psm_data_init,text,208
.text.quec_psm_init,text,56
.rodata.quec_sleep_init.str1.1,rodata,245
.text.quec_sleep_init,text,376
.rodata.quec_psm_cfw_init.str1.1,rodata,20
.text.quec_psm_cfw_init,text,84
.text.ber_fetch_length,text,102
.text.der_tlv_length_serialize,text,90
.text.ber_fetch_tag,text,86
.text.ber_tlv_tag_serialize,text,134
.text.linklist_init,text,58
.text.linklist_push,text,1056
.text.linklist_pop,text,276
.text.linklist_get_node_cnt,text,40
.text.linklist_node_find,text,126
.text.linklist_node_find_next,text,66
.text.linklist_node_delete,text,292
.text.linklist_clean,text,64
.text.linklist_deinit,text,110
.text.quec_urc_send,text,4
.text.EncodeBase64,text,188
.rodata.basis_64,rodata,65
.text.generateUrcUcs2Data,text,126
.rodata.quec_data2hexString.str1.1,rodata,30
.text.quec_data2hexString,text,40
.text.ql_utf8_to_gbk,text,48
.text.ql_ucs2_to_utf8,text,168
.text.ql_caclu_utf8_to_gbk_memory,text,4
.text.Chr2Num,text,44
.text.quec_str2int32,text,98
.text.ql_aes_setkey_dec,text,4
.text.ql_aes_crypt_ecb,text,4
.rodata.ql_aes_string_encryption.str1.1,rodata,90
.text.ql_aes_string_encryption,text,120
.rodata.ql_aes_string_decryption.str1.1,rodata,58
.text.ql_aes_string_decryption,text,100
.text.quec_md5_starts_ret,text,44
.text.quec_internal_md5_process,text,1848
.text.quec_md5_update_ret,text,134
.text.quec_md5_finish_ret,text,104
.rodata.pad.6003,rodata,64
.text.ql_hmac_sha1,text,246
.text.quec_utf8_char_validate,text,104
.text.quec_utf8_validate_string,text,48
.rodata.quec_net_app_startup.str1.1,rodata,31
.text.quec_net_app_startup,text,144
.rodata.quec_startup.str1.1,rodata,72
.text.quec_startup,text,136
.rodata.quec_fs_dir_check.str1.1,rodata,47
.text.quec_fs_dir_check,text,84
.rodata.quec_init_cfw_wait.str1.1,rodata,18
.text.quec_init_cfw_wait,text,68
.text.quec_init_cfw_release,text,28
.rodata.authors,rodata,13
.rodata.ver_date,rodata,12
.rodata.ver_time,rodata,9
.text.AccessFullEnable,text,14
.text.ShCallApFuncInit,text,68
.rodata.MemShRegiInfoSet.str1.1,rodata,157
.text.MemShRegiInfoSet,text,368
.text.MemRoRwShLoad,text,72
.text.MemZiShClear,text,44
.text.MemShAttrCfg,text,604
.text.ApStrLog,text,28
.text.ModemLteInit,text,22
.text.appSimageCheck,text,204
.text.appImageFromMem,text,740
.rodata.appImageFromMem_ex.str1.1,rodata,296
.text.appImageFromMem_ex,text,816
.rodata.appImageFromFile_ex.str1.1,rodata,13
.text.appImageFromFile_ex,text,24
.rodata.sys_wdt_feed_dog.str1.1,rodata,13
.text.sys_wdt_feed_dog,text,40
.rodata.prvPowerOn.str1.1,rodata,39
.text.prvPowerOn,text,528
.text.prvSetFlashWriteProhibitByAddress.part.0,text,36
.rodata.osiAppStart.str1.1,rodata,57
.text.osiAppStart,text,736
.rodata.quec_usb_serial_create.str1.1,rodata,41
.text.quec_usb_serial_create,text,220
.rodata.quec_app_start.str1.1,rodata,23
.text.quec_app_start,text,68
.rodata.quec_net_app_init.str1.1,rodata,75
.text.quec_net_app_init,text,156
.rodata.quec_init_thread.str1.1,rodata,55
.text.quec_init_thread,text,144
.text.quec_extend_at_port_init,text,44
.text.quec_cfw_poweron,text,42
.text._shutdownCb,text,76
.rodata.atCfgLoadProfile.constprop.0.str1.1,rodata,21
.text.atCfgLoadProfile.constprop.0,text,124
.rodata.atCfgInit.str1.1,rodata,35
.text.atCfgInit,text,468
.text.atCfgSave,text,164
.text.atCfgAutoSave,text,108
.text.atCfgGlobalSave,text,104
.text.atCfgResetFactory,text,152
.text.atCfgResetProfile,text,96
.rodata.gAtDefaultSetting,rodata,4884
.text.atDeviceDelete,text,10
.text.atDeviceOpen,text,20
.text.atDeviceClose,text,18
.text.atDeviceWrite,text,10
.text.atDeviceRead,text,10
.text.atDeviceSetBaudrate,text,8
.text.atDeviceSetFormat,text,8
.text.atDeviceSetFlowCtrl,text,10
.text.atDeviceReadAvail,text,10
.text.atDeviceAttribute,text,10
.text._cmd_line_write,text,6
.text._readAvail,text,18
.text._close,text,120
.text._open,text,120
.text._destroy,text,96
.text._dataComing,text,42
.text._read,text,320
.text._write,text,396
.text.atDeviceDiagCreate,text,116
.text._getDeviceAttribute,text,4
.text._convertAttr,text,122
.text._drvCallback,text,26
.rodata._workNotify.str1.1,rodata,31
.text._workNotify,text,144
.text._setAutoSleep,text,6
.text._setFlowCtrl,text,124
.text._setBaud,text,108
.text._writeAvail,text,12
.text.prvToUartCfg,text,116
.text._setFormat,text,122
.text.atDeviceUartCreate,text,412
.text.atDeviceUartCreateWithDevice,text,356
.rodata.ql_device_uart_create.str1.1,rodata,28
.text.ql_device_uart_create,text,420
.rodata._atUsrlCb.str1.1,rodata,31
.text._atUsrlCb,text,144
.text.atDeviceUserialCreate,text,172
.text.ql_device_userial_create,text,160
.text.atEngineInit,text,36
.text.atUart1SetDriving,text,44
.text.atUart2SetDriving,text,108
.text.atUart3SetDriving,text,108
.text.atUart4SetDriving,text,128
.text.atUart5SetDriving,text,68
.text.atUartSetDriving,text,72
.rodata.atEngineCreateUartChannel.str1.1,rodata,27
.text.atEngineCreateUartChannel,text,380
.text.quec_SetPendingIdCmd_via_atEngine,text,16
.text.quec_UnsetPendingIdCmd_via_atEngine,text,16
.text.quec_at_device_init,text,96
.text.quec_at_userial_create,text,152
.text.atEngineTaskEntry,text,192
.text.atEngineGetThreadId,text,12
.text.atEngineCallback,text,16
.text.atEventRegister,text,16
.text.atEngineStart,text,32
.text.atEventsRegister,text,36
.text.atSetPendingIdCmd,text,16
.text.atMemFreeLater,text,56
.text.atEngineSetDeviceAutoSleep,text,64
.text.atCmdRespDefUrcText,text,2
.text.atCmdRespSimUrcNText,text,4
.text.atCmdRespSimUrcText,text,2
.text.atCmdRespInfoNText,text,6
.text.atCmdRespOK,text,20
.text.atCmdRespCmeError,text,22
.text.atCmdRespInfoText,text,28
.text.atCmdRespCmsError,text,22
.text.atCmdRespErrorText,text,40
.text.atCmdRingInd,text,2
.text._getCCresultCodeText,text,4
.text.atCmdRespFinish,text,4
.rodata.pbAtAutoSaveCfg_fields,rodata,180
.rodata.pbAtCidInfoCfg_fields,rodata,220
.rodata.pbAtGlobalCfg_fields,rodata,20
.rodata.pbAtJammingDetectCfg_fields,rodata,100
.rodata.pbAtProfileCfg_fields,rodata,480
.rodata.pbAtSimAutoSaveCfg_fields,rodata,80
.rodata.pbAtSimProfileCfg_fields,rodata,290
.rodata.pbAtTbDataStatisticsAutoSaveCfg_fields,rodata,80
.text.atCfgSimProfileDecode,text,372
.text.atCfgJammingDetectDecode,text,156
.text.atCfgCidInfoDecode,text,296
.text.atCfgSimAutoSaveDecode,text,156
.text.atCfgSimProfileEncode,text,304
.text.atCfgJammingSettingEncode,text,140
.text.atCfgCidInfoEncode,text,268
.text.atCfgSimAutoSaveEncode,text,140
.text.atCfgGlobalEncode,text,60
.text.atCfgGlobalDecode,text,72
.text.atCfgProfileEncode,text,624
.text.atCfgProfileDecode,text,736
.text.atCfgAutoSaveEncode,text,308
.text.atCfgAutoSaveDecode,text,344
.text.prvCcSetMode,text,64
.rodata.empty_pre_iccid.str1.1,rodata,16
.text.empty_pre_iccid,text,48
.text._active_sim_poweroff_handler,text,20
.text._onEV_CFW_SIM_GET_SMS_TOTAL_NUM_RSP,text,60
.text._onEV_CFW_SRV_STATUS_IND,text,104
.rodata._cimiRsp.str1.1,rodata,67
.text._cimiRsp,text,180
.rodata._ccidRsp.str1.1,rodata,112
.text._ccidRsp,text,272
.text._callback_nw_deregister,text,60
.rodata.quec_at_handle_no_sim_rsp.str1.1,rodata,56
.text.quec_at_handle_no_sim_rsp,text,184
.rodata.atSetPocMasterCard.str1.1,rodata,13
.text.atSetPocMasterCard,text,76
.text.atGetPocMasterCard,text,32
.text.atIMSI2ASC,text,76
.rodata._onEV_CFW_INIT_IND.str1.1,rodata,385
.text._onEV_CFW_INIT_IND,text,2072
.text.quec_active_sim_poweroff,text,36
.rodata.quec_checkImeiSet.str1.1,rodata,35
.text.quec_checkImeiSet,text,148
.text.atCfwInit,text,48
.rodata.atCfwPowerOn.str1.1,rodata,73
.text.atCfwPowerOn,text,600
.text.atCfwToCmeError,text,36
.text.atCfwGetIndicator,text,536
.text.atCfwGprsSetPCid,text,68
.text.atCheckCfwEvent,text,40
.text.atCfwCcIsActive,text,24
.text.atCfwCcIsChannelActive,text,28
.text.atCfwCcIsPermitted,text,24
.text.atCfwCcIsDialPermitted,text,36
.text.atCfwDialingEngine,text,24
.text.atCfwCcSetDialing,text,20
.text.atCfwCcDailFinished,text,24
.text.atCfwCcSetOffline,text,28
.rodata.gAtCfwToCmeErrorMap,rodata,496
.text.atAudioInit,text,20
.text.atSendNoticeEvent,text,30
.rodata.atNotcieClientPmInfo.str1.1,rodata,92
.text.atNotcieClientPmInfo,text,116
.rodata.atCmdHandleCBC.str1.1,rodata,45
.text.atCmdHandleCBC,text,124
.text.atPmInit,text,36
.rodata._isGprsDial.str1.1,rodata,20
.text._isGprsDial,text,108
.text._onEV_CFW_CC_CALL_PATH_IND,text,56
.text._onEV_CFW_CC_CALL_HOLD_MULTIPARTY_RSP,text,24
.text.prvAlertStop,text,20
.rodata.prvReportSounder.str1.1,rodata,20
.text.prvReportSounder,text,48
.rodata._onEV_CFW_CC_PROGRESS_IND.str1.1,rodata,17
.text._onEV_CFW_CC_PROGRESS_IND,text,52
.text._onEV_CFW_CC_CALL_INFO_IND,text,28
.text._onEV_CFW_CC_AUDIO_RESTART_IND,text,28
.text._onEV_CFW_CC_CALL_TI_ASSIGNED_IND,text,44
.text._sendExtenstion,text,144
.text._hAsyncContextDelete,text,18
.rodata.generateCeerRCCode.isra.0.str1.1,rodata,10
.text.generateCeerRCCode.isra.0,text,128
.text.prvAlertTimerCB,text,44
.text._checkAutoAnswer,text,100
.rodata._ringTimeout.str1.1,rodata,13
.text._ringTimeout,text,100
.text._athRspCB,text,324
.text._voiceDialFinished.constprop.0,text,48
.text.quec_checkInternationalNumber,text,46
.text._rcCodeConvert2Ql,text,124
.rodata.UriParaParse.str1.1,rodata,15
.text.AT_CC_GetCCCount,text,64
.text._voiceDialFinished.part.0,text,48
.text._onEV_CFW_CC_ERROR_IND,text,116
.text.atPlmnArray2Api,text,44
.text.AT_FindEmgServCatg,text,212
.text.AT_CC_IsNwEmcNum,text,196
.text.atGetUriCallNumber,text,88
.text.quec_update_callinfo,text,260
.rodata._onEV_CFW_CC_ACCEPT_SPEECH_CALL_RSP.str1.1,rodata,14
.text._onEV_CFW_CC_ACCEPT_SPEECH_CALL_RSP,text,128
.rodata._onEV_CFW_CC_INITIATE_SPEECH_CALL_RSP.str1.1,rodata,61
.text._onEV_CFW_CC_INITIATE_SPEECH_CALL_RSP,text,136
.text._onEV_CFW_CC_ALERT_IND,text,156
.text._onEV_CFW_CC_AUDIOON_IND,text,208
.rodata._onEV_CFW_CC_RELEASE_CALL_IND.str1.1,rodata,30
.text._onEV_CFW_CC_RELEASE_CALL_IND,text,176
.rodata._onEV_CFW_CC_CRSSINFO_IND.str1.1,rodata,44
.text._onEV_CFW_CC_CRSSINFO_IND,text,332
.rodata._onEV_CFW_CC_SPEECH_CALL_IND.str1.1,rodata,96
.text._onEV_CFW_CC_SPEECH_CALL_IND,text,692
.text.atCfwCcInit,text,300
.text._isSimEmcNum,text,60
.text._isNoSimEmcNum,text,60
.text.atCmdHandleH,text,256
.text.atCmdHandleO,text,84
.text.atFDNProhibit,text,104
.rodata._voiceDail.isra.0.str1.1,rodata,65
.text._voiceDail.isra.0,text,760
.rodata.atCmdHandleD.str1.1,rodata,20
.text.atCmdHandleD,text,836
.rodata.CSWTCH.179,rodata,32
.rodata.atCmdHandleCalibTrace.str1.1,rodata,17
.text.atCmdHandleARMLOG,text,116
.rodata.atCmdHandleGetUid.str1.1,rodata,8
.text.atCmdHandleGetUid,text,148
.text.LicenseStatus,text,12
.text._onEV_CFW_UART_BAUD_CHANGE_NOTIFY_IND,text,16
.rodata._onEV_CFW_RF_FLASH_CLKSHIFT_REQ.str1.1,rodata,25
.text._onEV_CFW_RF_FLASH_CLKSHIFT_REQ,text,36
.rodata._onEV_CFW_RF_LTE_BAND_PWR_RSP.str1.1,rodata,20
.text._onEV_CFW_RF_LTE_BAND_PWR_RSP,text,44
.rodata._onEV_CFW_RF_LTE_FRE_PWR_RSP.str1.1,rodata,16
.text._onEV_CFW_RF_LTE_FRE_PWR_RSP,text,40
.rodata._onEV_TIM_ALRAM_IND.str1.1,rodata,11
.text._onEV_TIM_ALRAM_IND,text,28
.text._onEV_CFW_EXIT_IND,text,20
.rodata.atCmdHandleCMEE.str1.1,rodata,23
.text.atCmdHandleCMEE,text,124
.rodata.atCmdHandleCALIBINFO.str1.1,rodata,137
.text.atCmdHandleCALIBINFO,text,176
.rodata.atCmdHandleCSCS.str1.1,rodata,56
.text.atCmdHandleCSCS,text,140
.rodata.atCmdHandleCCLK.str1.1,rodata,210
.text.atCmdHandleCCLK,text,628
.text.atAlarmInit,text,2
.rodata.atCmdHandleCTZR.str1.1,rodata,23
.text.atCmdHandleCTZR,text,188
.text.atCmdHandleE,text,90
.text.atCmdHandleV,text,90
.text.atCmdHandleQ,text,90
.text.atCmdHandleX,text,102
.text.atCmdHandleZ,text,106
.rodata.atCmdHandleS0.str1.1,rodata,11
.text.atCmdHandleS3,text,116
.text.atCmdHandleS4,text,116
.text.atCmdHandleS5,text,116
.text.atProcAttrDispatch,text,148
.rodata.atCmdHandleICF.str1.1,rodata,30
.text.atCmdHandleICF,text,280
.rodata.atCmdHandleIPR.str1.1,rodata,28
.text.atCmdHandleIPR,text,360
.rodata.atCmdHandleIFC.str1.1,rodata,30
.text.atCmdHandleIFC,text,224
.text.atCmdHandleAndD,text,90
.text.atCmdHandleAndW,text,148
.text.atCmdHandleAndY,text,96
.text.atCmdHandleAndF,text,108
.text.atCmdHandleSPREBOOT,text,24
.rodata.atCmdHandleCIND.str1.1,rodata,175
.text.atCmdHandleCIND,text,360
.rodata.atCmdHandleCTZU.str1.1,rodata,25
.text.atCmdHandleCTZU,text,176
.rodata.atCmdHandleNCESIM.str1.1,rodata,10
.text.atCmdHandleNCESIM,text,124
.text.CFW_GetIMEISVFromAP,text,104
.text.atCfwGcInit,text,92
.rodata.gCharSetVSMap,rodata,56
.text._onEV_CFW_GPRS_DATA_IND,text,6
.rodata._pdpAddressToStr.str1.1,rodata,58
.text._pdpAddressToStr,text,372
.text._onEV_CFW_GPRS_APPSN_IND,text,60
.text._pdpAddressFromStr,text,168
.rodata._cgattGprsAttExRsp.str1.1,rodata,18
.text._cgattGprsAttExRsp,text,80
.text._cgattRspTimeOutCB,text,30
.text._cgautoAttRsp,text,38
.text.CFW_GetApnInfo,text,164
.text.CFW_GetDefaultLteCidCtoA,text,4
.text.AT_GprsGetActivePdpCount,text,80
.rodata._cgactActHead.str1.1,rodata,48
.text._cgactActHead,text,308
.text._cgactGprsAttRsp,text,36
.text.AT_Util_BitStrToByte,text,108
.text.AT_Util_4BitStrToByte,text,108
.text.AT_Util_IfBitStr,text,64
.text.AT_Util_ByteToBitStr,text,92
.text.atCfwGprsInit,text,508
.text.CFW_GetDftPdnInfoFromAP,text,112
.rodata.atCmdHandleCGAUTH.str1.1,rodata,68
.text.atCmdHandleCGAUTH,text,904
.rodata.atCmdHandleCGDCONT.str1.1,rodata,306
.text.atCmdHandleCGDCONT,text,1576
.rodata.atCmdHandleCGDSCONT.str1.1,rodata,54
.rodata.atCmdHandleCGCONTRDP.str1.1,rodata,166
.rodata.atCmdHandleCGDEL.str1.1,rodata,34
.text.atCmdHandleCGDEL,text,688
.rodata.quec_cgev_ctx_try_lock.str1.1,rodata,14
.text.quec_cgev_ctx_try_lock,text,60
.text.quec_cgev_ctx_unlock,text,16
.text.at_addCGEV,text,168
.text.at_handleCGEV,text,148
.rodata._onEV_CFW_GPRS_SEC_CTX_ACTIVE_IND.str1.1,rodata,22
.text._onEV_CFW_GPRS_SEC_CTX_ACTIVE_IND,text,100
.rodata._onEV_CFW_GPRS_STATUS_IND.str1.1,rodata,74
.text._onEV_CFW_GPRS_STATUS_IND,text,260
.rodata._onEV_CFW_GPRS_MOD_IND.str1.1,rodata,52
.text._onEV_CFW_GPRS_MOD_IND,text,100
.rodata._onEV_CFW_GPRS_CXT_DEACTIVE_IND.str1.1,rodata,49
.text._onEV_CFW_GPRS_CXT_DEACTIVE_IND,text,276
.rodata._onEV_CFW_GPRS_CXT_ACTIVE_IND.str1.1,rodata,21
.text._onEV_CFW_GPRS_CXT_ACTIVE_IND,text,144
.rodata._cgattGprsAttRsp.str1.1,rodata,17
.text._cgattGprsAttRsp,text,76
.rodata._cgactGprsActRsp.str1.1,rodata,153
.text._cgactGprsActRsp,text,748
.rodata.atCmdHandleCEMODE.str1.1,rodata,24
.text.atCmdHandleCEMODE,text,276
.rodata.atCmdHandleCGQMIN.str1.1,rodata,226
.text.atCmdHandleCGQMIN,text,420
.rodata.atCmdHandleCGATT.str1.1,rodata,25
.text.atCmdHandleCGATT,text,576
.rodata.atCmdHandleCGACT.str1.1,rodata,28
.text.atCmdHandleCGACT,text,576
.rodata.atCmdHandleCGPADDR.str1.1,rodata,30
.text.atCmdHandleCGPADDR,text,472
.rodata.atCmdHandleCGDATA.str1.1,rodata,4
.text.atCmdHandleCGDATA,text,220
.rodata.atCmdHandleCGAUTO.str1.1,rodata,27
.text.atCmdHandleCGAUTO,text,276
.rodata.atCmdHandleCGANS.str1.1,rodata,44
.rodata.atCmdHandleCGEQOSRDP.str1.1,rodata,52
.text.atCmdHandleCGEQOSRDP,text,392
.rodata.atCmdHandleCSODCP.str1.1,rodata,36
.text.atCmdHandleCSODCP,text,412
.rodata.atCmdHandleCPSMS.str1.1,rodata,88
.text.atCmdHandleCPSMS,text,920
.rodata.atCmdHandleCEDRXS.str1.1,rodata,79
.text.atCmdHandleCEDRXS,text,748
.rodata.atCmdHandleCEDRXRDP.str1.1,rodata,42
.text.atCmdHandleCEDRXRDP,text,244
.rodata.atCmdHandlePSME.str1.1,rodata,19
.text.atCmdHandlePSME,text,144
.text.AT_Gprs_Mapping_Act_From_PsType,text,20
.rodata.atCmdHandleCGREG.str1.1,rodata,112
.text.atCmdHandleCGREG,text,376
.rodata.atCmdHandleCEREG.str1.1,rodata,73
.text.atCmdHandleCEREG,text,384
.rodata.atCmdHandleSPLTEDUMMYPARA.str1.1,rodata,123
.text.atCmdHandleSPLTEDUMMYPARA,text,1064
.rodata.atCmdHandleSPCLEANINFO.str1.1,rodata,18
.text.atCmdHandleSPCLEANINFO,text,120
.rodata.atCmdHandleVERCTRL.str1.1,rodata,101
.text.atCmdHandleVERCTRL,text,284
.rodata.atCmdHandleDiscardPSData.str1.1,rodata,23
.text.atCmdHandleDiscardPSData,text,160
.rodata.CSWTCH.434,rodata,6
.rodata.gPdpTypeVSMap,rodata,48
.rodata.mobileNetworkApns,rodata,160
.text._eidRsp,text,112
.rodata.atCmdHandleCIMI.str1.1,rodata,20
.text.atCmdHandleCIMI,text,260
.text.atCmdHandleEID,text,108
.text.dm_lwm2m_register,text,2
.rodata.AT_NET_CmdFunc_NetInfo.str1.1,rodata,273
.text.AT_NET_CmdFunc_NetInfo,text,652
.rodata.atCmdHandleNVPC.str1.1,rodata,9
.text.atCmdHandleNVPC,text,552
.rodata.atCmdHandleNVGV.str1.1,rodata,12
.text.atCmdHandleNVGV,text,76
.rodata.atCmdHandleRFCALIB.str1.1,rodata,15
.text.atCmdHandleRFCALIB,text,320
.rodata.atCmdHandleSSIT.str1.1,rodata,10
.text.atCmdHandleSSIT,text,168
.text._onEV_CFW_NW_STORELIST_IND,text,2
.text._onEV_CFW_NW_SIGNAL_QUALITY_IND,text,36
.rodata.atJammingReport.str1.1,rodata,32
.text.atJammingReport,text,56
.rodata.atNwEngModePlmnUrc.str1.1,rodata,14
.text.atNwEngModePlmnUrc,text,144
.text._copsSetRegRspTimeOutCB,text,26
.text.appSimSwitchProc,text,368
.rodata._copsSetCommRspSpecRat.str1.1,rodata,53
.text._copsSetCommRspSpecRat,text,144
.text._copsGetAvailRspTimeOutCB,text,54
.rodata._copsGetAvailRsp.str1.1,rodata,103
.text._copsGetAvailRsp,text,504
.rodata.BlkLteListInfo_RspCB.str1.1,rodata,24
.text.BlkLteListInfo_RspCB,text,220
.rodata._onEV_CFW_GSM_NET_REJCAUSE_IND.str1.1,rodata,166
.text._onEV_CFW_GSM_NET_REJCAUSE_IND,text,172
.text._copsDeregRsp,text,124
.rodata._onEV_CFW_NW_REG_STATUS_IND.str1.1,rodata,24
.text._onEV_CFW_NW_REG_STATUS_IND,text,116
.text._onEV_CFW_EMC_NUM_LIST_IND,text,496
.text.atJammingDetectRepoetTimerCb,text,164
.text._onEV_CFW_NW_JAMMING_DETECT_IND,text,180
.text._onEV_CFW_NW_EMM_FAILED_PROCEDURE_IND,text,164
.rodata.ql_esm_cause_timer_cb.str1.1,rodata,17
.text.ql_esm_cause_timer_cb,text,120
.rodata._onEV_CFW_ENG_STATIS_RPT_EL1_IND.str1.1,rodata,31
.text._onEV_CFW_ENG_STATIS_RPT_EL1_IND,text,84
.rodata._onEV_CFW_MBS_CALL_INFO_IND.str1.1,rodata,36
.text._onEV_CFW_MBS_CALL_INFO_IND,text,80
.rodata._onEV_CFW_IMS_STATE_IND.str1.1,rodata,27
.text._onEV_CFW_IMS_STATE_IND,text,196
.rodata._onEV_CFW_ERRC_CONNSTATUS_V2_IND.str1.1,rodata,81
.text._onEV_CFW_ERRC_CONNSTATUS_V2_IND,text,764
.text._onEV_CFW_ERRC_CONNSTATUS_IND,text,244
.rodata._onEV_CFW_GPRS_EDRX_IND.str1.1,rodata,132
.text._onEV_CFW_GPRS_EDRX_IND,text,600
.text._onEV_CFW_NW_NETWORKINFO_IND,text,32
.text.nw_paramHex2Num,text,44
.text._copsSetAttachRsp,text,92
.rodata._copsSetCommRspAutoRat.str1.1,rodata,53
.text._copsSetCommRspAutoRat,text,112
.rodata._onEV_CFW_ENG_STATIS_RPT_V2_IND.str1.1,rodata,53
.text._onEV_CFW_ENG_STATIS_RPT_V2_IND,text,556
.rodata._cpolGetNumRsp.str1.1,rodata,20
.text._cpolGetNumRsp,text,60
.text._cpolAddDelRsp,text,76
.rodata._cpolReadListRsp.str1.1,rodata,72
.text._cpolReadListRsp,text,744
.text.atNwMemFreeLater.constprop.0,text,34
.rodata.atNwEngModeUrc.str1.1,rodata,36
.text.atNwEngModeUrc,text,224
.text.atNwEngModeGeneralUrc,text,82
.rodata.atNwEngModeLteUrc.str1.1,rodata,33
.text.atNwEngModeLteUrc,text,164
.rodata.atNwEngModeGSMUrc.str1.1,rodata,17
.text.atNwEngModeGSMUrc,text,164
.text._onEV_CFW_GSM_RACH_RESULT_IND,text,84
.text.atNwEngModeGsmChangeToLteEx.part.0,text,122
.text._onEV_CFW_ENG_EVENT_RPT_GSMTOLTE_IND,text,76
.text.atNwEngModeIratL2g,text,118
.text.atNwEngModeIratL2gRedirec.part.0,text,134
.text._onEV_CFW_ENG_EVENT_RPT_IND,text,540
.text._onEV_CFW_NW_CELL_LIST_INFO_IND,text,2
.text._cplsSelFileRsp,text,42
.text._onEV_CFW_ENG_EVENT_RPT_V2_IND,text,84
.text._onEV_CFW_ENG_EVENT_RPT_REDIRECT_IND,text,76
.text._onEV_CFW_ENG_EVENT_RPT_V3_IND,text,400
.text.atSetFlightModeFlag,text,80
.rodata.at_cops_set_rat_and_comm.str1.1,rodata,76
.text.at_cops_set_rat_and_comm,text,212
.rodata._copsSetRegRsp.str1.1,rodata,26
.text._copsSetRegRsp,text,288
.text.atGetFlightModeFlag,text,20
.text.PrintOperID,text,46
.text.appSimSwitchAction,text,168
.rodata._onEV_CFW_NW_SIM_SWITCH_IND.str1.1,rodata,18
.text._onEV_CFW_NW_SIM_SWITCH_IND,text,124
.rodata.atCmdHandleCOPN.str1.1,rodata,9
.text.atCmdHandleCOPN,text,168
.rodata.atCmdHandleCPOL.str1.1,rodata,12
.text.atCmdHandleCPOL,text,720
.rodata.atCmdHandleCPLS.str1.1,rodata,23
.text.atCmdHandleCPLS,text,236
.rodata.quec_cscon_resp_ok.str1.1,rodata,147
.text.quec_cscon_resp_ok,text,284
.rodata.atCmdHandleCSCON.str1.1,rodata,14
.text.atCmdHandleCSCON,text,120
.text.Mapping_Creg_From_PsType,text,20
.rodata.atCmdHandleCOPS.str1.1,rodata,99
.text.atCmdHandleCOPS,text,1700
.rodata.atCmdHandleCREG.str1.1,rodata,108
.text.atCmdHandleCREG,text,408
.rodata.atCmdHandleCSQ.str1.1,rodata,37
.text.atCmdHandleCSQ,text,368
.rodata.atCmdHandleCESQ.str1.1,rodata,87
.text.atCmdHandleCESQ,text,372
.text._atPlmnApi2Array,text,44
.rodata.atCmdHandleBLACKLIST.str1.1,rodata,188
.text.atCmdHandleBLACKLIST,text,1368
.text.atResetJammingStatus,text,36
.text.atSetJammingDetect,text,216
.text.atCfwNwInit,text,332
.rodata.atCmdHandleSDMBS.str1.1,rodata,10
.text.atCmdHandleSDMBS,text,148
.rodata.at_NotifyEnterPsm.str1.1,rodata,11
.text.at_NotifyEnterPsm,text,96
.rodata.at_NotifyLeavePsm.str1.1,rodata,12
.text.at_NotifyLeavePsm,text,96
.rodata.CSWTCH.592,rodata,6
.text.AT_UnicodeBigEnd2Unicode,text,40
.text.AT_PBK_ProcessOutputName,text,168
.rodata._cnumRspCB.str1.1,rodata,19
.text._cnumRspCB,text,600
.text.atCmdHandleCNUM,text,96
.text.SATSendSms_SendRspCB_V2,text,20
.text.SATSendSms_SendRspCB,text,64
.text.stk_tms_timeout,text,304
.text.callback_more_time_rsp,text,284
.text.callback_timer_expiration_rsp,text,316
.rodata.callback_sat_response.str1.1,rodata,45
.text.callback_sat_response,text,76
.rodata.SATHandleSendSmsCom.str1.1,rodata,9
.text.SATHandleSendSmsCom,text,480
.text.SATHandleDisplayTextCom,text,164
.text.at_bip_clean_receive_buffer,text,28
.rodata.quec_bip_status_report.str1.1,rodata,35
.text.quec_bip_status_report,text,128
.rodata.at_bip_reset.str1.1,rodata,19
.text.at_bip_reset,text,192
.rodata.at_bip_response.str1.1,rodata,25
.text.at_bip_response,text,600
.text.at_bip_ipv6_connect,text,368
.rodata.callback_gprs_active.str1.1,rodata,17
.text.callback_gprs_active,text,872
.text.callback_sim_close,text,272
.text.callback_EV_CFW_TCPIP_SOCKET_CONNECT_RSP,text,152
.text.callback_EV_CFW_TCPIP_ERRorCLOSE_IND,text,28
.text.callback_EV_CFW_TCPIP_REV_DATA_IND,text,544
.text.callback_EV_CFW_TCPIP_SOCKET_CLOSE_RSP,text,180
.text.callback_tcpip,text,296
.text.at_bip_channel_status_event,text,132
.text.at_bipSetQos,text,60
.text.at_SetPdpCtx,text,208
.text.callback_gprs_attach,text,360
.rodata.at_bip_process.str1.1,rodata,207
.text.at_bip_process,text,1940
.text.quec_stk_sim_close,text,76
.rodata.CRSM_rspCB.str1.1,rodata,77
.text.CRSM_rspCB,text,1476
.rodata.quec_clear_efesploci.str1.1,rodata,32
.text.quec_clear_efesploci,text,128
.rodata.callback_nw_deregister.str1.1,rodata,18
.text.callback_nw_deregister,text,64
.text.at_bip_check_channel_status,text,188
.text.SATHandleSendDataCom,text,544
.rodata.sat_proactive_command_handle.str1.1,rodata,327
.text.sat_proactive_command_handle,text,5472
.rodata._onEV_CFW_SAT_CMDTYPE_IND.str1.1,rodata,48
.text._onEV_CFW_SAT_CMDTYPE_IND,text,164
.rodata.callback_cgla.str1.1,rodata,25
.text.callback_cgla,text,356
.rodata._csimRspCB.str1.1,rodata,21
.text._csimRspCB,text,232
.rodata.CRSML_rspCB.str1.1,rodata,17
.text.CRSML_rspCB,text,496
.rodata.quec_sim_send_puk_event_cb.str1.1,rodata,15
.text.quec_sim_send_puk_event_cb,text,132
.rodata.quec_sim_pin_rsp.str1.1,rodata,12
.text.quec_sim_pin_rsp,text,152
.text._cpinEnterRspCB,text,18
.text.prvCpinrCall,text,40
.rodata.prvCpinrFinish.str1.1,rodata,52
.text.prvCpinrFinish,text,364
.rodata.callback_ccho.str1.1,rodata,10
.text.callback_ccho,text,488
.rodata._clckSimGetRspCB.str1.1,rodata,10
.text._clckSimGetRspCB,text,72
.rodata._cpincRspCB.str1.1,rodata,19
.text._cpincRspCB,text,92
.text._clckSimSetRspCB,text,26
.rodata._clckSsQueryRspCB.str1.1,rodata,12
.text._clckSsQueryRspCB,text,96
.text._clckSsSetRspCB,text,100
.text._cpwdRspCB,text,26
.text.callback_cchc,text,80
.rodata.quec_sim_slot_urc_report.str1.1,rodata,18
.text.quec_sim_slot_urc_report,text,80
.rodata.atCfwSimHotPlugProc.str1.1,rodata,133
.text.atCfwSimHotPlugProc,text,400
.rodata.atCfwSimHotPlugCB.str1.1,rodata,11
.text.atCfwSimHotPlugCB,text,84
.text.atCmdHandleCRSM,text,692
.text.atCmdHandleCRSML,text,228
.text.convertUCS2toStandard,text,308
.rodata._qspnRspCB.str1.1,rodata,115
.text._qspnRspCB,text,584
.text.atCmdHandleQSPN,text,112
.rodata.quec_simstate_resp.str1.1,rodata,60
.text.quec_cpin_cache,text,164
.rodata.atCmdHandleCPIN.str1.1,rodata,16
.text.atCmdHandleCPIN,text,360
.rodata.atCmdHandleCLCK.str1.1,rodata,34
.text.atCmdHandleCLCK,text,536
.rodata.atCmdHandleCPIN2.str1.1,rodata,63
.text.atCmdHandleCPIN2,text,384
.rodata.atCmdHandleCPWD.str1.1,rodata,25
.text.atCmdHandleCPWD,text,416
.rodata.atCmdHandleCPINC.str1.1,rodata,64
.text.atCmdHandleCPINC,text,188
.rodata.atCmdHandleCPINR.str1.1,rodata,17
.text.atCmdHandleCPINR,text,400
.text.getFreeSession,text,28
.text.atCmdHandleCCHO,text,244
.text.atCmdHandleCCHC,text,308
.text.atCmdHandleCGLA,text,444
.text.atCmdHandleCSIM,text,232
.text.atSimOperRegister,text,2
.rodata.gClckTypeVSMap,rodata,144
.rodata.gCpinrStr,rodata,80
.text.atSmsDataUcs2ToLocal,text,80
.text.atSmsDataToUcs2Charset,text,74
.text.atSmsReportUnsolicitedResultCodes,text,68
.text._onEV_CFW_SMS_CLEAR_UNSOLICITED_RESULT_CODES_IND,text,8
.rodata._onEV_CFW_SMS_INFO_IND.str1.1,rodata,92
.text._onEV_CFW_SMS_INFO_IND,text,344
.text._onEV_CFW_CB_MSG_IND,text,132
.text._getUrcHexData.constprop.0,text,68
.text._getUrcUcs2Data.constprop.0,text,48
.text.atSmsGenerateUrc,text,328
.text.NewSms_TimerCB,text,108
.rodata._onEV_CFW_NEW_EMS_IND.str1.1,rodata,15
.text._onEV_CFW_NEW_EMS_IND,text,44
.text._smsNumberStr,text,38
.text.atSmsValueInterMap,text,32
.text.atSmsGetStatus,text,28
.text.atSmsIsClass0,text,22
.text.atSmsIsClass0Save,text,36
.text.atSmsIsNeedCnma,text,116
.text.atSmsIsCmti,text,104
.text.atSmsIsCmt,text,108
.text.quec_time_bcd2stamp,text,68
.rodata.atSmsUnpack7bitsTo8bits.str1.1,rodata,9
.text.atSmsUnpack7bitsTo8bits,text,224
.text._onEV_CFW_CB_PAGE_IND,text,1288
.text.atCfwSmsInit,text,532
.text.atCfwSmsInitEx,text,132
.rodata.quec_is_smsfull_check.str1.1,rodata,61
.text.atSmsIsPduValid,text,336
.text.atSmsPduAddSca,text,136
.text._smsNodeDataStr.part.0,text,134
.text._smsNodeDataStr,text,84
.rodata._onEV_CFW_NEW_SMS_IND.str1.1,rodata,524
.text._onEV_CFW_NEW_SMS_IND,text,2872
.rodata.CSWTCH.403,rodata,9
.text.BreaktItUp,text,64
.text.ValidMmiBsCode,text,124
.text.ADP_SS_SetCallWaiting,text,128
.text.ADP_SS_SetCallForward,text,448
.text.ADP_SS_SetCallBarring,text,172
.text.AT_IsCCString,text,216
.text.CopySubString.constprop.0,text,28
.text.AT_SS_QUERYERR,text,80
.text.SS_ClassToCFWClass,text,48
.text.AT_USSDParseDCS,text,78
.rodata._GenerateCUSData.str1.1,rodata,5
.text._GenerateCUSData,text,116
.rodata._onEV_CFW_SS_USSD_IND.str1.1,rodata,22
.text._onEV_CFW_SS_USSD_IND,text,240
.text.atCfwSsInit,text,40
.text.AT_GetCallInfo,text,124
.text.AT_IsSSString,text,180
.text.AT_SS_Adaption_ParseStringREQ,text,2648
.rodata.CSWTCH.105,rodata,24
.rodata.CSWTCH.116,rodata,14
.rodata.CSWTCH.121,rodata,7
.rodata.ssATCodeToSsCode,rodata,160
.text.prvNameGetItem,text,48
.text.prvNameGetItemForUsbMode,text,4
.rodata.atCmdHandleSYSNV.str1.1,rodata,35
.text.atCmdHandleSYSNV,text,344
.rodata.gAtSysnvMap,rodata,480
.rodata.kSysnvBoolHint,rodata,20
.rodata.kSysnvNatCfgHint,rodata,140
.text.sim_GetSimCardModeCB,text,228
.text.sim_VsimResetCB,text,60
.rodata.sim_VsimProcessApduCB.str1.1,rodata,38
.text.sim_VsimProcessApduCB,text,264
.rodata._onEV_CFW_WIFI_SENTEST_RSP.str1.1,rodata,84
.text._onEV_CFW_WIFI_SENTEST_RSP,text,312
.rodata._atWifiSentestLimit.str1.1,rodata,29
.text._atWifiSentestLimit,text,48
.text.atCmdHandleWIFISENTESTON,text,42
.text.atCmdHandleWIFISENTESTOFF,text,36
.rodata.atCmdHandleWifiSensitivityTest.str1.1,rodata,113
.text.atCmdHandleWifiSensitivityTest,text,408
.text.atWifiInit,text,16
.text.AUDENHA_EXP_GetEqParaFromNv,text,196
.text.prvSetAudIndex,text,40
.text.prvAudSetVolume,text,40
.text.prvFinishWork,text,56
.text.prvVoiceDumpData,text,140
.text.prvNvEncode,text,116
.rodata.prvStoreNv.str1.1,rodata,21
.text.prvStoreNv,text,124
.text.prvDisableAudioClk,text,24
.text.audevCvsClose,text,56
.text.prvAudSetPriority,text,52
.text.prvEnableAudioClk,text,28
.text.audevCodecParaUpdate,text,108
.text.prvUpdateNotify,text,16
.text.prvFinishTimeout,text,16
.text.prvVoiceDataWork,text,104
.text.prvVoiceToneGenFrame,text,364
.text.audevCvsrecdClose,text,36
.text.prvLevelToCvsVolume,text,36
.text.prvVolumeToLevel,text,40
.text.prvSetPlayOutput,text,76
.text.prvAudGainUpdate,text,96
.text.prvAmrEncDeinit,text,116
.text.prvAmrCodecDeinit,text,184
.text.audevCvsParaUpdate,text,120
.text.audevCvsInit,text,1152
.text.prvSetVoiceConfig,text,152
.text.audevCvsrecdParaUpdate,text,104
.rodata.prvSetDeviceExt.str1.1,rodata,26
.text.prvSetDeviceExt,text,132
.text.audevCvsrecdInit,text,528
.text.prvSetPlayConfig,text,208
.text.prvAmrWord2Bits.constprop.0,text,100
.text.prvAmrBits2Word.constprop.0,text,152
.text.prvAmrEncWork,text,772
.text.prvStartVoice,text,824
.text.prvAudInUpdate.constprop.0,text,228
.text.prvAudOutUpdate.constprop.0,text,404
.text.prvRecPutFramesLocked,text,232
.text.prvAudioOutBytes.constprop.0,text,68
.text.prvPlayGetFramesLocked,text,424
.text.prvUpdateWork,text,180
.text.prvAmrDecWork,text,508
.text.__2printf,text,2
.text.audevSetExtI2sMode,text,60
.text.prvOutAlgGainDb2Val,text,60
.text.prvAudVoiceProcessWork,text,1816
.text.prvAudRecordWork,text,800
.text.prvAudPlayWork,text,580
.text.prvStopVoice,text,208
.text.audevRestartVoice,text,104
.text.prvVoiceCoderChangeIndWork,text,40
.rodata.audevInit.str1.1,rodata,26
.text.audevInit,text,596
.text.audevResetSettings,text,60
.text.audevMutex,text,12
.text.audevSetOutput,text,124
.text.audevGetOutput,text,12
.text.audevSetInput,text,124
.text.audevGetInput,text,12
.text.audevSetVoiceVolume,text,88
.text.audevSetPlayVolume,text,72
.text.audevGetVoiceVolume,text,12
.text.audevGetPlayVolume,text,12
.text.audevSetRecordSampleRate,text,68
.text.audevStopTone,text,96
.text.prvToneStopEndTimeout,text,4
.text.audevPlayVoiceTone,text,132
.text.audevPlayTone,text,320
.rodata.audevStartVoice.str1.1,rodata,9
.text.audevStartVoice,text,104
.text.audevStopVoice,text,88
.text.audevSetVoiceDump,text,12
.text.audevGetVoiceDump,text,12
.text.audevStartLoopbackTest,text,444
.text.audevStopLoopbackTest,text,160
.text.audevPlayRemainTime,text,80
.text.audevStartPocMode,text,540
.text.audevStopPocMode,text,132
.text.audevPocModeSwitch,text,92
.text.audevStartPlayV2,text,880
.text.audevStopPlayV2,text,192
.text.audevStopPlay,text,4
.rodata.audevStartRecord.str1.1,rodata,44
.text.audevStartRecord,text,732
.text.audevStopRecord,text,168
.text.audGetPlayAlertingToneMode,text,56
.text.quec_buffer_reset,text,32
.text.quec_buffer_use,text,40
.text.quec_audio_device_lock,text,20
.rodata.CSWTCH.155,rodata,9
.rodata.pbAudev_fields,rodata,110
.text.prvI2sOutputSetIrq,text,52
.text.prvI2sInputSetIrq,text,52
.text.prvI2sOutputClrIrq,text,24
.text.prvI2sInputClrIrq,text,24
.text.quec_iis_format_cfg,text,60
.text.prvCodecSetOutPath,text,4
.text.prvCodecSetInputPath,text,4
.text.prvI2sIntValueCfg,text,232
.text.prvI2sAifCfg.constprop.0,text,180
.rodata.audriPlayStart.str1.1,rodata,27
.text.audriPlayStart,text,200
.text.audriRecordStart,text,192
.text.audriPocStart,text,244
.text.audriPlayStop,text,88
.text.audriRecordStop,text,88
.text.audriPocStop,text,104
.text.audriLoopTestStart,text,168
.text.audriLoopTestStop,text,4
.text.audriVoiceStart,text,228
.text.audriVoiceStop,text,64
.text.Audio_NvitemRead,text,22
.text.AUDIONVARM_AddMode,text,152
.text.AUDIONVARM_InitModeManager,text,280
.text._AUDIONVARM_GetModeInfo,text,100
.text.AUDIONVARM_GetModeParam,text,132
.text.prvFileEof,text,50
.text.prvFileSeek,text,6
.text.prvFileRead,text,6
.text.prvPipeEof,text,6
.text.prvPipeRead,text,8
.text.prvFileDelete,text,44
.text.prvPipeDelete,text,72
.text.auReaderDelete,text,10
.text.auReaderRead,text,14
.text.auReaderIsSeekable,text,12
.text.auReaderSeek,text,14
.text.auReaderReadAt,text,38
.text.auReaderDrop,text,62
.text.auReaderIsEof,text,12
.text.auFileReaderCreate,text,84
.text.auPipeReaderCreate,text,76
.text.auReadBufInit,text,20
.text.auReadBufReset,text,10
.text.auReadBufFetch,text,120
.text.auReadBufSkip,text,50
.text.auSampleFormatCopy,text,14
.text.auInitSampleFormat,text,14
.text.auFrameByteToTime,text,34
.text.auFrameTimeToByte,text,36
.text.auFrameStartTime,text,38
.rodata.auStreamFormatBySuffix.str1.1,rodata,30
.text.auStreamFormatBySuffix,text,124
.rodata.gAmrnbEncodeDefaultMode,rodata,1
.rodata.gAmrwbEncodeDefaultMode,rodata,1
.rodata.gDtmfToneFreq,rodata,76
.text.prvPipeWrite,text,8
.text.auWriterDelete,text,10
.text.auWriterWrite,text,14
.text.auWriterSeek,text,14
.text.auPipeWriterCreate,text,64
.text.CODEC_CreatParamList,text,116
.text.CODEC_PARAM_GetNameByIndex,text,12
.text.CODEC_PARAM_GetParamFromMemByName,text,156
.text.CVS_CreatParamList,text,140
.text.CVS_CTRL_PARAM_GetNameByIndex,text,12
.text.CVS_CTRL_PARAM_GetParamFromMemByName,text,160
.text.hal_AifStream,text,140
.rodata.hal_AifRegLog.str1.1,rodata,54
.text.hal_AifRegLog,text,72
.text.hal_AudClockRequest,text,124
.text.hal_AudClockRelease,text,52
.text.hal_CodecMClockRequest,text,156
.text.hal_CodecMClockRelease,text,92
.text.hal_AifIsDaiBusy,text,24
.text.hal_AifSetAifApbClk,text,36
.text.hal_AifSetAifOtherClk,text,36
.text.hal_newAif1Cofig,text,1116
.text.hal_AifOpen,text,164
.text.hal_AifClose,text,168
.text.hal_AifPlayStream,text,132
.text.hal_AifRecordStream,text,144
.text.hal_AifStopPlay,text,176
.text.hal_AifStopRecord,text,184
.text.hal_AifIrqHandler,text,72
.text.hal_AifIrqClrStatus,text,20
.text.hal_AifSetI2sGpio,text,92
.text.auAmr_A_Refl,text,408
.text.auAmr_add_16,text,40
.text.L_mac,text,506
.text.energy_new,text,74
.text.L_shl.constprop.0,text,126
.text.auAmr_agc_reset,text,18
.text.auAmr_agc,text,236
.text.auAmr_agc2,text,268
.text.auAmr_agc2_amr_wb,text,380
.text.auAmr_AMRDecode,text,204
.rodata.auAmr_AMREncodeInit.str1.1,rodata,8
.text.auAmr_AMREncodeInit,text,40
.text.auAmr_AMREncodeExit,text,18
.text.auAmr_AMREncode,text,316
.text.prvAmrnbGetParam,text,62
.text.prvReadEncFrame,text,144
.text.prvAmrnbDecParse,text,184
.text.prvAmrnbDecode,text,216
.text.prvAmrnbDecDelete,text,44
.text.prvAmrnbDecSeek,text,128
.text.auAmrnbDecoderCreate,text,140
.rodata.gAmrnbFrameTypeSizes,rodata,16
.rodata.gAmrnbHeader,rodata,6
.text.prvAmrwbGetParam,text,62
.text.prvAmrwbDecParse,text,172
.text.prvAmrwbDecode,text,216
.text.prvAmrwbDecDelete,text,44
.text.prvAmrwbDecSeek,text,136
.text.auAmrwbDecoderCreate,text,140
.rodata.gAmrwbFrameTypeSizes,rodata,16
.rodata.gAmrwbHeader,rodata,9
.text.get_bits,text,94
.text.hdr_valid,text,60
.text.hdr_compare,text,72
.text.hdr_bitrate_kbps,text,40
.text.hdr_sample_rate_hz,text,40
.text.hdr_frame_samples,text,34
.text.hdr_frame_bytes,text,60
.text.L3_ldexp_q2,text,64
.text.L3_dct3_9,text,316
.text.prvMp3GetParam,text,30
.text.L3_midside_stereo,text,90
.text.L3_imdct36,text,408
.text.mp3d_DCT_II,text,1068
.text.hdr_padding,text,26
.text.prvMp3DecDelete,text,56
.text.prvMp3DecSeek,text,176
.text.L3_imdct12,text,240
.text.mp3d_synth_pair,text,516
.text.mp3d_synth_granule,text,1204
.text.mp3dec_decode_frame,text,5576
.rodata.prvMp3DecParse.str1.1,rodata,13
.text.prvMp3DecParse,text,892
.text.prvMp3Decode,text,600
.text.auMp3DecoderCreate,text,180
.rodata.g_aa.11,rodata,64
.rodata.g_alloc_L1.6,rodata,3
.rodata.g_alloc_L2M1.4,rodata,12
.rodata.g_alloc_L2M1_lowrate.3,rodata,6
.rodata.g_alloc_L2M2.5,rodata,9
.rodata.g_bitalloc_code_tab.7,rodata,92
.rodata.g_deq_L12.2,rodata,216
.rodata.g_expfrac.18,rodata,16
.rodata.g_hz.27,rodata,12
.rodata.g_linbits.15,rodata,32
.rodata.g_mdct_window.10,rodata,144
.rodata.g_mod.20,rodata,24
.rodata.g_pan.12,rodata,56
.rodata.g_pow43,rodata,580
.rodata.g_preamp.19,rodata,10
.rodata.g_scf_long.25,rodata,184
.rodata.g_scf_mixed.23,rodata,320
.rodata.g_scf_partitions.22,rodata,84
.rodata.g_scf_short.24,rodata,320
.rodata.g_scfc_decode.21,rodata,16
.rodata.g_sec.1,rodata,96
.rodata.g_twid3.9,rodata,24
.rodata.g_twid9.8,rodata,72
.rodata.g_win.0,rodata,960
.rodata.halfrate.26,rodata,90
.rodata.tab32.13,rodata,28
.rodata.tab33.14,rodata,16
.rodata.tabindex.17,rodata,64
.rodata.tabs.16,rodata,4328
.text.prvPcmDecParse,text,30
.text.prvPcmGetParam,text,30
.text.prvPcmDecode,text,228
.text.prvPcmDecDelete,text,8
.text.prvPcmSetParam,text,64
.text.prvPcmDecSeek,text,74
.text.auPcmDecoderCreate,text,132
.text.prvWavDecDelete,text,8
.text.prvWavGetParam,text,30
.text.prvWavDecode,text,176
.text.prvWAVDecParse,text,336
.text.prvWavDecSeek,text,88
.text.auWavDecoderCreate,text,152
.text.prvAmrnbSetParam,text,36
.text.prvAmrnbEncode,text,176
.text.prvAmrnbDelete,text,44
.text.auAmrnbEncoderCreate,text,172
.text.prvAmrwbSetParam,text,36
.text.prvAmrwbEncode,text,184
.text.prvAmrwbDelete,text,44
.text.auAmrwbEncoderCreate,text,172
.text.prvPcmDelete,text,4
.text.prvPcmEncode,text,88
.text.auPcmEncoderCreate,text,60
.text.prvWriteWavHeader.isra.0,text,136
.text.prvWavDelete,text,92
.text.prvWavEncode,text,96
.text.auWavEncoderCreate,text,60
.text.auFixWavHeaderByDesc,text,232
.text.prvDecoderError,text,64
.text.prvHandleEvent,text,132
.text.prvGetFrame,text,114
.text.prvEncoderWork,text,304
.text.prvParseWork,text,300
.text.prvPlayWork,text,368
.text.prvUnsetDecoderReaderLocked,text,88
.text.prvCreateDecoderStartLocked,text,68
.rodata.auPlayerCreate.str1.1,rodata,11
.text.auPlayerCreate,text,228
.text.auPlayerSetEventCallback,text,36
.text.auPlayerStartFileV2,text,128
.text.auPlayerStartPipeV2,text,128
.text.auPlayerResume,text,96
.text.auPlayerStop,text,106
.text.auPlayerDelete,text,192
.text.auPlayerPlayTime,text,92
.text.auPlayerPause,text,160
.text.auPlayerGetStatus,text,4
.rodata.gPlayOps,rodata,8
.text.prvUnsetEncoderWriterLocked,text,38
.text.prvCreateEncoderStartLocked,text,92
.text.prvEncodeFrame,text,104
.text.auRecorderCreate,text,24
.text.auRecorderDelete,text,72
.text.auRecorderSetEventCallback,text,28
.text.auRecorderStartPipe,text,116
.text.auRecorderPause,text,44
.text.auRecorderResume,text,56
.text.auRecorderStop,text,60
.text.auRecorderGetStatus,text,4
.rodata.gRecordOps,rodata,8
.text.audioResampleInitParam,text,88
.text.audioResample,text,420
.text.prvCosVal,text,56
.text.prvSinVal,text,54
.text.auToneGenCreate,text,24
.text.auToneGenDelete,text,4
.text.auToneGenStart,text,180
.text.auToneGenSamples,text,196
.rodata.gToneCos,rodata,36
.text.norm_l,text,170
.text.auAmrwbEnc_voAWB_Autocorr,text,432
.rodata.auAmrwbEnc_vo_window,rodata,768
.text.auAmr_Autocorr,text,384
.text.Chebps2,text,170
.text.auAmrwbEnc_Az_isp,text,524
.rodata.auAmrwbEnc_vogrid,rodata,202
.text.Chebps.constprop.0,text,124
.text.auAmr_Az_lsp,text,380
.text.auAmr_pseudonoise,text,58
.text.auAmr_build_CN_code,text,92
.text.auAmr_build_CN_param,text,102
.text.auAmr_band_pass_6k_7k_init,text,8
.text.auAmr_band_pass_6k_7k,text,400
.rodata.auAmr_fir_6k_7k,rodata,60
.text.auAmr_Bgn_scd_reset,text,28
.text.auAmr_Bgn_scd,text,360
.rodata.auAmr_bitno,rodata,36
.rodata.auAmr_bitno_MR102,rodata,78
.rodata.auAmr_bitno_MR122,rodata,114
.rodata.auAmr_bitno_MR475,rodata,34
.rodata.auAmr_bitno_MR515,rodata,38
.rodata.auAmr_bitno_MR59,rodata,38
.rodata.auAmr_bitno_MR67,rodata,38
.rodata.auAmr_bitno_MR74,rodata,38
.rodata.auAmr_bitno_MR795,rodata,46
.rodata.auAmr_bitno_MRDTX,rodata,10
.rodata.auAmr_prmno,rodata,18
.rodata.auAmr_numCompressedBytes,rodata,32
.rodata.auAmr_numOfBits,rodata,32
.rodata.auAmr_reorderBits,rodata,60
.rodata.auAmr_reorderBits_MR102,rodata,408
.rodata.auAmr_reorderBits_MR122,rodata,488
.rodata.auAmr_reorderBits_MR475,rodata,190
.rodata.auAmr_reorderBits_MR515,rodata,206
.rodata.auAmr_reorderBits_MR59,rodata,236
.rodata.auAmr_reorderBits_MR67,rodata,268
.rodata.auAmr_reorderBits_MR74,rodata,296
.rodata.auAmr_reorderBits_MR795,rodata,318
.text.auAmrwbEnc_PackBits,text,420
.text.auAmrwbEnc_Parm_serial,text,56
.rodata.nb_of_bits,rodata,40
.rodata.packed_size,rodata,32
.rodata.sort_1265,rodata,506
.rodata.sort_1425,rodata,570
.rodata.sort_1585,rodata,634
.rodata.sort_1825,rodata,730
.rodata.sort_1985,rodata,794
.rodata.sort_2305,rodata,922
.rodata.sort_2385,rodata,954
.rodata.sort_660,rodata,264
.rodata.sort_885,rodata,354
.rodata.sort_SID,rodata,70
.rodata.sort_ptr,rodata,64
.rodata.toc_byte,rodata,16
.rodata.unpacked_size,rodata,32
.rodata.unused_size,rodata,32
.text.auAmr_q_p,text,28
.text.auAmr_code_10i40_35bits,text,648
.text.auAmr_code_2i40_11bits,text,860
.rodata.auAmr_startPos1,rodata,4
.rodata.auAmr_startPos2,rodata,8
.text.build_code,text,340
.text.search_2i40.constprop.0,text,254
.text.auAmr_code_2i40_9bits,text,280
.rodata.auAmr_trackTable,rodata,40
.rodata.auAmr_startPos,rodata,32
.text.L_shl,text,406
.text.auAmrwbEnc_ACELP_2t64_fx,text,900
.text.auAmr_code_3i40_14bits,text,1002
.text.auAmr_code_4i40_17bits,text,1140
.text.auAmrwbEnc_cor_h_vec_30,text,404
.text.auAmrwbEnc_search_ixiy,text,282
.text.auAmrwbEnc_ACELP_4t64_fx,text,2972
.rodata.tipos,rodata,72
.text.compress10.constprop.0,text,52
.text.auAmr_code_8i40_31bits,text,664
.text.shl.constprop.0,text,92
.text.auAmr_Cb_gain_average_reset,text,28
.text.auAmr_Cb_gain_average,text,634
.text.auAmr_comp_corr,text,194
.text.auAmr_calc_unfilt_energies,text,510
.text.auAmr_calc_filt_energies,text,364
.text.auAmr_calc_target_energy,text,66
.text.auAmr_cbsearch,text,562
.text.auAmr_cl_ltp_reset,text,20
.text.auAmr_cl_ltp_exit,text,26
.text.auAmr_cl_ltp_init,text,60
.text.auAmr_cl_ltp,text,344
.text.auAmrwbEnc_cmnMemAlloc,text,28
.text.auAmrwbEnc_cmnMemFree,text,12
.text.auAmrwbEnc_cmnMemSet,text,16
.text.auAmrwbEnc_cmnMemCopy,text,16
.text.auAmrwbEnc_cmnMemCheck,text,4
.text.auAmr_cod_amr_reset,text,296
.text.auAmr_cod_amr_exit,text,100
.text.auAmr_cod_amr_init,text,220
.text.auAmr_cod_amr,text,1804
.rodata.gamma1,rodata,20
.rodata.gamma1_12k2,rodata,20
.rodata.gamma2,rodata,20
.text.auAmr_Convolve,text,172
.text.auAmrwbEnc_Convolve_asm,text,456
.text.auAmr_cor_h,text,436
.text.auAmrwbEnc_cor_h_vec_012_asm,text,356
.text.auAmrwbEnc_voAWB_cor_h_x,text,376
.text.auAmr_cor_h_x,text,312
.text.auAmr_cor_h_x2,text,200
.rodata.auAmr_corrweight,rodata,502
.text.auAmr_dec_10i40_35bits,text,116
.text.auAmr_decode_2i40_11bits,text,98
.text.auAmr_decode_2i40_9bits,text,118
.text.auAmr_decode_3i40_14bits,text,114
.text.auAmr_decode_4i40_17bits,text,134
.text.shl.part.0.constprop.0,text,48
.text.decompress10,text,118
.text.auAmr_dec_8i40_31bits,text,280
.text.auAmr_d_gain_code,text,274
.text.auAmr_d_gain_pitch,text,16
.text.auAmr_D_plsf_reset,text,36
.text.auAmr_D_plsf_3,text,584
.text.auAmr_Init_D_plsf_3,text,16
.text.auAmr_D_plsf_5,text,594
.text.auAmr_dec_acelp_2p_in_64,text,68
.text.auAmr_add_pulses,text,50
.text.auAmr_dec_acelp_4p_in_64,text,504
.text.auAmr_dec_1p_N1,text,28
.text.auAmr_dec_2p_2N1,text,224
.text.auAmr_dec_3p_3N1,text,108
.text.auAmr_dec_4p_4N1,text,100
.text.auAmr_dec_4p_4N,text,178
.text.auAmr_dec_5p_5N,text,142
.text.auAmr_dec_6p_6N_2,text,184
.text.auAmr_Decoder_amr_reset,text,280
.text.auAmr_Decoder_amr_init,text,140
.text.auAmr_Decoder_amr,text,2796
.text.auAmr_Dec_gain,text,436
.text.mult_int16,text,130
.text.mac_16by16_to_int32,text,190
.text.auAmr_dec_gain2_amr_wb_init,text,34
.text.auAmr_dec_gain2_amr_wb,text,792
.rodata.auAmr_cdown_unusable,rodata,14
.rodata.auAmr_cdown_usable,rodata,14
.rodata.auAmr_pdown_unusable,rodata,14
.rodata.auAmr_pdown_usable,rodata,14
.rodata.auAmr_If2DecBytesPerFrame,rodata,32
.rodata.auAmr_WmfDecBytesPerFrame,rodata,32
.text.auAmr_Dec_lag3,text,192
.text.auAmr_Dec_lag6,text,112
.text.auAmrwbEnc_Init_Decim_12k8,text,6
.text.auAmrwbEnc_Decim_12k8,text,520
.rodata.fir_down1,rodata,240
.text.auAmrwbEnc_Deemph2,text,78
.text.auAmrwbEnc_Deemph_32_asm,text,224
.text.shl_int32.part.0,text,66
.text.auAmr_deemphasis_32,text,202
.text.Mpy_32_16,text,350
.text.auAmr_Div_32,text,170
.text.auAmr_div_s,text,88
.text.auAmrwbEnc_Dot_product12_asm,text,308
.text.add,text,32
.text.sub,text,32
.text.mult,text,20
.text.L_add,text,168
.text.L_sub,text,146
.text.auAmrwbEnc_voAWB_dtx_enc_reset,text,118
.text.auAmrwbEnc_voAWB_dtx_enc_init,text,56
.text.auAmrwbEnc_voAWB_dtx_enc_exit,text,28
.text.auAmrwbEnc_voAWB_dtx_enc,text,1372
.text.auAmrwbEnc_voAWB_dtx_buffer,text,144
.text.auAmrwbEnc_voAWB_tx_dtx_handler,text,76
.rodata.en_adjust,rodata,18
.text.auAmr_dtx_dec_reset,text,260
.text.auAmr_dtx_dec,text,1892
.text.auAmr_dtx_dec_activity_update,text,180
.text.auAmr_rx_dtx_handler,text,230
.rodata.auAmr_dtx_log_en_adjust,rodata,18
.rodata.lsf_hist_mean_scale,rodata,20
.text.add_int16,text,120
.text.add_int32,text,78
.text.shl_int16.part.0,text,56
.text.auAmr_dtx_dec_amr_wb_reset,text,154
.text.auAmr_dtx_dec_amr_wb_activity_update,text,110
.text.auAmr_rx_amr_wb_dtx_handler,text,226
.text.auAmr_CN_dithering,text,232
.text.auAmr_dtx_dec_amr_wb,text,886
.text.auAmr_dtx_enc_reset,text,92
.text.auAmr_dtx_enc_init,text,42
.text.auAmr_dtx_enc_exit,text,20
.text.auAmr_dtx_enc,text,388
.text.auAmr_dtx_buffer,text,156
.text.auAmr_tx_dtx_handler,text,82
.text.auAmr_ec_gain_code_reset,text,30
.text.auAmr_ec_gain_code,text,108
.text.auAmr_ec_gain_code_update,text,70
.text.auAmr_ec_gain_pitch,text,76
.text.auAmr_ec_gain_pitch_reset,text,36
.text.auAmr_ec_gain_pitch_update,text,90
.rodata.cdown.1,rodata,14
.rodata.pdown.0,rodata,14
.text.auAmr_Enc_lag3,text,148
.text.auAmr_Enc_lag6,text,40
.rodata.auAmr_If2EncBytesPerFrame,rodata,32
.rodata.auAmr_WmfEncBytesPerFrame,rodata,32
.text.auAmr_ets_to_if2,text,598
.text.auAmr_ets_to_wmf,text,438
.text.auAmr_ets_to_ietf,text,438
.text.auAmr_Ex_ctrl,text,308
.text.auAmrwbEnc_Filt_6k_7k_asm,text,640
.text.auAmr_gain_adapt_reset,text,30
.text.auAmr_gain_adapt_init,text,38
.text.auAmr_gain_adapt_exit,text,20
.text.auAmr_gain_adapt,text,204
.text.auAmr_G_code,text,236
.text.auAmrwbEnc_voAWB_G_pitch,text,200
.text.auAmr_G_pitch,text,460
.text.auAmr_gainQuant_reset,text,68
.text.auAmr_gainQuant_exit,text,28
.text.auAmr_gainQuant_init,text,90
.text.auAmr_gainQuant,text,752
.rodata.auAmr_qua_gain_code,rodata,198
.rodata.auAmr_qua_gain_pitch,rodata,32
.text.auAmr_gc_pred_reset,text,36
.text.auAmr_gc_pred,text,540
.text.auAmr_gc_pred_update,text,30
.text.auAmr_gc_pred_average_limited,text,84
.rodata.auAmr_pred,rodata,8
.rodata.pred_MR122,rodata,8
.text.auAmr_Serial_parm,text,84
.text.auAmr_Serial_parm_1bit,text,20
.text.auAmr_get_const_tbls,text,280
.text.auAmr_gmed_n,text,120
.text.auAmrwbEnc_Init_gp_clip,text,14
.text.auAmrwbEnc_Gp_clip_test_isf,text,106
.text.auAmrwbEnc_Gp_clip_test_gain_pit,text,36
.rodata.auAmr_dgray,rodata,16
.rodata.auAmr_gray,rodata,16
.rodata.auAmr_grid,rodata,122
.text.auAmr_highpass_400Hz_at_12k8_init,text,8
.text.auAmr_highpass_400Hz_at_12k8,text,152
.text.auAmr_highpass_50Hz_at_12k8_init,text,8
.text.auAmr_highpass_50Hz_at_12k8,text,180
.text.auAmrwbEnc_encoder_homing_frame_test,text,28
.text.shl_int16,text,88
.text.auAmr_dhf_test,text,400
.text.auAmr_pvDecoder_AmrWb_homing_frame_test,text,16
.text.auAmr_pvDecoder_AmrWb_homing_frame_test_first,text,16
.rodata.AMR_WB_COMPRESSED,rodata,40
.rodata.auAmr_dfh_M12k,rodata,34
.rodata.auAmr_dfh_M14k,rodata,40
.rodata.auAmr_dfh_M16k,rodata,44
.rodata.auAmr_dfh_M18k,rodata,50
.rodata.auAmr_dfh_M20k,rodata,54
.rodata.auAmr_dfh_M23k,rodata,62
.rodata.auAmr_dfh_M24k,rodata,64
.rodata.auAmr_dfh_M7k,rodata,18
.rodata.auAmr_dfh_M9k,rodata,24
.rodata.auAmr_prmnofsf,rodata,18
.text.auAmrwbEnc_Init_HP400_12k8,text,6
.text.auAmrwbEnc_HP400_12k8,text,154
.text.auAmrwbEnc_Init_HP50_12k8,text,6
.text.auAmrwbEnc_HP50_12k8,text,178
.text.auAmrwbEnc_Init_Filt_6k_7k,text,6
.rodata.auAmrwbEnc_voAWB_fir_6k_7k,rodata,62
.text.L_shl.part.0,text,22
.text.auAmr_hp_max,text,438
.text.auAmrwbEnc_Init_Hp_wsp,text,6
.text.auAmrwbEnc_scale_mem_Hp_wsp,text,80
.text.auAmrwbEnc_Hp_wsp,text,270
.text.auAmr_if2_to_ets,text,206
.text.auAmrwbEnc_Int_isp,text,112
.text.auAmr_Int_lpc_1and3,text,182
.text.auAmr_Int_lpc_1and3_2,text,160
.text.auAmr_Int_lpc_1to3,text,164
.text.auAmr_Int_lpc_1to3_2,text,150
.text.auAmr_Int_lsf,text,148
.text.auAmr_Interpol_3or6,text,132
.rodata.auAmr_inter_6,rodata,50
.text.auAmr_interpolate_isp,text,190
.text.auAmr_Inv_sqrt,text,84
.rodata.auAmr_inv_sqrt_tbl,rodata,98
.text.sub_int16,text,48
.text.auAmr_isf_extrapolation,text,996
.text.Get_isp_pol,text,128
.text.Get_isp_pol_16kHz,text,238
.text.auAmrwbEnc_voAWB_Isp_Az,text,644
.text.auAmr_Get_isp_pol,text,154
.text.auAmr_Get_isp_pol_16kHz,text,154
.text.auAmr_Isp_Az,text,622
.text.auAmrwbEnc_Isp_isf,text,100
.text.auAmrwbEnc_voAWB_Isf_isp,text,88
.rodata.slope,rodata,256
.rodata.table,rodata,324
.text.auAmr_Isf_isp,text,136
.rodata.auAmr_table,rodata,388
.text.auAmr_L_abs,text,10
.text.auAmr_L_Comp,text,48
.text.auAmr_L_Extract,text,14
.text.auAmr_L_negate,text,14
.text.auAmr_L_shr_r,text,66
.text.auAmrwbEnc_voAWB_Lag_window,text,64
.rodata.volag_h,rodata,32
.rodata.volag_l,rodata,32
.text.auAmr_Lag_window,text,152
.rodata.auAmr_lag_h,rodata,20
.rodata.auAmr_lag_l,rodata,20
.text.auAmr_Init_Lagconc,text,14
.text.auAmr_insert,text,38
.text.auAmr_insertion_sort,text,30
.text.auAmr_lagconceal,text,444
.text.auAmrwbEnc_Init_Levinson,text,6
.text.auAmrwbEnc_voAWB_Levinson,text,656
.text.Mpy_32.constprop.0,text,88
.text.auAmr_Levinson_reset,text,30
.text.auAmr_Levinson_init,text,38
.text.auAmr_Levinson_exit,text,20
.text.auAmr_Levinson,text,726
.text.auAmrwbEnc_voAWB_Log2_norm,text,72
.text.auAmrwbEnc_voAWB_Log2,text,52
.text.auAmr_Log2,text,30
.text.auAmr_Log2_norm,text,72
.rodata.auAmr_log2_tbl,rodata,66
.text.auAmr_low_pass_filt_7k_init,text,8
.text.auAmr_low_pass_filt_7k,text,372
.rodata.auAmr_fir_7k,rodata,62
.text.auAmrwbEnc_LP_Decim2,text,136
.text.auAmr_lpc_reset,text,20
.text.auAmr_lpc_exit,text,26
.text.auAmr_lpc_init,text,62
.text.auAmr_lpc,text,168
.text.auAmr_Lsf_wt,text,132
.text.auAmr_lsp_reset,text,44
.text.auAmr_lsp_init,text,58
.text.auAmr_lsp_exit,text,28
.text.auAmr_lsp,text,226
.text.auAmr_lsp_avg_reset,text,20
.text.auAmr_lsp_avg,text,126
.text.Get_lsp_pol.constprop.0,text,124
.text.auAmr_Lsp_Az,text,110
.text.auAmr_Lsf_lsp,text,52
.text.auAmr_Lsp_lsf,text,92
.rodata.auAmr_slope,rodata,128
.rodata.auAmr_lsp_init_data,rodata,20
.text.auAmrwbEnc_Isqrt_n,text,92
.text.auAmrwbEnc_voAWB_Pow2,text,60
.text.auAmrwbEnc_voAWB_Dot_product12,text,50
.rodata.table_isqrt,rodata,196
.rodata.table_pow2,rodata,66
.text.auAmr_median5,text,110
.text.auAmrwbEnc_voAWB_mem_malloc,text,114
.text.auAmrwbEnc_voAWB_mem_free,text,18
.text.auAmr_mime_unsorting,text,488
.rodata.auAmr_sort_1265,rodata,506
.rodata.auAmr_sort_1425,rodata,570
.rodata.auAmr_sort_1585,rodata,634
.rodata.auAmr_sort_1825,rodata,730
.rodata.auAmr_sort_1985,rodata,794
.rodata.auAmr_sort_2305,rodata,922
.rodata.auAmr_sort_2385,rodata,954
.rodata.auAmr_sort_660,rodata,264
.rodata.auAmr_sort_885,rodata,354
.rodata.auAmr_sort_SID,rodata,70
.rodata.auAmr_unpacked_size,rodata,32
.text.auAmr_mult_r,text,48
.text.auAmr_noise_gen_amrwb,text,22
.text.auAmrwbEnc_Norm_corr_asm,text,664
.text.auAmr_norm_l,text,54
.text.auAmr_norm_s,text,60
.text.auAmr_normalize_amr_wb,text,132
.text.auAmr_ol_ltp,text,144
.text.auAmrwbEnc_VO_L_Extract,text,12
.text.auAmrwbEnc_voAWB_Mpy_32,text,18
.text.auAmrwbEnc_voAWB_Mpy_32_16,text,12
.text.auAmrwbEnc_voAWB_Div_32,text,132
.text.auAmr_oversamp_12k8_to_16k_init,text,8
.text.auAmr_AmrWbInterpol,text,236
.text.auAmr_AmrWbUp_samp,text,88
.text.auAmr_oversamp_12k8_to_16k,text,76
.rodata.auAmr_fir_up,rodata,192
.text.voround,text,30
.text.auAmrwbEnc_Pitch_med_ol,text,592
.text.auAmrwbEnc_voAWB_median5,text,110
.text.auAmrwbEnc_Med_olag,text,26
.rodata.corrweight,rodata,398
.text.auAmr_p_ol_wgh_reset,text,22
.text.auAmr_p_ol_wgh_init,text,38
.text.auAmr_p_ol_wgh_exit,text,20
.text.auAmr_Pitch_ol_wgh,text,704
.text.auAmr_ph_disp_reset,text,32
.text.auAmr_ph_disp_lock,text,6
.text.auAmr_ph_disp_release,text,6
.text.auAmr_ph_disp,text,664
.rodata.auAmr_ph_imp_low,rodata,208
.rodata.auAmr_ph_imp_low_MR795,rodata,80
.rodata.auAmr_ph_imp_mid,rodata,208
.rodata.auAmr_ph_imp_mid_MR795,rodata,80
.text.auAmr_phase_dispersion,text,424
.text.auAmrwbEnc_voAWB_Pit_shrp,text,40
.text.auAmr_Pit_shrp,text,84
.text.Interpol_4,text,168
.text.auAmrwbEnc_Pitch_fr4,text,252
.rodata.inter4_1,rodata,64
.text.searchFrac,text,142
.text.auAmr_Pitch_fr_reset,text,16
.text.auAmr_Pitch_fr_init,text,38
.text.auAmr_Pitch_fr_exit,text,20
.text.auAmr_Pitch_fr,text,1004
.rodata.mode_dep_parm,rodata,162
.text.Lag_max,text,356
.text.auAmr_Pitch_ol,text,600
.text.auAmr_Post_Process_reset,text,26
.text.auAmr_Post_Process,text,186
.text.auAmr_Pow2,text,88
.rodata.auAmr_pow2_tbl,rodata,66
.text.auAmr_pre_big,text,130
.text.auAmr_Pre_Process_reset,text,26
.text.auAmr_Pre_Process_init,text,38
.text.auAmr_Pre_Process_exit,text,20
.text.auAmr_Pre_Process,text,144
.text.auAmr_Pred_lt_3or6,text,252
.rodata.auAmr_inter_6_pred_lt,rodata,122
.rodata.auAmrwbEnc_voAWB_inter4_2,rodata,256
.text.auAmr_Pred_lt4,text,364
.rodata.auAmr_inter4_2,rodata,256
.text.auAmrwbEnc_pred_lt4_asm,text,196
.text.auAmrwbEnc_Preemph,text,80
.text.auAmrwbEnc_Preemph2,text,86
.text.auAmr_preemphasis_reset,text,16
.text.auAmr_preemphasis,text,134
.text.auAmr_preemph_amrwb_dec,text,90
.text.auAmr_Prm2bits,text,70
.text.auAmr_Post_Filter_reset,text,66
.text.auAmr_Post_Filter,text,440
.rodata.gamma3,rodata,20
.rodata.gamma3_MR122,rodata,20
.rodata.gamma4,rodata,20
.rodata.gamma4_MR122,rodata,20
.text.auAmr_mult_int16_r,text,32
.text.auAmr_shr_rnd,text,30
.text.auAmr_div_16by16,text,88
.text.auAmr_one_ov_sqrt_norm,text,116
.text.auAmr_one_ov_sqrt,text,80
.text.auAmr_power_of_2,text,64
.text.auAmr_Dot_product12,text,148
.text.auAmr_Lg2_normalized,text,92
.text.auAmr_amrwb_log_2,text,60
.text.auAmr_int32_to_dpf,text,12
.text.auAmr_mpy_dpf_32,text,94
.rodata.auAmr_Log2_norm_table,rodata,66
.rodata.auAmr_table_pow2,rodata,66
.text.msu_16by16_from_int32,text,30
.text.amr_wb_round,text,16
.text.auAmr_pvDecoder_AmrWb_Reset,text,288
.text.auAmr_pvDecoder_AmrWb_Init,text,40
.text.auAmr_pvDecoder_AmrWbMemRequirements,text,6
.text.auAmr_pvDecoder_AmrWb,text,3184
.rodata.interpol_frac,rodata,16
.rodata.isf_init,rodata,64
.rodata.isp_init,rodata,64
.text.auAmrwbEnc_Init_Q_gain2,text,14
.text.auAmrwbEnc_Q_gain2,text,1084
.rodata.t_qua_gain6b,rodata,256
.rodata.t_qua_gain7b,rodata,512
.rodata.auAmr_t_qua_gain6b,rodata,256
.rodata.auAmr_t_qua_gain7b,rodata,512
.text.auAmr_q_gain_code,text,216
.text.auAmr_q_gain_pitch,text,210
.text.auAmr_Q_plsf_reset,text,22
.text.auAmr_Q_plsf_init,text,38
.text.auAmr_Q_plsf_exit,text,20
.text.Vq_subvec3.constprop.0,text,182
.text.Vq_subvec4.constprop.0,text,198
.text.auAmr_Q_plsf_3,text,516
.rodata.auAmr_dico1_lsf_3,rodata,1536
.rodata.auAmr_dico2_lsf_3,rodata,3072
.rodata.auAmr_dico3_lsf_3,rodata,4096
.rodata.auAmr_mean_lsf_3,rodata,20
.rodata.auAmr_mr515_3_lsf,rodata,1024
.rodata.auAmr_mr795_1_lsf,rodata,3072
.rodata.auAmr_past_rq_init,rodata,160
.rodata.auAmr_pred_fac_3,rodata,20
.text.Vq_subvec.constprop.0,text,224
.text.auAmr_Q_plsf_5,text,732
.rodata.auAmr_dico1_lsf_5,rodata,1024
.rodata.auAmr_dico2_lsf_5,rodata,2048
.rodata.auAmr_dico3_lsf_5,rodata,2048
.rodata.auAmr_dico4_lsf_5,rodata,2048
.rodata.auAmr_dico5_lsf_5,rodata,512
.rodata.auAmr_mean_lsf_5,rodata,20
.text.auAmrwbEnc_quant_1p_N1,text,22
.text.auAmrwbEnc_quant_2p_2N1,text,98
.text.auAmrwbEnc_quant_3p_3N1,text,148
.text.auAmrwbEnc_quant_4p_4N1,text,140
.text.auAmrwbEnc_quant_4p_4N,text,316
.text.auAmrwbEnc_quant_5p_5N,text,412
.text.auAmrwbEnc_quant_6p_6N_2,text,404
.text.L_shr.constprop.0,text,84
.text.MR475_quant_store_results,text,122
.text.auAmr_MR475_update_unq_pred,text,196
.text.auAmr_MR475_gain_quant,text,836
.rodata.auAmr_table_gain_MR475,rodata,4096
.text.Mac_32,text,78
.text.Mac_32_16,text,46
.text.auAmr_MR795_gain_quant,text,1826
.text.auAmrwbEnc_voAWB_Disf_ns,text,264
.text.auAmrwbEnc_voAWB_Qisf_ns,text,192
.rodata.dico1_isf_noise,rodata,256
.rodata.dico2_isf_noise,rodata,384
.rodata.dico3_isf_noise,rodata,384
.rodata.dico4_isf_noise,rodata,256
.rodata.dico5_isf_noise,rodata,256
.rodata.mean_isf_noise,rodata,32
.text.auAmr_Disf_ns,text,204
.rodata.auAmr_dico1_isf_noise,rodata,256
.rodata.auAmr_dico2_isf_noise,rodata,384
.rodata.auAmr_dico3_isf_noise,rodata,384
.rodata.auAmr_dico4_isf_noise,rodata,256
.rodata.auAmr_dico5_isf_noise,rodata,256
.rodata.auAmr_mean_isf_noise,rodata,32
.text.VQ_stage1.constprop.0,text,222
.text.auAmrwbEnc_voAWB_Reorder_isf,text,38
.text.auAmrwbEnc_voAWB_Dpisf_2s_46b,text,508
.text.auAmrwbEnc_voAWB_Dpisf_2s_36b,text,472
.text.auAmrwbEnc_Sub_VQ,text,112
.text.auAmrwbEnc_Qpisf_2s_46b,text,436
.text.auAmrwbEnc_Qpisf_2s_36b,text,376
.rodata.dico1_isf,rodata,4608
.rodata.dico21_isf,rodata,384
.rodata.dico21_isf_36b,rodata,1280
.rodata.dico22_isf,rodata,768
.rodata.dico22_isf_36b,rodata,1024
.rodata.dico23_isf,rodata,768
.rodata.dico23_isf_36b,rodata,896
.rodata.dico24_isf,rodata,192
.rodata.dico25_isf,rodata,256
.rodata.dico2_isf,rodata,3584
.rodata.mean_isf,rodata,32
.text.auAmr_Reorder_isf,text,42
.text.auAmr_Dpisf_2s_46b,text,584
.text.auAmr_Dpisf_2s_36b,text,552
.rodata.auAmr_dico1_isf,rodata,4608
.rodata.auAmr_dico21_isf,rodata,384
.rodata.auAmr_dico21_isf_36b,rodata,1280
.rodata.auAmr_dico22_isf,rodata,768
.rodata.auAmr_dico22_isf_36b,rodata,1024
.rodata.auAmr_dico23_isf,rodata,768
.rodata.auAmr_dico23_isf_36b,rodata,896
.rodata.auAmr_dico24_isf,rodata,192
.rodata.auAmr_dico25_isf,rodata,256
.rodata.auAmr_dico2_isf,rodata,3584
.rodata.auAmr_mean_isf,rodata,32
.text.auAmr_Qua_gain,text,700
.rodata.auAmr_table_gain_highrates,rodata,1024
.rodata.auAmr_table_gain_lowrates,rodata,512
.text.auAmrwbEnc_Random,text,56
.text.auAmr_Reorder_lsf,text,36
.text.auAmr_Residu,text,190
.text.auAmrwbEnc_Residu_opt,text,264
.text.auAmr_pv_round,text,36
.text.auAmr_search_10and8i40,text,1608
.text.auAmrwbEnc_Scale_sig,text,132
.text.auAmrwbEnc_Scale_sig_opt,text,356
.text.auAmr_scale_signal,text,158
.text.auAmr_set_sign,text,152
.text.auAmr_set_sign12k2,text,462
.text.auAmr_shr,text,68
.text.auAmr_shr_r,text,40
.text.auAmr_sid_sync_init,text,44
.text.auAmr_sid_sync_exit,text,20
.text.auAmr_sid_sync,text,78
.text.auAmr_Bits2prm,text,82
.text.auAmr_Speech_Decode_Frame_reset,text,42
.text.auAmr_GSMDecodeFrameExit,text,20
.text.auAmr_GSMInitDecode,text,70
.text.auAmr_GSMFrameDecode,text,118
.text.auAmr_Speech_Encode_Frame_reset,text,28
.text.auAmr_GSMEncodeFrameExit,text,34
.text.auAmr_GSMInitEncode,text,82
.text.auAmr_GSMEncodeFrame,text,104
.text.auAmr_subframePreProc,text,178
.text.auAmr_subframePostProc,text,260
.text.auAmr_sqrt_l_exp,text,148
.rodata.auAmr_sqrt_l_tbl,rodata,100
.text.auAmrwbEnc_voAWB_InitFrameBuffer,text,16
.text.auAmrwbEnc_voAWB_UpdateFrameBuffer,text,68
.text.auAmr_sub,text,40
.text.auAmrwbEnc_voAWB_Syn_filt,text,410
.text.auAmr_Syn_filt,text,536
.text.auAmrwbEnc_Syn_filt_32_asm,text,244
.text.auAmrwbEnc_Syn_filt_asm,text,188
.text.auAmr_synthesis_amr_wb,text,1116
.rodata.auAmr_HP_gain,rodata,32
.text.auAmr_ton_stab_reset,text,28
.text.auAmr_ton_stab_init,text,38
.text.auAmr_ton_stab_exit,text,20
.text.auAmr_check_lsp,text,128
.text.auAmr_check_gp_clipping,text,46
.text.auAmr_update_gp_clipping,text,22
.text.auAmrwbEnc_Updt_tar,text,68
.text.auAmrwbEnc_voAWB_Set_zero,text,8
.text.auAmrwbEnc_voAWB_Copy,text,62
.text.filter5,text,232
.text.filter3,text,164
.text.level_calculation,text,418
.text.filter_bank,text,1388
.text.auAmr_vad1_reset,text,168
.text.auAmr_vad1_init,text,38
.text.auAmr_vad1_exit,text,20
.text.auAmr_vad_complex_detection_update,text,6
.text.auAmr_vad_tone_detection,text,56
.text.auAmr_vad_tone_detection_update,text,42
.text.auAmr_vad_pitch_detection,text,142
.text.auAmr_vad1,text,1404
.text.auAmrwbEnc_voAMRWB_SetInputData,text,36
.text.auAmrwbEnc_voAMRWB_SetParam,text,104
.text.auAmrwbEnc_voAMRWB_GetParam,text,60
.text.auAmrwbEnc_voAMRWB_Uninit,text,92
.text.norm_s,text,84
.text.div_s,text,162
.text.L_add.constprop.0,text,30
.text.synthesis,text,836
.text.auAmrwbEnc_Reset_encoder,text,356
.text.auAmrwbEnc_voAMRWB_Init,text,208
.text.auAmrwbEnc_coder,text,5096
.text.auAmrwbEnc_AMR_Enc_Encode,text,124
.text.auAmrwbEnc_voAMRWB_GetOutputData,text,152
.text.auAmrwbEnc_voGetAMRWBEncAPI,text,64
.rodata.HP_gain,rodata,32
.text.auAmr_voice_factor,text,378
.text.auAmrwbEnc_voAWB_voice_factor,text,264
.text.auAmr_wb_syn_filt,text,588
.text.auAmr_Syn_filt_32,text,372
.text.shl,text,60
.text.ilog2,text,92
.text.auAmrwbEnc_wb_vad_reset,text,98
.text.auAmrwbEnc_wb_vad_init,text,48
.text.auAmrwbEnc_wb_vad_exit,text,28
.text.auAmrwbEnc_wb_vad_tone_detection,text,26
.text.auAmrwbEnc_wb_vad,text,1004
.text.auAmrwbEnc_Weight_a,text,80
.text.auAmr_Weight_Ai,text,42
.text.auAmr_weight_amrwb_lpc,text,72
.rodata.auAmr_window_160_80,rodata,480
.rodata.auAmr_window_200_40,rodata,480
.rodata.auAmr_window_232_8,rodata,480
.text.auAmr_wmf_to_ets,text,108
.text.auAmrwbEnc_E_IF_init,text,104
.text.auAmrwbEnc_E_IF_exit,text,20
.text.auAmrwbEnc_E_IF_encode,text,76
.rodata.auAmr_Decoder_Interface_init.str1.1,rodata,8
.text.auAmr_Decoder_Interface_init,text,28
.text.auAmr_Decoder_Interface_exit,text,16
.text.auAmr_Decoder_Interface_Decode,text,34
.text.auAmr_Encoder_Interface_init,text,24
.text.auAmr_Encoder_Interface_exit,text,20
.text.auAmr_Encoder_Interface_Encode,text,46
.text.auAmr_D_IF_init,text,58
.text.auAmr_D_IF_exit,text,26
.text.auAmr_D_IF_decode,text,216
.text.auDecoderDelete,text,10
.text.auDecoderParse,text,14
.text.auDecoderDecode,text,14
.text.auDecoderSeek,text,12
.text.auDecoderSetParam,text,12
.text.auDecoderSetMultiParams,text,44
.text.auDecoderGetParam,text,12
.text.auDecoderCreate,text,84
.text.auEncoderDelete,text,10
.text.auEncoderEncode,text,14
.text.auEncoderSetParam,text,12
.text.auEncoderSetMultiParams,text,44
.text.auEncoderCreate,text,76
.text.blockDeviceRead,text,14
.text.blockDeviceWrite,text,14
.text.blockDeviceErase,text,14
.text.blockDeviceDestroy,text,10
.text._erase,text,20
.text.partBlockDeviceCreate,text,120
.text.prvPbSetStatus,text,48
.text.prvDestroy,text,28
.text.prvStat,text,102
.text.prvFlashRead,text,64
.text.prvPbReadTail,text,14
.text.prvRead,text,166
.text.prvFlashWrite,text,72
.text.prvPbDelete,text,30
.text.prvErase,text,112
.text.prvSetGeom,text,184
.text.prvPbGetStatus.isra.0,text,20
.text.prbPbFindWritable,text,40
.text.prvEbFindGcTo,text,86
.text.prvPbReadStatus,text,188
.text.prvPbMemSetCrc,text,40
.text.prvScan,text,556
.text.prvWrite,text,1048
.text.flashBlockDeviceCreateV2,text,256
.text.flashBlockDeviceFormatV2,text,112
.rodata.gFbdev2Ops,rodata,20
.text.quec_boot_sdmmc_switch_power,text,60
.text.quec_boot_set_sdmmc_power_level,text,120
.rodata.ql_boot_set_power_domain.str1.1,rodata,29
.text.ql_boot_set_power_domain,text,200
.text.quec_boot_pin_init,text,76
.text.quec_boot_get_pin_reg_default_val,text,18
.text.quec_boot_set_pin_reg_default_val,text,40
.text.ql_set_spi6_ext_nor_flash_status,text,12
.text.ql_get_spi6_ext_nor_status,text,12
.text.quec_spi6_ext_norflash_get_mount_status,text,12
.rodata.quec_set_spi6_ext_nor_flash_capacity.str1.1,rodata,92
.text.quec_set_spi6_ext_nor_flash_capacity,text,132
.rodata.quec_spi6_ext_nor_flash_mount.str1.1,rodata,47
.text.quec_spi6_ext_nor_flash_mount,text,124
.rodata.quec_spi6_ext_nor_flash_unmount.str1.1,rodata,47
.text.quec_spi6_ext_nor_flash_unmount,text,108
.text.quec_spi6_ext_nor_flash_mkfs,text,84
.text.quec_boot_spi6_pin_init,text,316
.text.quec_boot_spi6_ext_norflash_gpio_init,text,12
.text.quec_boot_get_spi6_ext_norflash_gpio_default_fuction,text,152
.text.quec_boot_spi6_ext_norflash_gpio_deinit,text,152
.rodata.__FUNCTION__.44984,rodata,37
.rodata.__FUNCTION__.44996,rodata,30
.rodata.__FUNCTION__.45000,rodata,32
.text.sha256Calc,text,64
.text.sm3Calc,text,10
.text.sha256ContextSize,text,4
.text.sha256Init,text,20
.text.sha256Update,text,26
.text.sha256Final,text,20
.text.prvPubkeySize,text,28
.text.prvCalcHash,text,40
.text.prvCheckChecksum.part.0,text,78
.text.simageHeaderValid,text,240
.text.simagePayloadValid,text,40
.text.simageValid,text,22
.text.simageCalcRotPK,text,54
.text.simageCertHashMatch,text,46
.text.simageCertVerify,text,194
.text.simageSignVerify,text,380
.text.rsaVerify,text,138
.text.eccVerify,text,340
.text.sm2Verify,text,166
.rodata.CSWTCH.11,rodata,8
.text.CF.constprop.0,text,420
.text.SM3,text,376
.text.crc32Init,text,4
.text.crc32Update,text,44
.text.crc32Calc,text,52
.text.crc32VariantInit,text,4
.text.crc32VariantUpdate,text,40
.text.crc8RohcCalc,text,40
.text.crc16NvCalc,text,68
.rodata.gCrc8Table,rodata,256
.rodata.vds_crc32_table,rodata,1024
.text._tobcd,text,36
.text._bcdToAscii,text,54
.text._asciiToHex,text,44
.text._hexToAscii,text,10
.text._asciiToBcd,text,58
.text.cfwDialStringToBcd,text,86
.text.cfwBcdToDialString,text,78
.text.cfwHexStrToBytes,text,78
.text.cfwBytesToHexStr,text,70
.text.cfwDecode7Bit,text,74
.text.cfwEncode7Bit,text,94
.text.cfwPackTime,text,184
.text._BcdToDec,text,22
.text.cfwIsCfwEvent,text,28
.text.cfwIsCfwIndicate,text,92
.text.cfwDispatchInit,text,36
.text.cfwDispatchSetMainThread,text,12
.rodata.cfwRequestUTIEx.str1.1,rodata,32
.text.cfwRequestUTIEx,text,248
.text.cfwRequestUTI,text,8
.text.cfwRequestNoWaitUTI,text,48
.text.cfwReleaseUTI,text,116
.text.cfwDispatchSendEvent,text,96
.text.cfwInvokeUtiCallback,text,144
.rodata.CFW_EventName.str1.1,rodata,1
.text.CFW_EventName,text,8
.text.CFW_GeneralGetPsSimNumber,text,4
.text.CFW_GeneralGetNvmStatic,text,24
.text.CFW_GeneralGetPsmCard2Info,text,8
.text.cfwSmsDMaxRecCount,text,12
.rodata.cfwCheckSatSupport.str1.1,rodata,12
.text.cfwCheckSatSupport,text,24
.text.AddNewAOToReadyQu,text,64
.text.WhickKindOfNotifyEvent,text,164
.text.GetAOByIndex,text,28
.text.CFW_AOM_EVENT_FREE.isra.0,text,36
.text.CFW_ProcessAo.isra.0,text,296
.text.DeleteReadyAO.isra.0,text,412
.rodata.CFW_ApiMsgName.str1.1,rodata,21
.text.CFW_ApiMsgName,text,32
.text.CFW_RegisterNewAo,text,120
.text.CFW_GetAoCount,text,172
.text.CFW_GetAoState,text,20
.text.CFW_SetAoState,text,24
.text.CFW_GetAoUserData,text,6
.text.CFW_SetServiceId,text,4
.text.CFW_GetAoHandle,text,228
.text.CFW_RegisterCreateAoProc,text,244
.text.CFW_SetUTI,text,48
.text.CFW_GetUTI,text,24
.text.CFW_GetUsingUTI,text,28
.text.CFW_GetSimID,text,24
.text.CFW_RelaseUsingUTI,text,36
.text._GetFreeUTI,text,104
.text._ResetUtiFromAO,text,148
.text.CFW_GetFreeUTI,text,76
.text.CFW_IsFreeUTI,text,112
.text.CFW_AoTriggerTaskSch,text,24
.text.CFW_SetAoProcCode,text,68
.text.CFW_UnRegisterAO,text,896
.text.CFW_RegSysDefaultProc,text,12
.text.CFW_AoInit,text,60
.text.CFW_CreateAomSem,text,20
.text.CallNotifyFun,text,140
.text.CFW_IsAOExist,text,84
.text.CFW_AoScheduler,text,3212
.text.CFW_SetSpecialAo,text,28
.rodata.gApiMsgDesc,rodata,2808
.text.CFW_WorkTimerProc,text,64
.text.CFW_CheckSimId,text,24
.text.CFW_PreInit,text,256
.text.CFW_Init,text,28
.text.CFW_Exit,text,40
.text.CFW_GetEventQueue,text,204
.text.CFW_PostGPRSNotifyEvent,text,72
.text.CFW_PostNotifyEvent,text,612
.text.BAL_Run,text,64
.text.CFW_MemFreeMessageStructure,text,14
.text.CFW_ReceiveStopStackCNF,text,12
.text.CFW_MemAllocMessageStructure,text,22
.text.CFW_BaseInit,text,4
.text.CFW_SetInitWithSim,text,12
.text.CFW_GetInitWithSim,text,40
.text.CFW_ServicesExit,text,24
.text.CFW_BalSetupHwCbs,text,32
.text.CFW_ISRNotifySimStatus,text,48
.text.hal_HstSendEvent,text,4
.text.CFW_GetSimOrder,text,56
.rodata.CFW_ServicesInit.str1.1,rodata,41
.text.CFW_ServicesInit,text,164
.text.CFW_SendStackMsg,text,56
.text._SendSclMessage,text,60
.text.CFW_SendStartStackREQ,text,76
.text.CFW_SendSclMessage,text,180
.text.CFW_StackMsgInit,text,2
.text.S_CFW_GET_CAUSE_VALUE,text,124
.text.GetCallStatus,text,248
.text.CmDtmfKeyAoProc,text,100
.text.CFW_CcAoProc,text,1612
.text.CFW_CcInit,text,88
.text.CFW_CcAoProcEnd,text,96
.text.CFW_CcReleaseProc_V2,text,320
.rodata.CmMTAoProc.str1.1,rodata,13
.text.CmMTAoProc,text,348
.text.CFW_CcInitiateSpeechCall,text,560
.text.CFW_CcInitiateSpeechCall_V2,text,86
.rodata.CFW_CcReleaseCall_V2.str1.1,rodata,21
.text.CFW_CcReleaseCall_V2,text,300
.text.CFW_CcAcceptSpeechCall,text,292
.text.CFW_CcGetCurrentCall,text,292
.text.CFW_CcGetCurrentCallV2,text,292
.text.CFW_CcGetCallStatus,text,4
.text.CFW_CcCallHoldMultiparty,text,1696
.text.CFW_CcEmcDialEx_V2,text,460
.text.CFW_CcPlayTone,text,556
.text.CFW_CcStopTone,text,372
.text.CFW_CcRejectCall,text,188
.text.CallingPartyrRaw2BCD,text,46
.text.CC_Release,text,132
.text.CC_Disc,text,116
.text.CC_ReleaseCmplt,text,148
.text.CC_CallConfirm,text,128
.text.CC_Alert,text,60
.text.CC_RejectCall,text,128
.text.CC_Facility,text,132
.text.CC_TerminateOne,text,132
.text.CC_TerminateOne_V2,text,172
.text.CC_TerminateMulti,text,128
.text.CC_RetrieveCall,text,164
.text.CC_RetrieveCall_V2,text,232
.text.CC_HoldCall,text,132
.text.CC_Hold_AcceptCall,text,136
.text.CC_HoldMPTY,text,116
.text.CC_HoldMPTY_Acceptcall,text,120
.text.CC_HoldMPTY_Acceptcall_V2,text,160
.text.CC_RetrieveMPTY,text,116
.text.CC_RetrieveMPTY_V2,text,156
.text.CC_StartDTMF,text,60
.text.CC_StopDTMF,text,56
.text.CC_GetIndex,text,156
.text.CC_ProcNwDisconnectMsg,text,200
.text.CC_ProcNwReleaseMsg,text,376
.rodata.CC_ProcNwReleaseCmplMsg.str1.1,rodata,100
.text.CC_ProcNwReleaseCmplMsg,text,364
.text.CC_ProcHeldStateCHLD2X,text,120
.text.CC_ProcMeetingStateCHLD2X,text,144
.text.CC_ProcMeetingHeldStateCHLD2X,text,144
.text.CC_ModifyOtherAoState,text,212
.text.CC_ModifyToMeetingHldState,text,152
.text.CC_SendCrssInfoNotify,text,724
.text.IsDTMFChar,text,44
.text.CC_HandleCmIdleState,text,1092
.text.CC_HandleCmMoProcState,text,1324
.text.CC_HandleCmMoDiscState,text,436
.text.CC_HandleCmMtDiscState,text,864
.text.CC_HandleCmMtProcState,text,1148
.text.CC_HandleCmActiveState,text,1308
.text.CC_HandleCmHeldState,text,1100
.text.CC_HandleCmMeetingState,text,1368
.text.CC_HandleCmMeetingHeldState,text,1196
.rodata.CC_IsAllowedDialCall.str1.1,rodata,75
.text.CC_IsAllowedDialCall,text,56
.text.CFW_CfgSetSSN,text,212
.text.CFW_CfgGetSSN,text,136
.rodata.CFW_CfgSetCallWaiting.str1.1,rodata,4
.text.CFW_CfgGetCallWaiting,text,96
.text.CFW_CfgGetClir,text,96
.rodata.CFW_CfgSetClip.str1.1,rodata,4
.text.CFW_CfgSetClip,text,112
.text.CFW_CfgGetClip,text,100
.text.CFW_CfgGetColp,text,124
.text.CFW_CfgSetConnectResultFormatCode,text,48
.text.CFW_CfgRestoreFactoryProfile,text,56
.rodata.CFW_CfgGetUserProfile.str1.1,rodata,4
.text.CFW_CfgGetUserProfile,text,200
.text.CFW_CfgSetCharacterSet,text,48
.rodata.CFW_CfgGetIMSI.str1.1,rodata,39
.text.CFW_CfgGetIMSI,text,168
.text.CFW_CfgSetIMSI,text,76
.text.CFW_CfgGetIndicatorEvent,text,68
.text.CFW_CfgGetIndicatorEventInfo,text,208
.rodata.CFW_CfgSetIndicatorEventInfo.str1.1,rodata,23
.text.CFW_CfgSetIndicatorEventInfo,text,612
.text.CFW_CfgGetPocEnable,text,16
.text.CFW_CfgSetPeriodTauAftLocalRel,text,68
.text.CFW_CfgGetPeriodTauAftLocalRel,text,30
.text.CFW_UpdateNV,text,14
.text.CFW_CfgInit,text,96
.text.GetNumber,text,94
.text.CFW_CfgNumRangeCheck,text,116
.text.CFW_Cfg_strcmp,text,40
.rodata.OperatorInfo,rodata,260
.rodata.SpecialOperatorInfo,rodata,3376
.rodata.CFW_CfgSetNwStatus.str1.1,rodata,4
.text.CFW_CfgSetNwStatus,text,128
.text.CFW_CfgGetNwStatus,text,96
.text.CFW_CfgSetStoredPlmnList,text,380
.text.CFW_CfgGetStoredPlmnList,text,244
.text.CFW_CfgNwSetFrequencyBand,text,72
.text.CFW_CfgNwGetFrequencyBand,text,88
.rodata.CFW_CfgNwSetNetWorkMode.str1.1,rodata,6
.text.CFW_CfgNwSetNetWorkMode,text,88
.text.CFW_CfgNwGetNetWorkMode,text,96
.text.gprs_SetGprsSum,text,40
.text.gprs_GetGprsSum,text,40
.text.CFW_CfgNwSetFM,text,72
.text.CFW_CfgNwGetFM,text,116
.text.CFW_CfgNwGetOperatorIdWithIndex,text,108
.text.CFW_CfgNwGetOperatorNameEx,text,192
.text.CFW_CfgNwGetOperatorName,text,4
.text.CFW_CfgNwGetCompanyName,text,144
.text.CFW_CfgNwGetOperatorInfo,text,108
.text.CFW_CfgSimParamsInit,text,80
.text.CFW_CfgSimGetChvParam,text,16
.text.CFW_CfgSimGetPbkParam,text,60
.text.CFW_CfgSimGetMicParam,text,16
.text.CFW_CfgSimGetSatParam,text,60
.rodata.CFW_CfgSetSimSwitch.str1.1,rodata,4
.text.CFW_CfgSetSimSwitch,text,68
.text.CFW_CfgGetSimSwitch,text,88
.rodata.CFW_CfgSetSmsStorage.str1.1,rodata,17
.text.CFW_CfgGetSmsStorage,text,104
.rodata.CFW_CfgSetSmsOverflowInd.str1.1,rodata,4
.text.CFW_CfgSetSmsOverflowInd,text,96
.text.CFW_CfgGetSmsOverflowInd,text,80
.text.CFW_CfgSetSmsFormat,text,120
.text.CFW_CfgGetSmsFormat,text,68
.text.CFW_CfgSetSmsShowTextModeParam,text,104
.rodata.CFW_CfgSetSmsFullForNew.str1.1,rodata,6
.text.CFW_CfgSetSmsFullForNew,text,88
.text.CFW_CfgGetSmsFullForNew,text,104
.text.CFW_CfgGetSmsParam,text,176
.rodata.CFW_CfgSetSmsParam.str1.1,rodata,19
.text.CFW_CfgSetSmsParam,text,348
.text.sms_SetParamAoProc,text,524
.text.CFW_CfgGetDefaultSmsParam,text,152
.text.CFW_CfgSetDefaultSmsParam,text,80
.text.CFW_CfgSetNewSmsOption,text,180
.text.CFW_CfgGetNewSmsOption,text,124
.text.CFW_CfgSetSmsStorageInfo,text,100
.text.CFW_CfgGetSmsStorageInfo,text,100
.text.CFW_CfgGetNewSmsOptionMT,text,80
.text.CFW_CfgSetNewSmsOptionMT,text,84
.text.CFW_EmodSaveIMEI,text,132
.text.CFW_EmodSetLteLockCell,text,56
.text.CFW_EmodGetLteLockCell,text,52
.text.CFW_GetBandFromFreq,text,6
.text.CFW_EmodGetBaseBandVersionV1,text,4
.text.CFW_EmodGetNvVersion,text,4
.text.CFW_EmodGetNvData,text,4
.text.CFW_EmodSetNvData,text,16
.text.CFW_EmodSaveNvData,text,4
.text.CFW_EmodSpecialNvProcess,text,4
.text.CFW_EmodGetLteCalibInfo,text,4
.rodata.CFW_SetSimFileUpdateCountMode.str1.1,rodata,42
.text.CFW_SetSimFileUpdateCountMode,text,40
.rodata.CFW_GetSimFileUpdateCount.str1.1,rodata,26
.text.CFW_GetSimFileUpdateCount,text,44
.text.CFW_EnableLpsLock,text,4
.text.CFW_EmodSetPowerMode,text,20
.text.CFW_EmodGetPSMThd,text,12
.text.CFW_EmodSetPSMThd,text,16
.text.CFW_EmodSetLteBand,text,184
.text.CFW_EmodGetLteBand,text,160
.text.CFW_GetRFTemperature,text,76
.text.CFW_SetRFFreqPwrRange_V2,text,18
.text.CFW_GetRFFreqPwrRange,text,8
.text.hal_WriteLteCalib,text,2
.text.hal_WriteGsmCalib,text,2
.text.CFW_EmodSetCEMode,text,36
.text.CFW_EmodGetCEMode,text,36
.text.CFW_EmodGetLteLockFreq,text,120
.text.CFW_EmodSetTracePort,text,4
.text.CFW_EmodSetTraceFlag,text,4
.text.CFW_EmodSetLteLockFreq,text,136
.text.CFW_EmodSpLteDummyPara,text,92
.text.CFW_EmodSpCleanInfo,text,72
.text.CFW_EmodEngineerCmd,text,4
.text.CFW_NstConfig,text,4
.text.CFW_NstGetrssi,text,4
.text.CFW_StartNstMode,text,4
.text.CFW_StopNstMode,text,4
.text.CFW_GetCellInfo,text,100
.text.CFW_GetLETRealTimeInfoV2,text,76
.text.CFW_GetLETRealTimeInfoV3,text,4
.rodata.CFW_EmodOutfieldTestStart.str1.1,rodata,25
.text.CFW_EmodOutfieldTestStart,text,224
.rodata.CFW_EmodOutfieldTestEnd.str1.1,rodata,28
.text.CFW_EmodOutfieldTestEnd,text,140
.text.ArrayCopare,text,30
.text.CurrCellDataParse,text,1264
.text.NeighborCellDataParse,text,284
.text.LteCellDataParse,text,196
.text.CFW_EmodOutfieldTestProc,text,944
.text.CFW_EmodOutfieldTestEndProcess,text,240
.text.CFW_EmodOutfieldTestEndProc,text,176
.text.CFW_CheckTestSim,text,40
.text.CFW_Decode_ePCO,text,900
.text.GPRS_EncodePcoChallengeChap,text,144
.text.GPRS_EncodePcoResponseChap,text,280
.text.GPRS_EncodePcoResponseChapEncode,text,136
.text.CFW_Encode_ePCO.part.0,text,712
.text.CFW_Encode_ePCO,text,12
.text.CFW_GprsGetCtxEQos,text,92
.text.CFW_GprsSetCtxEQos,text,104
.text.CFW_GprsGetNetEQos,text,148
.text.CFW_GprsClrCtxTFT,text,100
.text.CFW_GprsGetCtxTFT,text,40
.text.CFW_GprsTftTrace,text,112
.text.CFW_GprsSendTftUpdReq,text,80
.text.CFW_GprsDelPFInDeactProc,text,160
.text.CFW_GprsSavePFinActProc,text,196
.text.CFW_GprsSavePFinModProc,text,376
.rodata.CFW_GprsTftCheckInAct.str1.1,rodata,63
.text.CFW_GprsTftCheckInAct,text,296
.text.CFW_GprsTftCheckInMod,text,432
.rodata.CFW_GprsPfCpntMaching.str1.1,rodata,63
.text.CFW_GprsPfCpntMaching,text,664
.text.CFW_GprsPfMatching,text,60
.text.CFW_GprsSetTfaContent,text,392
.text.CFW_GprsSetTfaForAlloc,text,116
.text.CFW_GprsIpDnsInfo,text,24
.text.CFW_GprsGetCidFromNsapi,text,120
.text.CFW_GprsGetLinkEbiFromCid,text,68
.text.CFW_GprsGetLinkEbiFromNsapi,text,68
.text.CFW_GprsSetDynamicIP,text,208
.text.CFW_SetPdnActTimerAndMaxCount,text,152
.text.CFW_GetPdnActTimerAndMaxCount,text,156
.text.CFW_SetPdnDeactTimerAndMaxCount,text,152
.text.CFW_GetPdnDeactTimerAndMaxCount,text,156
.text.CFW_GetFreeCID_,text,172
.text.IsCidSavedInApp,text,20
.text.CFW_GprsInit,text,220
.text.CFW_GprsSetReqQosUmts,text,124
.text.CFW_GprsPdpSetDns,text,80
.text.CFW_GetGprsActState,text,168
.text.CFW_GprsCtxModifyAcc,text,228
.text.do_store_packet,text,144
.text.CFW_SetPsDataAttribute,text,10
.text.CFW_SendPduDataV2,text,244
.text.CFW_GprsSendData,text,396
.text.CFW_GprsGetPdpCxt,text,576
.text.CFW_GprsGetPdpAddr,text,440
.text.CFW_GprsGetDefaultPdnInfo,text,380
.text.CFW_GprsSetDynamicAPN,text,200
.text.CFW_GprsSendCtxCfg_V2,text,640
.rodata.CFW_GprsGetPdpCxtV2.str1.1,rodata,45
.text.CFW_GprsGetPdpCxtV2,text,324
.text.CFW_GprsRemovePdpCxt,text,268
.rodata.CFW_GprsSetPdpCxtV2.str1.1,rodata,62
.text.CFW_GprsSetPdpCxtV2,text,624
.text.CFW_GprsSetPdpCxt,text,736
.text.CFW_GprsSetReqQos,text,168
.text.CFW_GprsGetReqQos,text,132
.rodata.CFW_GprsAoProcSmIdleUlMsgPdpActReq.constprop.0.isra.0.str1.1,rodata,6
.text.CFW_GprsAoProcSmIdleUlMsgPdpActReq.constprop.0.isra.0,text,848
.text.CFW_GprsSetMinQos,text,164
.text.CFW_GprsGetMInQos,text,124
.text.CFW_GetFreeCID,text,124
.text.CFW_ReleaseCID,text,128
.text.CFW_GprsAoProcConnecting,text,2836
.text.CFW_SetCID,text,100
.rodata.EpsMTAoProc.str1.1,rodata,15
.text.EpsMTAoProc,text,360
.text.CFW_GprsSecPdpAct,text,728
.text.GprsMTAoProc,text,336
.text.CFW_StopDetachTimer,text,48
.text.CFW_GprsActEX,text,776
.text.CFW_GprsAct,text,16
.text.CFW_GprsAoProc,text,4864
.text.ispdpactive,text,36
.text.CFW_nvGetPsmEnable,text,28
.text.CFW_nvSetPsmEnable,text,30
.text.CFW_nvGetPsmT3412,text,24
.text.CFW_nvSetPsmT3412,text,24
.text.CFW_nvGetPsmT3324,text,24
.text.CFW_nvSetPsmT3324,text,24
.text.CFW_nvGetEdrxEnable,text,28
.text.CFW_nvSetEdrxEnable,text,30
.text.CFW_nvGetEdrxValue,text,28
.text.CFW_nvSetEdrxValue,text,32
.text.CFW_nvGetEdrxPtw,text,26
.text.CFW_nvSetEdrxPtw,text,44
.text.CFW_GprsSetPsm,text,52
.text.CFW_GprsSetEdrx,text,52
.text.CFW_GprsHostAddress,text,128
.text.CFW_GetDefaultPcoControl,text,28
.text.CFW_SetDefaultPcoControl,text,44
.text.GPRS_DetachTimerCallBack,text,108
.text.CFW_GprsSetDefaultPdnMode,text,44
.text.CFW_GprsGetDefaultPdnMode,text,30
.rodata.pcoCtn,rodata,48
.text.CFW_GprsQos2Api,text,120
.text.CFW_GprsApi2Qos,text,76
.text.CFW_GprsBitRate2EQoS,text,36
.text.CFW_GprsBitRate2EQoS_Ext1,text,72
.text.CFW_GprsBitRate2EQoS_Ext2,text,92
.text.CFW_GprsEQoS2BitRate,text,38
.text.CFW_GprsEQoS2BitRate_Ext1,text,58
.text.CFW_GprsEQoS2BitRate_Ext2,text,68
.text.CFW_GprsEQos2Api,text,320
.text.CFW_GprsApi2EQoS,text,120
.text.CFW_GprsAddrCompare,text,70
.text.CFW_GprsTftHasEbi,text,22
.text.CFW_GprsTftFindSameId,text,42
.text.CFW_GprsTftHasUpDir,text,18
.text.CFW_GprsTftPfHasSameID,text,26
.text.CFW_GprsStorePfSyntSamePrioEbi,text,36
.text.CFW_GprsNewTftHasSamePriority,text,46
.text.CFW_GprsCheckPfHeadMismatch,text,28
.text.CFW_PfComponentIsInValidType,text,92
.text.CFW_GprsGetPfTypeLength,text,94
.text.CFW_GprsPfComponentConfictCheck,text,62
.text.CFW_GprsTftPfHasSameIDInAct,text,62
.text.CFW_GprsTftFindOldSamePrio,text,110
.text.CFW_GprsTftParamListParse,text,62
.text.CFW_GprsPfAttriIsValid,text,148
.text.CFW_GprsTftInsertPf,text,50
.text.CFW_GprsTftPfMalloc,text,14
.text.CFW_GprsTftDelPfMsgParse,text,138
.text.CFW_GprsTftPfFree,text,28
.text.CFW_GprsTftDeleteSameId,text,64
.text.CFW_GprsTftFindAndDelSameID,text,86
.text.CFW_GprsTftDeleteSameEbi,text,74
.text.CFW_GprsTftDelSamePrio,text,114
.text.CFW_GprsTftFreeAll,text,20
.text.CFW_GprsPfCpntMalloc,text,14
.text.CFW_GprsTftParsePf,text,194
.text.CFW_GprsTftMsgParseWithComponent,text,208
.text.CFW_GprsTftClone,text,102
.text.CFW_GprsGetIPv6Prefix,text,46
.text.CFW_GprsPdpAddr2Api,text,56
.text.CFW_GprsPdpApi2Addr,text,56
.text.CFW_LgwLteAbortGnssMtReg,text,52
.text.CFW_LgwLteResumeGnssMtReg,text,52
.text.CFW_LgwWifiAoProc,text,624
.text.CFW_WifiSentestOn,text,28
.text.CFW_WifiSentestOff,text,28
.rodata.CFW_WifiSentestSetParam.str1.1,rodata,50
.text.CFW_WifiSentestSetParam,text,56
.text.CFW_WifiSentestGetSingleRes,text,40
.rodata.CFW_WifiScanStart.str1.1,rodata,18
.text.CFW_WifiScanStart,text,208
.text.CFW_WifiScanStop,text,176
.text.CFW_LocGetWifiscanResEx,text,76
.text.CFW_LocGetWifiscanRes,text,60
.text.CFW_LgwInit,text,72
.text.Transform.part.0,text,1692
.text.CFW_MD5Init,text,44
.text.CFW_MD5Update,text,132
.text.CFW_MD5Final,text,132
.text.nv_SemWaitFor,text,12
.text.nv_SemRelease,text,12
.rodata.nv_Writeback.str1.1,rodata,37
.text.nv_Writeback,text,112
.text.nv_UpdateNv,text,28
.rodata.NV_IsNeedUpdate.str1.1,rodata,91
.text.NV_IsNeedUpdate,text,80
.rodata.NV_Init.str1.1,rodata,171
.text.NV_Init,text,296
.text.NV_GetCmPublic,text,4
.text.NV_SetCmPublic,text,4
.text.NV_GetCmCcwaSim,text,32
.text.NV_GetCmClirSim,text,4
.text.NV_GetCmColpSim,text,4
.text.NV_GetGenMemInfo,text,72
.text.NV_GetGenIndEvent,text,44
.text.NV_GetGenImsiSim,text,84
.text.NV_SetGenImsiSim,text,80
.text.NV_GetNwSimWorkMode,text,48
.text.NV_SetNwSimWorkMode,text,52
.text.NV_GetNwSimFlightMode,text,52
.text.NV_SetNwSimFlightMode,text,52
.text.NV_GetNwSimFregBand,text,48
.text.NV_SetNwSimFregBand,text,52
.text.NV_GetNwSimPlmn,text,84
.text.NV_SetNwSimPlmn,text,92
.text.NV_GetNwSimBaCount,text,48
.text.NV_SetNwSimBaCount,text,60
.text.NV_GetNwSimArfceList,text,88
.text.NV_SetNwSimArfceList,text,92
.text.NV_GetNwSimStoreLast,text,52
.text.NV_SetNwSimStoreLast,text,64
.text.NV_GetGprsUpSumSim,text,52
.text.NV_SetGprsUpSumSim,text,64
.text.NV_GetGprsDwnSumSim,text,52
.text.NV_SetGprsDwnSumSim,text,64
.text.NV_GetSimCardSwitch,text,44
.text.NV_SetSimCardSwitch,text,48
.text.NV_GetSmsStorage,text,60
.text.NV_GetSmsOverInd,text,48
.text.NV_SetSmsOverInd,text,60
.text.NV_GetSmsFullForNew,text,48
.text.NV_SetSmsFullForNew,text,60
.text.NV_GetSmsDefParamInd,text,48
.text.NV_SetSmsDefParamInd,text,60
.text.NV_GetSmsSimParaml,text,104
.text.NV_SetSmsSimParaml,text,108
.text.NV_GetSmsSimOption,text,48
.text.NV_SetSmsSimOption,text,60
.text.NV_GetSmsSimOptStor,text,48
.text.NV_SetSmsSimOptStor,text,60
.text.CFW_nvmWriteStatic,text,6
.text.NV_GetSmsSimOptionMT,text,48
.text.NV_SetSmsSimOptionMT,text,60
.text.NV_GetSimCgclassType,text,48
.text.NV_SetSimCgclassType,text,52
.text.NV_ForceUpdate,text,40
.text.CFW_SetFMSIMOpen,text,296
.text.CFW_GetFreqScanInfoProc,text,488
.text.CFW_BlkListAoProc,text,584
.text.Cfw_NwInitFinished,text,76
.text.CFW_DlPsmParamAoProc,text,424
.text.processFlowControl,text,188
.rodata.CFW_NwStop.constprop.0.str1.1,rodata,13
.text.CFW_NwStop.constprop.0,text,160
.text.CFW_NwPsStatusForSelConf.isra.0,text,400
.text.CFW_NwAttOrDetchConf.isra.0,text,192
.text.CFW_NwDynamicAoAttOrDetchConf.isra.0,text,428
.text.CFW_NwStartStack.isra.0,text,112
.text.CFW_NwDynamicAoProcNwStopImeiInd.isra.0,text,284
.text.CFW_NwDynamicAoProcNwStopApiStopCnf.isra.0,text,348
.text.CFW_NwStaticAoProcNwStopQualReportCnf.isra.0,text,788
.text.CFW_NwAttachCsAndPsConf.isra.0,text,96
.text.CFW_AttachCSAndPSProc,text,344
.text._SendJammingDetect2Uplayer.isra.0,text,92
.rodata.CFW_SetCommSIMOpen.str1.1,rodata,17
.text.CFW_SetCommSIMOpen,text,160
.rodata.CFW_SetComm.str1.1,rodata,22
.text.CFW_SetComm,text,256
.text.CFW_GetComm,text,48
.text.CFW_SetInitStack,text,12
.text.CFW_StackInit,text,108
.text.CFW_NWDelay,text,288
.text._SendNetWorkInfo2Uplayer,text,208
.text._ProcessLockBCCHNWRsp,text,44
.text.CFW_NwGetAvailableOperators,text,236
.text.CFW_NwGetCurrentOperator,text,180
.text.CFW_NwGetSignalQuality,text,116
.text.CFW_NwGetQualReport,text,104
.text.CFW_NwGetStatus,text,172
.text.CFW_NwSetRegistration,text,624
.text.CFW_NwDeRegisterEx,text,92
.text.CFW_SetFlightModeProc,text,1140
.text.CFW_NwDeRegister,text,10
.text.CFW_NWSetRat,text,44
.text.CFW_NwInit,text,408
.text.CFW_NWGetRat,text,40
.text.CFW_NWSetStackRat,text,44
.rodata.CFW_NwPsStatusConf.isra.0.str1.1,rodata,69
.text.CFW_NwPsStatusConf.isra.0,text,1248
.text.CFW_NWGetStackRat,text,4
.text.CFW_AttDetachEx,text,252
.text.CFW_AttDetach,text,14
.text.CFW_GetGprsAttState,text,116
.text.CFW_GprsAttEX,text,296
.text.CFW_GprsAtt,text,6
.text.CFW_GprsGetstatus,text,148
.text.CFW_NwAbortListOperators,text,192
.text.CFW_ChangeRoamByPLMNName,text,460
.text.CFW_NwCsStatusConf.isra.0,text,1464
.text.CFW_NwAoProcNwSearchCsRegStatusInd.isra.0,text,124
.text.CFW_NwStaticAoProcNwStopCsRegStatusInd.isra.0,text,168
.text.CFW_GetNetinfo,text,56
.text.CFW_CfgNwSetCgclassType,text,40
.rodata.CFW_NwGetCgclassType.str1.1,rodata,4
.text.CFW_NwGetCgclassType,text,80
.text.CFW_NwSetAllDetach,text,84
.text.CFW_DetachCSAndPSProc,text,380
.rodata.CFW_DetachCSAndPS.str1.1,rodata,22
.text.CFW_DetachCSAndPS,text,92
.rodata.CFW_AttachCSAndPS.str1.1,rodata,22
.text.CFW_AttachCSAndPS,text,148
.text.CFW_NwGetAllDetach,text,72
.rodata.CFW_GetFreqScanInfo.str1.1,rodata,24
.text.CFW_GetFreqScanInfo,text,92
.text.CFW_GetFreqScanEnd,text,148
.text.CFW_NwSetBlackList_V2,text,404
.text.CFW_NwSetBlackList,text,104
.text.CFW_nvGetBlackListEnable,text,52
.text.CFW_nvSetBlackListEnable,text,48
.text.CFW_NwSetAutoAttachFlag,text,44
.text.CFW_NwGetAutoAttachFlag,text,28
.text.CFW_NwSetFTA,text,40
.text.CFW_NwGetFTA,text,26
.text.Cfw_SetTimezone,text,16
.rodata.CFW_GetGsmBlkList.str1.1,rodata,18
.text.CFW_GetLteBlkList,text,128
.text.CFW_SetUsrHisFreqInfo,text,460
.text.CFW_GetUsrHisFreqInfo,text,120
.text.NwCsServiceDelayCallBack,text,100
.text.CFW_NwSetnSecurityUsedFlag,text,40
.text.CFW_SetJammingDetectParamEx,text,92
.text.CFW_GetRRCRel,text,26
.text.CFW_SetRRCRel,text,40
.text.CFW_SetMeaReportFlag,text,48
.text.CFW_GetMeaReportFlag,text,30
.text.CFW_NwSetPocSimIndex,text,4
.text.CFW_NwSetSimSwich,text,4
.text.CFW_CfgSetEnhancePwrSweepNonCE,text,32
.text.CFW_CfgGetEnhancePwrSweepNonCE,text,16
.rodata.CFW_nvSetNwSearchPrior.str1.1,rodata,96
.text.CFW_nvSetNwSearchPrior,text,128
.rodata.CFW_nvGetNwSearchPrior.str1.1,rodata,153
.text.CFW_nvGetNwSearchPrior,text,152
.text.api_CheckTestSim,text,8
.text.osi_is_wakeup_from_deep_sleep,text,4
.text.osi_is_wakeup_from_pm2,text,4
.text.CFW_CheckSupportLteFreq,text,44
.rodata.CFW_GetNetDLPsmParam.str1.1,rodata,21
.text.CFW_GetNetDLPsmParam,text,152
.text.CFW_GetLCTimerEx,text,26
.text.CFW_SetLCTimerEx,text,46
.text.CFW_SetLimiteTimer,text,40
.text.CFW_GetLctLoopCout,text,26
.text.CFW_SetLctLoopCout,text,40
.text.CFW_SetLmtLoopCout,text,40
.text.CFW_GetLctMaxLen,text,26
.text.CFW_SetLctMaxLen,text,40
.text.CFW_SetLmtMaxLen,text,40
.text.CFW_NwGetSProc,text,52
.text.NwErrcConnstatusV2ReportCallBack,text,296
.text.CFW_NwAoProc,text,4276
.text.CFW_GetEleFence,text,56
.text.CFW_SetEleFence,text,68
.text.CFW_GetEleFenceTimer,text,48
.text.CFW_SetEleFenceTimer,text,60
.text.CFW_NwSetMaxAttFailForIratReq,text,100
.text.CFW_GetDrxCyc,text,6
.rodata.CFW_NwSetPrePlmnList.str1.1,rodata,31
.text.CFW_NwSetPrePlmnList,text,136
.rodata.CFW_GprsGetEdrxAllowed.str1.1,rodata,85
.text.CFW_GprsGetEdrxAllowed,text,140
.rodata.CFW_ErrcSetMeasThreshold.str1.1,rodata,136
.text.CFW_ErrcSetMeasThreshold,text,132
.text.CFW_NwGetDrxCycleLen,text,30
.text.CFW_NwSetDrxCycleLen,text,46
.text.CFW_NwGetSupportRat,text,12
.text.CFW_TestCardAutoPdnControl,text,52
.rodata.CFW_NwSetNetTAU.str1.1,rodata,21
.text.CFW_NwSetNetTAU,text,48
.rodata.CFW_NwSetWeakSignalEnable.str1.1,rodata,46
.text.CFW_NwSetWeakSignalEnable,text,64
.text.CFW_NwGetWeakSignalEnable,text,26
.rodata.CFW_NwSetBandPowerBoost.str1.1,rodata,108
.text.CFW_NwSetBandPowerBoost,text,136
.text.PlmnApi2Array,text,44
.text.plmnArray2Api,text,44
.text.NetStatusApi2At,text,46
.text.GprsStatusApi2At,text,36
.text.NetRatApi2At,text,52
.text.SimFlagPm3Restore,text,72
.rodata.CswPm3Restore.str1.1,rodata,15
.text.CswPm3Restore,text,1088
.rodata.CswPm3Presave.str1.1,rodata,71
.text.CswPm3Presave,text,940
.text.CswPm3Info,text,16
.text.CFW_RpcSendEvent,text,6
.text.CFW_RpcInit,text,56
.text.CFW_NwGetStatisticRpt,text,88
.text.sys_nst_config,text,72
.text.sys_nst_getrssi,text,56
.text.sys_start_nst_mode,text,56
.text.sys_stop_nst_mode,text,56
.text.PCNgisYfirev,text,68
.text.CFW_SimSetAttribute,text,56
.text.rfd_get_rf_powerrange,text,72
.text.RPC_CFW_GetIMEISVFromAP,text,12
.text.RECV_EV_CFW_CC_SPEECH_CALL_IND,text,8
.text.RECV_EV_CFW_CC_CRSSINFO_IND,text,16
.text.RECV_EV_CFW_CC_INITIATE_SPEECH_CALL_RSP,text,16
.text.RECV_EV_CFW_NEW_SMS_IND,text,26
.text.RECV_EV_CFW_NEW_EMS_IND,text,4
.text.RECV_EV_CFW_SS_USSD_IND,text,18
.text.RECV_EV_CFW_NW_NETWORKINFO_IND,text,10
.text.RECV_EV_CFW_NW_SET_REGISTRATION_RSP,text,16
.text.RECV_EV_CFW_GPRS_DATA_IND,text,12
.text.RECV_EV_CFW_NW_JAMMING_DETECT_IND,text,8
.text.RECV_EV_CFW_MBS_CALL_INFO_IND,text,8
.text.RECV_EV_CFW_SIM_GET_PBK_ENTRY_RSP,text,16
.text.RECV_EV_CFW_SIM_LIST_PBK_ENTRY_RSP,text,20
.text.RECV_EV_CFW_SIM_GET_PBK_STRORAGE_RSP,text,16
.text.RECV_EV_CFW_SIM_GET_PBK_STRORAGE_INFO_RSP,text,16
.text.RECV_EV_CFW_SIM_GET_PROVIDER_ID_RSP,text,4
.text.RECV_EV_CFW_SIM_CHANGE_PWD_RSP,text,4
.text.RECV_EV_CFW_SIM_READ_BINARY_RSP,text,16
.text.RECV_EV_CFW_SIM_GET_PREF_OPERATOR_LIST_RSP,text,4
.text.RECV_EV_CFW_SIM_GET_FILE_STATUS_RSP,text,4
.text.RECV_EV_CFW_SIM_READ_RECORD_RSP,text,4
.text.RECV_EV_CFW_SIM_READ_MESSAGE_RSP,text,22
.text.RECV_EV_CFW_SIM_LIST_MESSAGE_RSP,text,4
.text.RECV_EV_CFW_SMS_READ_MESSAGE_RSP,text,18
.text.RECV_EV_CFW_SIM_TPDU_COMMAND_RSP,text,4
.text.RECV_EV_CFW_SIM_GET_DF_STATUS_RSP,text,4
.text.RECV_EV_CFW_SIM_GET_CDMA_IMSI_RSP,text,4
.text.RECV_EV_CFW_NW_GET_AVAIL_OPERATOR_RSP,text,28
.text.RECV_EV_CFW_NW_GET_QSCANF_RSP,text,18
.text.RECV_EV_CFW_NW_GET_FREQSCAN_RSP,text,4
.text.RECV_EV_CFW_NW_GET_FREQSCAN_V2_RSP,text,4
.text.RECV_EV_CFW_NW_GET_JAMMING_RSP,text,4
.text.RECV_EV_CFW_NW_MEASURE_RESULT_RSP,text,4
.text.RECV_EV_CFW_SIM_READ_VOICEMIAL_RSP,text,4
.text.RECV_EV_CFW_SIM_READ_FILES_RSP,text,4
.text.RECV_EV_CFW_CB_PAGE_IND,text,4
.text.RECV_EV_CFW_SIM_GET_SMS_PARAMETERS_RSP,text,16
.text.RECV_EV_CFW_SS_QUERY_CALL_FORWARDING_RSP,text,16
.text.RECV_EV_CFW_SS_SET_CALL_FORWARDING_RSP,text,16
.text.RECV_EV_CFW_SS_SEND_USSD_RSP,text,4
.text.RECV_EV_CFW_EMC_NUM_LIST_IND,text,16
.text.RECV_EV_CFW_SAT_REFRESH_FILE_CHG_RSP,text,8
.text.RECV_EV_CFW_SAT_RESPONSE_RSP,text,34
.text.RECV_EV_CFW_SIM_GET_EID_RSP,text,4
.text.RECV_EV_CFW_SIM_SET_SUSPEND_RSP,text,4
.text.RECV_EV_CFW_SIM_GET_ICCID_RSP,text,4
.text.RECV_EV_CFW_NW_JAMMING_RSSI_RSP,text,10
.text.RECV_EV_CFW_BLKLIST_GSM_PARAM_GET_IND,text,4
.text.RECV_EV_CFW_NW_NET_DL_PSM_PARAM_RSP,text,8
.text.RECV_EV_CFW_BLKLIST_LTE_PARAM_GET_IND,text,8
.text.RECV_EV_CFW_ERRC_IDL_MEAS_OFFSET_READ_RSP,text,8
.text.RECV_EV_CFW_ERRC_CONNSTATUS_V2_IND,text,8
.text.RECV_EV_CFW_ENG_EVENT_RPT_IND,text,8
.text.RECV_EV_CFW_ENG_STATIS_RPT_IND,text,10
.text.RECV_EV_CFW_GSM_RACH_RESULT_IND,text,8
.text.RECV_EV_CFW_ENG_STATIS_RPT_EL1_IND,text,8
.text.RECV_EV_CFW_ENG_EVENT_RPT_V2_IND,text,4
.text.RECV_EV_CFW_NW_EMM_FAILED_PROCEDURE_IND,text,4
.text.RECV_EV_DM_DAEMON_IND,text,4
.text.RECV_EV_CFW_WIFI_SENTEST_RSP,text,4
.text.RECV_EV_CFW_ENG_EVENT_RPT_REDIRECT_IND,text,4
.text.RECV_EV_CFW_ENG_EVENT_RPT_GSMTOLTE_IND,text,8
.text.RECV_EV_CFW_ENG_EVENT_RPT_V3_IND,text,8
.text.RECV_EV_CFW_GSM_NET_REJCAUSE_IND,text,8
.rodata.registerNetwork.str1.1,rodata,29
.text.registerNetwork,text,260
.text.postRefresh.isra.0,text,204
.text.CFW_GetSimOpenStatus,text,12
.text.CFW_SetSimOpenStatus,text,12
.text.CFW_SetPsmPowerOn,text,12
.text.CFW_ShellControl,text,216
.text._SimOpen,text,136
.text.CFW_AutoGprsAct,text,388
.text.CFW_GetAutoCallFlagFromRam,text,20
.text.CFW_GetAutoCallCmd,text,44
.text.CSW_SAT_InitEX,text,28
.text._SetAutoCallTimer,text,60
.rodata.CFW_ShellProc.str1.1,rodata,166
.text.CFW_ShellProc,text,3816
.rodata._getSIMFileName.str1.1,rodata,16
.text._getSIMFileName,text,20
.text.CFW_SimGetMeProfile,text,76
.text.Sim_ParseSW1SW2,text,1320
.text.SimParseDedicatedStatus,text,652
.text.SimResetReq,text,92
.text.SimRetryReq,text,64
.text.SimReadBinaryReq,text,140
.text.SimUpdateBinaryReq,text,108
.text.SimElemFileStatusReq,text,84
.text.SimDedicFileStatusReq,text,68
.text.SimSelectApplicationReqV2,text,100
.text.SimApplicationToolReq,text,128
.text.SimSetUsimPbk,text,100
.text.CFW_SimPollReq,text,40
.text.SimReadRecordReq,text,132
.text.SimUpdateRecordReq,text,140
.text.SimSeekReq,text,144
.text.SimSeekAllReq,text,144
.text.SimVerifyCHVReq,text,104
.text.SimChangeCHVReq,text,124
.text.SimDisableCHVReq,text,104
.text.SimEnableCHVReq,text,84
.text.SimUnblockCHVReq,text,124
.text.SimInvalidateReq,text,96
.text.SimRehabilitateReq,text,96
.text.cfw_IMSItoASC,text,74
.text.CFW_GetSimCardID,text,48
.text.SimPollOffReq,text,16
.text.CFW_SimGetOperationTimes,text,4
.text.SimSendStatusReq,text,60
.rodata.gSimFileNames,rodata,1704
.text.uicc_ims_imsi_set_req,text,4
.text.uicc_lp_read_proc,text,24
.text.uicc_loci_read_proc,text,24
.text.uicc_li_read_proc,text,24
.text.uicc_sms_read_proc,text,24
.text.uicc_reset_req,text,28
.text.uicc_verify_pin_proc,text,348
.text.uicc_smss_read_proc,text,60
.rodata.uicc_ef_rehabilitate_req.str1.1,rodata,24
.text.uicc_ef_rehabilitate_req,text,148
.rodata.uicc_select_application_req.str1.1,rodata,85
.text.uicc_select_application_req,text,632
.text.uicc_iccid_read_proc,text,84
.text.uicc_dedicated_status_proc,text,416
.text.uicc_spn_read_proc,text,140
.text.uicc_ad_read_proc,text,240
.text.uicc_impu_read_proc,text,104
.text.uicc_domain_read_proc,text,104
.text.uicc_impi_read_proc,text,108
.text.uicc_ecc_read_proc,text,352
.text.uicc_dir_read_req,text,540
.text.uicc_unblock_pin_req,text,140
.text.uicc_dedicated_status_req,text,144
.text.uicc_sim_open_ind,text,184
.text.uicc_verify_pin_req,text,252
.text.uicc_smsp_read_proc,text,336
.text.uicc_stkactive_proc,text,228
.text.uicc_unblock_pin_proc,text,648
.text.uicc_retry_req,text,64
.rodata.uicc_new_status_req.str1.1,rodata,75
.text.uicc_new_status_req,text,408
.text.uicc_ef_rehabilitate_proc,text,60
.rodata.get_present_uicc.str1.1,rodata,24
.text.get_present_uicc,text,44
.text.uicc_fdn_read_proc,text,60
.text.uicc_adn_unavailable_proc,text,38
.rodata.uicc_2g_adn_status_req.str1.1,rodata,225
.text.uicc_2g_adn_status_req,text,300
.text.uicc_adn_read_proc,text,40
.text.uicc_sdn_read_proc,text,40
.text.uicc_bdn_read_proc,text,40
.text.uicc_msisdn_read_proc,text,40
.text.uicc_imsi_read_proc,text,116
.text.uicc_gid1_read_proc,text,152
.text.uicc_gid2_read_proc,text,152
.text.uicc_phase_read_proc,text,96
.text.uicc_ef_sms_status_proc,text,140
.text.uicc_get_pin_status,text,52
.text.get_usim_aid,text,676
.text.uicc_dir_read_proc,text,92
.text.uicc_decode_ps_do,text,776
.text.uicc_select_application_proc,text,256
.text.get_ef_status,text,284
.text.uicc_msisdn_status_proc,text,60
.text.uicc_ef_status_proc,text,200
.text.uicc_pbr_status_proc,text,172
.text.uicc_verify_ef_status,text,160
.text.uicc_ef_read_req,text,896
.text.uicc_ust_read_proc,text,160
.rodata.uicc_pbr_read_proc.str1.1,rodata,76
.text.uicc_pbr_read_proc,text,808
.text.uicc_find_ef_status,text,66
.text.uicc_ef_status_req,text,172
.text.get_service_status,text,556
.text.uicc_stkactive_req,text,216
.text.uicc_est_read_proc,text,80
.rodata.uicc_adn_status_proc.str1.1,rodata,204
.text.uicc_adn_status_proc,text,492
.text.uicc_sst_read_proc,text,592
.text.uicc_ef_read_proc,text,448
.text.uicc_init_proc,text,1388
.rodata.uicc_init.str1.1,rodata,15
.text.uicc_init,text,592
.text.uicc_refersh,text,184
.text.CFW_UiccDestroy,text,204
.text.CFW_GetActivedUiccNum,text,36
.text.CFW_SetActivedUiccNum,text,28
.text.CFW_UiccInit,text,168
.text.CFW_SimHotDetectDone,text,260
.rodata.uicc_get_ef_info.str1.1,rodata,85
.text.uicc_get_ef_info,text,132
.rodata.uicc_get_adn_info.str1.1,rodata,117
.text.uicc_get_adn_info,text,204
.rodata.CFW_SimInitStage3.str1.1,rodata,45
.text.CFW_SimInitStage3,text,156
.text.CFW_SimInitStage2,text,64
.rodata.CFW_SimInitStage1.str1.1,rodata,45
.text.CFW_SimInitStage1,text,140
.rodata.CFW_SimClose.str1.1,rodata,17
.text.CFW_SimClose,text,100
.rodata.CFW_SimResetEx.str1.1,rodata,19
.text.CFW_SimResetEx,text,196
.text.CFW_SimCloseEx,text,108
.text.uicc_monitor,text,172
.text.uicc_reset_proc,text,444
.text.CFW_GetSPNLen,text,56
.text.CFW_GetICCID,text,12
.text.CFW_SetSimStatus,text,52
.text.CFW_GetSimStatus,text,56
.text.CFW_InitSimVar,text,96
.text.CFW_GetSimSPN,text,88
.text.CFW_SetSimSPN,text,40
.text.CFW_GetSimType,text,18
.text.CFW_GetStackSimFileID,text,744
.rodata.CFW_GetStackSimFileIDByPath_V2.str1.1,rodata,12
.text.CFW_GetStackSimFileIDByPath_V2,text,912
.text.CFW_GetMNCLen,text,20
.rodata.CFW_SimCloseProc.str1.1,rodata,62
.text.CFW_SimCloseProc,text,204
.text.CFW_SimInitStage3Proc,text,1996
.text.CFW_USimInitStage3Proc,text,2624
.text.CFW_GetSimSwitchIndex,text,32
.text.CFW_SetSimSwitchIndex,text,28
.text.CFW_SwitchDualSimSlot,text,84
.text.CFW_SimInitStage1Proc,text,928
.text.CFW_USimInitStage1Proc,text,952
.text.CFW_SimResetExProc,text,2860
.text.CFW_SimEnterAuthenticationPinPwdCopy,text,54
.rodata.CFW_SimEnterAuthenticationEX.str1.1,rodata,31
.text.CFW_SimEnterAuthenticationEX,text,276
.text.CFW_SimEnterAuthentication,text,620
.rodata.CFW_SimChangePassword.str1.1,rodata,26
.text.CFW_SimChangePassword,text,436
.text.setFacilityLockParamIsValid,text,264
.rodata.CFW_SimGetAuthenticationStatus.str1.1,rodata,64
.text.CFW_SimGetAuthenticationStatus,text,148
.rodata.CFW_SimGetFacilityLock.str1.1,rodata,23
.text.CFW_SimGetFacilityLock,text,168
.rodata.CFW_SimSetFacilityLock.str1.1,rodata,23
.text.CFW_SimSetFacilityLock,text,328
.text.CFW_SimGetAuthenStatusProc,text,224
.text.CFW_SimEnterAuthenticationProc,text,636
.text.CFW_SimChangePasswordProc,text,392
.text.CFW_SimGetFacilityProc,text,180
.text.CFW_SimSetFacilityProc,text,1148
.text.CFW_SimSetECC,text,72
.text.CFW_USimSetECC,text,48
.text.CFW_SimSetLP,text,16
.text.CFW_SimGetPS,text,4
.text.CFW_SimGetPF,text,4
.text.SimSpySimCard,text,228
.rodata.CFW_SimGetProviderId.str1.1,rodata,28
.text.CFW_SimGetProviderId,text,84
.rodata.CFW_SimWritePreferPLMN.str1.1,rodata,27
.text.CFW_SimWritePreferPLMN,text,612
.rodata.CFW_SimReadPreferPLMN.str1.1,rodata,26
.text.CFW_SimReadPreferPLMN,text,132
.rodata.CFW_SimGetEID.str1.1,rodata,21
.text.CFW_SimGetEID,text,68
.rodata.CFW_SimGetPrefOperatorListMaxNum.str1.1,rodata,32
.text.CFW_SimGetPrefOperatorListMaxNum,text,112
.rodata.CFW_SimGetICCID.str1.1,rodata,20
.text.CFW_SimGetICCID,text,92
.rodata.CFW_SimGetFileStatus.str1.1,rodata,25
.text.CFW_SimGetFileStatus,text,176
.rodata.CFW_SimReadRecord.str1.1,rodata,74
.rodata.CFW_SimReadRecordWithLen.str1.1,rodata,29
.text.CFW_SimReadRecordWithLen,text,260
.rodata.CFW_SimReadRecordAllParam.str1.1,rodata,30
.text.CFW_SimReadRecordAllParam,text,264
.rodata.CFW_SimUpdateRecord.str1.1,rodata,24
.text.CFW_SimUpdateRecordAllParam,text,276
.rodata.CFW_SimGetDFStatus.str1.1,rodata,23
.text.CFW_SimGetDFStatus,text,128
.rodata.CFW_SimManageChannel.str1.1,rodata,25
.text.CFW_SimManageChannel,text,136
.rodata.CFW_SimSelectApplication.str1.1,rodata,29
.text.CFW_SimSelectApplication,text,144
.rodata.CFW_SimTPDUCommand.str1.1,rodata,23
.text.CFW_SimTPDUCommand,text,120
.rodata.CFW_SimRefreshFiles.str1.1,rodata,24
.text.CFW_SimRefreshFiles,text,192
.text.CFW_SimGetLanguage,text,44
.rodata.CFW_SimGetOperatorName.str1.1,rodata,27
.text.CFW_SimGetOperatorName,text,312
.text.CFW_SetCurrPreferPLMNList,text,12
.text.CFW_SimWritePreferPLMNProc,text,1396
.text.CFW_SimReadPreferPLMNProc,text,820
.text.CFW_SimMisGetPrefListMAXNumProc,text,368
.text.CFW_SimMisGetProviderIdProc,text,588
.text.CFW_SimMisGetEIDProc,text,328
.text.CFW_SimGetICCIDProc,text,268
.text.CFW_SimGetFileStatusProc,text,348
.rodata.CFW_SimReadRecordProc.str1.1,rodata,52
.text.CFW_SimReadRecordWithLenProc,text,556
.text.CFW_SimReadRecordAllParamProc,text,540
.text.CFW_SimUpdateRecordProc,text,936
.text.CFW_SimGetDFStatusProc,text,324
.text.CFW_SimRefreshFilesProc,text,304
.text.CFW_SimManageChannelProc,text,320
.text.CFW_SimSelectApplicationProc,text,332
.text.CFW_SimTPDUCommandProc,text,332
.rodata.SCI_UnpackSome7bitsTo8bits.str1.1,rodata,9
.text.SCI_UnpackSome7bitsTo8bits,text,188
.text.SCI_Unpack7bitsTo8bits,text,78
.text.CFW_SimGetOperatorNameProc,text,2872
.rodata.CFW_SimListPbkEntries.str1.1,rodata,180
.text.CFW_SimListPbkEntries,text,540
.rodata.CFW_SimGetPbkStrorageInfo.str1.1,rodata,54
.text.CFW_SimGetPbkStrorageInfo,text,296
.rodata.cfw_SimParsePBKRecData.str1.1,rodata,144
.text.cfw_SimParsePBKRecData,text,744
.rodata.CFW_SimPBKListEntryProc.str1.1,rodata,60
.text.CFW_SimPBKListEntryProc,text,1100
.rodata.CFW_SimPBKStorageInfoProc.str1.1,rodata,280
.text.CFW_SimPBKStorageInfoProc,text,1500
.text.bcd2hex,text,18
.text.hex2bcd,text,32
.text.buildBearerDescription,text,64
.text.buildChannelData,text,36
.text.buildCommandDetails,text,40
.text.buildResult,text,54
.text.buildTimerValue,text,44
.text.buildTextString,text,48
.text.buildLocationInformation,text,64
.text.buildRoutingAreaID,text,38
.text.buildTrackingAreaID,text,34
.text.buildIMEI,text,20
.text.buildNetworkMeasurementResults,text,76
.text.buildDateTimeZone,text,20
.text.getLengthTLV,text,18
.text.getCommandDetail,text,38
.text.getDeviceIden,text,34
.text.getDuration,text,34
.text.getItemIdentifier,text,30
.text.getResponseLength,text,34
.text.getTone,text,30
.text.getItemsNextActionIndicator,text,30
.text.getIconIdentifier,text,34
.text.getItemIconIdenList,text,36
.text.getTimerIden,text,30
.text.getTimerValue,text,30
.text.getImmediateRSP,text,28
.text.getBrowserIden,text,30
.text.getBearerDes,text,36
.text.getChannelDataLength,text,30
.text.getBufferSize,text,38
.text.getOtherAddress,text,38
.text.getTransportLevel,text,42
.text.getNetworkAccessName,text,30
.text.getAddress,text,76
.text.getAlphaIden,text,68
.text.getSubAddress,text,68
.text.getCapabilityCP,text,68
.text.getItem,text,100
.text.getSMSTPDU,text,68
.text.getSSString,text,76
.text.getTextString,text,78
.text.getUSSDString,text,76
.text.getFileList,text,76
.text.getDefaultText,text,78
.text.getEventList,text,68
.text.getDTMFString,text,68
.text.getURL,text,68
.text.getBearer,text,68
.text.getProvisoinFileRef,text,72
.text.fetchLaunchBrowser.part.0,text,1120
.text.getChannelData,text,72
.text.fetchSetupMenu,text,624
.text.fetchSelectItem,text,532
.text.fetchDisplayText,text,132
.text.fetchGetInput,text,222
.text.fetchSendSMS,text,536
.text.fetchCallSetup,text,724
.text.fetchSetupEventList,text,66
.text.fetchRefresh,text,656
.text.fetchPollInterval,text,76
.text.fetchSendSS,text,280
.text.fetchSendUSSD,text,280
.text.fetchPlayTone,text,208
.rodata.fetchOpenChannel.str1.1,rodata,24
.text.fetchOpenChannel,text,1716
.text.fetchCloseChannel,text,264
.text.fetchReceiveData,text,316
.text.fetchSendData,text,392
.text.fetchLaunchBrowser,text,12
.text.fetchTimerManagement,text,192
.text.fetchDTMF,text,194
.text.sendResponsePDU,text,112
.text.sendSelectItemRsp,text,164
.text.sendGetInKeyRsp,text,152
.text.sendGetInputRsp,text,152
.text.sendSMSPPDownload,text,496
.text.sendChannelStatusEvent,text,152
.text.sendTimerManagement,text,172
.text.sendTimerExpirationEvent,text,124
.text.sendDataAvailableEvent,text,148
.text.sendLocationStatusEvent,text,172
.text.sendNetworkRejectEvent,text,312
.text.sendPollIntervalRsp,text,212
.text.sendUSSDRsp,text,224
.text.sendCallControl,text,140
.rodata.sendMenuSelection.str1.1,rodata,9
.text.sendMenuSelection,text,176
.text.sendEnvelopePDU,text,128
.text.sendProvideLocalInfoRsp,text,396
.rodata.sendGetReadStatusRsp.str1.1,rodata,3
.text.sendGetReadStatusRsp,text,204
.text.sendGetChannelStatusRsp,text,200
.text.sendOpenChannelRsp,text,232
.text.sendCloseChannelRsp,text,160
.text.sendReceiveDataRsp,text,212
.text.sendSendDataRsp,text,180
.text.sendCommonRsp,text,152
.text.packGSM7bit,text,154
.text.processFetchData,text,2436
.rodata.TerminalResponse,rodata,12
.rodata.CFW_SatActivation.str1.1,rodata,22
.text.CFW_SatActivation,text,136
.text.satGetData,text,124
.rodata.CFW_SatResponseV2.str1.1,rodata,20
.text.CFW_SatResponseV2,text,520
.text.CFW_SatGetCurCMD,text,12
.text.CFW_SatGetCurrentCmd,text,60
.text.CFW_SatGetSetupEventList,text,84
.text.CFW_SatGetSendSmsSCInfo,text,88
.text.CFW_SatGetSendSmsData,text,80
.text.CFW_SatGetRefreshFilesList,text,72
.text.CFW_SatGetPollIntervalDuration,text,60
.text.CFW_SatGetTimerManagement,text,72
.text.CFW_SatGetReceiveData,text,56
.text.CFW_SatGetSendData,text,72
.text.CFW_SatGetOpenChannelUserInfo,text,128
.text.CFW_SatGetOpenChannelAPN,text,76
.text.CFW_SatGetOpenChannelDestAddress,text,88
.text.CFW_SatGetOpenChannelNetInfoV2,text,72
.text.CFW_SatGetOpenChannelBearerDes,text,140
.text.CFW_SatGetChannelID,text,38
.text.CFW_SatGetDisplayText,text,148
.text.CFW_SatSetEventList,text,40
.text.CFW_SatGetEventList,text,12
.text.CFW_SatResponse,text,22
.text.CFW_GetSATIndFormate,text,12
.text._SATTimerProc,text,92
.text.CFW_SatResponseProc,text,1476
.text.CFW_SatActivationProc,text,532
.text.SendRefreshSclMsg,text,172
.text.CFW_parseSimStatus,text,84
.rodata.CFW_SimPatch.str1.1,rodata,17
.text.CFW_SimPatch,text,144
.rodata.CFW_SimPatchEX.str1.1,rodata,19
.text.CFW_SimPatchEX,text,120
.rodata.CFW_SimReadMessage.str1.1,rodata,23
.text.CFW_SimReadMessage,text,180
.rodata.CFW_SimWriteMessage.str1.1,rodata,24
.text.CFW_SimWriteMessage,text,292
.rodata.CFW_SimListMessage.str1.1,rodata,23
.text.CFW_SimListMessage,text,204
.rodata.CFW_SimDeleteMessage.str1.1,rodata,23
.text.CFW_SimDeleteMessage,text,224
.rodata.CFW_SimReadBinary.str1.1,rodata,22
.text.CFW_SimReadBinary,text,144
.rodata.CFW_SimUpdateBinary.str1.1,rodata,24
.text.CFW_SimUpdateBinary,text,168
.rodata.CFW_SimSetMR.str1.1,rodata,17
.text.CFW_SimSetMR,text,140
.rodata.CFW_SimGetMR.str1.1,rodata,17
.text.CFW_SimGetMR,text,136
.rodata.CFW_SimGetSmsTotalNum.str1.1,rodata,26
.text.CFW_SimGetSmsTotalNum,text,156
.rodata.CFW_SimGetSmsParameters.str1.1,rodata,28
.text.CFW_SimGetSmsParameters,text,140
.rodata.CFW_SimSetSmsParameters.str1.1,rodata,28
.text.CFW_SimSetSmsParameters,text,216
.rodata.CFW_SimSmsInit.str1.1,rodata,19
.text.CFW_SimSmsInit,text,160
.rodata._SimSMSStatusArrayInit.str1.1,rodata,85
.text._SimSMSStatusArrayInit,text,92
.rodata._SimSMSStatusArrayAdd.str1.1,rodata,80
.text._SimSMSStatusArrayAdd,text,104
.rodata._SimSMSStatusArrayRemove.str1.1,rodata,86
.text._SimSMSStatusArrayRemove,text,80
.rodata._SimSMSStatusArraySeek.str1.1,rodata,162
.text._SimSMSStatusArraySeek,text,156
.text._SimSMSStatusArrayDestroy,text,28
.text.CFW_SimPatchProc,text,408
.text.CFW_SimPatchEXProc,text,532
.text.CFW_SimReadMessageProc,text,492
.text.CFW_SimWriteMessageProc,text,844
.text.CFW_SimListMessageProc,text,992
.text.CFW_SimDeleMessageProc,text,1228
.text.CFW_SimReadBinaryProc,text,420
.text.CFW_SimUpdateBinaryProc,text,336
.text.CFW_SimGetMRProc,text,312
.text.CFW_SimSetMRProc,text,304
.text.CFW_SimGetSmsTotalNumProc,text,408
.text.CFW_SimGetSmsParametersProc,text,1072
.text.CFW_SimSetSmsParametersProc,text,1192
.text.CFW_SimSmsInitProc,text,1136
.text.SMS_DeleteFromMeByStatusEX,text,108
.text.SMS_AppendEX,text,92
.text.SMS_WriteEX,text,44
.text.SMS_GetStorageInfoEX,text,124
.text.SMS_HaveFreeSlotEX,text,108
.text.SMS_SFSim2UserEX,text,76
.text.SMS_SFUser2SimEX,text,80
.text.SMS_ReadEX,text,56
.text.SMS_Read2EX,text,62
.text.CFW_MeDeleteMessage,text,132
.rodata.CFW_MeWriteMessage.str1.1,rodata,41
.text.CFW_MeWriteMessage,text,232
.text.CFW_MeReadMessage,text,68
.text.CFW_MeListMessage,text,264
.text.CFW_MeGetStorageInfo,text,84
.rodata.sms_mt_Reg.str1.1,rodata,13
.text.sms_mt_Reg,text,88
.text.sms_listFreeSmsNode,text,128
.text.sms_SendFreeData,text,60
.text.sms_listWrapReadData,text,896
.rodata.cfwSmsInitMeStatusCount.str1.1,rodata,119
.text.cfwSmsInitMeStatusCount,text,184
.text.smsMtIsSendAckReqDirectly,text,128
.rodata.sms_MTAoProc.str1.1,rodata,461
.text.sms_MTAoProc,text,1856
.rodata.sms_InitAoProc.str1.1,rodata,106
.text.sms_InitAoProc,text,580
.text.CFW_SmsSendProcEnd.isra.0,text,44
.rodata.sms_SendLongTextMsg.str1.1,rodata,171
.text.sms_SendLongTextMsg,text,440
.rodata.sms_SendNormalMsg.str1.1,rodata,89
.text.sms_SendNormalMsg,text,344
.text.CFW_GprsGetSmsSeviceMode,text,12
.text.CFW_GetSmsSeviceMode,text,12
.rodata.CFW_SmsMoInit.str1.1,rodata,15
.text.CFW_SmsMoInit,text,108
.text.CFW_SmsMtInit,text,24
.text.getPostNotifyEventParam1,text,100
.text.sms_ReadAoProc,text,1528
.text.sms_DleteAoProc,text,1752
.text.sms_ListAoProc,text,772
.rodata.sms_SendProc.str1.1,rodata,54
.text.sms_SendProc,text,1136
.text.sms_SetUnRead2ReadProc,text,824
.text.CFW_SmsInitCompleteProc,text,344
.text.CFW_SMSStorageReset,text,56
.text.cfwSmsSetMtProcessFlag,text,12
.text.CFW_PsmSavedSMSInfo,text,160
.text.CFW_PsmRestoreSMSInfo,text,176
.text.CFW_SmsCheckStorage,text,18
.text.CFW_CheckUtiAndSimId,text,32
.rodata.CFW_SmsSendMessage.str1.1,rodata,13
.text.CFW_SmsSendMessage,text,452
.text.CFW_SmsSendPduMessage,text,22
.text.CFW_SmsSendMessage_V2,text,36
.rodata.CFW_SmsDeleteMessage.str1.1,rodata,16
.text.CFW_SmsDeleteMessage,text,316
.rodata.CFW_SmsSetUnRead2Read.str1.1,rodata,23
.text.CFW_SmsSetUnRead2Read,text,224
.rodata.CFW_SmsReadMessage.str1.1,rodata,51
.text.CFW_SmsReadMessage,text,272
.rodata.CFW_SmsListMessages.str1.1,rodata,15
.text.CFW_SmsListMessages,text,304
.text.CFW_SmsGetMessageNode,text,200
.text.CFW_SmsGetMessageNodeEx,text,52
.rodata.CFW_SmsInitComplete.str1.1,rodata,24
.text.CFW_SmsInitComplete,text,144
.text.CFW_GetSMSConcat,text,12
.text.CFW_SmsListFree,text,56
.text.CFW_SendPositiveRpAck,text,76
.text.CFW_SendNegativeRpAck,text,80
.text.CFW_SmsMtSmsPPAckReq,text,4
.text.CFW_SendMtSmsAckPPError,text,4
.text.Cfw_GetSmsInitStatus,text,12
.text.Cfw_SetSmsInitStatus,text,12
.text.CFW_SetMoSmsRetryCount,text,44
.text.CFW_SmsSetClass0StorageStatus,text,12
.text.CFW_SmsGetClass0StorageStatus,text,12
.text.CFW_SmsSetSmFullForwardFlashFlag,text,12
.text.CFW_SmsGetSmFullForwardFlashFlag,text,12
.text.CFW_SmsGetSpecialDcsFlag,text,12
.text.cfwSmsMtfreeSmsDataProc,text,34
.text.cfwSmsConvertSmsTime2Scts,text,28
.rodata.cfwSmsMtParseDCS.str1.1,rodata,110
.text.cfwSmsMtParseDCS,text,188
.text.cfwSmsMtUncompressedDataDecode,text,216
.text.cfwSmsMtGetOALen.isra.0,text,14
.text.cfwSmsMtGetDCS,text,16
.text.cfwSmsMtGetUDAddr,text,136
.text.cfwSmsIsStatusSentOrUnsent,text,32
.text.cfwSmsIsStatusReadOrUnread,text,12
.text.cfwSmsTypeOfNumber,text,28
.text.cfwSmsReportFull,text,132
.text.cfwSmsMtSerializeTime,text,140
.text.cfwSmsMtSendPositiveRpAckWithData,text,112
.text.cfwSmsMtSendPositiveRpAck,text,42
.rodata.cfwSmsMtSendNegativeRpAckWithData.str1.1,rodata,96
.text.cfwSmsMtSendNegativeRpAckWithData,text,124
.text.cfwSmsMtSendNegativeRpAck,text,46
.text.cfwSmsMtParseStatusReport,text,372
.text.cfwSmsMtParseSmsPPReceiveInd,text,1128
.text.cfwSmsMtRealStorage,text,288
.rodata.cfwSmsMtParseDeliver.str1.1,rodata,31
.text.cfwSmsMtParseDeliver,text,940
.rodata.cfwSmsMtParseData.str1.1,rodata,28
.text.cfwSmsMtParseData,text,228
.text.cfwSmsMoParseSmsppErrorInd,text,480
.text.cfwSmsMoSmsPPSendMMAReq,text,88
.text.cfwSmsMogetVPLength,text,22
.rodata.cfwSmsPduComposeData.str1.1,rodata,103
.text.cfwSmsPduComposeData,text,512
.text.cfwSmsConvertDcs,text,178
.text.cfwSmsDecomposeTextDeliverPDU,text,1056
.text.cfwSmsDecomposeTextSubmitPDU,text,852
.text.cfwSmsDecomposePDUStatus,text,78
.text.cfwSmsDecomposePduVerifyStatus,text,112
.text.cfwSmsDecomposePDU,text,548
.text.cfwSmsParsePdu,text,208
.text.cfwSmsComposeCalculateSmsCount,text,82
.text.cfwSmsTextComposeData,text,4804
.rodata.CSWTCH.416,rodata,3
.rodata.ss_GetMMiClass.str1.1,rodata,38
.text.ss_GetMMiClass,text,44
.rodata.ss_SetMmiBitStatus.str1.1,rodata,150
.text.ss_SetMmiBitStatus,text,220
.rodata.GetBSMmiCode.str1.1,rodata,307
.text.GetBSMmiCode,text,156
.rodata.GetBSCategory.str1.1,rodata,42
.text.GetBSCategory,text,36
.rodata.GetBSProtocolCode.str1.1,rodata,262
.text.GetBSProtocolCode,text,156
.rodata.CFW_SsMtReg.str1.1,rodata,184
.text.CFW_SsMtReg,text,180
.rodata.ss_Api_Err_Ind.str1.1,rodata,643
.text.ss_Api_Err_Ind,text,996
.rodata.ss_GetMmiServCode.str1.1,rodata,127
.text.ss_GetMmiServCode,text,92
.rodata.ss_Api_Cnf_No_Retresult.str1.1,rodata,443
.text.ss_Api_Cnf_No_Retresult,text,764
.rodata.CFW_SsAoProcEnd.isra.0.str1.1,rodata,16
.text.CFW_SsAoProcEnd.isra.0,text,44
.rodata.cfwSsSendEventHandle.constprop.0.str1.1,rodata,52
.text.cfwSsSendEventHandle.constprop.0,text,72
.rodata.CFW_SendFacilityMsg.str1.1,rodata,51
.text.CFW_SendFacilityMsg,text,84
.rodata.CFW_SsAoProc.str1.1,rodata,3796
.text.CFW_SsAoProc,text,4416
.rodata.CFW_SendRelComMsg.str1.1,rodata,49
.text.CFW_SendRelComMsg,text,84
.rodata.CFW_SsMtAoProc.str1.1,rodata,1326
.text.CFW_SsMtAoProc,text,2160
.rodata.CFW_SsInit.str1.1,rodata,18
.text.CFW_SsInit,text,40
.rodata.CFW_SsQueryClip.str1.1,rodata,210
.text.CFW_SsQueryClip,text,288
.rodata.CFW_SsQueryClir.str1.1,rodata,191
.text.CFW_SsQueryClir,text,288
.rodata.CFW_SsQueryColp.str1.1,rodata,21
.text.CFW_SsQueryColp,text,240
.rodata.CFW_SsQueryColr.str1.1,rodata,20
.text.CFW_SsQueryColr,text,240
.rodata.CFW_SsQueryCallWaiting.str1.1,rodata,346
.text.CFW_SsQueryCallWaiting,text,356
.rodata.CFW_SsSetCallWaiting.str1.1,rodata,382
.text.CFW_SsSetCallWaiting,text,376
.rodata.CFW_SsQueryCallForwarding.str1.1,rodata,444
.text.CFW_SsQueryCallForwarding,text,392
.rodata.CFW_SsSetCallForwarding.str1.1,rodata,462
.text.CFW_SsSetCallForwarding,text,680
.rodata.CFW_SsSetFacilityLock.str1.1,rodata,605
.text.CFW_SsSetFacilityLock,text,672
.rodata.CFW_SsQueryFacilityLock.str1.1,rodata,592
.text.CFW_SsQueryFacilityLock,text,572
.rodata.CSWTCH.163,rodata,12
.rodata.CSWTCH.181,rodata,3
.rodata.sSsBearBSCodeLists,rodata,6
.rodata.sSsServCodeLists,rodata,124
.rodata.sSsTeleBSCodeLists,rodata,24
.text.prvCfwPsmSave,text,2
.text.CFW_SendCfwMsg,text,36
.text.CFW_ProcessMsg,text,128
.text.CFW_ProcessEvent,text,60
.text.CFW_ThreadEntry,text,92
.text.CFW_SendCfwDataMsg,text,58
.text.CFW_SendSystemEvent,text,4
.text.CFW_StackMsgArrived,text,4
.rodata.CFW_Start.str1.1,rodata,9
.text.CFW_Start,text,112
.text.cfw_MemFreeLater,text,16
.text.CFW_USimPinPukStatistics,text,50
.text.CFW_GetCHVAuthen,text,40
.text.CFW_UsimDecodeDataLength,text,46
.text.CFW_UsimDecFileSize,text,38
.text.CFW_UsimDecEfFileDescriptor,text,76
.text.CFW_UsimDecodeEFFcp,text,134
.text.CFW_UsimDecodeEFFcpV2,text,336
.text.CFW_GetAdnAlphaIdLength,text,112
.text.CFW_UsimDecodeEfDirRecord,text,228
.text.CFW_UsimUsageQualifier,text,38
.text.CFW_UsimSetPinStatus,text,144
.text.CFW_UsimDecKeyReference,text,40
.text.CFW_UsimDecPinStatusTemplateDO,text,228
.text.CFW_UsimDecodeDFFcp,text,164
.text.CFW_CfgUSimGetPinParam,text,56
.text.CFW_USimInitPinStatus,text,648
.text.CFW_USimParsePinStatus,text,296
.text.CFW_USimParsePukStatus,text,288
.rodata.CSW_RID_3G,rodata,5
.text.SMS_DM_GetRange,text,38
.rodata.SMS_DM_Writeback.str1.1,rodata,14
.text.SMS_DM_Writeback,text,96
.text.SMS_DM_Update,text,96
.text.SMS_DM_Init,text,236
.text.SMS_DM_GetFreeIndexFromNv,text,88
.text.SMS_DM_Add,text,164
.text.SMS_DM_Read,text,120
.text.SMS_DM_OverWrite,text,132
.text.SMS_DM_Delete,text,116
.text.SMS_DM_DeleteEX,text,120
.text.SMS_DM_GetIndexByStatus,text,156
.rodata.sprd_ce_int_notify.str1.1,rodata,30
.text.sprd_ce_int_notify,text,140
.text.sprd_ce_int_thread_pka,text,36
.text.sprd_ce_int_thread,text,36
.text.sprd_crypto_init_ce_cfg,text,12
.text.sprdCeWriteCmdCfg,text,48
.text.sprdCeWritePkaCmdCfg,text,48
.text.sprd_ce_write_cmd_start,text,60
.text.sprd_ce_write_cmd_start_pka,text,36
.text.sprdCeGetCmd_len,text,88
.text.sprd_ce_write_cmd_hash,text,204
.text.sprd_ce_write_cmd_ecc,text,88
.text.sprd_ce_write_cmd_rsa,text,290
.text.sprd_ce_write_cmd_prime_gen,text,232
.text.sprd_ce_write_cmd_rsa_gen,text,434
.text.sprd_ce_write_cmd_aes,text,816
.text.sprd_ce_write_cmd_rng,text,222
.text.sprd_ce_write_cmd_sm4,text,536
.text.sprd_ce_write_cmd_sm2,text,88
.rodata.sprdCeWriteCmd.str1.1,rodata,41
.text.sprdCeWriteCmd,text,184
.text.sprdCeCmdFifoRemainder,text,20
.text.sprdCePkaCmdFifoRemainder,text,20
.text.sprdCeRegisterIrqHandle,text,12
.text.sprdCeRegisterIrqHandlePka,text,12
.text.sprdCeClose,text,24
.rodata.sprdCeInit.str1.1,rodata,104
.text.sprdCeInit,text,188
.rodata.__FUNCTION__.41865,rodata,15
.rodata.__FUNCTION__.41908,rodata,19
.rodata.__FUNCTION__.41933,rodata,17
.text.sprd_crypto_write_pka_cmd_fifo,text,72
.text.sprd_crypto_write_cmd_fifo,text,72
.rodata.sprd_crypto_process.str1.1,rodata,118
.text.sprd_crypto_dump_buf_status,text,28
.text.sprd_crypto_close.isra.0,text,52
.text.sprd_crypto_interrupt_handler,text,60
.text.sprd_crypto_interrupt_handler_pka,text,60
.text.sprd_crypto_buf_init,text,60
.rodata.sprd_crypto_init.str1.1,rodata,148
.text.sprd_crypto_init,text,184
.rodata.__FUNCTION__.8056,rodata,17
.text.sprd_ecc_core_handler,text,5046
.text.drv_pka_set_operation,text,116
.text.drv_pka_set_high_addr,text,42
.text.drv_pka_set_operation2,text,44
.text.drv_pka_set_operation_be,text,50
.text.drv_pka_set_len,text,54
.text.drv_pka_set,text,30
.text.drv_pka_load,text,12
.text.drv_pka_store_en,text,32
.text.drv_pka_store,text,14
.text.drv_pka_load_be,text,12
.text.drv_pka_store_be,text,14
.text.drv_pka_set_instruction,text,4
.text.sprd_pal_thread_create,text,18
.text.sprd_pal_mutex_acquire,text,10
.text.sprd_pal_sem_init,text,8
.text.sprdPkaStop,text,6
.text.sprdPkaLoad,text,34
.text.sprd_pka_store_en,text,32
.text.sprdPkaStore,text,34
.text.sprdPkaJump,text,18
.text.sprdPkaFindPrime,text,24
.text.sprdPkaKeyGen0,text,24
.text.sprdPkaKeyGen1,text,40
.text.sprdPkaKeyGen2,text,40
.text.sprdPkaModExp,text,36
.text.sprdPkaLoadRng,text,20
.rodata.sprdQueueAddItemTop.str1.1,rodata,41
.text.sprdQueueGetItemCurrent,text,4
.text.sprdQueueUpdateCurrent,text,36
.rodata.sprdQueueDeleteItemBottom.str1.1,rodata,55
.text.sprdQueueDeleteItemBottom,text,96
.text.sprdQueueCreate,text,28
.rodata.__FUNCTION__.7633,rodata,26
.text.sprd_sm2_core_handler,text,5224
.text.secMemcpyInvert,text,26
.text.prvRxDataCB,text,22
.text.prvDiagSendMulti.isra.0,text,172
.text.diagRegisterCmdHandle,text,44
.text.diagUnregisterCmdHandle,text,40
.text.diagOutputPacket,text,28
.text.diagBadCommand,text,28
.text.prvDiagUnknownHandler,text,10
.text.prvDiagRxProcess,text,316
.text.diagOutputPacket2,text,68
.text.prvDiagBsEnter,text,48
.text.diagOutputPacket3,text,76
.text.diagInit,text,188
.text.diagDeviceName,text,32
.text._handleAtCheckRegister,text,52
.text._handleAtCmd,text,60
.text.diagAtWrite,text,60
.text.diagAtRead,text,12
.text.diagAtReadAvail,text,16
.text.diagAtOpen,text,60
.text.diagAtClose,text,6
.text.diagAtCreate,text,50
.text.diagAtDestroy,text,20
.text.prvAtCamThread,text,200
.text.prvGenerateRspMsg,text,30
.rodata._handleCameraPrev.str1.1,rodata,12
.text._handleCameraPrev,text,508
.text.diagCamPrevTestInit,text,16
.text._handleBattVoltage,text,46
.text._handleCharge,text,192
.text.diagChargeInit,text,36
.text.prvAutoSleep,text,20
.text._handleCurrentTest,text,132
.text.diagCurrentTestInit,text,16
.text.diagCalibPostInit,text,32
.text.prvMcuResp,text,78
.text.prvMcuReadWrite,text,408
.text.diagDebugReadWriteInit,text,16
.text._handleLog,text,28
.text.diagLogInit,text,16
.text._diagNvDirectProcess,text,444
.rodata._diagNvQueryProcess.str1.1,rodata,22
.text._diagNvQueryProcess,text,580
.text._handleNvm,text,480
.text.diagNvmInit,text,76
.text.prvSendPacket.isra.0.constprop.0,text,44
.text.diagRunModeCheck,text,412
.rodata.GetBoardInfo.str1.1,rodata,159
.text.GetBoardInfo,text,84
.text._swver,text,50
.text.GetBoardHWInfo,text,10
.text.diagSwverInit,text,16
.text.osiBytesGetLe32,text,66
.text.osiBytesPutLe32,text,48
.text.prvReturnCode16,text,22
.text.prvListDir,text,302
.text.prvListPartition,text,182
.text._handleChangeMode,text,28
.text._handleSysInfo,text,1456
.text.diagSysEvent,text,38
.text.diagSysInit,text,36
.text.DiagHandleLteCalibration,text,28
.text.DiagHandleCalibration,text,312
.text.Layer1_RegCaliDiagHandle,text,48
.text._axidmaSuspend,text,44
.text._drvAxidmaIsr,text,102
.text.drvAxidmaChAllocate,text,52
.text.drvAxidmaChStart,text,160
.text.drvAxidmaChStop,text,116
.text.drvAxidmaChRelease,text,38
.text.drvAxidmaChBusy,text,22
.text.drvAxidmaChSetDmamap,text,36
.text.drvAxidmaChRegisterIsr,text,34
.text.drvAxidmaResume,text,44
.text.drvAxidmaInit,text,152
.rodata._axidmaPmOps,rodata,16
.text.prvCamCtrlEnable,text,16
.text.drvCamSetMCLK,text,168
.text.drvCamDisableMCLK,text,16
.text.drvCamInitIfc,text,36
.text.drvCampStartTransfer,text,44
.text.drvCampIfcDeinit,text,12
.text.drvCamSetIrqHandler,text,40
.text.drvCamDisableIrq,text,6
.text.drvCamCmdSetFifoRst,text,16
.text.drvCamStopIfc,text,24
.text.drvCampStopTransfer,text,104
.text.drvCamSetIrqMask,text,56
.text.drvCamClrIrqMask,text,20
.text.drvCamSetPdn,text,28
.text.drvCamSetRst,text,28
.text.drvCampRegInit,text,764
.text.drvCampRegDeInit,text,36
.text.drvCameraControllerEnable,text,8
.text.prvUartFifoWriteAll,text,46
.text.prvDummyRxCallback,text,6
.text.prvDuartSetRxCallback,text,20
.text.prvUartBsEnter,text,92
.text.prvUartStartRxDma,text,32
.text.prvDuartRead,text,6
.text.prvUartSetBaudDivider,text,232
.text.prvDuartPmResume,text,110
.text.prvDuartPmSuspend,text,72
.text.prvUartTraceOutput,text,156
.text.prvUartISR,text,1108
.text.prvUartBsPoll,text,78
.text.prvUartTraceTimeout,text,6
.text.prvDuartSetTraceEnable,text,32
.text.prvUartSendPacket,text,152
.text.drvDebugUartPortCreate,text,776
.rodata.gDuartPortOps,rodata,20
.rodata.gUartPmOps,rodata,16
.text.drvDebugPortRegister,text,16
.text.drvDebugPortFindByName,text,24
.text.drvDebugPortSendPacket,text,14
.text.drvDebugPortSetRxCallback,text,12
.text.drvDebugPortSetTraceEnable,text,12
.text.drvDebugPortRead,text,16
.text.drvDebugPortWorkEnable,text,12
.text.udcEpQueue,text,96
.text.udcEpDequeueAll,text,24
.text.udcEpAlloc,text,56
.text.udcEpFree,text,72
.text.udcXferAlloc,text,24
.text.udcXferFree,text,48
.text.udcEpEnable,text,64
.text.udcEpDisable,text,48
.text.udcGdbPollIntr,text,10
.text.prvUserialSetRxCallback,text,20
.text.prvUserialBsEnter,text,16
.text.prvUserialFreeUdcResources,text,50
.text.prvUserialSuspend,text,60
.text.prvUserialClose,text,60
.text.prvUserialDisable,text,104
.text.prvUserialUnbind,text,72
.text.prvUserialRxStartLocked,text,116
.text.prvUserialEnable,text,136
.text.prvUserialRead,text,16
.rodata.prvUserialStartTxLocked.str1.1,rodata,31
.text.prvUserialStartTxLocked,text,84
.text.prvUserialModemBufOutputLocked,text,148
.text.prvUserialStartTxTimer.isra.0,text,14
.rodata.prvUserialResume.str1.1,rodata,38
.text.prvUserialResume,text,104
.text.prvUserialOpen,text,76
.text.prvUserialSetTraceEnable,text,30
.text.prvUserialMosLogOutputLocked,text,56
.text.prvUserialTraceOutputLocked,text,180
.text.prvUserialWaitDirectTxFinishBs,text,62
.text.prvUserialWaitDirectTxFinish.isra.0,text,60
.text.prvUserialSendPacket,text,252
.text.prvUserialBind,text,212
.text.prvUserialModemLogOutputLocked,text,96
.text.prvUserialOutputTimeout,text,30
.text.prvUserialRxDoneCb,text,92
.text.prvUserialBsPoll,text,30
.text.prvUserialTxDoneCb,text,156
.text.usbDebugSerialGetOps,text,8
.rodata.drvDebugUserialPortCreate.str1.1,rodata,27
.text.drvDebugUserialPortCreate,text,396
.rodata.gDuserialPortOps,rodata,20
.rodata.gDuserialUsbOps,rodata,32
.text.prvDhostSetRxCallback,text,24
.text.prvDhostSuspend,text,2
.text.prvDhostResume,text,2
.text.prvDhostFifoWriteAll,text,88
.text.prvDhostRead,text,8
.text.prvDhostStartTxTimer.isra.0,text,38
.text.prvDhostTraceOutput.part.0,text,120
.text.prvDhostFifoRead.constprop.0,text,40
.text.prvDhostTraceTimeout,text,14
.text.prvDhostISR,text,156
.text.prvDhostSetTraceEnable,text,38
.text.prvDhostBsPoll,text,52
.text.prvDhostSendPacket,text,152
.text.drvDhostCreate,text,284
.text.drvDhostRestoreConfig,text,32
.text.prvDhostWorkEnable,text,208
.text.prvDhostBsEnter,text,100
.rodata.gDhostPmOps,rodata,16
.rodata.gDhostPortOps,rodata,20
.text._efuseConfigBlkId,text,16
.text.drvEfusePmicOpen,text,16
.text.drvEfusePmicClose,text,16
.text.drvEfusePmicRead,text,228
.text._gpioSuspend,text,92
.text._gpioResume,text,116
.text._gpio2ISR,text,64
.text._gpio1ISR,text,64
.text.drvGpioReconfig,text,340
.text.drvGpioOpen,text,96
.text.drvGpioClose,text,156
.text.drvGpioRead,text,100
.text.quec_drvGpioOpen,text,80
.text.quec_drvGpioClose,text,44
.text.quec_drvGpioInit,text,244
.rodata._gpioPmOps,rodata,16
.text.prvGptSuspend,text,2
.text.prvGptResume,text,2
.text.drvGptSetClkSource,text,188
.text.drvGptRequest,text,308
.text.drvGptConfig,text,234
.text.drvGptToConfig,text,172
.text.drvGptEnable,text,86
.text.drvGptDisable,text,86
.text.drvGptGetTiCounter,text,52
.text.drvGptFree,text,204
.rodata.gptPmOps,rodata,16
.text.prvHostCmdBsEnter,text,10
.text.prvHostCmdRxCallback,text,24
.text.prvHostCmdRxProcess,text,236
.text.drvHostCmdEngineCreate,text,160
.text.drvHostCmdSendResponse,text,58
.text.drvHostInvalidCmd,text,26
.text.drvHostCmdSendResultCode,text,18
.text.prvHostRead,text,124
.text.prvHostWrite32.isra.0,text,48
.text.drvHostReadWriteHandler,text,234
.text._i2cSuspend,text,20
.text._i2cSetClock,text,60
.text._i2cClearIrqStatus.isra.0,text,6
.text._i2cSendByte,text,200
.text._i2cSetAddress,text,176
.text._i2cGetByte.constprop.0,text,120
.text._i2cResume,text,28
.text.quec_getI2cMaster,text,16
.text.drvI2cMasterAcquire,text,280
.text.drvI2cMasterRelease,text,62
.rodata.drvI2cWrite.str1.1,rodata,49
.text.drvI2cWrite,text,292
.rodata.drvI2cRead.str1.1,rodata,48
.text.drvI2cRead,text,288
.rodata.drvI2cWriteSalveData.str1.1,rodata,111
.text.drvI2cWriteSalveData,text,240
.rodata.drvI2cReadSlaveData.str1.1,rodata,89
.text.drvI2cReadSlaveData,text,256
.rodata._i2cPmOps,rodata,16
.rodata.hw_masters,rodata,24
.text.drvIfcChannelInit,text,92
.text.drvIfcRequestChannel,text,276
.text.drvIfcWaitChannel,text,28
.text.drvIfcReady,text,10
.text.drvIfcReleaseChannel,text,80
.text.drvIfcFlush,text,26
.text.drvIfcClearFlush,text,26
.text.drvIfcGetTC,text,10
.text.drvIfcStop,text,32
.text.drvIfcStart,text,74
.text.drvIfcStartThreshold,text,68
.text.drvIfcIsRunning,text,26
.text.drvIfcWaitDone,text,28
.rodata.gIfcDescs,rodata,304
.text.prvUartIsTxFifoEmptyInactive,text,22
.text.prvUartPmPrepareAbort,text,16
.text.prvUartPmSuspend,text,136
.rodata.prvAllocBuf.str1.1,rodata,20
.text.prvAllocBuf,text,358
.text.prvUartGetIrqn,text,64
.text.prvWakeReleaseLocked,text,68
.text.prvSleepTimeout,text,22
.rodata.prvUartPmPrepare.str1.1,rodata,25
.text.prvUartPmPrepare,text,80
.text.prvCalcCurrentBaud.isra.0,text,86
.text.prvSendDmaMode,text,148
.text.prvStartRxDma,text,80
.text.prvUartPmResume,text,140
.text.quec_uart_tx_data_needed_irq_mask,text,14
.rodata.prvUartISR.str1.1,rodata,89
.text.drvUartSend,text,34
.text.drvUartSendAll,text,78
.text.drvUartWaitTxFinish,text,102
.text.prvShutdownCb,text,18
.text.drvUartSetAutoSleep,text,108
.text.drvUartCreate,text,352
.text.drvUartOpen,text,880
.text.drvUartClose,text,172
.text.drvUartReceive,text,114
.text.drvUartDestroy,text,84
.text.drvUartSetCallback,text,12
.text.drvUartConfig,text,6
.text.drvUartGetName,text,8
.text.drvUartAttributeFromName,text,88
.text.drvUartReconfig,text,120
.text.drvUartReadAvail,text,22
.text.drvUartWriteAvail,text,20
.text.quec_uart_get_tx_status,text,26
.text._setEvtMask,text,8
.rodata._uartPmOps,rodata,16
.rodata.gUartHWDesc,rodata,192
.text._keyCallback,text,44
.text.prvGetKeyCode,text,40
.text._keypadSearch,text,114
.text._KeypadIsrCB,text,124
.text.drvKeypadSetCB,text,20
.text.drvKeypadOpen,text,84
.text.drvKeypadInit,text,120
.text._lcdPutSemaphore,text,12
.rodata.quec_lcd_clear_offset.str1.1,rodata,20
.text.quec_lcd_clear_offset,text,76
.rodata.quec_lcd_set_offset.str1.1,rodata,18
.text.quec_lcd_set_offset,text,76
.text.drvLcdClose,text,92
.rodata.quec_drvLcdGetLcdInfo.str1.1,rodata,29
.text.quec_drvLcdGetLcdInfo,text,32
.text.drvLcdConfigGoudaLayers,text,332
.text.drvLcdEnterSleep,text,184
.rodata.drvLcdGoudaSleep.str1.1,rodata,35
.text.drvLcdGoudaSleep,text,84
.text.drvLcdSetDisplayWindow,text,28
.text.drvLcdSetBlockBuffer,text,36
.text.drvDisableBlock,text,48
.text._drvLcdHandler,text,68
.text.drvLcdEnableBlock,text,48
.text.drvLcdDisableAllBlock,text,44
.text.drvLcdConfigBlock,text,180
.text.drvLcdInvalidateRect,text,120
.text.drvLcdBlockTransfer,text,292
.text.drvLcdInit,text,200
.rodata.quec_lcd_special_change.str1.1,rodata,24
.text.quec_lcd_special_change,text,92
.rodata.quec_drvLcdInit.str1.1,rodata,59
.text.quec_drvLcdInit,text,136
.rodata.CSWTCH.74,rodata,5
.rodata.gd_lcd_config,rodata,4
.text._st7789h2EsdCheck,text,20
.text._st7789h2ReadId,text,180
.text._st7789h2SetDisplayWindow,text,196
.text._st7789h2RotationInvalidateRect,text,64
.text._st7789h2Invalidate,text,52
.text._st7789h2InvalidateRect,text,108
.text._st7789h2Init,text,712
.text._st7789h2SleepIn,text,88
.text._st7789h2Close,text,32
.rodata.st7789h2sOperations,rodata,40
.rodata._st7789vEsdCheck.str1.1,rodata,22
.text._st7789vEsdCheck,text,20
.rodata._st7789vReadId.str1.1,rodata,100
.text._st7789vReadId,text,188
.rodata._st7789vSetDisplayWindow.str1.1,rodata,63
.text._st7789vSetDisplayWindow,text,196
.rodata._st7789vRotationInvalidateRect.str1.1,rodata,43
.text._st7789vRotationInvalidateRect,text,64
.rodata._st7789vInvalidate.str1.1,rodata,31
.text._st7789vInvalidate,text,52
.rodata._st7789vInvalidateRect.str1.1,rodata,29
.text._st7789vInvalidateRect,text,108
.rodata._st7789vInit.str1.1,rodata,22
.text._st7789vInit,text,700
.rodata._st7789vSleepIn.str1.1,rodata,38
.text._st7789vSleepIn,text,88
.rodata._st7789vClose.str1.1,rodata,26
.text._st7789vClose,text,32
.rodata.st7789vOperations,rodata,40
.text.prvPanelConfig,text,100
.text.prvGoudaInit,text,216
.text.prvGoudaISR,text,44
.text.prvGoudaDeinit,text,64
.text.prvWaitGouda,text,48
.text.prvSetVideoLayer,text,496
.text.prvSetOverlay,text,192
.text.drvSwitchLCDPower,text,76
.text.drvSwitchKPLEDPower,text,96
.text.prvSetPowerEnable,text,36
.text.drvLcdInitV2,text,68
.text.drvLcdGetByname,text,24
.text.drvLcdGetPanelInfo,text,116
.text.drvLcdSetDesc,text,96
.text.drvLcdOpenV2,text,156
.text.drvLcdCloseV2,text,76
.text.drvLcdSetBackLightEnable,text,12
.text.drvLcdFlush,text,272
.text.drvLcdFill,text,124
.text.drvLcdGetDesc,text,4
.text.drvLcdWriteCmd,text,44
.text.drvLcdWriteData,text,44
.text.drvLcdReadData,text,192
.text._threadEntry,text,24
.text._nvmNotify,text,20
.text._nvmResponse,text,64
.rodata._nvmHandler.str1.1,rodata,9
.text._nvmHandler,text,592
.rodata.drvNvmIpcInit.str1.1,rodata,7
.text.drvNvmIpcInit,text,124
.rodata.drvNvmSendCalibCmd.str1.1,rodata,11
.text.drvNvmSendCalibCmd,text,180
.rodata.drvModemLogBufInitCp.str1.1,rodata,9
.text.drvModemLogBufInitCp,text,28
.rodata.drvModemLogBufInitZsp.str1.1,rodata,10
.text.drvModemLogBufInitZsp,text,28
.rodata.drvModemLogBufInitMos.str1.1,rodata,8
.text.drvModemLogBufInitMos,text,28
.text.drvModemLogLinearBuf,text,136
.text.drvModemLogBufAdvance,text,26
.text._pmicEicISR,text,100
.text._pmicISR,text,108
.text.drvPmicIntrInit,text,184
.text.drvPmicIntrEnable,text,60
.text.drvPmicEicSetCB,text,24
.text.drvPmicEicTrigger,text,144
.text.drvPmicEicGetLevel,text,68
.text.prvReleaseChain,text,22
.text.drvPsIntfOpen,text,160
.text.drvPsIntfClose,text,112
.text.prvPbintIsrCB,text,68
.text.drvPwrkeyEnable,text,100
.text.drvPwrkeyPressed,text,32
.text.drvpowerkeyState,text,16
.text.quec_power_key_status_refresh,text,56
.text.drvRngGenerate_,text,24
.text.drvRngGenerateInit,text,60
.text.drvRngGenerate,text,12
.text.prvTimerTimeout,text,16
.text.prvFreeAllAlarms,text,34
.text.prvNextExpire,text,134
.text.prvInsertAlarm,text,56
.text.prvRtcAlarmDecode,text,140
.text.prvRtcAlarmHeadEncode.isra.0,text,152
.text.prvRtcAlarmEncode,text,36
.rodata.prvStorenv.constprop.0.str1.1,rodata,18
.text.prvStorenv.constprop.0,text,164
.text.prvHandleAlarm,text,408
.text.drvRtcHandleAlarm,text,16
.text.drvRtcSetAlarm,text,216
.rodata.drvRtcRemoveAlarm.str1.1,rodata,25
.text.drvRtcRemoveAlarm,text,172
.text.drvRtcAlarmOwnerSetCB,text,168
.text.drvRtcUpdateTime,text,228
.rodata.drvRtcInit.str1.1,rodata,49
.text.drvRtcInit,text,640
.text.drvRtcGetWakeupTime,text,52
.rodata.pbDrvRtcAlarm_fields,rodata,90
.rodata.pbDrvRtc_fields,rodata,30
.text.prvRtcIntrCB,text,136
.text.drvRtcHalWriteSecond,text,192
.text.drvRtcHalUnsetAlarm,text,40
.text.drvRtcHalSetAlarm,text,216
.text.drvRtcHalInit,text,56
.text.prvGetSerial_,text,36
.text.prvGetSerialInit,text,56
.text.quec_serial_set_event_mask,text,16
.text.drvSerialAcquire,text,76
.text.drvSerialOpen,text,88
.text.drvSerialClose,text,30
.text.drvSerialRelease,text,36
.text.drvSerialWrite,text,30
.text.drvSerialRead,text,30
.text.drvSerialReadAvail,text,28
.text.drvSerialWriteAvail,text,28
.text.drvSerialWaitWriteAvail,text,28
.text.drvSerialWaitWriteFinish,text,28
.text.drvSerialRegisterImpl,text,92
.text.drvSerialUnregisterImpl,text,68
.rodata.kSerialNames,rodata,36
.text.prvSetTransMode,text,28
.text._spiSuspend,text,20
.text.prvSpiWaitRxBusIdle,text,104
.rodata.prvSpiWritePolling.str1.1,rodata,63
.text.prvSpiWritePolling,text,220
.rodata.prvSpiReadPolling.str1.1,rodata,13
.text.prvSpiReadPolling,text,196
.rodata.prvSpiWaitRxData.str1.1,rodata,28
.text.prvSpiWaitRxData,text,76
.text.SpiReadDmaStart,text,104
.text.SpiWriteDmaStart,text,124
.text._drvSpiReadDmaIrq,text,68
.rodata._SpiRxDmaISR.str1.1,rodata,33
.text._SpiRxDmaISR,text,128
.text.quec_SpiWriteDmaIrq,text,58
.text._SpiTxDmaISR,text,112
.rodata.prvSpiSetclock.str1.1,rodata,19
.text.prvSpiSetclock,text,312
.text.prvSpiWaitAxidmaIdle,text,76
.text.quec_set_dma_tx_data_len,text,26
.text.quec_set_dma_rx_data_len,text,26
.text.prvSpiSetConfig,text,204
.text._spiResume,text,52
.text.prvSpiWaitBusIdle,text,104
.text.drvSpiCsConfig,text,102
.rodata.drvSpiMasterAcquire.str1.1,rodata,30
.text.drvSpiMasterAcquire,text,572
.text.drvSpiWrite,text,340
.text.drvSpiRWDirectPolling,text,156
.text.drvSpiRWDirectIrq,text,196
.text.drvSpiRWDmaPolling,text,148
.text.drvSpiRWDmaIrq,text,46
.rodata.drvSpiRead.str1.1,rodata,47
.text.drvSpiRead,text,360
.text.drvSpiReadWrite,text,248
.text.drvSpiMasterRelease,text,18
.text.prvSpiClrIrq,text,12
.text._drvSpiIrqHandle,text,216
.text.drvSpiSetIrqHandle,text,60
.text.drvSpiSetIrqMask,text,118
.rodata.__func__.43982,rodata,14
.rodata.__func__.44166,rodata,18
.rodata._spiPmOps,rodata,16
.rodata.spi_masters,rodata,24
.text.drvSpiFlashSetRangeWriteProhibit,text,56
.text.drvSpiFlashRead,text,38
.text.drvSpiFlashReadCheck,text,46
.rodata.drvSpiFlashClkShift.str1.1,rodata,26
.text.drvSpiFlashClkShift,text,72
.text._ZL13_setNPISerialP6DrvUsb.isra.0,text,108
.text._ZL18_vbusDebounceStartP6DrvUsb,text,18
.text._ZN6DrvUsb11changeStateE11DrvUsbState,text,44
.text._ZL9_startUsbP6DrvUsb,text,60
.text._ZL17_udcEventNotifierPv10udcEvent_t,text,52
.text._ZL14_stopUsbBySoftP6DrvUsb,text,38
.text._ZL17_notRecognizeWorkPv,text,34
.text._ZNK6DrvUsb10readyStartEv,text,26
.text._ZL14_chargerOnWorkPv,text,88
.text._ZN6DrvUsbD2Ev,text,68
.rodata._ZN6DrvUsb4initEmi.str1.1,rodata,4
.text._ZN6DrvUsb4initEmi,text,204
.text.drvUsbInit,text,140
.text.drvUsbWorkQueue,text,12
.rodata.drv8850UsbSetWorkMode.str1.1,rodata,7
.text.drv8850UsbSetWorkMode,text,164
.text.ql_usb_set_work_mode,text,156
.text.drvUsbIsConnected,text,20
.text.drvUsbEnable,text,96
.text.drvUsbDisable,text,44
.text.drvUsbReset,text,36
.text.drvUsbIsEnabled,text,12
.text.drvUsbRemoteWakeup,text,24
.text.drvUsbSetAttach,text,92
.text.drvUsbIsSuspend,text,16
.text.prvWatchdogReload,text,40
.text.prvFeedWdt,text,18
.text.drvFeedWdt,text,12
.text.drvWatchdogStart,text,228
.text.drvWatchdogStop,text,68
.rodata.quec_dev_feed_wdt.str1.1,rodata,14
.text.quec_dev_feed_wdt,text,60
.text.prvEcmNetup,text,60
.text.prvEcmNetdown,text,52
.text.prvCreate,text,160
.text.ecmDataBind,text,68
.text.ecmDataUnbind,text,56
.text.ecmDataEnable,text,96
.text.ecmDataDisable,text,60
.text.ecmDataSuspend,text,36
.text.ecmDataResume,text,36
.text.prvEcmFuncSetup,text,124
.text.prvEcmFuncDestroy,text,4
.text.prvEcmFuncFillDesc,text,120
.text.prvEcmFuncResume,text,6
.text.prvEcmFuncSuspend,text,6
.text.prvEcmFuncDisable,text,36
.text.prvEcmFuncUnbind,text,156
.rodata.prvEcmDoNotify.str1.1,rodata,62
.text.prvEcmDoNotify,text,308
.text.prvEcmNotifyCompleteCB,text,56
.text.prvEcmClose,text,48
.text.prvEcmFuncSetAlt,text,172
.rodata.prvEcmFuncBind.str1.1,rodata,25
.text.prvEcmFuncBind,text,456
.text.prvEcmOpen,text,40
.text.createEcmFunc,text,140
.rodata.ecm_hs_function,rodata,44
.rodata.kEcmDevMac,rodata,6
.text.prvRndisCloseCB,text,44
.text._rndisFillDesc,text,120
.text._rndisResponseComplete,text,140
.text._rndisResponseAvailable,text,112
.text._rndisResume,text,40
.text._rndisSuspend,text,40
.text._rndisDisable,text,64
.text._rndisSetup,text,344
.text._rndisCommandComplete,text,48
.text._rndisUnbind,text,128
.text.prvRndisOpenCB,text,76
.text._rndisDestroy,text,44
.text._rndisSetAlt,text,124
.text._rndisBind,text,516
.rodata.createRndisFunc.str1.1,rodata,7
.text.createRndisFunc,text,208
.rodata.eth_hs_function,rodata,44
.rodata.kRndisDevMac,rodata,6
.text._serialDisable,text,8
.text._serialSuspend,text,8
.text._serialResume,text,8
.text._serialUnbind,text,48
.text._serialBind,text,220
.text._serialSetup,text,132
.text._serialDestroy,text,8
.text._serialFillDesc,text,78
.text._serialSetAlt,text,80
.text.createSerialFunc,text,232
.text.createDebugSerialFunc,text,164
.rodata.generic_serial_intf_desc,rodata,9
.rodata.hs_data_in,rodata,7
.rodata.hs_data_out,rodata,7
.rodata.quec_printer_data_in,rodata,7
.rodata.quec_printer_data_out,rodata,7
.rodata.quec_usbprinter_intf_desc,rodata,9
.text.rndis_notify_response_available,text,18
.text.rndis_alloc_response,text,42
.text.rndis_indicate_status_msg,text,80
.text.rndis_signal_connect,text,16
.text.rndis_signal_disconnect,text,16
.text.rndis_register,text,160
.text.rndis_deregister,text,8
.text.rndis_set_param_dev,text,36
.text.rndis_set_param_vendor,text,42
.text.rndis_set_param_medium,text,32
.text.rndis_free_response,text,30
.text.rndis_get_next_response,text,38
.text.rndis_uninit,text,30
.text.rndis_msg_parser,text,1132
.rodata.oid_supported_list,rodata,112
.text.prvRndisAddHead,text,44
.text.prvRndisAddCommonHead,text,38
.text.prvRndisNetup,text,32
.text.prvRndisRemoveHead,text,84
.text.prvRndisPrivDestroy.isra.0,text,36
.text.prvRndisNetdown,text,18
.text.rndisEtherBind,text,256
.text.rndisEtherUnbind,text,72
.text.rndisEtherEnable,text,116
.text.rndisEtherDisable,text,92
.text.rndisDataSuspend,text,32
.text.rndisDataResume,text,32
.text.udevDriverDisconnect,text,10
.text.udcCreate,text,68
.text.udcGetDriver,text,8
.text.udcBindDriver,text,48
.text.udcStart,text,28
.text.udcStop,text,50
.text.udcDestroy,text,34
.text.udcSetNotifier,text,32
.text.udcConnect,text,38
.text.udcDisconnect,text,36
.text.udcSuspend,text,16
.text.udcResume,text,24
.text.udcRemoteWakeup,text,12
.text.udcUsbIsSuspend,text,8
.text.udcPlatSetPower,text,10
.text.udcPlatSetClock,text,10
.text.prvEpCancelXferInQueue,text,80
.text.prvDwcEpFree,text,24
.text.prvDwcEpAllocate,text,128
.text.prvDwcXferFree,text,6
.text.prvDwcXferAllocate,text,8
.text.prvDwcEpHalt,text,212
.text.prvHwInit.isra.0.part.0,text,60
.text.prvDwcStart,text,88
.text.prvExitHibernation.isra.0,text,20
.text.prvDwcRmtWakeup_,text,46
.text.prvDwcRmtWakeup,text,80
.rodata.prvEpStopLocked.isra.0.str1.1,rodata,17
.text.prvEpStopLocked.isra.0,text,116
.text.prvEpDisableLocked,text,280
.text.prvDwcEpDisable,text,56
.text.prvDisconnectISR,text,268
.text.prvDwcStop,text,212
.text.prvEp0Zlp.isra.0,text,144
.text.musbWriteFifo,text,24
.text.UdcEp0Tx,text,120
.text.UdcStartRxDma,text,244
.text.UdcStartTxDma,text,172
.text.prvEpXferStartLocked,text,152
.text.prvScheduleEpLocked.part.0,text,212
.text.prvGiveBackComplete_,text,80
.text.prvDwcEpDequeue,text,126
.text.prvDwcEpDequeueAll,text,136
.text.prvGiveBackEpCurrent,text,62
.text.prvDwcEpQueue,text,228
.text.UdcConfigEp,text,408
.text.prvDwcEpEnable,text,100
.text.prvProcessReadResultCheck,text,48
.text.musbReadEP0Fifo,text,24
.text.musb_rx_handle,text,528
.rodata.musb_tx_handle.str1.1,rodata,101
.text.musb_tx_handle,text,312
.text.prvDwcISR,text,1756
.text.prvDwcGdbPollIntr,text,16
.text.dwcUdcInit,text,356
.text.DwcUdcExit,text,32
.text.DwcUsbIsSuspend,text,16
.rodata.musb_test_fifo,rodata,40
.rodata.musb_test_packet,rodata,53
.text.cfSetup,text,16
.text.cfBind,text,24
.text.cfUnbind,text,10
.text.cfDisable,text,10
.text._copsResume,text,40
.text._copsSuspend,text,40
.text.prvDumpSetup,text,64
.text._copsUnbind,text,48
.text._copsBind,text,60
.text._copsResetConfig.isra.0,text,40
.text._copsDisconnect,text,44
.text._copsConnect,text,184
.text._copsSetup,text,848
.text.copsAssignStringId,text,74
.text.copsRemoveString,text,80
.text.copsCreate,text,212
.text.copsSetVendorId,text,34
.text.copsSetProductId,text,34
.text.copsAddFunctions,text,212
.text.copsRemoveAllFunction,text,76
.text.copsDestroy,text,22
.text.copsGetGadgetDriver,text,2
.text.copsAssignInterface,text,54
.rodata.quec_usb_assign_interface.str1.1,rodata,18
.text.quec_usb_assign_interface,text,56
.text.copsRemoveInterface,text,26
.text.copsGetCtrl,text,18
.text._usbeStopWork,text,22
.text._usbeSuspendWork,text,16
.text._usbeResumeWork,text,16
.text._resetTxReqDestMacLocked,text,64
.rodata._etherApiSetHostMac.str1.1,rodata,45
.text._etherApiSetHostMac,text,120
.text._etherApiSetUldataCb,text,28
.text._etherApiSetEventCb,text,28
.text._givebackTxReq,text,64
.text._etherApiFreeTxReq,text,4
.text._etherApiSubmitTxReq,text,288
.text._rxStart,text,112
.text._txComplete,text,92
.text._usbeStartWork,text,78
.text._usbeRxWork,text,292
.text._usbeFreeReqList,text,66
.text._etherApiAllocTxReq,text,132
.text._rxComplete,text,152
.text._etherApiNetdown,text,260
.text._etherApiNetup,text,136
.rodata.usbEtherCreate.str1.1,rodata,20
.text.usbEtherCreate,text,740
.text.usbEtherGetEther,text,2
.text.usbEtherConfig,text,6
.text.usbEtherStart,text,16
.text.usbEtherStop,text,16
.text.usbEtherSuspend,text,16
.text.usbEtherResume,text,16
.text.usbEtherDestroy,text,118
.text._usbDisable_8850,text,44
.text._usbEnable_8850,text,68
.text._setclock_8850,text,132
.text._usbClkLock,text,36
.text._resume_8850,text,20
.text._usbClkUnlock,text,34
.text._suspend_8850,text,20
.text._setpower_8850,text,112
.text.udcPlatformInit,text,132
.text.udcPlatformExit,text,40
.text.udcEpDequeue,text,20
.text.SERIAL_RUNNING,text,18
.text.prvSerialStopLocked,text,34
.text.prvReady,text,6
.text.prvNotifyPendingEvent,text,42
.text.prvAsyncResFreeLocked,text,32
.text.prvIsTxFinishedLocked,text,24
.text.prvWriteAvail,text,28
.text.prvReadAvail,text,26
.text.prvTxTransBlockLocked_,text,116
.text.prvTxDoneCb,text,144
.text.prvRxStartLocked,text,132
.text.prvSerialStartLocked,text,42
.text.usbSerialEnable,text,200
.text.prvRxDoneWork,text,40
.text.prvRxDoneCb,text,100
.text.prvFreePrivLocked,text,130
.rodata.usbSerialBind.str1.1,rodata,11
.text.usbSerialBind,text,460
.text.usbSerialDisable,text,120
.text.usbSerialOpen,text,84
.text.usbSerialClose,text,88
.text.prvSemaTryAcquireLocked.isra.0,text,26
.text.prvAsyncResCheckFreeLocked,text,22
.text.prvWaitReadAvail,text,122
.text.prvWaitWriteAvail,text,164
.text.prvWaitWriteFinishLocked,text,130
.text.prvWaitWriteFinish,text,32
.text.prvWriteDirect,text,94
.text.usbSerialSuspend,text,100
.text.usbSerialResume,text,96
.rodata.prvWrite.str1.1,rodata,20
.text.prvClose,text,92
.text.prvOpen,text,324
.text.usbSerialUnbind,text,112
.text.prvTxDoneWork,text,108
.text.usbSerialGetOps,text,8
.rodata.gUserialOps,rodata,32
.text.CamBf20a6Brightness,text,2
.text.prvCamBf20a6PowerOff,text,52
.rodata.CamBf20a6GetSensorInfo.str1.1,rodata,28
.text.CamBf20a6GetSensorInfo,text,36
.text.CamBf20a6StopPrev,text,64
.rodata.prvCamIsrCB.str1.1,rodata,38
.text.prvCamIsrCB,text,1328
.text.prvCamBf20a6I2cClose,text,24
.text.CamBf20a6CaptureImage,text,68
.rodata.CamBf20a6PrevStart.str1.1,rodata,54
.text.CamBf20a6PrevStart,text,116
.text.CamBf20a6PrevNotify,text,56
.text.CamBf20a6Close,text,80
.text.CamBf20a6SetFalsh,text,40
.text.CamBf20a6Ev,text,2
.rodata.CamBf20a6GetId.str1.1,rodata,16
.text.CamBf20a6GetId,text,76
.text.CamBf20a6AWB,text,2
.text.CamBf20a6Contrast,text,2
.text.CamBf20a6ImageEffect,text,2
.text.prvCamBf20a6PowerOn,text,80
.rodata.prvCamBf20a6I2cOpen.str1.1,rodata,18
.text.prvCamBf20a6I2cOpen,text,52
.rodata.CamBf20a6Open.str1.1,rodata,91
.text.CamBf20a6Open,text,384
.rodata.CamBf20a6CheckId.str1.1,rodata,44
.rodata.quec_camBf20a6CheckId.str1.1,rodata,24
.text.quec_camBf20a6CheckId,text,292
.text.CamBf20a6Reg,text,140
.rodata.RG_BFInitVgaSPI,rodata,272
.text.CamBf30a2TestMode,text,2
.text.CamBf30a2Brightness,text,2
.text.prvCamBf30a2PowerOff,text,52
.text.CamBf30a2GetSensorInfo,text,36
.text.CamBf30a2StopPrev,text,64
.text.prvCamBf30a2I2cClose,text,24
.text.CamBf30a2CaptureImage,text,68
.text.CamBf30a2PrevStart,text,116
.text.CamBf30a2PrevNotify,text,56
.text.CamBf30a2Close,text,64
.text.CamBf30a2SetFalsh,text,40
.text.CamBf30a2Ev,text,2
.text.CamBf30a2GetId,text,76
.text.CamBf30a2AWB,text,2
.text.CamBf30a2Contrast,text,2
.text.CamBf30a2ImageEffect,text,2
.text.prvCamBf30a2PowerOn,text,80
.text.prvCamBf30a2I2cOpen,text,52
.text.CamBf30a2Open,text,384
.rodata.quec_camBf30a2CheckId.str1.1,rodata,24
.text.quec_camBf30a2CheckId,text,304
.text.CamBf30a2Reg,text,148
.rodata.RG_InitVgaSingleSPI,rodata,216
.text.camGc0310Brightness,text,2
.text.prvCamGc0310PowerOff,text,52
.text.camGc0310GetSensorInfo,text,36
.text.prvCamWriteRegList,text,124
.text.camGc0310StopPrev,text,64
.text.prvSpiCamIsrCB,text,428
.text.prvCsiCamIsrCB,text,796
.text.prvCamGc0310I2cClose,text,24
.text.camGc0310PrevNotify,text,84
.text.prvCamWriteOneReg,text,144
.text.camGc0310TestMode,text,176
.text.camGc0310CaptureImage,text,60
.text.camGc0310PrevStart,text,108
.text.camGc0310Close,text,80
.text.camGc0310SetFalsh,text,40
.text.camGc0310Ev,text,2
.text.camGc0310GetId,text,92
.text.camGc0310AWB,text,2
.text.camGc0310Contrast,text,2
.text.camGc0310ImageEffect,text,2
.text.prvCamGc0310PowerOn,text,80
.text.prvCamGc0310I2cOpen,text,52
.text.camGc0310Open,text,308
.rodata.quec_camGc0310CheckId.str1.1,rodata,24
.text.quec_camGc0310CheckId,text,300
.text.camGc0310Reg,text,148
.rodata.RG_InitVgaMIPI,rodata,618
.rodata.RG_InitVgaSPI,rodata,1232
.text.camGc032aBrightness,text,2
.text.prvCamGc032aPowerOff,text,52
.text.camGc032aGetSensorInfo,text,36
.text.camGc032aStopPrev,text,64
.text.prvCamGc032aI2cClose,text,24
.text.camGc032aTestMode,text,12
.text.camGc032aCaptureImage,text,68
.text.camGc032aPrevStart,text,112
.text.camGc032aPrevNotify,text,56
.text.camGc032aClose,text,64
.text.camGc032aSetFalsh,text,40
.text.camGc032aEv,text,2
.text.camGc032aGetId,text,92
.text.camGc032aAWB,text,2
.text.camGc032aContrast,text,2
.text.camGc032aImageEffect,text,2
.text.prvCamGc032aPowerOn,text,80
.text.prvCamGc032aI2cOpen,text,52
.text.camGc032aOpen,text,300
.rodata.quec_camGc032aCheckId.str1.1,rodata,56
.text.quec_camGc032aCheckId,text,304
.text.camGc032aReg,text,148
.text.prvCamLoad,text,112
.text.drvCamTestMode,text,20
.text.drvCamCaptureImage,text,84
.text.drvCamStopPreview,text,40
.text.drvCamPreviewQBUF,text,32
.rodata.drvCamPreviewDQBUF.str1.1,rodata,24
.text.drvCamPreviewDQBUF,text,92
.text.drvCamStartPreview,text,56
.text.drvCamPowerOn,text,100
.text.drvCamPowerOff,text,24
.text.drvCamClose,text,92
.rodata.drvCamI2CRead.str1.1,rodata,16
.text.drvCamI2CRead,text,88
.text.drvCamI2CWrite,text,92
.rodata.drvCamGetSensorInfo.str1.1,rodata,16
.text.drvCamGetSensorInfo,text,76
.text.drvCamInit,text,188
.text.quec_getImageSensor,text,8
.text._adcClosePmic26MclkAdc,text,32
.text._adcEnable,text,128
.text.prvAdcGetEffuseBits.constprop.0,text,20
.text.drvAdcInit,text,704
.text.drvAdcGetRawValue,text,228
.text.drvAdcGetChannelVolt,text,600
.text._drvChargerCurrentQueueUpdate,text,52
.text._drvChargerGetChgCurrent,text,136
.text._drvChargerTurnOff,text,44
.text._drvChargerGetVbatVol,text,56
.text._drvChgGetVol,text,56
.text._drvChargerVbatQueueUpdate,text,88
.text._drvChargerVbatQueueInit,text,60
.text._drvChargerSendMsgToClient.isra.0,text,16
.text._drvChargerVoltagePercentum.part.0,text,128
.text._drvChargerTurnOn,text,56
.text._drvAdaptorSendMsgToChgTask.isra.0,text,36
.text._drvChargerSendMsgToChgTask.isra.0,text,36
.text._drvChargerTimerHandler,text,6
.text._drvChargerVbatTimerHandler,text,36
.text._updateChargerStatus.constprop.0,text,88
.text._drvChargerIsPresent,text,20
.text._chargeIsrCB,text,84
.text._chgTaskEntry,text,76
.text._drvChargerSetEndVolt,text,76
.text._drvChargerSetChangerCurrent,text,248
.rodata._drvChargerFSMProcess.str1.1,rodata,58
.text._drvChargerFSMProcess,text,548
.rodata._chargerServerThreadPro.str1.1,rodata,24
.text._chargerServerThreadPro,text,988
.text._chargerServerThread,text,30
.text.drvChargerGetVbatRT,text,10
.text.drvChargerGetInfo,text,120
.text.drvChargerSetNoticeCB,text,12
.text.drvChargerGetType,text,16
.text.drvChargerSetCB,text,24
.rodata.drvChargerInit.str1.1,rodata,8
.text.drvChargerInit,text,388
.text.drvChargeEnable,text,16
.text.drvChargeDisable,text,16
.text.quec_get_bat_capicity,text,28
.text.quec_get_vchg_vol,text,4
.text.quec_get_vbat_vol,text,4
.text.quec_get_vbat_cur,text,4
.text.quec_get_chg_status,text,12
.rodata.quec_get_charger_state.str1.1,rodata,23
.text.quec_get_charger_state,text,32
.text.quec_charge_set_config,text,40
.text.quec_charge_get_config,text,24
.text.quec_charge_set_over_temp,text,20
.rodata.dischg_bat_capacity_table,rodata,48
.rodata.ipcInit.str1.1,rodata,9
.rodata._drvLcdGetBWCfgCount.str1.1,rodata,36
.text._drvLcdGetBWCfgCount,text,28
.text._drvLcdGetCfgCount,text,28
.text.drvLcdGetSpecInfo,text,236
.text._gc9305EsdCheck,text,20
.text._gc9305ReadId,text,204
.text._gc9305SetDisplayWindow,text,196
.text._gc9305RotationInvalidateRect,text,64
.text._gc9305Invalidate,text,52
.text._gc9305InvalidateRect,text,108
.text._gc9305Init,text,1120
.text._gc9305SleepIn,text,88
.text._gc9305Close,text,32
.rodata.gc9305Operations,rodata,40
.rodata._st7567aEsdCheck.str1.1,rodata,31
.text._st7567aEsdCheck,text,20
.rodata._st7567aReadId.str1.1,rodata,56
.text._st7567aReadId,text,76
.rodata._st7567aSetDisplayWindow.str1.1,rodata,71
.text._st7567aSetDisplayWindow,text,88
.rodata._st7567aRotationInvalidateRect.str1.1,rodata,43
.text._st7567aRotationInvalidateRect,text,64
.rodata._st7567aInvalidate.str1.1,rodata,38
.text._st7567aInvalidate,text,36
.rodata._st7567aInvalidateRect.str1.1,rodata,36
.text._st7567aInvalidateRect,text,84
.rodata._st7567aInit.str1.1,rodata,21
.text._st7567aInit,text,192
.rodata._st7567aSleepIn.str1.1,rodata,46
.text._st7567aSleepIn,text,88
.rodata._st7567aClose.str1.1,rodata,33
.text._st7567aClose,text,32
.rodata.g_lcd_st7567a,rodata,32
.rodata.st7567aOperations,rodata,40
.text._st7735EsdCheck,text,20
.text._st7735ReadId,text,188
.text._st7735SetDisplayWindow,text,196
.text._st7735RotationInvalidateRect,text,64
.text._st7735Invalidate,text,52
.text._st7735InvalidateRect,text,108
.text._st7735Init,text,796
.text._st7735SleepIn,text,88
.text._st7735Close,text,32
.rodata.st7735sOperations,rodata,40
.text.prvListPartition.isra.0,text,152
.text.drvHostSyscmdHandler,text,1256
.text.drvHostRmcHandler,text,30
.text.prvEfuseAccessLock,text,40
.text.prvEfuseAccessUnlock,text,12
.text.drvEfuseCount,text,4
.text.drvEfuseReadWrite,text,28
.text.drvEfuseRead,text,32
.text.drvEfuseWrite,text,34
.text.drvGetUId,text,58
.text.drvSecureBootEnable,text,120
.text.drvSecureBoot2Addr,text,4
.text.drvSecureWriteSecureFlags,text,540
.text.fat_disk_status,text,28
.text.fat_disk_initialize,text,28
.text.fat_disk_read,text,52
.text.fat_disk_write,text,52
.text.fat_disk_ioctl,text,140
.text.fat_get_fattime,text,84
.text.ff_wtoupper,text,144
.text.ff_uni2oem,text,6
.rodata.cvt1.7311,rodata,498
.rodata.cvt2.7312,rodata,188
.text.prvFatModeConv,text,68
.text.prvFatGetFileFromFd.isra.0,text,16
.text.prvFatNameWithId.isra.0,text,42
.text.prvFatCreate,text,220
.rodata.CSWTCH.32,rodata,21
.text.ld_dword,text,22
.text.st_dword,text,16
.text.mem_set,text,12
.text.tchar2uni,text,164
.text.chk_lock,text,92
.text.inc_lock,text,128
.text.dec_lock,text,60
.text.clst2sect,text,26
.text.sum_sfn,text,30
.text.get_ldnumber,text,56
.text.validate,text,52
.text.mem_cpy.part.0,text,18
.text.ld_clust.isra.0,text,28
.text.st_clust.isra.0,text,24
.text.sync_window.part.0,text,72
.text.move_window,text,62
.rodata.check_fs.str1.1,rodata,9
.text.check_fs,text,196
.text.mount_volume,text,872
.text.put_fat,text,314
.text.get_fat.isra.0,text,246
.text.dir_sdi,text,154
.rodata.create_chain.str1.1,rodata,24
.text.create_chain,text,328
.rodata.remove_chain.str1.1,rodata,24
.text.remove_chain,text,212
.text.sync_fs,text,166
.text.dir_clear,text,90
.text.dir_next,text,206
.text.dir_alloc,text,68
.text.dir_find,text,376
.rodata.follow_path.str1.1,rodata,16
.text.follow_path,text,640
.text.dir_register,text,596
.rodata.f_open.str1.1,rodata,16
.text.f_open,text,592
.text.f_alloc_fat,text,228
.text.f_sync,text,160
.text.f_close,text,34
.rodata.f_create.str1.1,rodata,20
.text.f_create,text,80
.rodata.LfnOfs,rodata,13
.text.lz4LiteSfileWrite,text,88
.text.lz4LiteSfileRead,text,92
.rodata.compSfileRead.str1.1,rodata,5
.text.compSfileRead,text,144
.text.compSfileWrite,text,172
.text._file_write,text,26
.text._umount,text,26
.text._sfile_write,text,48
.text._statvfs,text,26
.text._fsync,text,48
.text._rmdir,text,48
.text._mkdir,text,48
.text._closedir,text,26
.text._seekdir,text,4
.text._telldir,text,26
.text._readdir_r,text,26
.text._readdir,text,4
.text._opendir,text,4
.text._rename,text,48
.text._unlink,text,48
.text._ftruncate,text,48
.text._truncate,text,66
.text._fstat,text,48
.text._lseek,text,48
.text._remount,text,26
.text._stat,text,86
.text.sffsVfsMount,text,72
.text.sffsVfsMkfs,text,26
.rodata.g_sffs_vfs_ops,rodata,116
.text.vfs_resolve_add_path,text,176
.text.vfs_open_local_path.part.0,text,16
.rodata.vfs_get_fs_by_fd.str1.1,rodata,41
.text.vfs_get_fs_by_fd,text,76
.text.vfs_open_local_path.constprop.0,text,36
.text.vfs_mount_handle,text,76
.text.vfs_getcwd,text,56
.text.vfs_realpath,text,82
.text.vfs_resolve_path,text,82
.rodata.vfs_register.str1.1,rodata,2
.text.vfs_register,text,216
.text.vfs_unregister,text,148
.text.vfs_get_fs_by_path,text,180
.text.vfs_umount,text,88
.text.vfs_remount,text,76
.text.vfs_open,text,60
.text.vfs_create,text,62
.text.vfs_close,text,48
.text.vfs_read,text,84
.text.vfs_write,text,96
.text.vfs_lseek,text,62
.text.vfs_fstat,text,52
.text.vfs_stat,text,66
.text.vfs_ftruncate,text,52
.text.vfs_unlink,text,64
.text.vfs_rename,text,104
.text.vfs_opendir,text,78
.text.vfs_readdir,text,52
.text.vfs_readdir_r,text,68
.text.vfs_telldir,text,54
.text.vfs_seekdir,text,54
.text.vfs_closedir,text,54
.text.vfs_mkdir,text,66
.text.vfs_rmdir,text,64
.text.vfs_fsync,text,48
.text.vfs_statvfs,text,64
.text.vfs_sfile_init,text,80
.text.vfs_sfile_read,text,96
.rodata.vfs_sfile_write.str1.1,rodata,10
.text.vfs_sfile_write,text,184
.text.vfs_sfile_size,text,84
.text.vfs_file_read,text,42
.text.vfs_file_write,text,98
.text.vfs_file_size,text,26
.text.quec_vfs_mkpath,text,108
.text.vfs_mkpath,text,100
.text.vfs_sync,text,40
.text.vfs_mkfilepath,text,112
.rodata.vfs_rmchildren.str1.1,rodata,6
.text.vfs_rmchildren,text,212
.text.vfs_rmdir_recursive,text,24
.text.vfs_dir_total_size,text,240
.text.vfs_mount_count,text,28
.text.vfs_mount_points,text,48
.text.vfs_umount_all,text,2
.text.quec_fs_part_info_init,text,16
.text.prvFlagIgnored,text,32
.text.prvFlagFormatOnFail,text,32
.text.prvRegisterBlockDevice,text,68
.text.fsFindBlockDeviceByName,text,28
.text.prvCreateSubpart,text,100
.text.prvDescSize,text,56
.text.prvFindSffsDescByMount,text,80
.text.prvFindFbdevDescByName,text,60
.text.prvMountSffs,text,184
.rodata.prvCreateFbdev2.str1.1,rodata,29
.text.prvCreateFbdev2,text,192
.text.fsMountFormat,text,68
.text.fsMountFsPath,text,88
.text.ql_get_bdev_total_size,text,40
.text.fsMountAll,text,360
.text.fsUmountAll,text,36
.rodata.fsRemountFactory.str1.1,rodata,9
.text.fsRemountFactory,text,52
.text._readPackHeader,text,164
.text._getFileMountPoint,text,132
.text._mapBlockCount,text,76
.text._isFileInPartition,text,68
.text._checkPackHeaderAndSpace.constprop.0,text,608
.text._checkPack.constprop.0,text,42
.text.fupdateGetStatus,text,34
.text.fupdateGetVersion,text,86
.text.fupdateInvalidate,text,60
.rodata.fupdateGetPackContent.str1.1,rodata,8
.text.fupdateGetPackContent,text,464
.text.fupdateIsPackValid,text,4
.text.fupdateSetReady,text,32
.text.fupdateGetRequiredSpace,text,180
.text._updateFileCrc,text,60
.text.fupdateBlockedFname,text,96
.text.fupdateCheckFileSizeCrc,text,110
.text.fupdateCheckPlainFileSizeCrc,text,84
.text.fupdateCheckBlockedFileSizeCrc,text,142
.text.fupdateCheckFlashCrc,text,84
.text.fupdateReadContext,text,28
.text.fupdateWriteContext,text,28
.text.fupdateParseBulk,text,376
.text.fupdateParsePack,text,94
.text.fupdateCheckSignedPack,text,4
.rodata.fupdateSetBootAfterFota.str1.1,rodata,16
.text.fupdateInitBootAfterFota,text,64
.text.fupdateIsTmpSpaceEnough,text,104
.text.prvAdiRegInit,text,28
.text.halAdiBusInit,text,4
.text.halAdiBusResume,text,4
.text.halAdiBusRead,text,120
.text.halAdiBusWrite,text,40
.text.halAdiBusBatchChange,text,208
.text.halAdiBusChange,text,164
.text.prvFillHex,text,72
.text.halBlueScreenSaveContext,text,92
.text.halBlueScreenGetInfo,text,8
.rodata.hex.43286,rodata,16
.text.prvMemDump,text,96
.rodata.halBscoreBufSave.str1.1,rodata,8
.text.halBscoreBufSave,text,872
.text.halGetBscoreBuf,text,48
.text.halClearBscoreBuf,text,12
.text.halSetDeviceClockEnable,text,2
.text.halIomuxG4LatchRelease,text,24
.text.halSysClkSupportedFreq,text,40
.text.halChangeSysClk,text,48
.text.halGetSysClkFreq,text,44
.text.halLzmaReset,text,36
.text.halLzmaEnable,text,20
.text.halLzmaDisable,text,20
.text.halSetWarmBootEntry,text,36
.rodata.osiPm2RegInit.str1.1,rodata,13
.text.osiPm2RegInit,text,40
.text.halGetRc26mCalibFreq,text,40
.text.halGetUart1ClkFreq,text,64
.text.halGetUart2ClkFreq,text,120
.text.halGetUart3ClkFreq,text,120
.text.halGetUart4ClkFreq,text,116
.text.halGetUart5ClkFreq,text,116
.text.halGetUart6ClkFreq,text,116
.text.halGetUartClkFreq,text,76
.text.halGetRc26mOriginFreq,text,40
.text.halClkRc26mCalibStart,text,60
.text.halClkRc26mCalibIsDone,text,16
.text.halClkRc26mCalibFreq,text,32
.text.halClkInitCalib,text,100
.text.halClkReCalib,text,108
.text.halCalcFracDivider,text,216
.text.halCalcDivider32,text,42
.text.halCalHalfDivider,text,134
.text.halHalfDividerOutFreq,text,24
.text.halFromEfuseAntiRollback64,text,28
.text.halToEfuseAntiRollback64,text,52
.rodata.gHalfDividerDiv,rodata,16
.text.halSaveBlueScreenReg,text,808
.text.prvPsramPhyConfig,text,348
.text.prvDelayUS,text,20
.text.prvPsramDmc400Config,text,192
.text.prvDmc400QosConfig,text,176
.text.pll_cpst0,text,84
.text.pll_cpst1,text,76
.text.prvExtFlashClkInit,text,36
.text.halRamInit,text,280
.text.halClockInit,text,300
.text.quec_awk_uart3_enable,text,20
.text.halRamWakeInit,text,192
.text.readImsNvBuf,text,32
.text.prvCheckImsNV,text,36
.rodata.halCpLoad.str1.1,rodata,118
.text.halCpLoad,text,1076
.text.prvEfuseWrite,text,144
.text.halEfuseOpen,text,16
.text.halEfuseClose,text,16
.text.halEfuseSingleRead,text,48
.text.halEfuseDoubleRead,text,44
.text.halEfuseSingleWrite,text,10
.text.halEfuseDoubleWrite,text,10
.text.osiBitmapSet,text,44
.text.osiBitmapClear,text,46
.text.osiBitmapIsSet,text,46
.text.prvEfuseInit,text,212
.rodata.prvEfuseLoadLockBit.str1.1,rodata,24
.text.prvEfuseLoadLockBit,text,124
.text.halEfuseCount,text,4
.text.halEfuseReadWrite,text,612
.text.halGoudaIrqHandler,text,28
.text.halGoudaCommonOpen.isra.0,text,124
.text.halGoudaClkEnable,text,16
.text.halGoudaClkDisable,text,16
.text.halGoudaUpdateSerialTiming,text,164
.text.halGoudaSetSpiFreq,text,12
.text.halSetGoudaClockMode,text,16
.text.halGoudaSerialOpen,text,104
.text.halGoudaReadData,text,280
.text.halGoudaWriteCmd,text,80
.text.halGoudaWriteData,text,80
.text.halGoudaBlitRoi,text,236
.text.halGoudaIsActive,text,36
.text.halGoudaClose,text,72
.text.halGoudaOvlLayerOpen,text,196
.text.halGoudaOvlLayerClose,text,32
.text.halGoudaVidLayerOpen,text,328
.text.halGoudaVidLayerClose,text,12
.text.halGoudatResetLcdPin,text,64
.text.halGoudaInit,text,88
.text.halGoudaReadConfig,text,100
.text.halHwMapValid,text,44
.text.halHwBsDumpRegions,text,8
.rodata.gBsDumpRegions,rodata,1512
.rodata.gHwMap,rodata,64
.text.halHwspinlockAcquire,text,60
.text.halHwspinlockRelease,text,68
.text.halHwspinlockAcquireInCritical,text,18
.text.halHwspinlockReleaseInCritical,text,20
.text.halLzmaDecompressBlock,text,284
.text.halLzmaDecompressFile,text,210
.text.prvModifyVDDCoreDropVol.part.0,text,80
.text.prvPsmCntUs,text,72
.text.prvUnlockPowerReg,text,32
.text.prvPinDeepSleepDisable,text,1116
.text.prvPinPropertySet,text,124
.text.halPmuExtFlashPowerOn,text,120
.text.halPmuEnableDropProtect,text,32
.text.halPmuReadPsmInitCnt,text,64
.text.halPmuRtcReadSecond,text,124
.rodata.halPmuCheckPsm.str1.1,rodata,65
.text.halPmuCheckPsm,text,372
.text.halBootCauseMode,text,524
.text.halPmuSwitchPower,text,1460
.text.halPmuSwitchPowerPm2,text,204
.text.halPmuSetCamFlashLevel,text,4
.text.halPmuSetPowerLevel,text,584
.text.halPmuInit,text,828
.text.halPmuWakeFromDeep,text,12
.text.halPmuIsVCoreFirstTimeEnterDeep,text,24
.text.prvEnableVDDCoreDrop,text,40
.text.halPmuEnterPm1,text,36
.text.halPmuAbortPm1,text,2
.text.halPmuExitPm1,text,4
.text.halPmuEnterPm2,text,104
.text.halPmuAbortPm2,text,16
.text.halPmuExitPm2,text,72
.text.halPmuPsmPrepare,text,444
.text.halShutdown,text,604
.text.halPsmSleep,text,396
.text.foursim_SetSimVoltageAP,text,516
.text.pmd_SimLdoClose,text,28
.text.drv_SetSimEnable,text,88
.rodata.pmic_power_level_table,rodata,288
.text.hal_SimpRegsSave,text,24
.text.hal_Sci2Suspend,text,60
.text.hal_Sci1Suspend,text,60
.text.osiPmSourceCreateCP,text,28
.text.osiPmWakeLockCP,text,24
.text.osiPmWakeUnlockCP,text,24
.text.hal_ChipIpRegsResume,text,24
.text.hal_Sci1Resume,text,56
.text.hal_Sci2Resume,text,56
.rodata._Sim1PmOps,rodata,16
.rodata._Sim2PmOps,rodata,16
.text.halSysWdtConfig,text,64
.text.halSysWdtStart,text,36
.text.prvSetPadDriving.isra.0,text,22
.text.prvSetPadPull.isra.0,text,84
.text.prvSetPad,text,62
.text.halIomuxSuspend,text,40
.text.halIomuxResume,text,40
.text.setPadTriStateSingle,text,32
.text.halIomuxSetInitConfig,text,100
.text.halIomuxSetFunction,text,128
.text.halIomuxSetPadDriving,text,100
.rodata.quec_halIomuxSetPadDriving.str1.1,rodata,38
.text.quec_halIomuxSetPadDriving,text,76
.text.halIomuxSetPadPull,text,96
.text.halIomuxSetPadSleepInout,text,128
.text.halIomuxSetPadSleepPull,text,128
.text.halIomuxInit,text,88
.rodata.gInitPad,rodata,216
.rodata.gPadProp,rodata,816
.text.MMU_TTPage4k.constprop.0,text,56
.text.MMU_TTSection.constprop.0,text,40
.text.halMmuCreateTable,text,384
.text.halMmuSetAccess,text,192
.text.halMmuMapPageforRam,text,224
.rodata.CSWTCH.23,rodata,16
.rodata.CSWTCH.25,rodata,16
.text.halShmemGetRegionByAddr,text,52
.text.halShmemGetRegion,text,60
.rodata.halShareMemRegionLoad.str1.1,rodata,29
.text.halShareMemRegionLoad,text,460
.text.halShmemGetAllRegions,text,24
.rodata.halShmemUpdateRamAccess.str1.1,rodata,7
.text.halShmemUpdateRamAccess,text,500
.text.quec_spi_flash_props_init,text,32
.rodata.ql_ext_flash_cfg,rodata,3
.rodata.check_port_is_exsit.str1.1,rodata,2
.text.check_port_is_exsit,text,76
.text.IDS_event_output_timer,text,212
.rodata.Filter_param_to_str.str1.1,rodata,6
.text.check_five_tuple,text,64
.text.IDS_main,text,416
.rodata.check_HOST_SERVICE_SCAN.str1.1,rodata,13
.text.check_HOST_SERVICE_SCAN,text,224
.rodata.check_ICMP_LARGE.str1.1,rodata,14
.text.check_ICMP_LARGE,text,108
.rodata.check_FLOOD.str1.1,rodata,11
.text.check_FLOOD,text,148
.rodata.check_PORT_SCAN.str1.1,rodata,16
.text.check_PORT_SCAN,text,268
.text.Filter_insert_by_prority,text,70
.rodata.TCPFLAG_BY_STR.str1.1,rodata,16
.text.TCPFLAG_BY_STR,text,172
.rodata.check_TCP_XXX_FLOOD.str1.1,rodata,9
.text.check_TCP_XXX_FLOOD,text,268
.rodata.check_ICMP_INVALID_PKT.str1.1,rodata,9
.text.check_ICMP_INVALID_PKT,text,112
.text.CHAIN_BY_PTL,text,80
.rodata.IDS_atoi.str1.1,rodata,2
.text.IDS_atoi,text,32
.rodata.check_UDP_INVALID_PKT.str1.1,rodata,21
.text.check_UDP_INVALID_PKT,text,176
.rodata.check_TCP_INVALID_PKT.str1.1,rodata,9
.text.check_TCP_INVALID_PKT,text,296
.text.IDS_Filter_Add.constprop.0.isra.0,text,256
.rodata.IDS_init.str1.1,rodata,535
.text.IDS_init,text,608
.text.parse_hex4,text,74
.text.parse_string,text,488
.text.buffer_skip_whitespace,text,42
.text.update_offset,text,24
.text.ensure,text,130
.text.get_object_item,text,112
.text.cJSON_New_Item.isra.0,text,24
.rodata.print_string_ptr.str1.1,rodata,6
.text.print_string_ptr,text,304
.rodata.print_value.str1.1,rodata,29
.text.print_value,text,852
.text.cJSON_strdup.isra.0.constprop.0,text,44
.text.print.constprop.0,text,148
.text.cJSON_GetErrorPtr,text,16
.text.cJSON_Delete,text,72
.text.parse_value,text,732
.rodata.cJSON_ParseWithOpts.str1.1,rodata,4
.text.cJSON_ParseWithOpts,text,220
.text.cJSON_Parse,text,8
.text.cJSON_PrintUnformatted,text,6
.text.cJSON_GetArraySize,text,16
.text.cJSON_GetObjectItemCaseSensitive,text,6
.text.cJSON_AddItemToArray,text,26
.text.cJSON_AddItemToObjectCS,text,56
.text.cJSON_AddItemToObject,text,34
.text.cJSON_ReplaceItemViaPointer,text,64
.text.cJSON_CreateNumber,text,108
.text.cJSON_CreateArray,text,24
.text.cJSON_CreateObject,text,24
.text.cJSON_CreateIntArray,text,90
.text.cJSON_IsInvalid,text,12
.text.cJSON_IsArray,text,14
.text.cJSON_Compare,text,296
.text.cJSON_free,text,12
.text.replace_item_in_object.part.0,text,64
.text.cJSON_ReplaceItemInObject,text,12
.text.osiBlueScreen,text,136
.text.osiRegisterBlueScreenHandler,text,60
.text.__FPU_Enable,text,180
.text.MMU_Enable,text,30
.text.prvInvokeSuspendPost,text,40
.text.prvRestoreContext,text,12
.text.prvMmuWakeInit,text,236
.text.prvGetClearWakeSource.isra.0,text,308
.text.prvSuspendFailed,text,60
.text.prvSuspendResume,text,136
.rodata.prvPm2RegBackup.str1.1,rodata,13
.text.prvPm2RegBackup,text,40
.text.prvSuspendPost,text,512
.text.prvPm2RegRestore,text,52
.text.osiBootStart,text,820
.text.osiWakePm1,text,296
.text.osiWakePm2,text,320
.text.osiMailboxCheck,text,44
.text.osiPmCpuSuspend,text,404
.text.osiCpDeepSleepTime,text,8
.text.osiChipTimerStart,text,44
.text.osiChipPmReorder,text,12
.text.osiChipSuspend,text,48
.text.osiChipResume,text,120
.text.osiChipLightSleep,text,164
.text.osiChipSuspendPermitted,text,56
.rodata.osiChipPsmDataSave.str1.1,rodata,11
.text.osiChipPsmDataSave,text,36
.text.osiChipPsmDataRestore,text,32
.text.prvInvokeSysClkCb,text,28
.text.prvConsFromList,text,88
.text.prvChangeSysClk,text,132
.text.prvConsListDump.isra.0,text,86
.text.osiClockManInit,text,48
.text.osiRequestSysClkActive,text,80
.text.osiReleaseClk,text,44
.text.osiIsSlowSysClkAllowed,text,40
.text.osiClockConstrainDump,text,144
.text._Znwj,text,4
.text._ZdlPv,text,4
.text.osiInvokeGlobalCtors,text,36
.text.osiIdleHook,text,4
.text.osiIdleSleep,text,4
.text.prvGicEnable,text,264
.text.osiIrqSuspend,text,156
.text.osiIrqResume,text,8
.text.osiIrqSetHandler,text,28
.text.osiIrqEnable,text,52
.text.osiIrqInit,text,168
.text.osiIrqDisable,text,56
.text.osiIrqSetPriority,text,56
.text.osiIrqDump,text,168
.text.osiProfileInit,text,52
.text.osiProfileSetMode,text,36
.text.osiProfileEnter,text,8
.text.osiProfileExit,text,8
.text.osiProfileLinearBuf,text,92
.text.osiProfileGetLastest,text,80
.text.drvIdleLpsISR,text,24
.text.prvFindPsmData,text,48
.text.prvInvokeShutdownCb.isra.0,text,22
.text.prvSuspendLocked.constprop.0,text,376
.text.osiPmInit,text,48
.text.osiPmStart,text,80
.text.osiPmSourceCreate,text,164
.text.osiPmSourceDelete,text,128
.text.osiPmWakeLock,text,72
.text.osiPmWakeUnlock,text,68
.text.osiPmResumeFirst,text,76
.text.osiPmSourceDump,text,240
.text.osiCPPmPermitted,text,120
.text.osiCheckPmSourceTag,text,60
.text.osiSetPsmSleepReady,text,84
.text.osiSetPsmSleepNotReady,text,12
.text.osiGetPsmElapsedTime,text,36
.text.osiPsmDataSave,text,124
.rodata.osiPsmDataRestore.str1.1,rodata,22
.text.osiPsmDataRestore,text,148
.text.osiPsmRestore,text,188
.text.prvSleepModeGet,text,220
.text.osiPmSleep,text,612
.text.osiRegisterShutdownCallback,text,92
.text.osiUnregisterShutdownCallback,text,100
.text.osiShutdown,text,188
.text.osiGetBootCauses,text,12
.text.osiSetBootCause,text,16
.text.osiGetBootMode,text,12
.text.osiSetBootMode,text,12
.text.osiGetPsmWakeTimeReg,text,12
.text.quec_sleep_tag_to_name,text,20
.rodata.quec_print_os_pm_state.str1.1,rodata,109
.text.quec_print_os_pm_state,text,236
.rodata.quec_get_pm_resume_source.str1.1,rodata,41
.text.quec_get_pm_resume_source,text,164
.text.osiSysnvEncode,text,364
.rodata.osiSysnvLoad.str1.1,rodata,16
.text.osiSysnvLoad,text,532
.text.osiSysnvSave,text,68
.text.osiSysnvClear,text,12
.text.osiSysnvSize,text,8
.text.osiSysnvLoadToMem,text,16
.text.osiSysnvSaveFromMem,text,16
.rodata.PB_SysNvm_fields,rodata,260
.text.osiTraceTick,text,56
.text.osiSetUpHWTick,text,128
.text.osiSetUpTime,text,140
.text.osiSetUpTimeUS,text,132
.text.kernel..107,text,56
.text.kernel..116,text,66
.text.kernel..122,text,12
.text.osiEpochTick,text,56
.text.osiLocalTick,text,56
.text.gettimeofday,text,68
.text.kernel..161,text,18
.text.kernel..167,text,24
.text.osiEpochTime,text,18
.text.osiEpochSecond,text,20
.text.osiLocalTime,text,18
.text.osiLocalSecond,text,20
.text.osiSetEpochTime,text,156
.text.osiSetEpochTimeUS,text,148
.text.osiTimeZoneOffset,text,56
.text.osiSetTimeZoneOffset,text,48
.text.osiEpochToUpTime,text,48
.text.osiElapsedTimerStart,text,24
.text.osiElapsedTime,text,48
.text.osiElapsedTimeUS,text,28
.rodata.gOstickRelaxedTick,rodata,4
.rodata.gPeriodicTimerMinPeriod,rodata,4
.rodata.gTimerWqStackSize,rodata,4
.text.prvGc9305SetDir,text,48
.text.prvGc9305BlitPrepare,text,130
.text.prvGc9305Init,text,876
.text.prvGc9305Probe,text,96
.rodata.gLcdGc9305Desc,rodata,48
.text.prvGc9306SetDir,text,48
.text.prvGc9306BlitPrepare,text,130
.text.prvGc9306Init,text,876
.text.prvGc9306Probe,text,96
.rodata.gLcdGc9306Desc,rodata,48
.text.lwip_htons,text,6
.text.lwip_htonl,text,4
.text.lwip_strnicmp,text,56
.text.dhcp_option_trailer,text,58
.text.dhcp_set_state,text,52
.rodata.dhcp_bind.str1.1,rodata,49
.text.dhcp_bind,text,428
.rodata.dhcp_option_short.str1.1,rodata,106
.text.dhcp_option_short,text,60
.rodata.dhcp_option.str1.1,rodata,66
.text.dhcp_option,text,60
.rodata.dhcp_option_byte.part.0.str1.1,rodata,53
.text.dhcp_option_byte.part.0,text,40
.rodata.dhcp_option_long.str1.1,rodata,58
.text.dhcp_option_long,text,76
.rodata.dhcp_dec_pcb_refcount.str1.1,rodata,36
.text.dhcp_dec_pcb_refcount,text,72
.rodata.dhcp_inc_pcb_refcount.str1.1,rodata,37
.text.dhcp_inc_pcb_refcount,text,128
.text.dhcp_handle_ack.isra.0,text,196
.rodata.dhcp_create_msg.str1.1,rodata,125
.text.dhcp_create_msg,text,348
.rodata.dhcp_select.str1.1,rodata,53
.text.dhcp_select,text,484
.text.dhcp_reboot,text,372
.text.dhcp_discover,text,388
.rodata.dhcp_recv.str1.1,rodata,45
.text.dhcp_recv,text,1500
.rodata.dhcp_set_struct.str1.1,rodata,36
.rodata.dhcp_network_changed_link_up.str1.1,rodata,20
.text.dhcp_network_changed_link_up,text,92
.text.dhcp_renew,text,332
.text.dhcp_supplied_address,text,32
.text.dhcp_release_and_stop,text,300
.rodata.dhcp_start.str1.1,rodata,33
.text.dhcp_start,text,268
.text.dhcp_coarse_tmr,text,652
.text.dhcp_fine_tmr,text,236
.rodata.dhcp_discover_request_options,rodata,4
.text.ttl_timer,text,18
.rodata.dns_backupserver_available.str1.1,rodata,17
.text.dns_backupserver_available,text,456
.rodata.dns_send.str1.1,rodata,250
.text.dns_send,text,768
.text.dns_call_found,text,204
.rodata.dns_correct_response.str1.1,rodata,48
.text.dns_correct_response,text,408
.text.dns_lookup,text,400
.text.dns_lookupall,text,420
.rodata.dns_check_entry.str1.1,rodata,71
.text.dns_check_entry,text,696
.rodata.dns_enqueue.str1.1,rodata,69
.text.dns_enqueue,text,904
.text.dns_init,text,20
.text.dns_setserver,text,292
.rodata.dns_server_configure.str1.1,rodata,72
.text.dns_server_configure,text,616
.text.dns_getserver,text,52
.text.dns_tmr,text,60
.rodata.dns_server_check.str1.1,rodata,43
.text.dns_server_check,text,256
.rodata.dns_recv.str1.1,rodata,100
.text.dns_recv,text,1484
.rodata.dns_gethostbyname_addrtype.str1.1,rodata,10
.text.dns_gethostbyname_addrtype,text,388
.rodata.dns_getallhostbyname_addrtype.str1.1,rodata,13
.text.dns_getallhostbyname_addrtype,text,420
.text.dns_clean_entries,text,36
.rodata.__FUNCTION__.17258,rodata,9
.rodata.__FUNCTION__.17403,rodata,12
.rodata.__FUNCTION__.17451,rodata,30
.text.err_to_errno,text,28
.rodata.lwip_strerr.str1.1,rodata,15
.text.lwip_strerr,text,32
.rodata.err_strerr,rodata,68
.rodata.err_to_errno_table,rodata,68
.text.etharp_free_entry,text,60
.rodata.etharp_find_entry.str1.1,rodata,113
.text.etharp_find_entry,text,400
.rodata.etharp_raw.str1.1,rodata,114
.text.etharp_raw,text,272
.text.etharp_cleanup_netif,text,40
.rodata.etharp_get_entry.str1.1,rodata,31
.rodata.etharp_input.str1.1,rodata,36
.text.etharp_input,text,604
.text.etharp_request,text,68
.text.etharp_tmr,text,100
.rodata.etharp_output_to_arp_index.str1.1,rodata,48
.text.etharp_output_to_arp_index,text,208
.rodata.etharp_query.str1.1,rodata,80
.text.etharp_query,text,532
.rodata.etharp_output.str1.1,rodata,80
.text.etharp_output,text,328
.text.ethernet_input,text,416
.rodata.ethernet_output.str1.1,rodata,96
.text.ethernet_output,text,164
.rodata.ethbroadcast,rodata,6
.rodata.ethzero,rodata,6
.rodata.icmp_send_response.isra.0.str1.1,rodata,91
.text.icmp_send_response.isra.0,text,216
.rodata.icmp_input.str1.1,rodata,101
.text.icmp_input,text,572
.text.icmp_dest_unreach,text,10
.text.icmp_time_exceeded,text,10
.rodata.icmp6_send_response_with_addrs_and_netif.str1.1,rodata,92
.text.icmp6_send_response_with_addrs_and_netif,text,224
.rodata.icmp6_send_response.str1.1,rodata,36
.text.icmp6_send_response,text,96
.text.icmp6_input,text,360
.text.icmp6_dest_unreach,text,8
.rodata.icmp6_time_exceeded_with_addrs.str1.1,rodata,41
.text.icmp6_time_exceeded_with_addrs,text,104
.text.icmp6_param_problem,text,24
.text.lwip_if_nametoindex,text,4
.text.lwip_standard_chksum,text,90
.text.inet_cksum_pseudo_base,text,112
.text.inet_chksum_pseudo,text,40
.text.ip6_chksum_pseudo,text,62
.text.ip_chksum_pseudo,text,58
.text.inet_chksum,text,12
.text.inet_chksum_pbuf,text,68
.text.lwip_init,text,38
.text.ipaddr_ntoa,text,18
.text.ipaddr_aton,text,46
.text.ip_input,text,26
.rodata.ip_addr_any_type,rodata,24
.text.ip4_input_accept,text,52
.text.ip_init,text,68
.text.ip4_route,text,240
.text.ip4_route_src,text,26
.text.ip4_input,text,700
.rodata.ip4_output_if_src.str1.1,rodata,103
.text.ip4_output_if_src,text,436
.text.ip4_output_if,text,34
.text.ip4_addr_isbroadcast_u32,text,54
.text.ip4_addr_netmask_valid,text,44
.rodata.ip4addr_aton.str1.1,rodata,51
.text.ip4addr_aton,text,340
.text.ipaddr_addr,text,24
.text.ip4addr_ntoa_r,text,164
.text.ip4addr_ntoa,text,12
.rodata.ip_addr_any,rodata,24
.rodata.ip_addr_broadcast,rodata,24
.rodata.ip_reass_dequeue_datagram.str1.1,rodata,76
.text.ip_reass_dequeue_datagram,text,112
.rodata.ip_reass_free_complete_datagram.str1.1,rodata,93
.text.ip_reass_free_complete_datagram,text,256
.text.ip_reass_remove_oldest_datagram,text,168
.rodata.ipfrag_free_pbuf_custom.str1.1,rodata,12
.text.ipfrag_free_pbuf_custom,text,64
.text.ip_reass_tmr,text,68
.rodata.ip4_reass.str1.1,rodata,191
.text.ip4_reass,text,1268
.rodata.ip4_frag.str1.1,rodata,74
.text.ip4_frag,text,520
.text.ip4_qdmz_shallnat,text,60
.text.ip4_nat_check_timeout,text,40
.text.ip4_nat_chksum_adjust,text,108
.text.ip4_nat_check_header,text,92
.text.bitmap_set,text,32
.text.bitmap_clean,text,32
.text.ip4_nat_tcp_port_free,text,28
.text.ip4_nat_udp_port_free,text,36
.rodata.ip4_nat_cmn_init.str1.1,rodata,101
.text.ip4_nat_cmn_init,text,144
.text.ip4_nat_tcp_lookup_outgoing.constprop.0,text,392
.text.ip4_nat_udp_port_alloc.isra.0,text,116
.text.ip4_nat_udp_lookup_outgoing.constprop.0,text,264
.text.quec_nat_try_lock,text,44
.text.quec_nat_unlock,text,16
.text.set_nat_enable,text,12
.text.get_nat_enabled,text,40
.text.ip4_nat_init,text,192
.rodata.ip4_nat_add.str1.1,rodata,18
.text.ip4_nat_add,text,128
.text.add_static_route,text,98
.rodata.ip4_nat_remove.str1.1,rodata,17
.text.ip4_nat_remove,text,344
.text.remove_static_route,text,4
.text.ip4_nat_input,text,996
.text.ip4_nat_tmr,text,208
.text.nat_timer,text,44
.text.ip4_nat_out,text,1112
.text.ip6_input_accept,text,92
.text.ip6_route,text,644
.text.ip6_select_source_address,text,322
.text.ip6_input,text,1524
.rodata.ip6_output_if_src.str1.1,rodata,92
.text.ip6_output_if_src,text,780
.text.ip6_output_if,text,120
.text.ip6_options_add_hbh_ra,text,48
.text.ip6addr_aton,text,420
.rodata.ip6addr_ntoa_r.str1.1,rodata,8
.text.ip6addr_ntoa_r,text,404
.text.ip6addr_ntoa,text,12
.rodata.ip6_addr_any,rodata,24
.rodata.ip6_reass_free_complete_datagram.str1.1,rodata,106
.text.ip6_reass_free_complete_datagram,text,516
.text.ip6_reass_remove_oldest_datagram,text,80
.rodata.ip6_frag_free_pbuf_custom.str1.1,rodata,12
.text.ip6_frag_free_pbuf_custom,text,64
.text.ip6_reass_tmr,text,60
.rodata.ip6_reass.str1.1,rodata,170
.text.ip6_reass,text,1512
.rodata.ip6_frag.str1.1,rodata,23
.text.ip6_frag,text,476
.rodata.lwiperf_tcp_close.str1.1,rodata,69
.text.lwiperf_tcp_close,text,248
.text.lwiperf_tcp_err,text,6
.rodata.lwiperf_tx_start_impl.str1.1,rodata,18
.text.lwiperf_tx_start_impl,text,296
.rodata.lwiperf_tcp_client_send_more.str1.1,rodata,13
.text.lwiperf_tcp_client_send_more,text,244
.rodata.lwiperf_tcp_client_sent.str1.1,rodata,13
.text.lwiperf_tcp_client_sent,text,60
.rodata.lwiperf_tcp_poll.str1.1,rodata,13
.text.lwiperf_tcp_poll,text,84
.rodata.lwiperf_tx_start_passive.str1.1,rodata,17
.text.lwiperf_tx_start_passive,text,96
.rodata.lwiperf_tcp_recv.str1.1,rodata,15
.text.lwiperf_tcp_recv,text,312
.text.lwiperf_tcp_client_connected,text,80
.text.lwiperf_start_tcp_server_impl.constprop.0,text,156
.rodata.lwiperf_tcp_accept.str1.1,rodata,126
.text.lwiperf_tcp_accept,text,388
.text.lwiperf_start_tcp_server,text,30
.text.lwiperf_start_tcp_server_default,text,20
.text.lwiperf_abort,text,48
.rodata.lwiperf_start_tcp_client.str1.1,rodata,126
.text.lwiperf_start_tcp_client,text,256
.text.lwiperf_start_tcp_client_default,text,22
.rodata.lwiperf_txbuf_const,rodata,1600
.text.mem_init,text,2
.text.mem_trim,text,2
.rodata.mem_malloc.str1.1,rodata,77
.text.mem_malloc,text,68
.rodata.mem_free.str1.1,rodata,37
.text.mem_free,text,68
.rodata.do_memp_malloc_pool.str1.1,rodata,77
.text.do_memp_malloc_pool,text,104
.rodata.do_memp_free_pool.isra.0.str1.1,rodata,32
.text.do_memp_free_pool.isra.0,text,64
.text.memp_init,text,2
.rodata.memp_malloc.str1.1,rodata,29
.text.memp_malloc,text,40
.rodata.memp_free.str1.1,rodata,27
.text.memp_free,text,24
.rodata.memp_API_MSG,rodata,8
.rodata.memp_DNS_API_MSG,rodata,8
.rodata.memp_FRAG_PBUF,rodata,8
.rodata.memp_IP6_REASSDATA,rodata,8
.rodata.memp_MLD6_GROUP,rodata,8
.rodata.memp_ND6_QUEUE,rodata,8
.rodata.memp_NETBUF,rodata,8
.rodata.memp_NETCONN,rodata,8
.rodata.memp_NETDB,rodata,8
.rodata.memp_PBUF,rodata,8
.rodata.memp_PBUF_POOL,rodata,8
.rodata.memp_RAW_PCB,rodata,8
.rodata.memp_REASSDATA,rodata,8
.rodata.memp_SELECT_CB,rodata,8
.rodata.memp_TCPIP_MSG_API,rodata,8
.rodata.memp_TCP_PCB,rodata,8
.rodata.memp_TCP_PCB_LISTEN,rodata,8
.rodata.memp_TCP_SEG,rodata,8
.rodata.memp_UDP_PCB,rodata,8
.rodata.memp_pools,rodata,76
.text.mld6_delayed_report,text,72
.text.mld6_send,text,288
.text.mld6_stop,text,48
.text.mld6_report_groups,text,24
.text.mld6_lookfor_group,text,52
.text.mld6_input,text,296
.text.mld6_joingroup_netif,text,260
.text.mld6_leavegroup_netif,text,248
.text.mld6_tmr,text,80
.text.nd6_find_neighbor_cache_entry,text,72
.text.nd6_find_destination_cache_entry,text,72
.text.nd6_send_na,text,312
.text.nd6_send_ns,text,388
.text.nd6_send_rs,text,296
.text.nd6_select_router.isra.0,text,204
.text.nd6_send_q.part.0,text,236
.rodata.nd6_free_q.str1.1,rodata,72
.text.nd6_free_q,text,124
.text.nd6_free_neighbor_cache_entry,text,76
.text.nd6_new_neighbor_cache_entry,text,284
.text.start_nd6_timer,text,44
.rodata.nd6_input.str1.1,rodata,19
.text.nd6_input,text,3992
.text.nd6_tmr,text,800
.text.quec_nd6_send_rs,text,4
.text.nd6_clear_destination_cache,text,32
.text.nd6_get_destination_mtu,text,44
.text.nd6_reachability_hint,text,196
.text.nd6_cleanup_netif,text,104
.text.nd6_adjust_mld_membership,text,116
.text.nd6_restart_netif,text,8
.text.nd6_get_router_addr,text,28
.text.ai_family_addrinfo,text,362
.text.lwip_gethostbyname,text,320
.text.lwip_freeaddrinfo,text,20
.text.lwip_getaddrinfo,text,432
.text.netif_null_output_ip6,text,6
.text.netif_do_ip_addr_changed,text,30
.rodata.netif_poll.str1.1,rodata,154
.text.netif_poll,text,188
.rodata.netif_loopif_init.str1.1,rodata,33
.text.netif_loopif_init,text,72
.text.netif_do_set_netmask.isra.0,text,80
.text.netif_do_set_gw.isra.0,text,80
.rodata.netif_issue_reports.str1.1,rodata,35
.text.netif_issue_reports,text,92
.rodata.netif_do_set_ipaddr.str1.1,rodata,35
.text.netif_do_set_ipaddr,text,164
.text.netif_null_output_ip4,text,6
.text.netif_set_addr,text,96
.rodata.netif_add.str1.1,rodata,125
.text.netif_add,text,428
.rodata.netif_set_default.str1.1,rodata,18
.text.netif_set_default,text,68
.rodata.netif_set_up.str1.1,rodata,28
.text.netif_set_up,text,64
.rodata.netif_set_down.str1.1,rodata,30
.text.netif_set_down,text,68
.text.netif_remove,text,140
.rodata.netif_set_link_up.str1.1,rodata,33
.text.netif_set_link_up,text,60
.text.netif_init,text,100
.rodata.netif_set_link_down.str1.1,rodata,35
.text.netif_set_link_down,text,40
.rodata.netif_loop_output.str1.1,rodata,109
.text.netif_loop_output,text,224
.text.netif_loop_output_ipv4,text,4
.text.netif_loop_output_ipv6,text,4
.rodata.netif_ip6_addr_set_parts.str1.1,rodata,14
.text.netif_ip6_addr_set_parts,text,316
.rodata.netif_ip6_addr_set.str1.1,rodata,68
.text.netif_ip6_addr_set,text,88
.text.netif_ip6_addr_set_state,text,324
.rodata.netif_get_ip6_addr_match.str1.1,rodata,82
.text.netif_get_ip6_addr_match,text,152
.text.netif_get_by_index,text,36
.text.netif_get_by_cid,text,52
.text.netif_get_by_cid_type,text,40
.text.netif_find,text,72
.text.netif_is_valid,text,24
.text.pbuf_skip_const,text,22
.text.pbuf_free_ooseq_callback,text,52
.rodata.pbuf_add_header_impl.str1.1,rodata,42
.text.pbuf_add_header_impl,text,112
.rodata.pbuf_alloc_reference.str1.1,rodata,22
.text.pbuf_alloc_reference,text,132
.text.pbuf_alloced_custom,text,72
.text.pbuf_add_header,text,6
.text.pbuf_add_header_force,text,6
.rodata.pbuf_remove_header.str1.1,rodata,30
.text.pbuf_remove_header,text,96
.text.pbuf_header,text,16
.text.pbuf_header_force,text,16
.rodata.pbuf_free.str1.1,rodata,73
.text.pbuf_free,text,188
.rodata.pbuf_alloc.str1.1,rodata,27
.text.pbuf_alloc,text,296
.rodata.pbuf_realloc.str1.1,rodata,76
.text.pbuf_realloc,text,152
.text.pbuf_free_header,text,48
.text.pbuf_clen,text,16
.rodata.pbuf_ref.str1.1,rodata,18
.text.pbuf_ref,text,64
.rodata.pbuf_cat.str1.1,rodata,98
.text.pbuf_cat,text,88
.text.pbuf_chain,text,18
.rodata.pbuf_copy_partial_pbuf.str1.1,rodata,231
.text.pbuf_copy_partial_pbuf,text,296
.rodata.pbuf_copy.str1.1,rodata,26
.text.pbuf_copy,text,32
.rodata.pbuf_copy_partial.str1.1,rodata,66
.text.pbuf_copy_partial,text,116
.rodata.pbuf_split_64k.str1.1,rodata,34
.text.pbuf_split_64k,text,132
.rodata.pbuf_take.str1.1,rodata,128
.text.pbuf_take,text,168
.rodata.pbuf_take_at.str1.1,rodata,23
.text.pbuf_take_at,text,128
.rodata.pbuf_clone.str1.1,rodata,17
.text.pbuf_clone,text,64
.text.pbuf_try_get_at,text,38
.text.pbuf_get_at,text,14
.text.pbuf_put_at,text,32
.text.pbuf_memcmp,text,94
.rodata.raw_input.str1.1,rodata,114
.text.raw_input,text,372
.text.raw_bind,text,166
.text.raw_bind_netif,text,16
.text.raw_connect,text,188
.text.raw_recv,text,6
.rodata.raw_sendto_if_src.str1.1,rodata,72
.text.raw_sendto_if_src,text,476
.rodata.raw_sendto.str1.1,rodata,48
.text.raw_sendto,text,396
.text.raw_send,text,8
.text.raw_remove,text,48
.text.raw_new,text,72
.text.raw_new_ip_type,text,20
.text.raw_netif_ip_addr_changed,text,200
.rodata.lwip_netconn_do_getaddr.str1.1,rodata,65
.text.lwip_netconn_do_getaddr,text,244
.text.setup_tcp,text,72
.text.lwip_netconn_do_newconn,text,180
.rodata.lwip_netconn_do_connected.str1.1,rodata,121
.text.lwip_netconn_do_connected,text,176
.rodata.lwip_netconn_do_writemore.str1.1,rodata,223
.text.lwip_netconn_do_writemore,text,600
.rodata.lwip_netconn_do_close_internal.str1.1,rodata,281
.text.lwip_netconn_do_close_internal,text,936
.text.poll_tcp,text,120
.rodata.recv_tcp.str1.1,rodata,119
.text.recv_tcp,text,208
.text.lwip_link_select_cb,text,40
.text.lwip_netconn_do_bind,text,70
.rodata.lwip_netconn_do_connect.str1.1,rodata,28
.text.lwip_netconn_do_connect,text,272
.text.lwip_netconn_do_disconnect,text,32
.text.lwip_netconn_do_listen,text,288
.text.lwip_netconn_do_join_leave_group_netif,text,72
.rodata.lwip_netconn_do_dns_found.str1.1,rodata,33
.text.lwip_netconn_do_dns_found,text,172
.rodata.lwip_netconn_do_dns_founds.str1.1,rodata,45
.text.lwip_netconn_do_dns_founds,text,272
.text.netconn_apimsg,text,24
.rodata.netconn_close_shutdown.str1.1,rodata,28
.text.netconn_close_shutdown,text,76
.rodata.err_tcp.str1.1,rodata,67
.text.err_tcp,text,316
.rodata.lwip_sockopt_to_ipopt.part.0.str1.1,rodata,66
.text.lwip_sockopt_to_ipopt.part.0,text,40
.rodata.alloc_socket.str1.1,rodata,31
.text.alloc_socket,text,148
.text.tryget_socket_unconn_nouse,text,44
.text.tryget_socket,text,18
.rodata.lwip_pollscan.str1.1,rodata,37
.text.lwip_selscan,text,460
.text.sent_tcp,text,116
.text.lwip_netconn_do_recv,text,54
.rodata.lwip_unlink_select_cb.str1.1,rodata,48
.text.lwip_unlink_select_cb,text,112
.rodata.lwip_netconn_do_gethostbyname.str1.1,rodata,37
.text.lwip_netconn_do_gethostbyname,text,124
.rodata.lwip_netconn_do_getallhostbyname.str1.1,rodata,40
.text.lwip_netconn_do_getallhostbyname,text,136
.text.get_socket,text,52
.rodata.event_callback.str1.1,rodata,40
.text.event_callback,text,408
.rodata.lwip_sock_make_addr.isra.0.str1.1,rodata,16
.text.lwip_sock_make_addr.isra.0,text,224
.rodata.lwip_netconn_is_err_msg.str1.1,rodata,12
.text.lwip_netconn_is_err_msg,text,92
.rodata.netconn_alloc.str1.1,rodata,38
.text.netconn_alloc,text,180
.rodata.netconn_free.str1.1,rodata,164
.text.netconn_free,text,120
.rodata.accept_function.str1.1,rodata,39
.text.accept_function,text,260
.rodata.netconn_new_with_proto_and_callback.str1.1,rodata,156
.text.netconn_new_with_proto_and_callback,text,216
.text.netconn_prepare_delete,text,56
.text.netconn_delete,text,28
.rodata.netconn_getaddr.str1.1,rodata,90
.text.netconn_getaddr,text,132
.rodata.lwip_getaddrname.str1.1,rodata,48
.text.lwip_getaddrname,text,456
.rodata.netconn_bind.str1.1,rodata,27
.text.netconn_bind,text,192
.rodata.netconn_connect.str1.1,rodata,30
.text.netconn_connect,text,108
.rodata.netconn_disconnect.str1.1,rodata,33
.text.netconn_disconnect,text,68
.rodata.netconn_listen_with_backlog.str1.1,rodata,29
.text.netconn_listen_with_backlog,text,68
.rodata.netconn_tcp_recvd.str1.1,rodata,36
.text.netconn_tcp_recvd,text,104
.rodata.netconn_send.str1.1,rodata,27
.text.netconn_send,text,72
.rodata.netconn_write_vectors_partly.str1.1,rodata,97
.text.netconn_write_vectors_partly,text,272
.text.netconn_write_partly,text,24
.text.netconn_err,text,30
.text.lwip_netconn_do_send,text,144
.rodata.lwip_netconn_do_write.str1.1,rodata,47
.text.lwip_netconn_do_write,text,220
.rodata.netconn_accept.str1.1,rodata,61
.text.netconn_accept,text,168
.rodata.netconn_recv_data.str1.1,rodata,69
.text.netconn_recv_data,text,272
.rodata.netconn_recv_udp_raw_netbuf.str1.1,rodata,42
.text.netconn_recv_udp_raw_netbuf_flags,text,40
.text.netconn_recv_data_tcp,text,252
.text.netconn_recv_tcp_pbuf_flags,text,40
.rodata.lwip_recv_tcp.str1.1,rodata,103
.text.lwip_recv_tcp,text,492
.text.netconn_shutdown,text,22
.rodata.netconn_join_leave_group.str1.1,rodata,39
.text.netconn_join_leave_group_netif,text,128
.rodata.netconn_gethostbyname_ext.str1.1,rodata,72
.text.netconn_gethostbyname_ext,text,384
.rodata.netconn_getallhostbyname_ext.str1.1,rodata,123
.text.netconn_getallhostbyname_ext,text,552
.text.netconn_gethostbyname_addrtype,text,22
.text.netconn_getallhostbyname_addrtype,text,26
.text.netbuf_delete,text,34
.rodata.recv_udp.str1.1,rodata,95
.text.recv_udp,text,288
.text.recv_raw,text,216
.text.netconn_drain,text,158
.rodata.lwip_netconn_do_delconn.str1.1,rodata,74
.text.lwip_netconn_do_delconn,text,316
.text.lwip_netconn_do_close,text,184
.rodata.free_socket.str1.1,rodata,30
.text.free_socket,text,84
.rodata.lwip_recvfrom_udp_raw.str1.1,rodata,41
.text.lwip_recvfrom_udp_raw,text,528
.rodata.netbuf_free.str1.1,rodata,25
.text.netbuf_free,text,36
.rodata.netbuf_ref.str1.1,rodata,24
.text.netbuf_ref,text,76
.text.sockaddr_to_ipaddr_port,text,104
.rodata.lwip_accept.str1.1,rodata,37
.text.lwip_accept,text,764
.rodata.lwip_bind.str1.1,rodata,27
.text.lwip_bind,text,448
.rodata.lwip_close.str1.1,rodata,23
.text.lwip_close,text,276
.rodata.lwip_connect.str1.1,rodata,30
.text.lwip_connect,text,476
.text.lwip_listen,text,164
.rodata.lwip_recvfrom.str1.1,rodata,14
.text.lwip_recvfrom,text,536
.text.lwip_read,text,18
.text.lwip_recv,text,16
.rodata.lwip_recvmsg.str1.1,rodata,70
.text.lwip_recvmsg,text,392
.rodata.lwip_sendmsg.str1.1,rodata,164
.text.lwip_sendmsg,text,544
.rodata.lwip_sendto.str1.1,rodata,29
.text.lwip_sendto,text,592
.text.lwip_send,text,212
.rodata.lwip_socket.str1.1,rodata,16
.text.lwip_socket,text,292
.text.lwip_write,text,6
.text.lwip_writev,text,34
.rodata.lwip_select.str1.1,rodata,33
.text.lwip_select,text,812
.text.lwip_shutdown,text,172
.text.lwip_getpeername,text,6
.text.lwip_getsockname,text,6
.rodata.lwip_getsockopt.str1.1,rodata,31
.text.lwip_getsockopt,text,1484
.rodata.lwip_setsockopt.str1.1,rodata,62
.text.lwip_setsockopt,text,1876
.text.lwip_ioctl,text,260
.text.lwip_fcntl,text,228
.text.lwip_inet_ntop,text,66
.text.lwip_inet_pton,text,70
.text.lwip_getAckedSize,text,80
.text.lwip_getSentSize,text,60
.text.lwip_getRecvAvailSize,text,92
.rodata.lwip_getRecvBufSize.str1.1,rodata,38
.text.lwip_getRecvBufSize,text,84
.text.lwip_getTcpState,text,84
.text.lwip_getDefaultNetif,text,12
.text.lwip_get_error,text,36
.text.quec_get_select_cb_list,text,12
.text.quecl_get_lwip_tcp_rto_init,text,12
.rodata.CSWTCH.328,rodata,12
.rodata.netconn_aborted,rodata,1
.rodata.netconn_closed,rodata,1
.rodata.netconn_reset,rodata,1
.text.tcp_new_port,text,88
.text.syn_timeoutcb,text,20
.rodata.tcp_close_shutdown_fin.str1.1,rodata,53
.text.tcp_close_shutdown_fin,text,108
.text.tcp_init,text,76
.rodata.tcp_free.str1.1,rodata,17
.text.tcp_free,text,56
.text.tcp_bind_netif,text,16
.rodata.tcp_update_rcv_ann_wnd.str1.1,rodata,36
.text.tcp_update_rcv_ann_wnd,text,80
.rodata.tcp_recved.str1.1,rodata,62
.text.tcp_recved,text,220
.text.tcp_seg_free,text,32
.text.tcp_segs_free,text,16
.rodata.tcp_seg_copy.str1.1,rodata,26
.text.tcp_seg_copy,text,72
.text.tcp_arg,text,6
.rodata.tcp_recv.str1.1,rodata,39
.text.tcp_recv,text,56
.rodata.tcp_sent.str1.1,rodata,39
.text.tcp_sent,text,56
.rodata.tcp_err.str1.1,rodata,38
.text.tcp_err,text,56
.text.tcp_accept,text,14
.rodata.tcp_poll.str1.1,rodata,52
.text.tcp_poll,text,72
.rodata.tcp_next_iss.str1.1,rodata,26
.text.tcp_next_iss,text,64
.rodata.tcp_eff_send_mss_netif.str1.1,rodata,39
.text.tcp_eff_send_mss_netif,text,108
.text.tcp_free_ooseq,text,36
.text.tcp_pcb_purge,text,204
.rodata.tcp_slowtmr.str1.1,rodata,438
.text.tcp_slowtmr,text,1752
.text.tcp_debug_print,text,2
.text.tcp_debug_print_state,text,40
.text.tcp_debug_print_pcbs,text,208
.rodata.tcp_pcbs_sane.str1.1,rodata,174
.text.tcp_pcbs_sane,text,136
.rodata.tcp_bind.str1.1,rodata,140
.text.tcp_bind,text,616
.rodata.tcp_listen_with_backlog_and_err.str1.1,rodata,234
.text.tcp_listen_with_backlog_and_err,text,568
.text.tcp_listen_with_backlog,text,6
.rodata.tcp_connect.str1.1,rodata,101
.text.tcp_connect,text,984
.rodata.tcp_pcb_remove.str1.1,rodata,164
.text.tcp_pcb_remove,text,324
.rodata.tcp_close_shutdown.str1.1,rodata,82
.text.tcp_close_shutdown,text,552
.rodata.tcp_close.str1.1,rodata,23
.text.tcp_close,text,84
.rodata.tcp_recv_null.str1.1,rodata,27
.text.tcp_recv_null,text,56
.rodata.tcp_process_refused_data.str1.1,rodata,38
.text.tcp_process_refused_data,text,224
.text.tcp_fasttmr,text,196
.text.tcp_tmr,text,60
.text.tcp_close_with_rst,text,68
.rodata.tcp_shutdown.str1.1,rodata,26
.text.tcp_shutdown,text,108
.rodata.tcp_abandon.str1.1,rodata,74
.text.tcp_abandon,text,388
.text.tcp_abort,text,6
.rodata.tcp_accept_null.str1.1,rodata,29
.text.tcp_accept_null,text,56
.rodata.tcp_netif_ip_addr_changed_pcblist.str1.1,rodata,52
.text.tcp_netif_ip_addr_changed_pcblist,text,164
.text.tcp_netif_ip_addr_changed,text,304
.text.tcp_kill_state,text,108
.text.tcp_alloc,text,516
.text.tcp_new,text,6
.text.tcp_new_ip_type,text,20
.rodata.tcp_backoff,rodata,13
.rodata.tcp_pcb_lists,rodata,16
.rodata.tcp_persist_backoff,rodata,7
.rodata.tcp_state_str,rodata,44
.text.tcp_get_next_optbyte,text,56
.rodata.tcp_oos_insert_segment.str1.1,rodata,81
.text.tcp_oos_insert_segment,text,200
.rodata.tcp_parseopt.str1.1,rodata,54
.text.tcp_parseopt,text,344
.rodata.tcp_free_acked_segments.isra.0.str1.1,rodata,72
.text.tcp_free_acked_segments.isra.0,text,208
.rodata.tcp_receive.str1.1,rodata,221
.text.tcp_receive,text,2964
.rodata.tcp_input.str1.1,rodata,489
.text.tcp_input,text,5336
.text.tcp_trigger_input_pcb_close,text,16
.rodata.tcp_pbuf_prealloc.str1.1,rodata,96
.text.tcp_pbuf_prealloc,text,144
.rodata.tcp_output_alloc_header_common.str1.1,rodata,46
.text.tcp_output_alloc_header_common,text,224
.rodata.tcp_create_segment.str1.1,rodata,86
.text.tcp_create_segment,text,356
.text.tcp_route,text,34
.rodata.tcp_output_control_segment.str1.1,rodata,41
.text.tcp_output_control_segment,text,180
.rodata.tcp_output_segment_busy.str1.1,rodata,37
.text.tcp_output_segment_busy,text,56
.rodata.tcp_output_alloc_header.str1.1,rodata,37
.text.tcp_output_alloc_header,text,104
.rodata.tcp_output_fill_options.constprop.0.str1.1,rodata,57
.text.tcp_output_fill_options.constprop.0,text,124
.rodata.tcp_write.str1.1,rodata,676
.text.tcp_write,text,1716
.rodata.tcp_split_unsent_seg.str1.1,rodata,95
.text.tcp_split_unsent_seg,text,520
.rodata.tcp_enqueue_flags.str1.1,rodata,279
.text.tcp_enqueue_flags,text,472
.rodata.tcp_send_fin.str1.1,rodata,26
.text.tcp_send_fin,text,132
.rodata.tcp_rexmit_rto_prepare.str1.1,rodata,36
.text.tcp_rexmit_rto_prepare,text,196
.rodata.tcp_rexmit.str1.1,rodata,24
.text.tcp_rexmit,text,180
.rodata.tcp_rexmit_fast.str1.1,rodata,29
.text.tcp_rexmit_fast,text,128
.rodata.tcp_rst.str1.1,rodata,53
.text.tcp_rst,text,172
.rodata.tcp_send_empty_ack.str1.1,rodata,32
.text.tcp_send_empty_ack,text,196
.rodata.tcp_output.str1.1,rodata,85
.text.tcp_output,text,1396
.rodata.tcp_rexmit_rto_commit.str1.1,rodata,35
.text.tcp_rexmit_rto_commit,text,64
.rodata.tcp_rexmit_rto.str1.1,rodata,28
.text.tcp_rexmit_rto,text,60
.rodata.tcp_keepalive.str1.1,rodata,27
.text.tcp_keepalive,text,404
.rodata.tcp_zero_window_probe.str1.1,rodata,35
.text.tcp_zero_window_probe,text,552
.rodata.tcpip_thread.str1.1,rodata,72
.text.tcpip_thread,text,160
.text.tcpip_inpkt,text,64
.text.tcpip_input,text,28
.text.tcpip_callback,text,42
.text.tcpip_try_callback,text,38
.rodata.tcpip_send_msg_wait_sem.str1.1,rodata,103
.text.tcpip_send_msg_wait_sem,text,80
.rodata.tcpip_init.str1.1,rodata,33
.text.tcpip_init,text,64
.text.tcpip_tcp_timer,text,56
.text.cyclic_timer,text,60
.text.tcp_timer_needed,text,52
.text.sys_timeouts_init,text,36
.rodata.lwip_cyclic_timers,rodata,108
.text.udp_init,text,24
.rodata.udp_input.str1.1,rodata,116
.text.udp_input,text,884
.rodata.udp_bind.str1.1,rodata,22
.text.udp_bind,text,888
.rodata.udp_sendto_if_src.str1.1,rodata,210
.text.udp_sendto_if_src,text,524
.rodata.udp_sendto_if.str1.1,rodata,114
.text.udp_sendto_if,text,200
.rodata.udp_sendto.str1.1,rodata,76
.text.udp_sendto,text,388
.rodata.udp_send.str1.1,rodata,45
.text.udp_send,text,60
.text.udp_bind_netif,text,16
.rodata.udp_connect.str1.1,rodata,53
.text.udp_connect,text,464
.rodata.udp_disconnect.str1.1,rodata,28
.text.udp_disconnect,text,124
.rodata.udp_recv.str1.1,rodata,22
.text.udp_recv,text,20
.rodata.udp_remove.str1.1,rodata,24
.text.udp_remove,text,60
.text.udp_new,text,34
.text.udp_new_ip_type,text,18
.text.udp_netif_ip_addr_changed,text,228
.text.LZ4_wildCopy8,text,32
.text.LZ4_count,text,192
.text.LZ4_putPosition,text,64
.text.LZ4_hashPosition,text,40
.text.LZ4_decompress_generic,text,1072
.text.LZ4_compress_generic,text,1796
.text.LZ4_compressBound,text,26
.text.LZ4_initStream,text,34
.text.LZ4_compress_fast_extState,text,168
.text.LZ4_compress_fast,text,62
.text.LZ4_compress_default,text,14
.text.LZ4_decompress_safe,text,28
.rodata.dec64table,rodata,32
.rodata.inc32table,rodata,32
.text.lz4LiteCompress,text,62
.text.lz4LiteDecompress,text,20
.text.lz4LiteCompressBound,text,16
.text.lz4LiteContentSize,text,64
.text.prvCpinReadRspCB,text,84
.text.malSimGetState,text,232
.text.prvMalThreadEntry,text,140
.rodata.malInit.str1.1,rodata,41
.text.malInit,text,48
.text.malSetTransContext,text,8
.text.malCreateTrans,text,40
.text.malStartUtiTrans,text,28
.text.malAbortTrans,text,16
.text.malTerminateTrans,text,32
.text.malTransUti,text,4
.text.malTransFinished,text,10
.text.malTransWait,text,10
.text.malTransContext,text,4
.text.mal_SmsAddIndexNode,text,448
.text.mal_SmsWriteLongInfo,text,184
.text.mbedtls_arc4_init,text,10
.text.mbedtls_arc4_free,text,12
.text.mbedtls_arc4_setup,text,72
.text.mbedtls_arc4_crypt,text,70
.text.asn1_get_sequence_of_cb,text,50
.text.mbedtls_asn1_get_len,text,172
.text.mbedtls_asn1_get_tag,text,40
.text.asn1_get_tagged_int,text,102
.text.mbedtls_asn1_get_bool,text,50
.text.mbedtls_asn1_get_int,text,8
.text.mbedtls_asn1_get_mpi,text,38
.text.mbedtls_asn1_get_bitstring,text,68
.text.mbedtls_asn1_traverse_sequence_of,text,142
.text.mbedtls_asn1_get_bitstring_null,text,40
.text.mbedtls_asn1_get_sequence_of,text,60
.text.mbedtls_asn1_get_alg,text,150
.text.mbedtls_asn1_get_alg_null,text,48
.text.mbedtls_asn1_write_len,text,232
.text.mbedtls_asn1_write_tag,text,28
.text.mbedtls_asn1_write_raw_buffer,text,42
.text.mbedtls_asn1_write_mpi,text,130
.text.mbedtls_asn1_write_null,text,38
.text.mbedtls_asn1_write_oid,text,54
.text.mbedtls_asn1_write_algorithm_identifier,text,84
.text.mbedtls_base64_encode,text,284
.text.mbedtls_base64_decode,text,296
.text.mpi_mul_hlp,text,1268
.text.mpi_bigendian_to_host.part.0,text,36
.text.mbedtls_mpi_mod_int.part.0,text,74
.text.mpi_fill_random_internal,text,100
.text.mpi_montmul.isra.0,text,232
.text.mbedtls_mpi_init,text,12
.text.mbedtls_mpi_free,text,36
.text.mbedtls_mpi_grow,text,76
.text.mbedtls_mpi_resize_clear,text,54
.text.mbedtls_mpi_shrink,text,104
.text.mbedtls_mpi_copy,text,100
.text.mbedtls_mpi_swap,text,42
.text.mbedtls_mpi_lset,text,56
.text.mbedtls_mpi_get_bit,text,34
.text.mbedtls_mpi_set_bit,text,92
.text.mbedtls_mpi_lsb,text,54
.text.mbedtls_mpi_bitlen,text,56
.text.mbedtls_mpi_size,text,12
.text.mbedtls_mpi_read_binary_le,text,70
.text.mbedtls_mpi_read_binary,text,66
.text.mbedtls_mpi_write_binary_le,text,110
.text.mbedtls_mpi_write_binary,text,110
.text.mbedtls_mpi_shift_l,text,170
.text.mbedtls_mpi_shift_r,text,130
.text.mbedtls_mpi_cmp_abs,text,98
.text.mbedtls_mpi_cmp_mpi,text,130
.text.mbedtls_mpi_cmp_int,text,44
.text.mbedtls_mpi_add_abs,text,178
.text.mbedtls_mpi_sub_abs,text,224
.text.mbedtls_mpi_add_mpi,text,68
.text.mbedtls_mpi_sub_mpi,text,70
.text.mbedtls_mpi_add_int,text,44
.text.mbedtls_mpi_sub_int,text,44
.text.mbedtls_mpi_mul_mpi,text,230
.text.mbedtls_mpi_mul_int,text,92
.text.mbedtls_mpi_div_mpi,text,852
.text.mbedtls_mpi_mod_mpi,text,100
.text.mbedtls_mpi_mod_int,text,58
.text.mpi_check_small_factors,text,76
.text.mbedtls_mpi_exp_mod,text,1120
.text.mbedtls_mpi_gcd,text,250
.text.mbedtls_mpi_fill_random,text,52
.text.mpi_miller_rabin,text,394
.text.mbedtls_mpi_random,text,222
.text.mbedtls_mpi_inv_mod,text,696
.text.mbedtls_mpi_is_prime_ext,text,90
.text.mbedtls_mpi_gen_prime,text,532
.rodata.small_prime,rodata,672
.text.blowfish_enc,text,92
.text.mbedtls_blowfish_init,text,10
.text.mbedtls_blowfish_free,text,12
.text.mbedtls_blowfish_setkey,text,216
.text.mbedtls_blowfish_crypt_ecb,text,192
.text.mbedtls_blowfish_crypt_cbc,text,186
.text.mbedtls_blowfish_crypt_cfb64,text,118
.text.mbedtls_blowfish_crypt_ctr,text,108
.rodata.P,rodata,72
.rodata.S,rodata,4096
.text.camellia_feistel,text,136
.text.mbedtls_camellia_init,text,10
.text.mbedtls_camellia_free,text,12
.text.mbedtls_camellia_setkey_enc,text,1140
.text.mbedtls_camellia_setkey_dec,text,168
.text.mbedtls_camellia_crypt_ecb,text,340
.text.mbedtls_camellia_crypt_cbc,text,190
.text.mbedtls_camellia_crypt_cfb128,text,118
.text.mbedtls_camellia_crypt_ctr,text,108
.rodata.FSb,rodata,512
.rodata.FSb2,rodata,256
.rodata.FSb3,rodata,256
.rodata.FSb4,rodata,256
.rodata.SIGMA_CHARS,rodata,48
.rodata.indexes,rodata,160
.rodata.shifts,rodata,32
.rodata.transposes,rodata,40
.text.ccm_auth_crypt,text,796
.text.mbedtls_ccm_init,text,8
.text.mbedtls_ccm_setkey,text,70
.text.mbedtls_ccm_free,text,24
.text.mbedtls_ccm_star_encrypt_and_tag,text,44
.text.mbedtls_ccm_encrypt_and_tag,text,24
.text.mbedtls_ccm_star_auth_decrypt,text,92
.text.mbedtls_ccm_auth_decrypt,text,24
.text.chacha20_quarter_round,text,106
.text.chacha20_block,text,350
.text.mbedtls_chacha20_init,text,26
.text.mbedtls_chacha20_free,text,10
.text.mbedtls_chacha20_setkey,text,220
.text.mbedtls_chacha20_starts,text,90
.text.mbedtls_chacha20_update,text,290
.text.chachapoly_pad_aad,text,48
.text.mbedtls_chachapoly_init,text,40
.text.mbedtls_chachapoly_free,text,42
.text.mbedtls_chachapoly_setkey,text,4
.text.mbedtls_chachapoly_starts,text,94
.text.mbedtls_chachapoly_update_aad,text,40
.text.mbedtls_chachapoly_update,text,132
.text.mbedtls_chachapoly_finish,text,166
.text.mbedtls_chachapoly_encrypt_and_tag,text,74
.text.mbedtls_chachapoly_auth_decrypt,text,106
.text.add_pkcs_padding,text,24
.text.get_pkcs_padding,text,84
.text.add_one_and_zeros_padding,text,28
.text.add_zeros_and_len_padding,text,34
.text.get_zeros_and_len_padding,text,80
.text.add_zeros_padding,text,14
.text.get_no_padding,text,20
.text.mbedtls_cipher_aead_encrypt,text,180
.text.mbedtls_cipher_aead_decrypt,text,188
.text.get_one_and_zeros_padding,text,80
.text.get_zeros_padding,text,56
.text.mbedtls_cipher_info_from_type,text,24
.text.mbedtls_cipher_info_from_values,text,40
.text.mbedtls_cipher_init,text,8
.text.mbedtls_cipher_free,text,32
.text.mbedtls_cipher_setkey,text,64
.text.mbedtls_cipher_set_iv,text,92
.text.mbedtls_cipher_reset,text,20
.text.mbedtls_cipher_update,text,632
.text.mbedtls_cipher_finish,text,200
.text.mbedtls_cipher_set_padding_mode,text,124
.text.mbedtls_cipher_setup,text,56
.text.mbedtls_cipher_crypt,text,76
.text.mbedtls_cipher_auth_encrypt_ext,text,72
.text.mbedtls_cipher_auth_decrypt_ext,text,48
.text.chachapoly_ctx_free,text,18
.text.chachapoly_ctx_alloc,text,22
.text.chachapoly_setkey_wrap,text,24
.text.chacha20_ctx_free,text,18
.text.chacha20_ctx_alloc,text,22
.text.chacha20_setkey_wrap,text,24
.text.chacha20_stream_wrap,text,24
.text.des3_ctx_free,text,18
.text.des3_ctx_alloc,text,24
.text.des3_set3key_dec_wrap,text,4
.text.des3_set3key_enc_wrap,text,4
.text.des3_crypt_cbc_wrap,text,4
.text.des3_crypt_ecb_wrap,text,8
.text.des3_set2key_dec_wrap,text,4
.text.des3_set2key_enc_wrap,text,4
.text.des_ctx_free,text,18
.text.des_ctx_alloc,text,22
.text.des_setkey_dec_wrap,text,4
.text.des_setkey_enc_wrap,text,4
.text.des_crypt_cbc_wrap,text,4
.text.des_crypt_ecb_wrap,text,8
.text.ccm_ctx_free,text,18
.text.ccm_ctx_alloc,text,22
.text.ccm_camellia_setkey_wrap,text,10
.text.ccm_aes_setkey_wrap,text,10
.text.gcm_ctx_free,text,18
.text.gcm_ctx_alloc,text,24
.text.gcm_camellia_setkey_wrap,text,10
.text.gcm_aes_setkey_wrap,text,10
.text.camellia_ctx_free,text,18
.text.camellia_ctx_alloc,text,24
.text.camellia_setkey_dec_wrap,text,4
.text.camellia_setkey_enc_wrap,text,4
.text.camellia_crypt_ctr_wrap,text,4
.text.camellia_crypt_cfb128_wrap,text,4
.text.camellia_crypt_cbc_wrap,text,4
.text.camellia_crypt_ecb_wrap,text,4
.text.blowfish_ctx_free,text,18
.text.blowfish_ctx_alloc,text,24
.text.blowfish_setkey_wrap,text,4
.text.blowfish_crypt_ctr_wrap,text,4
.text.blowfish_crypt_cfb64_wrap,text,4
.text.blowfish_crypt_cbc_wrap,text,4
.text.blowfish_crypt_ecb_wrap,text,4
.text.arc4_ctx_free,text,18
.text.arc4_ctx_alloc,text,24
.text.arc4_setkey_wrap,text,28
.text.arc4_crypt_stream_wrap,text,4
.text.xts_aes_ctx_alloc,text,24
.text.xts_aes_setkey_dec_wrap,text,4
.text.xts_aes_setkey_enc_wrap,text,4
.text.aes_crypt_xts_wrap,text,32
.text.aes_ctx_free,text,18
.text.aes_ctx_alloc,text,24
.text.aes_setkey_dec_wrap,text,4
.text.aes_setkey_enc_wrap,text,4
.text.aes_crypt_ctr_wrap,text,4
.text.aes_crypt_ofb_wrap,text,4
.text.aes_crypt_cfb128_wrap,text,4
.text.aes_crypt_cbc_wrap,text,4
.text.aes_crypt_ecb_wrap,text,4
.text.xts_aes_ctx_free,text,22
.rodata.aes_128_cbc_info,rodata,28
.rodata.aes_128_ccm_info,rodata,28
.rodata.aes_128_cfb128_info,rodata,28
.rodata.aes_128_ctr_info,rodata,28
.rodata.aes_128_ecb_info,rodata,28
.rodata.aes_128_gcm_info,rodata,28
.rodata.aes_128_ofb_info,rodata,28
.rodata.aes_128_xts_info,rodata,28
.rodata.aes_192_cbc_info,rodata,28
.rodata.aes_192_ccm_info,rodata,28
.rodata.aes_192_cfb128_info,rodata,28
.rodata.aes_192_ctr_info,rodata,28
.rodata.aes_192_ecb_info,rodata,28
.rodata.aes_192_gcm_info,rodata,28
.rodata.aes_192_ofb_info,rodata,28
.rodata.aes_256_cbc_info,rodata,28
.rodata.aes_256_ccm_info,rodata,28
.rodata.aes_256_cfb128_info,rodata,28
.rodata.aes_256_ctr_info,rodata,28
.rodata.aes_256_ecb_info,rodata,28
.rodata.aes_256_gcm_info,rodata,28
.rodata.aes_256_ofb_info,rodata,28
.rodata.aes_256_xts_info,rodata,28
.rodata.aes_info,rodata,48
.rodata.arc4_128_info,rodata,28
.rodata.arc4_base_info,rodata,48
.rodata.blowfish_cbc_info,rodata,28
.rodata.blowfish_cfb64_info,rodata,28
.rodata.blowfish_ctr_info,rodata,28
.rodata.blowfish_ecb_info,rodata,28
.rodata.blowfish_info,rodata,48
.rodata.camellia_128_cbc_info,rodata,28
.rodata.camellia_128_ccm_info,rodata,28
.rodata.camellia_128_cfb128_info,rodata,28
.rodata.camellia_128_ctr_info,rodata,28
.rodata.camellia_128_ecb_info,rodata,28
.rodata.camellia_128_gcm_info,rodata,28
.rodata.camellia_192_cbc_info,rodata,28
.rodata.camellia_192_ccm_info,rodata,28
.rodata.camellia_192_cfb128_info,rodata,28
.rodata.camellia_192_ctr_info,rodata,28
.rodata.camellia_192_ecb_info,rodata,28
.rodata.camellia_192_gcm_info,rodata,28
.rodata.camellia_256_cbc_info,rodata,28
.rodata.camellia_256_ccm_info,rodata,28
.rodata.camellia_256_cfb128_info,rodata,28
.rodata.camellia_256_ctr_info,rodata,28
.rodata.camellia_256_ecb_info,rodata,28
.rodata.camellia_256_gcm_info,rodata,28
.rodata.camellia_info,rodata,48
.rodata.ccm_aes_info,rodata,48
.rodata.ccm_camellia_info,rodata,48
.rodata.chacha20_base_info,rodata,48
.rodata.chacha20_info,rodata,28
.rodata.chachapoly_base_info,rodata,48
.rodata.chachapoly_info,rodata,28
.rodata.des_cbc_info,rodata,28
.rodata.des_ecb_info,rodata,28
.rodata.des_ede3_cbc_info,rodata,28
.rodata.des_ede3_ecb_info,rodata,28
.rodata.des_ede3_info,rodata,48
.rodata.des_ede_cbc_info,rodata,28
.rodata.des_ede_ecb_info,rodata,28
.rodata.des_ede_info,rodata,48
.rodata.des_info,rodata,48
.rodata.gcm_aes_info,rodata,48
.rodata.gcm_camellia_info,rodata,48
.rodata.mbedtls_cipher_definitions,rodata,440
.rodata.xts_aes_info,rodata,48
.text.mbedtls_ct_uchar_mask_of_range,text,16
.text.mbedtls_ct_memcmp,text,40
.text.mbedtls_ct_uint_mask,text,8
.text.mbedtls_ct_size_mask,text,8
.text.mbedtls_ct_size_mask_ge,text,8
.text.mbedtls_ct_size_bool_eq,text,12
.text.mbedtls_ct_mpi_uint_lt,text,14
.text.mbedtls_ct_uint_if,text,16
.text.mbedtls_ct_mpi_uint_cond_assign,text,36
.text.mbedtls_ct_base64_enc_char,text,94
.text.mbedtls_ct_base64_dec_value,text,92
.text.mbedtls_ct_memcpy_if_eq,text,52
.text.mbedtls_ct_memcpy_offset,text,38
.text.mbedtls_ct_hmac,text,274
.text.mbedtls_mpi_safe_cond_assign,text,94
.text.mbedtls_mpi_safe_cond_swap,text,128
.text.mbedtls_mpi_lt_mpi_ct,text,138
.text.mbedtls_ct_rsaes_pkcs1_v15_unpadding,text,368
.text.block_cipher_df,text,350
.text.ctr_drbg_update_internal,text,138
.text.mbedtls_ctr_drbg_reseed_internal,text,176
.text.mbedtls_ctr_drbg_init,text,28
.text.mbedtls_ctr_drbg_free,text,36
.text.mbedtls_ctr_drbg_reseed,text,6
.text.mbedtls_ctr_drbg_seed,text,100
.text.mbedtls_ctr_drbg_random_with_add,text,226
.text.mbedtls_ctr_drbg_random,text,16
.text.mbedtls_des_init,text,8
.text.mbedtls_des_free,text,10
.text.mbedtls_des3_init,text,10
.text.mbedtls_des3_free,text,12
.text.mbedtls_des_setkey,text,808
.text.des3_set2key,text,114
.text.des3_set3key,text,104
.text.mbedtls_des_setkey_enc,text,10
.text.mbedtls_des_setkey_dec,text,42
.text.mbedtls_des3_set2key_enc,text,30
.text.mbedtls_des3_set2key_dec,text,32
.text.mbedtls_des3_set3key_enc,text,30
.text.mbedtls_des3_set3key_dec,text,32
.text.mbedtls_des_crypt_ecb,text,516
.text.mbedtls_des_crypt_cbc,text,186
.text.mbedtls_des3_crypt_ecb,text,1072
.text.mbedtls_des3_crypt_cbc,text,186
.rodata.LHs,rodata,64
.rodata.RHs,rodata,64
.rodata.SB1,rodata,256
.rodata.SB2,rodata,256
.rodata.SB3,rodata,256
.rodata.SB4,rodata,256
.rodata.SB5,rodata,256
.rodata.SB6,rodata,256
.rodata.SB7,rodata,256
.rodata.SB8,rodata,256
.text.dhm_read_bignum,text,64
.text.dhm_check_range,text,72
.text.dhm_random_below,text,38
.text.dhm_make_common,text,132
.text.mbedtls_dhm_init,text,8
.text.mbedtls_dhm_read_params,text,82
.text.mbedtls_dhm_make_params,text,180
.text.mbedtls_dhm_set_group,text,50
.text.mbedtls_dhm_read_public,text,32
.text.mbedtls_dhm_make_public,text,76
.text.mbedtls_dhm_calc_secret,text,540
.text.mbedtls_dhm_free,text,96
.text.mbedtls_ecdh_gen_public,text,52
.text.mbedtls_ecdh_compute_shared,text,84
.text.mbedtls_ecdh_init,text,72
.text.mbedtls_ecdh_setup,text,20
.text.mbedtls_ecdh_free,text,72
.text.mbedtls_ecdh_make_params,text,104
.text.mbedtls_ecdh_read_params,text,64
.text.mbedtls_ecdh_get_params,text,96
.text.mbedtls_ecdh_make_public,text,76
.text.mbedtls_ecdh_read_public,text,44
.text.mbedtls_ecdh_calc_secret,text,124
.text.derive_mpi,text,176
.text.mbedtls_ecdsa_can_do,text,12
.text.ecdsa_sign_restartable.isra.0,text,416
.rodata.ecdsa_sign_det_restartable.isra.0.str1.1,rodata,17
.text.ecdsa_sign_det_restartable.isra.0,text,272
.text.ecdsa_verify_restartable.isra.0,text,328
.text.mbedtls_ecdsa_write_signature_restartable,text,180
.text.mbedtls_ecdsa_write_signature,text,32
.text.mbedtls_ecdsa_read_signature_restartable,text,160
.text.mbedtls_ecdsa_read_signature,text,18
.text.mbedtls_ecdsa_init,text,4
.text.mbedtls_ecdsa_free,text,8
.text.mbedtls_ecdsa_from_keypair,text,56
.text.sm2_param_load,text,124
.text.mbedtls_ecdsa_sm2_verify,text,320
.rodata.sm2256_a,rodata,32
.rodata.sm2256_b,rodata,32
.rodata.sm2256_gx,rodata,32
.rodata.sm2256_gy,rodata,32
.rodata.sm2256_n,rodata,32
.rodata.sm2256_p,rodata,32
.text.ecp_drbg_random,text,4
.text.ecp_drbg_seed,text,76
.text.ecp_safe_invert_jac,text,70
.text.mbedtls_mpi_sub_mod,text,60
.text.mbedtls_mpi_add_mod.part.0,text,38
.text.mbedtls_mpi_add_mod,text,32
.text.mbedtls_mpi_mul_mod,text,160
.text.ecp_randomize_mxz,text,92
.text.ecp_randomize_jac,text,156
.text.ecp_normalize_jac,text,144
.text.ecp_normalize_jac_many,text,424
.text.ecp_select_comb,text,104
.text.mbedtls_ecp_point_free.part.0,text,28
.text.mbedtls_mpi_shift_l_mod.constprop.0,text,30
.text.ecp_double_jac,text,652
.text.mbedtls_ecp_grp_id_list,text,56
.text.mbedtls_ecp_curve_info_from_grp_id,text,24
.text.mbedtls_ecp_curve_info_from_tls_id,text,28
.text.mbedtls_ecp_get_type,text,18
.text.mbedtls_ecp_point_init,text,28
.text.mbedtls_ecp_group_init,text,66
.text.mbedtls_ecp_keypair_init,text,28
.text.mbedtls_ecp_point_free,text,8
.text.mbedtls_ecp_group_free,text,98
.text.mbedtls_ecp_keypair_free,text,32
.text.mbedtls_ecp_copy,text,44
.text.mbedtls_ecp_group_copy,text,6
.text.mbedtls_ecp_set_zero,text,40
.text.ecp_add_mixed,text,612
.text.ecp_mul_comb.isra.0,text,1000
.text.mbedtls_ecp_is_zero,text,18
.text.mbedtls_ecp_point_write_binary,text,220
.text.mbedtls_ecp_point_read_binary,text,224
.text.mbedtls_ecp_tls_read_point,text,48
.text.mbedtls_ecp_tls_write_point,text,48
.text.mbedtls_ecp_tls_read_group_id,text,68
.text.mbedtls_ecp_tls_write_group,text,56
.text.mbedtls_ecp_check_pubkey,text,452
.text.mbedtls_ecp_check_privkey,text,116
.text.mbedtls_ecp_mul_restartable,text,916
.text.mbedtls_ecp_mul,text,22
.text.mbedtls_ecp_mul_shortcuts,text,140
.text.mbedtls_ecp_muladd_restartable,text,120
.text.mbedtls_ecp_muladd,text,22
.text.mbedtls_ecp_gen_privkey,text,160
.text.mbedtls_ecp_check_pub_priv,text,180
.rodata.ecp_supported_curves,rodata,168
.rodata.ecp_x25519_bad_point_1,rodata,12
.rodata.ecp_x25519_bad_point_2,rodata,12
.rodata.x25519_bad_point_1,rodata,32
.rodata.x25519_bad_point_2,rodata,32
.text.add64,text,56
.text.add32,text,20
.text.sub32,text,22
.text.mbedtls_ecp_fix_negative,text,70
.text.ecp_mod_p448,text,220
.text.ecp_mod_p255,text,132
.text.ecp_mod_p521,text,98
.text.ecp_mod_p384,text,1542
.text.ecp_mod_p256,text,1196
.text.ecp_mod_p224,text,612
.text.ecp_mod_koblitz.constprop.0,text,226
.text.ecp_mod_p192k1,text,12
.text.ecp_mod_p224k1,text,12
.text.ecp_mod_p256k1,text,12
.text.ecp_mod_p192,text,204
.text.mbedtls_ecp_group_load,text,1352
.rodata.brainpoolP256r1_a,rodata,32
.rodata.brainpoolP256r1_b,rodata,32
.rodata.brainpoolP256r1_gx,rodata,32
.rodata.brainpoolP256r1_gy,rodata,32
.rodata.brainpoolP256r1_n,rodata,32
.rodata.brainpoolP256r1_p,rodata,32
.rodata.brainpoolP384r1_a,rodata,48
.rodata.brainpoolP384r1_b,rodata,48
.rodata.brainpoolP384r1_gx,rodata,48
.rodata.brainpoolP384r1_gy,rodata,48
.rodata.brainpoolP384r1_n,rodata,48
.rodata.brainpoolP384r1_p,rodata,48
.rodata.brainpoolP512r1_a,rodata,64
.rodata.brainpoolP512r1_b,rodata,64
.rodata.brainpoolP512r1_gx,rodata,64
.rodata.brainpoolP512r1_gy,rodata,64
.rodata.brainpoolP512r1_n,rodata,64
.rodata.brainpoolP512r1_p,rodata,64
.rodata.curve25519_part_of_n,rodata,16
.rodata.curve448_part_of_n,rodata,28
.rodata.secp192k1_a,rodata,4
.rodata.secp192k1_b,rodata,4
.rodata.secp192k1_gx,rodata,24
.rodata.secp192k1_gy,rodata,24
.rodata.secp192k1_n,rodata,24
.rodata.secp192k1_p,rodata,24
.rodata.secp192r1_b,rodata,24
.rodata.secp192r1_gx,rodata,24
.rodata.secp192r1_gy,rodata,24
.rodata.secp192r1_n,rodata,24
.rodata.secp192r1_p,rodata,24
.rodata.secp224k1_a,rodata,4
.rodata.secp224k1_b,rodata,4
.rodata.secp224k1_gx,rodata,28
.rodata.secp224k1_gy,rodata,28
.rodata.secp224k1_n,rodata,32
.rodata.secp224k1_p,rodata,28
.rodata.secp224r1_b,rodata,28
.rodata.secp224r1_gx,rodata,28
.rodata.secp224r1_gy,rodata,28
.rodata.secp224r1_n,rodata,28
.rodata.secp224r1_p,rodata,32
.rodata.secp256k1_a,rodata,4
.rodata.secp256k1_b,rodata,4
.rodata.secp256k1_gx,rodata,32
.rodata.secp256k1_gy,rodata,32
.rodata.secp256k1_n,rodata,32
.rodata.secp256k1_p,rodata,32
.rodata.secp256r1_b,rodata,32
.rodata.secp256r1_gx,rodata,32
.rodata.secp256r1_gy,rodata,32
.rodata.secp256r1_n,rodata,32
.rodata.secp256r1_p,rodata,32
.rodata.secp384r1_b,rodata,48
.rodata.secp384r1_gx,rodata,48
.rodata.secp384r1_gy,rodata,48
.rodata.secp384r1_n,rodata,48
.rodata.secp384r1_p,rodata,48
.rodata.secp521r1_b,rodata,68
.rodata.secp521r1_gx,rodata,68
.rodata.secp521r1_gy,rodata,68
.rodata.secp521r1_n,rodata,68
.rodata.secp521r1_p,rodata,68
.text.entropy_update,text,116
.text.entropy_gather_internal.part.0,text,130
.text.mbedtls_entropy_func.part.0,text,242
.text.mbedtls_entropy_init,text,136
.text.mbedtls_entropy_free,text,52
.text.mbedtls_entropy_func,text,14
.text.mbedtls_hardclock_poll,text,44
.text.mbedtls_havege_poll,text,26
.text.gcm_mult,text,360
.text.mbedtls_gcm_init,text,10
.text.mbedtls_gcm_setkey,text,358
.text.mbedtls_gcm_starts,text,318
.text.mbedtls_gcm_update,text,258
.text.mbedtls_gcm_finish,text,200
.text.mbedtls_gcm_crypt_and_tag,text,74
.text.mbedtls_gcm_auth_decrypt,text,82
.text.mbedtls_gcm_free,text,26
.rodata.last4,rodata,128
.text.havege_fill,text,3514
.text.mbedtls_havege_init,text,24
.text.mbedtls_havege_free,text,12
.text.mbedtls_havege_random,text,82
.text.mbedtls_hmac_drbg_init,text,20
.text.mbedtls_hmac_drbg_update_ret,text,206
.text.hmac_drbg_reseed_core,text,160
.text.mbedtls_hmac_drbg_seed_buf,text,76
.text.mbedtls_hmac_drbg_reseed,text,6
.text.mbedtls_hmac_drbg_random_with_add,text,192
.text.mbedtls_hmac_drbg_random,text,16
.text.mbedtls_hmac_drbg_free,text,26
.text.aes_gen_tables,text,536
.text.mbedtls_gf128mul_x_ble,text,82
.text.mbedtls_aes_init,text,10
.text.mbedtls_aes_free,text,12
.text.mbedtls_aes_xts_init,text,20
.text.mbedtls_aes_xts_free,text,24
.text.mbedtls_aes_setkey_enc,text,460
.text.mbedtls_aes_setkey_dec,text,280
.text.mbedtls_aes_xts_setkey_enc,text,60
.text.mbedtls_aes_xts_setkey_dec,text,60
.text.mbedtls_internal_aes_encrypt,text,932
.text.mbedtls_aes_encrypt,text,4
.text.mbedtls_internal_aes_decrypt,text,940
.text.mbedtls_aes_decrypt,text,4
.text.mbedtls_aes_crypt_ecb,text,28
.text.mbedtls_aes_crypt_cbc,text,182
.text.mbedtls_aes_crypt_xts,text,336
.text.mbedtls_aes_crypt_cfb128,text,140
.text.mbedtls_aes_crypt_cfb8,text,102
.text.mbedtls_aes_crypt_ofb,text,84
.text.mbedtls_aes_crypt_ctr,text,104
.text.debug_send_line.isra.0,text,14
.rodata.mbedtls_debug_print_mpi.part.0.str1.1,rodata,29
.text.mbedtls_debug_print_mpi.part.0,text,204
.text.mbedtls_debug_set_threshold,text,12
.text.mbedtls_debug_print_msg,text,96
.rodata.mbedtls_debug_print_ret.str1.1,rodata,28
.text.mbedtls_debug_print_ret,text,100
.rodata.mbedtls_debug_print_buf.str1.1,rodata,38
.text.mbedtls_debug_print_buf,text,328
.text.mbedtls_debug_print_mpi,text,40
.rodata.mbedtls_debug_print_ecp.part.0.str1.1,rodata,12
.text.mbedtls_debug_print_ecp.part.0,text,112
.text.mbedtls_debug_print_ecp,text,36
.rodata.mbedtls_debug_print_crt.str1.1,rodata,54
.text.mbedtls_debug_print_crt,text,392
.rodata.mbedtls_debug_printf_ecdh.str1.1,rodata,25
.text.mbedtls_debug_printf_ecdh,text,72
.text.mbedtls_sha256_init,text,8
.text.mbedtls_sha256_free,text,10
.text.mbedtls_sha256_clone,text,10
.text.mbedtls_sha256_starts_ret,text,160
.text.mbedtls_internal_sha256_process,text,1772
.text.mbedtls_sha256_update_ret,text,122
.text.mbedtls_sha256_finish_ret,text,260
.text.mbedtls_sha256_ret,text,66
.rodata.K,rodata,896
.text.mbedtls_md_list,text,8
.rodata.mbedtls_md_info_from_string.str1.1,rodata,10
.text.mbedtls_md_info_from_type,text,24
.text.mbedtls_md_init,text,8
.text.mbedtls_md_free,text,102
.text.mbedtls_md_clone,text,100
.text.mbedtls_md_setup,text,184
.text.mbedtls_md_starts,text,76
.text.mbedtls_md_update,text,64
.text.mbedtls_md_finish,text,64
.text.mbedtls_md,text,96
.text.mbedtls_md_hmac_starts,text,192
.text.mbedtls_md_hmac_update,text,32
.text.mbedtls_md_hmac_finish,text,84
.text.mbedtls_md_hmac_reset,text,44
.text.mbedtls_md_get_size,text,6
.text.mbedtls_md_get_type,text,6
.text.mbedtls_md_get_name,text,6
.rodata.mbedtls_md5_info,rodata,8
.rodata.mbedtls_ripemd160_info,rodata,8
.rodata.mbedtls_sha1_info,rodata,8
.rodata.mbedtls_sha224_info,rodata,8
.rodata.mbedtls_sha256_info,rodata,8
.rodata.mbedtls_sha384_info,rodata,8
.rodata.mbedtls_sha512_info,rodata,8
.rodata.supported_digests,rodata,32
.text.mbedtls_md5_init,text,8
.text.mbedtls_md5_free,text,10
.text.mbedtls_md5_clone,text,10
.text.mbedtls_md5_starts_ret,text,44
.text.mbedtls_internal_md5_process,text,2272
.text.mbedtls_md5_update_ret,text,122
.text.mbedtls_md5_finish_ret,text,172
.text.mbedtls_md5_ret,text,92
.text.net_would_block.isra.0,text,52
.text.mbedtls_net_init,text,8
.text.mbedtls_net_connect,text,140
.text.mbedtls_net_bind,text,210
.text.mbedtls_net_accept,text,308
.text.mbedtls_net_set_block,text,30
.text.mbedtls_net_set_nonblock,text,30
.text.mbedtls_net_poll,text,228
.text.mbedtls_net_usleep,text,52
.text.mbedtls_net_recv,text,84
.text.mbedtls_net_recv_timeout,text,168
.text.mbedtls_net_send,text,84
.text.mbedtls_net_free,text,30
.text.oid_sig_alg_from_asn1.part.0,text,44
.text.mbedtls_oid_get_attr_short_name,text,52
.text.mbedtls_oid_get_x509_ext_type,text,52
.text.mbedtls_oid_get_extended_key_usage,text,52
.text.mbedtls_oid_get_certificate_policies,text,52
.text.mbedtls_oid_get_sig_alg_desc,text,26
.text.mbedtls_oid_get_sig_alg,text,32
.text.mbedtls_oid_get_pk_alg,text,52
.text.mbedtls_oid_get_oid_by_pk_alg,text,40
.text.mbedtls_oid_get_ec_grp,text,52
.text.mbedtls_oid_get_oid_by_ec_grp,text,40
.text.mbedtls_oid_get_cipher_alg,text,52
.text.mbedtls_oid_get_md_alg,text,52
.text.mbedtls_oid_get_oid_by_md,text,40
.text.mbedtls_oid_get_md_hmac,text,52
.text.mbedtls_oid_get_pkcs12_pbe_alg,text,56
.rodata.mbedtls_oid_get_numeric_string.str1.1,rodata,724
.text.mbedtls_oid_get_numeric_string,text,160
.rodata.oid_certificate_policies,rodata,32
.rodata.oid_cipher_alg,rodata,60
.rodata.oid_ecp_grp,rodata,240
.rodata.oid_ext_key_usage,rodata,128
.rodata.oid_md_alg,rodata,160
.rodata.oid_md_hmac,rodata,120
.rodata.oid_pk_alg,rodata,80
.rodata.oid_pkcs12_pbe_alg,rodata,60
.rodata.oid_sig_alg,rodata,280
.rodata.oid_x509_ext,rodata,140
.rodata.oid_x520_attr_type,rodata,400
.text.pem_get_iv,text,92
.text.pem_pbkdf1,text,216
.text.pem_des3_decrypt,text,88
.text.pem_aes_decrypt,text,94
.text.mbedtls_pem_init,text,8
.rodata.mbedtls_pem_read_buffer.str1.1,rodata,150
.text.mbedtls_pem_read_buffer,text,848
.text.mbedtls_pem_free,text,38
.text.pk_hashlen_helper,text,50
.text.mbedtls_pk_init,text,8
.text.mbedtls_pk_free,text,30
.text.mbedtls_pk_info_from_type,text,24
.text.mbedtls_pk_setup,text,44
.text.mbedtls_pk_can_do,text,18
.text.mbedtls_pk_verify_restartable,text,72
.text.mbedtls_pk_verify,text,22
.text.mbedtls_pk_sign_restartable,text,80
.text.mbedtls_pk_sign,text,32
.text.mbedtls_pk_decrypt,text,40
.text.mbedtls_pk_encrypt,text,40
.text.mbedtls_pk_get_bitlen,text,16
.text.mbedtls_pk_verify_ext,text,192
.text.mbedtls_pk_debug,text,36
.rodata.mbedtls_pk_get_name.str1.1,rodata,11
.text.mbedtls_pk_get_name,text,20
.text.mbedtls_pk_get_type,text,10
.rodata.CSWTCH.8,rodata,16
.text.rsa_can_do,text,12
.rodata.rsa_debug.str1.1,rodata,12
.text.rsa_debug,text,36
.text.eckey_can_do,text,12
.text.eckey_get_bitlen,text,4
.rodata.eckey_debug.str1.1,rodata,8
.text.eckey_debug,text,20
.text.eckeydh_can_do,text,12
.text.ecdsa_can_do,text,8
.text.rsa_free_wrap,text,18
.text.rsa_alloc_wrap,text,26
.text.rsa_check_pair_wrap,text,4
.text.rsa_get_bitlen,text,10
.text.rsa_encrypt_wrap,text,76
.text.rsa_decrypt_wrap,text,80
.text.rsa_sign_wrap,text,64
.text.rsa_verify_wrap,text,76
.text.eckey_free_wrap,text,18
.text.eckey_alloc_wrap,text,22
.text.eckey_check_pair,text,4
.text.ecdsa_alloc_wrap,text,22
.text.ecdsa_free_wrap,text,18
.text.ecdsa_sign_wrap,text,4
.text.eckey_sign_wrap,text,72
.text.ecdsa_verify_wrap,text,32
.text.eckey_verify_wrap,text,64
.rodata.mbedtls_ecdsa_info,rodata,48
.rodata.mbedtls_eckey_info,rodata,48
.rodata.mbedtls_eckeydh_info,rodata,48
.rodata.mbedtls_rsa_info,rodata,48
.text.pkcs12_fill_buffer,text,44
.text.mbedtls_pkcs12_derivation,text,532
.text.pkcs12_pbe_derive_key_iv,text,248
.text.mbedtls_pkcs12_pbe_sha1_rc4_128,text,96
.text.mbedtls_pkcs12_pbe,text,240
.text.mbedtls_pkcs5_pbkdf2_hmac,text,290
.rodata.mbedtls_pkcs5_pbes2.str1.1,rodata,10
.text.mbedtls_pkcs5_pbes2,text,504
.text.pk_get_rsapubkey,text,196
.rodata.pk_use_ecparams.str1.1,rodata,8
.text.pk_use_ecparams,text,736
.text.pk_get_pk_alg,text,84
.text.asn1_get_nonzero_mpi,text,36
.text.pk_parse_key_pkcs1_der,text,432
.text.pk_parse_key_sec1_der,text,404
.text.pk_parse_key_pkcs8_unencrypted_der,text,220
.rodata.pk_parse_key_pkcs8_encrypted_der.str1.1,rodata,21
.text.pk_parse_key_pkcs8_encrypted_der,text,272
.rodata.mbedtls_pk_load_file.str1.1,rodata,12
.text.mbedtls_pk_load_file,text,160
.text.mbedtls_pk_parse_subpubkey,text,248
.rodata.mbedtls_pk_parse_key.str1.1,rodata,250
.text.mbedtls_pk_parse_key,text,572
.text.mbedtls_pk_parse_keyfile,text,78
.text.pk_write_ec_pubkey,text,70
.text.pk_write_ec_param.isra.0,text,34
.text.mbedtls_pk_write_pubkey,text,204
.text.mbedtls_pk_write_pubkey_der,text,212
.text.platform_calloc_uninit,text,28
.text.platform_free_uninit,text,4
.text.mbedtls_calloc,text,12
.text.mbedtls_free,text,12
.text.mbedtls_platform_zeroize,text,20
.text.mbedtls_platform_gmtime_r,text,24
.text.poly1305_process,text,774
.text.mbedtls_poly1305_init,text,6
.text.mbedtls_poly1305_free,text,10
.text.mbedtls_poly1305_starts,text,224
.text.mbedtls_poly1305_update,text,132
.text.mbedtls_poly1305_finish,text,342
.text.mbedtls_ripemd160_init,text,8
.text.mbedtls_ripemd160_free,text,10
.text.mbedtls_ripemd160_clone,text,10
.text.mbedtls_ripemd160_starts_ret,text,52
.text.mbedtls_internal_ripemd160_process,text,5372
.text.mbedtls_ripemd160_update_ret.part.0,text,120
.text.mbedtls_ripemd160_update_ret,text,10
.text.mbedtls_ripemd160_finish_ret,text,160
.text.mbedtls_ripemd160_ret,text,62
.rodata.ripemd160_padding,rodata,64
.text.mgf_mask,text,168
.text.rsa_rsassa_pkcs1_v15_encode,text,264
.text.rsa_check_context.isra.0,text,184
.text.mbedtls_rsa_import,text,136
.text.mbedtls_rsa_import_raw,text,132
.text.mbedtls_rsa_complete,text,444
.text.mbedtls_rsa_export_raw,text,252
.text.mbedtls_rsa_export,text,216
.text.mbedtls_rsa_export_crt,text,148
.text.mbedtls_rsa_init,text,26
.text.mbedtls_rsa_set_padding,text,10
.text.mbedtls_rsa_get_len,text,4
.text.mbedtls_rsa_check_pubkey,text,72
.text.mbedtls_rsa_check_privkey,text,100
.text.mbedtls_rsa_check_pub_priv,text,56
.text.mbedtls_rsa_public,text,124
.text.mbedtls_rsa_private,text,976
.text.rsa_rsassa_pss_sign,text,436
.text.mbedtls_rsa_rsaes_oaep_encrypt,text,308
.text.mbedtls_rsa_rsaes_pkcs1_v15_encrypt,text,236
.text.mbedtls_rsa_pkcs1_encrypt,text,56
.text.mbedtls_rsa_rsaes_oaep_decrypt,text,416
.text.mbedtls_rsa_rsaes_pkcs1_v15_decrypt,text,112
.text.mbedtls_rsa_pkcs1_decrypt,text,64
.text.mbedtls_rsa_rsassa_pss_sign,text,36
.text.mbedtls_rsa_rsassa_pkcs1_v15_sign,text,220
.text.mbedtls_rsa_pkcs1_sign,text,44
.text.mbedtls_rsa_rsassa_pss_verify_ext,text,428
.text.mbedtls_rsa_rsassa_pss_verify,text,50
.text.mbedtls_rsa_rsassa_pkcs1_v15_verify,text,196
.text.mbedtls_rsa_pkcs1_verify,text,44
.text.mbedtls_rsa_free,text,114
.text.mbedtls_rsa_gen_key,text,496
.text.mbedtls_rsa_copy,text,254
.rodata.mbedtls_rsa_deduce_primes.str1.1,rodata,55
.text.mbedtls_rsa_deduce_primes,text,460
.text.mbedtls_rsa_deduce_private_exponent,text,188
.text.mbedtls_rsa_validate_crt,text,272
.text.mbedtls_rsa_validate_params,text,460
.text.mbedtls_rsa_deduce_crt,text,140
.text.mbedtls_sha1_init,text,8
.text.mbedtls_sha1_free,text,10
.text.mbedtls_sha1_clone,text,10
.text.mbedtls_sha1_starts_ret,text,52
.text.mbedtls_sha1_starts,text,4
.text.mbedtls_internal_sha1_process,text,4040
.text.mbedtls_sha1_update_ret,text,122
.text.mbedtls_sha1_update,text,4
.text.mbedtls_sha1_finish_ret,text,196
.text.mbedtls_sha1_finish,text,4
.text.mbedtls_sha1_ret,text,62
.text.mbedtls_sha512_init,text,8
.text.mbedtls_sha512_free,text,10
.text.mbedtls_sha512_clone,text,10
.text.mbedtls_sha512_starts_ret,text,312
.text.mbedtls_internal_sha512_process,text,3172
.text.mbedtls_sha512_update_ret,text,176
.text.mbedtls_sha512_finish_ret,text,750
.text.mbedtls_sha512_ret,text,66
.text.mbedtls_ssl_ciphersuite_from_id,text,24
.text.mbedtls_ssl_list_ciphersuites,text,72
.rodata.mbedtls_ssl_get_ciphersuite_name.str1.1,rodata,12
.text.mbedtls_ssl_get_ciphersuite_name,text,20
.text.mbedtls_ssl_get_ciphersuite_sig_pk_alg,text,34
.text.mbedtls_ssl_get_ciphersuite_sig_alg,text,22
.text.mbedtls_ssl_ciphersuite_uses_ec,text,28
.text.mbedtls_ssl_ciphersuite_uses_psk,text,14
.rodata.ciphersuite_definitions,rodata,4736
.rodata.ciphersuite_preference,rodata,832
.text.mbedtls_ssl_own_key,text,48
.rodata.ssl_write_encrypted_pms.str1.1,rodata,144
.text.ssl_write_encrypted_pms,text,292
.rodata.ssl_check_server_ecdh_params.str1.1,rodata,15
.text.ssl_check_server_ecdh_params,text,128
.text.ssl_validate_ciphersuite.isra.0,text,94
.rodata.ssl_write_client_hello.str1.1,rodata,1673
.text.ssl_write_client_hello,text,2936
.rodata.mbedtls_ssl_handshake_client_step.str1.1,rodata,3370
.text.mbedtls_ssl_handshake_client_step,text,8008
.text.ssl_mac,text,210
.text.ssl_get_remaining_space_in_datagram,text,48
.text.ssl_hs_is_proper_fragment,text,56
.text.ssl_extract_add_data_from_record.isra.0,text,50
.text.ssl_buffering_free_slot.isra.0,text,64
.text.ssl_free_buffered_record.isra.0,text,38
.rodata.ssl_check_ctr_renegotiate.str1.1,rodata,89
.text.ssl_check_ctr_renegotiate,text,124
.text.ssl_build_record_nonce.constprop.0,text,44
.rodata.mbedtls_ssl_set_timer.str1.1,rodata,19
.text.mbedtls_ssl_set_timer,text,56
.rodata.mbedtls_ssl_check_timer.str1.1,rodata,14
.text.mbedtls_ssl_check_timer,text,52
.rodata.mbedtls_ssl_encrypt_buf.str1.1,rodata,745
.text.mbedtls_ssl_encrypt_buf,text,1568
.rodata.mbedtls_ssl_decrypt_buf.str1.1,rodata,372
.text.mbedtls_ssl_decrypt_buf,text,1600
.text.mbedtls_ssl_flight_free,text,26
.rodata.mbedtls_ssl_send_flight_completed.str1.1,rodata,38
.text.mbedtls_ssl_send_flight_completed,text,88
.text.mbedtls_ssl_update_handshake_status,text,100
.text.mbedtls_ssl_dtls_replay_reset,text,14
.text.mbedtls_ssl_dtls_replay_check,text,156
.text.mbedtls_ssl_dtls_replay_update,text,216
.text.mbedtls_ssl_update_out_pointers,text,86
.rodata.mbedtls_ssl_flush_output.str1.1,rodata,193
.text.mbedtls_ssl_flush_output,text,296
.rodata.ssl_swap_epochs.str1.1,rodata,17
.text.ssl_swap_epochs,text,136
.text.mbedtls_ssl_update_in_pointers,text,44
.text.mbedtls_ssl_reset_in_out_pointers,text,48
.text.mbedtls_ssl_get_bytes_avail,text,12
.text.mbedtls_ssl_get_record_expansion,text,96
.text.ssl_get_remaining_payload_in_datagram,text,74
.text.mbedtls_ssl_transform_free,text,52
.text.mbedtls_ssl_buffering_free,text,30
.text.mbedtls_ssl_recv_flight_completed,text,86
.text.mbedtls_ssl_write_version,text,30
.rodata.mbedtls_ssl_write_record.str1.1,rodata,283
.text.mbedtls_ssl_write_record,text,632
.rodata.mbedtls_ssl_flight_transmit.str1.1,rodata,195
.text.mbedtls_ssl_flight_transmit,text,636
.rodata.mbedtls_ssl_resend.str1.1,rodata,44
.text.mbedtls_ssl_resend,text,68
.rodata.mbedtls_ssl_fetch_input.str1.1,rodata,327
.text.mbedtls_ssl_fetch_input,text,952
.rodata.mbedtls_ssl_prepare_handshake_record.str1.1,rodata,402
.text.mbedtls_ssl_prepare_handshake_record,text,484
.rodata.mbedtls_ssl_handle_message_type.str1.1,rodata,376
.text.mbedtls_ssl_handle_message_type,text,488
.rodata.mbedtls_ssl_write_handshake_msg.str1.1,rodata,242
.text.mbedtls_ssl_write_handshake_msg,text,716
.rodata.mbedtls_ssl_write_change_cipher_spec.str1.1,rodata,88
.text.mbedtls_ssl_write_change_cipher_spec,text,112
.rodata.mbedtls_ssl_send_alert_message.str1.1,rodata,75
.text.mbedtls_ssl_send_alert_message,text,164
.rodata.mbedtls_ssl_close_notify.str1.1,rodata,75
.text.mbedtls_ssl_close_notify,text,136
.rodata.mbedtls_ssl_write.str1.1,rodata,178
.text.mbedtls_ssl_write,text,312
.text.mbedtls_ssl_read_version,text,42
.rodata.ssl_parse_record_header.str1.1,rodata,395
.text.ssl_parse_record_header,text,484
.rodata.mbedtls_ssl_read_record.str1.1,rodata,2496
.text.mbedtls_ssl_read_record,text,3708
.rodata.mbedtls_ssl_parse_change_cipher_spec.str1.1,rodata,182
.text.mbedtls_ssl_parse_change_cipher_spec,text,256
.rodata.mbedtls_ssl_read.str1.1,rodata,305
.text.mbedtls_ssl_read,text,852
.rodata.ssl_parse_client_dh_public.str1.1,rodata,103
.text.ssl_parse_client_dh_public,text,168
.text.ssl_conf_has_psk_or_cb,text,40
.rodata.ssl_parse_client_psk_identity.str1.1,rodata,43
.text.ssl_parse_client_psk_identity,text,216
.rodata.ssl_parse_client_hello.str1.1,rodata,2369
.text.ssl_parse_client_hello,text,4624
.rodata.ssl_parse_encrypted_pms.str1.1,rodata,23
.text.ssl_parse_encrypted_pms,text,364
.rodata.mbedtls_ssl_handshake_server_step.str1.1,rodata,1790
.text.mbedtls_ssl_handshake_server_step,text,5800
.text.mbedtls_ssl_own_cert,text,24
.text.ssl_cookie_write_dummy,text,8
.text.ssl_cookie_check_dummy,text,8
.text.ssl_append_key_cert,text,56
.text.tls_prf_generic,text,336
.text.tls_prf_sha256,text,32
.text.tls_prf_sha384,text,32
.text.tls1_prf,text,592
.text.ssl_clear_peer_cert,text,24
.text.ssl_conf_remove_psk,text,58
.text.ssl_update_checksum_md5sha1,text,36
.text.ssl3_prf,text,218
.rodata.ssl_calc_finished_tls_sha256.str1.1,rodata,167
.text.ssl_calc_finished_tls_sha256,text,220
.rodata.ssl_calc_verify_tls_sha256.str1.1,rodata,62
.text.ssl_calc_verify_tls_sha256,text,128
.rodata.ssl_calc_finished_tls_sha384.str1.1,rodata,51
.text.ssl_calc_finished_tls_sha384,text,220
.rodata.ssl_calc_verify_tls_sha384.str1.1,rodata,22
.text.ssl_calc_verify_tls_sha384,text,128
.rodata.ssl_calc_finished_tls.str1.1,rodata,62
.text.ssl_calc_finished_tls,text,288
.rodata.ssl_calc_verify_tls.str1.1,rodata,19
.text.ssl_calc_verify_tls,text,160
.rodata.ssl_calc_finished_ssl.str1.1,rodata,32
.text.ssl_calc_finished_ssl,text,456
.rodata.ssl_calc_verify_ssl.str1.1,rodata,19
.text.ssl_calc_verify_ssl,text,320
.rodata.ssl_populate_transform.str1.1,rodata,279
.text.ssl_populate_transform,text,1240
.text.ssl_update_checksum_sha256,text,10
.text.ssl_update_checksum_sha384,text,10
.text.ssl_update_checksum_start,text,64
.rodata.ssl_write_hello_request.str1.1,rodata,46
.text.ssl_write_hello_request,text,108
.rodata.mbedtls_ssl_derive_keys.str1.1,rodata,183
.text.mbedtls_ssl_derive_keys,text,560
.rodata.mbedtls_ssl_psk_derive_premaster.str1.1,rodata,57
.text.mbedtls_ssl_psk_derive_premaster,text,452
.rodata.mbedtls_ssl_resend_hello_request.str1.1,rodata,39
.text.mbedtls_ssl_resend_hello_request,text,88
.rodata.mbedtls_ssl_write_certificate.str1.1,rodata,144
.text.mbedtls_ssl_write_certificate,text,488
.text.quec_mbedtls_ssl_set_ignore_cert_flag,text,6
.text.mbedtls_ssl_optimize_checksum,text,40
.text.mbedtls_ssl_reset_checksum,text,52
.rodata.mbedtls_ssl_write_finished.str1.1,rodata,86
.text.mbedtls_ssl_write_finished,text,400
.rodata.mbedtls_ssl_parse_finished.str1.1,rodata,57
.text.mbedtls_ssl_parse_finished,text,344
.text.mbedtls_ssl_transform_init,text,50
.text.mbedtls_ssl_session_init,text,8
.text.mbedtls_ssl_init,text,10
.text.mbedtls_ssl_set_datagram_packing,text,12
.text.mbedtls_ssl_conf_handshake_timeout,text,6
.text.mbedtls_ssl_conf_authmode,text,4
.text.mbedtls_ssl_conf_verify,text,6
.text.mbedtls_ssl_conf_rng,text,6
.text.mbedtls_ssl_conf_dbg,text,6
.text.mbedtls_ssl_set_bio,text,12
.text.mbedtls_ssl_set_mtu,text,6
.text.mbedtls_ssl_conf_read_timeout,text,4
.text.mbedtls_ssl_set_timer_cb,text,18
.text.mbedtls_ssl_conf_session_cache,text,8
.text.mbedtls_ssl_conf_ciphersuites,text,10
.text.mbedtls_ssl_conf_cert_profile,text,6
.text.mbedtls_ssl_conf_own_cert,text,6
.text.mbedtls_ssl_conf_ca_chain,text,10
.text.mbedtls_ssl_conf_psk,text,132
.text.mbedtls_ssl_conf_dh_param_bin,text,52
.text.mbedtls_ssl_set_hostname,text,108
.text.mbedtls_ssl_conf_alpn_protocols,text,48
.text.mbedtls_ssl_conf_max_version,text,6
.text.mbedtls_ssl_conf_min_version,text,6
.text.mbedtls_ssl_conf_arc4_support,text,4
.text.mbedtls_ssl_conf_max_frag_len,text,40
.text.mbedtls_ssl_conf_renegotiation,text,4
.text.mbedtls_ssl_conf_session_tickets,text,4
.text.mbedtls_ssl_get_verify_result,text,20
.text.mbedtls_ssl_get_ciphersuite,text,16
.text.mbedtls_ssl_get_output_max_frag_len,text,84
.text.mbedtls_ssl_get_current_mtu,text,44
.rodata.mbedtls_ssl_get_max_out_record_payload.str1.1,rodata,33
.text.mbedtls_ssl_get_max_out_record_payload,text,92
.text.mbedtls_ssl_get_peer_cert,text,4
.text.mbedtls_ssl_handshake_step,text,52
.rodata.mbedtls_ssl_handshake.str1.1,rodata,75
.text.mbedtls_ssl_handshake,text,132
.text.mbedtls_ssl_handshake_free,text,150
.rodata.mbedtls_ssl_handshake_wrapup_free_hs_transform.str1.1,rodata,64
.text.mbedtls_ssl_handshake_wrapup_free_hs_transform,text,92
.text.mbedtls_ssl_session_free,text,30
.text.mbedtls_ssl_session_copy,text,104
.text.mbedtls_ssl_set_session,text,40
.text.mbedtls_ssl_get_session,text,32
.rodata.mbedtls_ssl_handshake_wrapup.str1.1,rodata,105
.text.mbedtls_ssl_handshake_wrapup,text,208
.rodata.ssl_handshake_init.str1.1,rodata,35
.text.ssl_handshake_init,text,336
.rodata.mbedtls_ssl_setup.str1.1,rodata,24
.text.mbedtls_ssl_setup,text,172
.rodata.mbedtls_ssl_start_renegotiation.str1.1,rodata,30
.text.mbedtls_ssl_start_renegotiation,text,140
.rodata.mbedtls_ssl_renegotiate.str1.1,rodata,32
.text.mbedtls_ssl_renegotiate,text,144
.text.mbedtls_ssl_session_reset_int,text,216
.text.mbedtls_ssl_session_reset,text,6
.rodata.mbedtls_ssl_free.str1.1,rodata,16
.text.mbedtls_ssl_free,text,228
.text.mbedtls_ssl_config_init,text,8
.text.mbedtls_ssl_config_defaults,text,264
.text.mbedtls_ssl_config_free,text,110
.text.mbedtls_ssl_sig_from_pk,text,34
.text.mbedtls_ssl_sig_from_pk_alg,text,20
.text.mbedtls_ssl_pk_alg_from_sig,text,14
.text.mbedtls_ssl_sig_hash_set_find,text,20
.text.mbedtls_ssl_sig_hash_set_add,text,26
.text.mbedtls_ssl_sig_hash_set_const_hash,text,6
.text.mbedtls_ssl_md_alg_from_hash,text,14
.text.mbedtls_ssl_hash_from_md_alg,text,14
.text.mbedtls_ssl_check_curve,text,30
.text.mbedtls_ssl_check_sig_hash,text,30
.rodata.mbedtls_ssl_check_cert_usage.str1.1,rodata,18
.text.mbedtls_ssl_check_cert_usage,text,116
.rodata.mbedtls_ssl_parse_certificate.str1.1,rodata,594
.text.mbedtls_ssl_parse_certificate,text,1644
.text.mbedtls_ssl_set_calc_verify_md,text,60
.rodata.mbedtls_ssl_get_key_exchange_md_ssl_tls.str1.1,rodata,141
.text.mbedtls_ssl_get_key_exchange_md_ssl_tls,text,308
.rodata.mbedtls_ssl_get_key_exchange_md_tls1_2.str1.1,rodata,119
.text.mbedtls_ssl_get_key_exchange_md_tls1_2,text,244
.rodata.CSWTCH.92,rodata,8
.text.mbedtls_timing_get_timer.part.0,text,64
.text.mbedtls_timing_hardclock,text,72
.text.mbedtls_timing_set_delay,text,14
.text.mbedtls_timing_get_delay,text,40
.text.mbedtls_version_get_number,text,6
.text.x509_parse_int,text,64
.text.x509_check_time,text,102
.text.x509_get_current_time,text,68
.text.mbedtls_x509_get_serial,text,76
.text.mbedtls_x509_get_alg_null,text,14
.text.mbedtls_x509_get_alg,text,14
.rodata.mbedtls_x509_get_rsassa_pss_params.str1.1,rodata,10
.text.mbedtls_x509_get_rsassa_pss_params,text,464
.text.mbedtls_x509_get_name,text,264
.text.mbedtls_x509_get_time,text,380
.text.mbedtls_x509_get_sig,text,56
.text.mbedtls_x509_get_sig_alg,text,136
.text.mbedtls_x509_get_ext,text,76
.rodata.mbedtls_x509_dn_gets.str1.1,rodata,12
.text.mbedtls_x509_dn_gets,text,248
.rodata.mbedtls_x509_serial_gets.str1.1,rodata,12
.text.mbedtls_x509_serial_gets,text,156
.rodata.mbedtls_x509_sig_alg_gets.str1.1,rodata,23
.text.mbedtls_x509_sig_alg_gets,text,188
.rodata.mbedtls_x509_key_size_helper.str1.1,rodata,12
.text.mbedtls_x509_key_size_helper,text,36
.text.mbedtls_x509_time_is_past,text,30
.text.mbedtls_x509_time_is_future,text,30
.text.x509_memcasecmp,text,48
.text.x509_name_cmp,text,128
.text.x509_crt_check_cn,text,102
.text.x509_profile_check_md_alg.isra.0,text,30
.text.x509_get_uid,text,58
.text.x509_profile_check_key,text,82
.rodata.mbedtls_x509_parse_subject_alt_name.str1.1,rodata,9
.text.mbedtls_x509_parse_subject_alt_name,text,260
.rodata.mbedtls_x509_crt_info.str1.1,rodata,896
.text.mbedtls_x509_crt_info,text,2084
.rodata.mbedtls_x509_crt_verify_info.str1.1,rodata,49
.text.mbedtls_x509_crt_verify_info,text,128
.text.mbedtls_x509_crt_check_key_usage,text,60
.text.mbedtls_x509_crt_check_extended_key_usage,text,84
.text.mbedtls_x509_crt_is_revoked,text,44
.rodata.x509_crt_verify_restartable_ca_cb.isra.0.str1.1,rodata,4
.text.x509_crt_verify_restartable_ca_cb.isra.0,text,1112
.text.mbedtls_x509_crt_verify,text,32
.text.mbedtls_x509_crt_verify_with_profile,text,4
.text.mbedtls_x509_crt_verify_restartable,text,4
.text.mbedtls_x509_crt_init,text,10
.text.mbedtls_x509_crt_free,text,224
.text.mbedtls_x509_crt_parse_der_internal.part.0,text,2012
.text.mbedtls_x509_crt_parse_der,text,32
.rodata.mbedtls_x509_crt_parse.str1.1,rodata,54
.text.mbedtls_x509_crt_parse,text,224
.text.mbedtls_x509_crt_parse_file,text,50
.text.mbedtls_x509_crt_parse_der_nocopy,text,32
.rodata.mbedtls_x509_crt_profile_default,rodata,16
.rodata.mbedtls_x509_crt_profile_suiteb,rodata,16
.rodata.x509_crt_verify_strings,rodata,168
.text._findCharset,text,24
.text._charByteCount,text,88
.text.mlInit,text,44
.text.mlAddCharset,text,16
.text.mlConvertStr,text,206
.text.mlGetOEM,text,42
.text._readChar,text,536
.text._writeChar,text,524
.text.mlAddCP936,text,12
.rodata.ML_GB2312ToUnicode0,rodata,188
.rodata.ML_GB2312ToUnicode1,rodata,100
.rodata.ML_GB2312ToUnicode10,rodata,66
.rodata.ML_GB2312ToUnicode11,rodata,52
.rodata.ML_GB2312ToUnicode12,rodata,74
.rodata.ML_GB2312ToUnicode13,rodata,152
.rodata.ML_GB2312ToUnicode14,rodata,188
.rodata.ML_GB2312ToUnicode15,rodata,188
.rodata.ML_GB2312ToUnicode16,rodata,188
.rodata.ML_GB2312ToUnicode17,rodata,188
.rodata.ML_GB2312ToUnicode18,rodata,188
.rodata.ML_GB2312ToUnicode19,rodata,188
.rodata.ML_GB2312ToUnicode2,rodata,20
.rodata.ML_GB2312ToUnicode20,rodata,188
.rodata.ML_GB2312ToUnicode21,rodata,188
.rodata.ML_GB2312ToUnicode22,rodata,188
.rodata.ML_GB2312ToUnicode23,rodata,188
.rodata.ML_GB2312ToUnicode24,rodata,188
.rodata.ML_GB2312ToUnicode25,rodata,188
.rodata.ML_GB2312ToUnicode26,rodata,188
.rodata.ML_GB2312ToUnicode27,rodata,188
.rodata.ML_GB2312ToUnicode28,rodata,188
.rodata.ML_GB2312ToUnicode29,rodata,188
.rodata.ML_GB2312ToUnicode3,rodata,24
.rodata.ML_GB2312ToUnicode30,rodata,188
.rodata.ML_GB2312ToUnicode31,rodata,188
.rodata.ML_GB2312ToUnicode32,rodata,188
.rodata.ML_GB2312ToUnicode33,rodata,188
.rodata.ML_GB2312ToUnicode34,rodata,188
.rodata.ML_GB2312ToUnicode35,rodata,188
.rodata.ML_GB2312ToUnicode36,rodata,188
.rodata.ML_GB2312ToUnicode37,rodata,188
.rodata.ML_GB2312ToUnicode38,rodata,188
.rodata.ML_GB2312ToUnicode39,rodata,188
.rodata.ML_GB2312ToUnicode4,rodata,188
.rodata.ML_GB2312ToUnicode40,rodata,188
.rodata.ML_GB2312ToUnicode41,rodata,188
.rodata.ML_GB2312ToUnicode42,rodata,188
.rodata.ML_GB2312ToUnicode43,rodata,188
.rodata.ML_GB2312ToUnicode44,rodata,188
.rodata.ML_GB2312ToUnicode45,rodata,188
.rodata.ML_GB2312ToUnicode46,rodata,188
.rodata.ML_GB2312ToUnicode47,rodata,188
.rodata.ML_GB2312ToUnicode48,rodata,188
.rodata.ML_GB2312ToUnicode49,rodata,188
.rodata.ML_GB2312ToUnicode5,rodata,166
.rodata.ML_GB2312ToUnicode50,rodata,188
.rodata.ML_GB2312ToUnicode51,rodata,188
.rodata.ML_GB2312ToUnicode52,rodata,188
.rodata.ML_GB2312ToUnicode53,rodata,178
.rodata.ML_GB2312ToUnicode54,rodata,188
.rodata.ML_GB2312ToUnicode55,rodata,188
.rodata.ML_GB2312ToUnicode56,rodata,188
.rodata.ML_GB2312ToUnicode57,rodata,188
.rodata.ML_GB2312ToUnicode58,rodata,188
.rodata.ML_GB2312ToUnicode59,rodata,188
.rodata.ML_GB2312ToUnicode6,rodata,172
.rodata.ML_GB2312ToUnicode60,rodata,188
.rodata.ML_GB2312ToUnicode61,rodata,188
.rodata.ML_GB2312ToUnicode62,rodata,188
.rodata.ML_GB2312ToUnicode63,rodata,188
.rodata.ML_GB2312ToUnicode64,rodata,188
.rodata.ML_GB2312ToUnicode65,rodata,188
.rodata.ML_GB2312ToUnicode66,rodata,188
.rodata.ML_GB2312ToUnicode67,rodata,188
.rodata.ML_GB2312ToUnicode68,rodata,188
.rodata.ML_GB2312ToUnicode69,rodata,188
.rodata.ML_GB2312ToUnicode7,rodata,48
.rodata.ML_GB2312ToUnicode70,rodata,188
.rodata.ML_GB2312ToUnicode71,rodata,188
.rodata.ML_GB2312ToUnicode72,rodata,188
.rodata.ML_GB2312ToUnicode73,rodata,188
.rodata.ML_GB2312ToUnicode74,rodata,188
.rodata.ML_GB2312ToUnicode75,rodata,188
.rodata.ML_GB2312ToUnicode76,rodata,188
.rodata.ML_GB2312ToUnicode77,rodata,188
.rodata.ML_GB2312ToUnicode78,rodata,188
.rodata.ML_GB2312ToUnicode79,rodata,188
.rodata.ML_GB2312ToUnicode8,rodata,48
.rodata.ML_GB2312ToUnicode80,rodata,188
.rodata.ML_GB2312ToUnicode81,rodata,188
.rodata.ML_GB2312ToUnicode82,rodata,188
.rodata.ML_GB2312ToUnicode83,rodata,188
.rodata.ML_GB2312ToUnicode84,rodata,188
.rodata.ML_GB2312ToUnicode85,rodata,186
.rodata.ML_GB2312ToUnicode9,rodata,66
.rodata.gb2312_array,rodata,1032
.text.mlAddGsm,text,12
.rodata.Gsm7bit_Ascii,rodata,232
.rodata.gsmBasic,rodata,256
.rodata.gsmExt,rodata,44
.text.mlAddIRA,text,12
.text.mlAddIso8859_1,text,12
.text._readBE,text,10
.text._readLE,text,10
.text._writeBE,text,8
.text._writeLE,text,8
.text._readCharBE,text,12
.text._readCharLE,text,12
.text._writeCharBE,text,12
.text._writeCharLE,text,12
.text.mlAddUtf16be,text,12
.text.mlAddUtf16le,text,12
.text.mlAddUtf8,text,12
.text.pb_field_iter_begin,text,34
.text.pb_field_iter_next,text,124
.text.pb_field_iter_find,text,46
.text.buf_read,text,30
.rodata.pb_readbyte.str1.1,rodata,14
.text.pb_readbyte,text,64
.rodata.pb_decode_varint32_eof.str1.1,rodata,16
.text.pb_decode_varint32_eof,text,156
.text.pb_field_set_to_default,text,192
.text.pb_message_set_to_defaults,text,34
.text.pb_read,text,120
.text.pb_istream_from_buffer,text,20
.text.pb_decode_varint32,text,6
.rodata.pb_dec_fixed_length_bytes.str1.1,rodata,49
.text.pb_dec_fixed_length_bytes,text,88
.rodata.pb_dec_string.str1.1,rodata,49
.text.pb_dec_string,text,100
.text.pb_dec_bytes,text,88
.text.pb_decode_varint,text,116
.rodata.pb_dec_uvarint.str1.1,rodata,36
.text.pb_dec_uvarint,text,116
.text.pb_dec_varint,text,112
.text.pb_decode_tag,text,52
.rodata.pb_skip_field.str1.1,rodata,18
.text.pb_skip_field,text,92
.rodata.pb_make_string_substream.str1.1,rodata,24
.text.pb_make_string_substream,text,64
.text.pb_close_string_substream,text,36
.rodata.decode_field.str1.1,rodata,34
.text.decode_field,text,528
.rodata.pb_decode_noinit.str1.1,rodata,56
.text.pb_decode_noinit,text,536
.text.pb_decode,text,30
.rodata.pb_dec_submessage.str1.1,rodata,25
.text.pb_dec_submessage,text,140
.text.pb_decode_svarint,text,48
.text.pb_dec_svarint,text,116
.text.pb_decode_fixed32,text,24
.text.pb_dec_fixed32,text,6
.text.pb_decode_fixed64,text,26
.text.pb_dec_fixed64,text,6
.rodata.PB_DECODERS,rodata,40
.text.buf_write,text,26
.text.pb_check_proto3_default_value,text,162
.text.pb_ostream_from_buffer,text,24
.rodata.pb_write.str1.1,rodata,12
.text.pb_write,text,72
.text.pb_encode_varint,text,84
.rodata.pb_enc_uvarint.str1.1,rodata,18
.text.pb_enc_uvarint,text,60
.text.pb_enc_varint,text,64
.text.pb_encode_svarint,text,28
.text.pb_enc_svarint,text,64
.text.pb_encode_fixed32,text,22
.text.pb_enc_fixed32,text,6
.text.pb_encode_fixed64,text,44
.text.pb_enc_fixed64,text,6
.text.pb_encode_tag,text,18
.rodata.pb_encode_tag_for_field.str1.1,rodata,19
.text.pb_encode_tag_for_field,text,68
.rodata.encode_field.str1.1,rodata,39
.text.encode_field,text,504
.text.pb_encode,text,104
.text.pb_get_encoded_size,text,40
.text.pb_encode_string,text,32
.text.pb_enc_fixed_length_bytes,text,10
.text.pb_enc_string,text,44
.rodata.pb_enc_bytes.str1.1,rodata,20
.text.pb_enc_bytes,text,60
.rodata.pb_encode_submessage.str1.1,rodata,20
.text.pb_encode_submessage,text,152
.rodata.pb_enc_submessage.str1.1,rodata,25
.text.pb_enc_submessage,text,52
.rodata.PB_ENCODERS,rodata,40
.text.pbDecStringCallback,text,20
.text.pbEncStringCallback,text,28
.text.pbEncArrayCallback,text,52
.text.pbDecArrayCallback,text,34
.text.pbEncodeToMem,text,70
.text.drvEtherTxReqAlloc,text,16
.text.drvEtherTxReqFree,text,40
.text.drvEtherTxReqSubmit,text,44
.rodata.isDhcpPackage.str1.1,rodata,57
.text.isDhcpPackage,text,272
.rodata.dhcps_reply.str1.1,rodata,25
.text.dhcps_reply,text,1764
.text.isARPPackage,text,44
.text.ARP_reply,text,304
.text.lwip_tcp_data_event,text,188
.text.lwip_udp_data_event,text,156
.text.lwip_icmp_data_event,text,140
.text.Dhcp6_info_reply_dataprepare.part.0,text,784
.text.isNeighborSolicitationPackage,text,64
.text.neighborAdvertisement_reply,text,652
.text.ND6_isDhcp6infoReqPackage,text,192
.text.Dhcp6_info_reply_dataprepare,text,24
.text.ND6_Dhcp6_Info_req_reply,text,512
.rodata.ND6_isRSPackage.str1.1,rodata,22
.text.ND6_isRSPackage,text,48
.text.ND6_isRAPackage,text,48
.text.ND6_RA_reply,text,448
.text.Dhcp6_Info_req_reply,text,464
.text.drvEtherNetUp,text,16
.rodata.prvEthUploadDataCB.str1.1,rodata,17
.text.prvEthUploadDataCB,text,612
.rodata.prvNdevSessionCreate.str1.1,rodata,44
.text.prvNdevSessionCreate,text,220
.text.prvNdevSessionDelete,text,140
.text.prvEthEventCB,text,224
.text._gprs_ps_data_to_netcard,text,616
.text.prvULCacheTimeout,text,80
.text.netdevCheckEthConEvt,text,60
.text.gprs_ps_data_to_netcard,text,200
.text.netdevDisconnect,text,136
.text.netdevNetUp,text,156
.text.netdevNetDown,text,116
.text.netdevIsConnected,text,12
.text.netdevExit,text,72
.text.netdevInit,text,108
.text.nat_lan_netdev_data_output,text,4
.text.netif_gprs_nat_lan_ndev_init,text,32
.rodata.prvNdevLanSessionCreate.str1.1,rodata,57
.text.prvNdevLanSessionCreate,text,684
.text.prvNdevLanSessionDelete,text,120
.text.wan_to_netdev_lan_datainput,text,392
.rodata.prvEthLanUploadDataCB.str1.1,rodata,17
.text.prvEthLanUploadDataCB,text,724
.text.netdevLanDisconnect,text,56
.text._netdevLanNetUp,text,120
.text.netdevLanNetUp,text,4
.text._netdevLanNetDown,text,112
.text.netdevLanNetDown,text,4
.text.netif_gprs_init,text,36
.text._gprs_ps_data_to_lwip,text,284
.rodata.data_output_ps_header.str1.1,rodata,33
.text.data_output_ps_header,text,328
.text.getGprsGobleNetIf,text,76
.text.psHeaderFreeAll,text,18
.text.gprs_to_lwip_datapull,text,140
.text.gprs_ps_data_to_lwip.part.0,text,240
.text.API_DLDataIpcHandle,text,112
.text.setIp6address,text,232
.rodata.TCPIP_netif_create.str1.1,rodata,8
.text.TCPIP_netif_create,text,672
.text.TCPIP_netif_destory,text,128
.text.NetifSetDPSDFlag,text,12
.text.NetifGetDPSDFlag,text,12
.text.netif_gprs_nat_lan_lwip_init,text,36
.text.nat_lan_lwip_data_output,text,168
.text.nat_lan_lwip_tcpip_input,text,34
.rodata.TCPIP_nat_lan_lwip_netif_create.str1.1,rodata,36
.text.TCPIP_nat_lan_lwip_netif_create,text,948
.rodata.TCPIP_nat_lan_lwip_available_netif_destory.str1.1,rodata,113
.text.TCPIP_nat_lan_lwip_available_netif_destory,text,176
.text.TCPIP_nat_lan_lwip_netif_destory,text,160
.text.netif_setup_lwip_lanOnly,text,2
.rodata.nat_wan_data_output_ps_header.str1.1,rodata,27
.text.nat_wan_data_output_ps_header,text,264
.text.gprs_ps_data_to_wan,text,512
.text.setIp4dns,text,240
.text.setIp6dns,text,496
.text.netif_gprs_nat_wan_init,text,116
.rodata.TCPIP_nat_wan_netif_create.str1.1,rodata,48
.text.TCPIP_nat_wan_netif_create,text,444
.text.TCPIP_nat_wan_netif_destory,text,128
.rodata.ip4_wan_forward.str1.1,rodata,64
.text.ip4_wan_forward,text,180
.text.netif_gprs_psm_init,text,36
.rodata.quec_psm_set_ip6_address.str1.1,rodata,38
.text.quec_psm_set_ip6_address,text,212
.text.TCPIP_netif_create_psm,text,560
.text.NetifGprsPsmRestoreBackupInfo,text,56
.text.NetifPm3Presave,text,456
.text.NetifPm3Restore,text,308
.text.prvLwipPsmSave,text,14
.rodata.net_thread.str1.1,rodata,44
.text.net_thread,text,672
.text.netGetTaskID,text,12
.rodata.net_init.str1.1,rodata,44
.text.net_init,text,80
.text.getGprsNetIf,text,38
.text.getPPPNetIf,text,12
.text.getNetDevNetIf,text,12
.text.getGprsWanNetIf,text,12
.text.ip4_src_route,text,60
.text._nonIP_pspathDataInput,text,52
.text.getNonIPSession,text,68
.text.NonIPSessionCreate,text,88
.text.NonIPSessionDestory,text,64
.text.isDhcp6infoReqPackage,text,200
.text.isRAPackage,text,56
.text.RA_reply,text,440
.text.pppSessionClose,text,4
.text.pppSessionDeleteByNetifDestoryed,text,2
.text.sys_post_event_to_APP,text,184
.text.sys_post_event_to_APS,text,44
.text.sys_post_DNSevent_to_APP,text,136
.text.sys_post_ICMPevent_to_APP,text,140
.text.lwip_tcp_event,text,392
.text.CFW_PostCloseRSP,text,188
.text.CFW_PostConnectRSP,text,104
.text.CFW_PostBearerLosingInd,text,124
.text.CFW_TcpipSocketEX,text,116
.text.CFW_TcpipSocketConnect,text,48
.text.CFW_TcpipSocketSend,text,40
.text.CFW_TcpipSocketRecvfrom,text,36
.text.CFW_TcpipSocketRecv,text,16
.text._dataIndNotify,text,288
.text.CFW_TcpipSocketClose,text,136
.text.CFW_TcpipSocketSendto,text,50
.text.CFW_TcpipSocketBind,text,26
.text.CFW_GethostbynameEX,text,100
.text.CFW_get_Netif_dataCount,text,132
.text.prvSysTimerSetLocked,text,128
.text.sys_get_srand,text,36
.text.sys_sem_new,text,28
.text.sys_sem_free,text,10
.text.sys_sem_signal,text,10
.text.sys_arch_sem_wait,text,20
.text.sys_sem_valid,text,6
.text.sys_sem_set_invalid,text,6
.text.sys_mutex_new,text,14
.text.sys_mutex_lock,text,6
.text.sys_mutex_unlock,text,6
.text.prvSysTimerProcess,text,96
.text.sys_mbox_new,text,30
.text.sys_mbox_free,text,18
.text.sys_mbox_trypost,text,30
.text.sys_arch_mbox_tryfetch,text,20
.text.sys_mbox_valid,text,6
.text.sys_mbox_set_invalid,text,6
.text.sys_arch_printf,text,32
.text.sys_arch_dump,text,32
.text.sys_now,text,8
.text.sys_arch_mbox_fetch,text,52
.text.sys_timeout,text,156
.text.sys_untimeout,text,76
.text.sys_CreateWakeupTimer,text,16
.text.sys_StartWakeupTimer,text,24
.text.sys_DeleteWakeupTimer,text,22
.text.sys_init,text,52
.text.prvGetDescById,text,32
.rodata.prvRunningNvFileName.str1.1,rodata,4
.text.prvRunningNvFileName,text,40
.rodata.nvmInit.str1.1,rodata,11
.text.nvmInit,text,12
.text.nvmGetIdFromFileName,text,52
.rodata.nvmReadNvDirect.str1.1,rodata,18
.text.nvmReadNvDirect,text,72
.text.prvReadItem,text,228
.text.nvmWriteNvDirect,text,100
.text.prvWriteItem,text,196
.text.calculateCrc16,text,36
.text.nvmWriteCrcItem,text,244
.text.nvmReadItem,text,44
.text.prvNvmUpdateRunningCrc,text,136
.text.nvmReadFixedItem,text,44
.text.nvmWriteItem,text,44
.rodata.nvmClearRunningItem.str1.1,rodata,31
.text.nvmClearRunningItem,text,132
.rodata.nvmReadPhasecheck.str1.1,rodata,24
.text.nvmReadPhasecheck,text,52
.text.nvmWritePhaseCheck,text,52
.rodata.nvmReadFixedBin.str1.1,rodata,30
.text.nvmReadFixedBin,text,252
.text.nvmUpdateCrcItem,text,44
.text.nvmReadImeiBin,text,56
.text.nvmReadImeisvStr,text,68
.text.nvmReadImeiStr,text,36
.text.nvmWriteImeiStr,text,84
.text.nvmReadSN,text,108
.text.nvmWriteSN,text,88
.text.nvmWriteTsxData,text,12
.text.nvmReadTsxData,text,12
.rodata.gNvDesc,rodata,720
.text.prvGetGpioValue,text,86
.rodata.identifyClockId.str1.1,rodata,74
.text.identifyClockId,text,372
.text.RFFE_Read,text,76
.rodata.prvGetPAType.str1.1,rodata,32
.text.prvGetPAType,text,80
.text.nvmReadIndeltanvFlag,text,84
.text.nvmWriteIndeltanvFlag,text,96
.text.nvmMergeDeltanv,text,1004
.text.nvmMergeIndeltaNV,text,80
.text.nvmImeiBinFillHeadTail,text,78
.text.nvmImeisvBinFillHeadTail,text,26
.text.nvmImeiStrToBin,text,78
.text.nvmImeiBinToStr,text,52
.text.nvmImeisvBinToStr,text,68
.rodata.ql_cam_pin_func,rodata,18
.rodata.ql_cp_dev_cfg,rodata,6
.rodata.ql_cp_dev_cfg_len,rodata,1
.rodata.ql_i2s_pin_func,rodata,10
.rodata.ql_keypad_in_pin_map,rodata,14
.rodata.ql_keypad_out_pin_map,rodata,14
.rodata.ql_lcd_pin_func,rodata,12
.rodata.ql_model_partinfo_ctx,rodata,32
.rodata.ql_pin_deepsleep_mode_table,rodata,80
.rodata.ql_pin_deepsleep_table_len,rodata,1
.rodata.ql_power_domain_table,rodata,240
.rodata.ql_power_domain_table_len,rodata,1
.rodata.ql_uart_pin_func,rodata,24
.rodata.ql_xtl_diff_ctx,rodata,12
.rodata.ql_adc_channel_num,rodata,4
.rodata.ql_band41_bw_sel,rodata,2
.rodata.ql_band_size,rodata,2
.rodata.ql_gsm_select,rodata,1
.rodata.ql_lte_ext_size,rodata,1
.rodata.quectel_band_tbl_gsm,rodata,0
.rodata.quectel_band_tbl_lte,rodata,144
.rodata.quectel_band_tbl_lte_ext,rodata,0
.rodata.quec_pin_cfg_map,rodata,1160
.rodata.quec_psm_pin_cfg,rodata,27
.rodata.quec_pin_cfg_init.str1.1,rodata,20
.text.quec_pin_cfg_init,text,248
.text.ql_sdmmc_is_mount,text,4
.text.ql_sdmmc_is_mount_ex,text,4
.text.quec_spi4_exnsffs_is_mount,text,4
.text.ql_spi4_ext_nor_sffs_is_mount,text,4
.text.ql_nand_flash_is_mount,text,4
.text.ql_spi6_nand_wakeup,text,2
.text.ql_aud_aac_open,text,6
.text.ql_aud_aac_close,text,6
.text.ql_aud_aac_write,text,6
.text.ql_aud_aac_end,text,6
.text.ql_bt_sleep_enable,text,2
.text.ql_bt_ble_is_ota,text,4
.text.quec_bt_a2dp_is_allow_play,text,4
.text.quec_l2tp_need_repacket,text,4
.text.quec_l2tp_output_repacket,text,4
.text.quec_pbk_init,text,2
.text.quec_pbk_add_lastdialling_phone,text,4
.text.quec_stk_sim_lost,text,2
.text.quec_stk_replace_profile,text,2
.text.quec_stk_is_cmd_in_register_table,text,4
.text.quec_stk_no_proactive,text,2
.text.quec_stk_sat_plugin_take_over,text,4
.text.ql_stk_get_bip_config,text,24
.text.quec_volte_init,text,2
.text.ql_volte_user_agent_init,text,4
.text.quec_ImsIsSet,text,4
.text.ql_volte_set,text,4
.text.ql_ims_diable_plmn_handle,text,6
.text.vsi_amrnb_enc_state_mem_require,text,4
.text.vsi_amrnb_enc_init,text,4
.text.vsi_amrnb_enc_process,text,4
.text.vsi_amrnb_enc_close,text,4
.text.vsi_amrnb_dec_process,text,4
.text.vsi_amrnb_dec_init,text,4
.text.vsi_amrnb_dec_state_mem_require,text,4
.text.vsi_amrnb_dec_close,text,4
.text.vsi_amrwb_enc_init,text,4
.text.vsi_amrwb_enc_process,text,4
.text.vsi_amrwb_enc_state_mem_require,text,4
.text.vsi_amrwb_enc_close,text,4
.text.vsi_amrwb_dec_init,text,4
.text.vsi_amrwb_dec_state_mem_require,text,4
.text.vsi_amrwb_dec_process,text,4
.text.vsi_amrwb_dec_close,text,4
.text._DSPExt_voltePushRxPopTx,text,2
.text.DSPExt_GetVoiceCoderType,text,4
.text.hal_SpeechPopRxPushTx,text,2
.text.hal_VoltePopRxPushTx,text,2
.text.VTSP_startVolteCodec,text,2
.text.VTSP_stopVolteCodec,text,2
.text.GetSimlockNvInfoPtr,text,2
.text.libssh2_channel_read_ex,text,4
.text.libssh2_channel_write_ex,text,4
.text.libssh2_session_block_directions,text,4
.text.libssh2_sftp_read,text,4
.text.libssh2_sftp_write,text,4
.text.libssh2_session_set_blocking,text,2
.text.libssh2_knownhost_get,text,4
.text.libssh2_session_method_pref,text,4
.text.libssh2_session_handshake,text,4
.text.libssh2_session_last_error,text,4
.text.libssh2_hostkey_hash,text,4
.text.libssh2_session_hostkey,text,4
.text.libssh2_knownhost_checkp,text,4
.text.libssh2_knownhost_del,text,4
.text.libssh2_knownhost_add,text,4
.text.libssh2_knownhost_writefile,text,4
.text.libssh2_userauth_list,text,4
.text.libssh2_userauth_authenticated,text,4
.text.libssh2_session_last_errno,text,4
.text.libssh2_userauth_publickey_fromfile_ex,text,4
.text.libssh2_userauth_password_ex,text,4
.text.libssh2_agent_init,text,4
.text.libssh2_agent_connect,text,4
.text.libssh2_agent_list_identities,text,4
.text.libssh2_agent_get_identity,text,4
.text.libssh2_agent_userauth,text,4
.text.libssh2_agent_disconnect,text,4
.text.libssh2_agent_free,text,2
.text.libssh2_userauth_keyboard_interactive_ex,text,4
.text.libssh2_sftp_init,text,4
.text.libssh2_sftp_symlink_ex,text,4
.text.libssh2_sftp_stat_ex,text,4
.text.libssh2_sftp_mkdir_ex,text,4
.text.libssh2_sftp_rename_ex,text,4
.text.libssh2_sftp_rmdir_ex,text,4
.text.libssh2_sftp_unlink_ex,text,4
.text.libssh2_sftp_open_ex,text,4
.text.libssh2_sftp_close_handle,text,4
.text.libssh2_sftp_shutdown,text,4
.text.libssh2_sftp_seek64,text,2
.text.libssh2_exit,text,2
.text.libssh2_init,text,2
.text.libssh2_knownhost_readfile,text,4
.text.libssh2_session_free,text,4
.text.libssh2_knownhost_init,text,4
.text.libssh2_sftp_last_error,text,4
.text.libssh2_sftp_statvfs,text,4
.text.libssh2_sftp_readdir_ex,text,4
.text.libssh2_scp_send64,text,4
.text.libssh2_scp_recv2,text,4
.text.libssh2_channel_send_eof,text,4
.text.libssh2_channel_wait_eof,text,4
.text.libssh2_channel_wait_closed,text,4
.text.libssh2_channel_free,text,4
.text.libssh2_session_disconnect_ex,text,4
.text.libssh2_knownhost_free,text,2
.text.libssh2_session_init_ex,text,4
.text.libssh2_session_callback_set,text,4
.text.libssh2_session_flag,text,4
.rodata.IIT_pack.str1.1,rodata,42
.text.IIT_pack,text,244
.rodata.B41ModTab,rodata,20
.rodata.pack_padding,rodata,8
.text.ShiftTrans,text,88
.text.cyphertext,text,116
.rodata.IntaElbmarcsDeYrced.str1.1,rodata,19
.text.IntaElbmarcsDeYrced,text,332
.text.kernel.osi_mem.159,text,60
.text.kernel.osi_mem.292,text,18
.text.kernel.osi_mem.705,text,56
.text.kernel.osi_mem.390,text,104
.text.kernel.osi_mem.340,text,96
.text.kernel.osi_mem.433,text,32
.text.kernel.osi_mem.413,text,90
.text.kernel.osi_mem.445,text,62
.text.kernel.osi_mem.458,text,48
.text.kernel.osi_mem.490,text,86
.text.kernel.osi_mem.473,text,84
.text.kernel.osi_mem.532,text,164
.text.kernel.osi_mem.908,text,420
.text.kernel.osi_mem.859,text,190
.text.kernel.osi_mem.934,text,432
.text.kernel.osi_mem.195,text,44
.text.kernel.osi_mem.221,text,40
.text.kernel.osi_mem.238,text,16
.text.kernel.osi_mem.246,text,12
.text.kernel.osi_mem.257,text,58
.text.kernel.osi_mem.721,text,16
.text.kernel.osi_mem.728,text,162
.text.kernel.osi_mem.772,text,300
.text.kernel.osi_mem.1034,text,56
.text.kernel.osi_mem.1094,text,80
.text.kernel.osi_mem.1120,text,92
.text.kernel.osi_mem.1149,text,104
.text.kernel.osi_mem.1181,text,64
.text.kernel.osi_mem.1203,text,12
.text.osiMemPoolStat,text,124
.text.osiMemScanError,text,252
.text.prvPeriodicNextLocked,text,82
.text.kernel.osi_timer.197,text,108
.text.prvIsrTimerInit,text,56
.text.prvThreadTimerInit,text,56
.text.prvOstickHandler,text,28
.text.prvTimerDump,text,152
.text.prvTimerWakeupTickLocked.isra.0,text,156
.text.kernel.osi_timer.154,text,76
.text.prvTimerISR,text,204
.text.kernel.osi_timer.235,text,174
.text.prvTimerWork,text,252
.text.kernel.osi_timer.113,text,14
.text.kernel.osi_timer.754,text,124
.text.prvTimerStartPeriodicLocked,text,152
.text.kernel.osi_timer.122,text,6
.text.kernel.osi_timer.143,text,24
.text.kernel.osi_timer.225,text,4
.text.kernel.osi_timer.270,text,4
.text.osiIsrTimerInit,text,4
.text.osiThreadTimerInit,text,4
.text.osiTimerTypeByThread,text,12
.text.osiTimerSize,text,4
.text.osiTimerCreate,text,66
.text.osiTimerCreateStatic,text,74
.text.osiTimerCreateWork,text,42
.text.osiTimerDelete,text,100
.text.osiTimerIsRunning,text,28
.text.kernel.osi_timer.782,text,4
.text.osiTimerStartPeriodicLocked,text,4
.text.osiTimerStart,text,50
.text.osiTimerStartRelaxed,text,62
.text.osiTimerStartMicrosecond,text,48
.text.osiTimerStartPeriodic,text,64
.text.osiTimerStartPeriodicRelaxed,text,78
.text.kernel.osi_timer.953,text,132
.text.osiTimerEventInvoke,text,160
.text.osiTimerPsmWakeUpTime,text,68
.text.osiTimerDeepSleepTime,text,80
.text.osiTimerLightSleep,text,156
.text.osiTimerWakeupProcess,text,84
.rodata.osiTimerInit.str1.1,rodata,7
.text.osiTimerInit,text,124
.text.osiTickInit,text,56
.text.osiOSTickEnable,text,56
.text.osiTimerDump,text,196
.text.osiBlockedFifoReset,text,56
.text.osiBlockedFifoCreate,text,134
.text.osiBlockedFifoDelete,text,4
.text.osiBlockedFifoIsEmpty,text,10
.text.osiBlockedFifoIsFull,text,88
.text.osiBlockedFifoBytes,text,48
.text.osiBlockedFifoSpace,text,26
.text.osiBlockedFifoGet,text,172
.text.osiBlockedFifoPut,text,232
.text.osiBlockedFifoPutRequest,text,158
.text.osiBlockedFifoPutDone,text,78
.text.osiBlockedFifoGetRequest,text,52
.text.osiBlockedFifoGetDone,text,114
.text.osiBlockedFifoGetBlockDone,text,88
.text._findHandler,text,36
.text._findCallback,text,40
.text.osiEventHubCreate,text,32
.text.osiEventHubRegister,text,112
.text.osiEventHubVBatchRegister,text,128
.rodata.quec_osiEventHubVBatchUnRegister.str1.1,rodata,29
.text.quec_osiEventHubVBatchUnRegister,text,72
.text.osiEventHubRun,text,34
.text.osiEventDispatchCreate,text,34
.text.osiEventDispatchRegister,text,124
.rodata.osiEventDispatchUnregister.str1.1,rodata,41
.text.osiEventDispatchUnregister,text,100
.text.osiEventDispatchRun,text,68
.text._peekInternal,text,80
.text.osiFifoInit,text,26
.text.osiFifoPut,text,114
.text.osiFifoGet,text,56
.text.osiFifoReset,text,26
.text.osiHdlcDecodeInit,text,26
.text.osiHdlcDecodeResetBuf,text,38
.text.osiHdlcDecodePush,text,196
.text.osiHdlcDecodeGetState,text,12
.text.osiHdlcDecodeFetchPacket,text,30
.text.osiHdlcEncodeMultiLen,text,84
.text.osiHdlcEncodeMulti,text,128
.text.osiHdlcEncodeLen,text,56
.text.osiHdlcEncode,text,88
.text.prvParamCount,text,48
.rodata.prvParamBuf.str1.1,rodata,7
.text.prvParamBuf,text,196
.text.prvTraceBasic,text,156
.text.prvTraceEx,text,172
.text.prvTraceExSpec,text,196
.text.prvTraceIdEx,text,164
.text.prvTraceIdExSpec,text,184
.text.prvTraceIdBasic,text,124
.text.osiTraceBasic,text,36
.text.osiTraceIdBasic,text,36
.text.osiTraceEx,text,36
.text.osiTraceExSpec,text,36
.text.osiTraceIdEx,text,36
.text.osiTraceIdExSpec,text,36
.text.osiTraceVprintf,text,660
.text.osiTracePrintf,text,36
.rodata.parbufsize.42975,rodata,24
.rodata.parcount.42974,rodata,24
.text.osiMemRecordGetLast,text,72
.rodata.gOsiMemRecordCount,rodata,4
.text.osiMemRecyclerCreate,text,26
.text.osiMemRecyclerEmpty,text,36
.text.osiMemRecyclerPut,text,66
.text.osiOrderListCreate,text,50
.text.osiOrderListDelete,text,8
.text.osiOrderListLowerBound,text,68
.text.osiOrderListInsert,text,268
.text.osiOrderListUpperBound,text,68
.text.osiOrderListFindLE,text,46
.text.osiUintCompare,text,22
.rodata.osiPipeDataEnd.str1.1,rodata,19
.text.osiPipeDataEnd,text,48
.text.osiPipeRecordStop,text,6
.text.osiPipeCreate,text,86
.text.osiPipeDelete,text,30
.text.osiPipeReset,text,32
.rodata.osiPipeReload.str1.1,rodata,23
.text.osiPipeReload,text,88
.text.osiPipeStop,text,40
.text.osiPipeSetEof,text,40
.text.osiPipeIsEof,text,4
.text.osiPipeSetReaderCallback,text,10
.rodata.osiPipeRead.str1.1,rodata,18
.text.osiPipeRead,text,236
.text.osiPipeWrite,text,164
.text.osiPipeReadAll,text,122
.rodata.osiPipeWriteAll.str1.1,rodata,41
.text.osiPipeWriteAll,text,228
.text.osiPipeReadAvail,text,30
.text.osiPipeWriteAvail,text,34
.text.osiTraceBufInit,text,176
.text.osiTraceBufPut,text,200
.text.osiTraceBufPutMulti,text,224
.text.osiTraceBufPutPacket,text,144
.text.osiTraceBufPutDiagPacket,text,152
.text.osiTraceBufPacketFinished,text,56
.text.osiTraceBufFetch,text,168
.text.osiTraceBufHandled,text,84
.text.osiTraceDataSize,text,16
.text.osiTraceSetDebugPort,text,12
.text.osiTraceSetEnable,text,32
.text.osiTraceSetPushCallback,text,12
.text.osiTraceSetPushEnable,text,88
.text.osiTraceSetOutputEnable,text,20
.text.osiTraceIsOutputEnable,text,12
.text.osiUintIdCompare,text,22
.text.osiVsmapBsearch,text,32
.text.osiVsmapBsearchEx,text,32
.text.osiVsmapFindByIStr,text,28
.text.osiVsmapFindByVal,text,22
.text.osiVsmapFindStr,text,16
.text.osiIsUintInList,text,28
.text._wqThreadEntry,text,160
.text.osiWorkCreate,text,32
.text.osiWorkDelete,text,52
.text.osiWorkResetCallback,text,36
.text.osiWorkEnqueue,text,76
.text.osiWorkEnqueueLast,text,72
.text.osiWorkCancel,text,46
.text.osiWorkWaitFinish,text,84
.text.osiWorkFunction,text,6
.text.osiWorkContext,text,6
.text.osiWorkQueueCreate,text,124
.text.osiWorkQueueDelete,text,34
.text.osiWorkQueueGetThread,text,6
.text.osiSysWorkQueueHighPriority,text,12
.text.osiSysWorkQueueLowPriority,text,12
.rodata.osiSysWorkQueueInit.str1.1,rodata,18
.text.osiSysWorkQueueInit,text,96
.text.osiNotifyCreate,text,36
.text.osiNotifyDelete,text,40
.text.osiNotifyTrigger,text,60
.rodata.quec_app_at_add.str1.1,rodata,30
.text.quec_app_at_add,text,56
.text.quec_app_atcmd_search_desc,text,76
.text.quec_at_search_desc,text,160
.rodata.__FUNCTION__.11820,rodata,16
.rodata.asso_values.11801,rodata,514
.rodata.ql_gAtCmdNameHashIndex,rodata,438
.rodata.ql_gAtCmdTable,rodata,2184
.rodata.ql_ext_codec_read_reg.str1.1,rodata,43
.text.ql_ext_codec_read_reg,text,96
.rodata.ql_ext_codec_write_reg.str1.1,rodata,80
.text.ql_ext_codec_write_reg,text,136
.text.quec_ext_codec_write_list,text,52
.rodata.quec_ext_codec_id_check.str1.1,rodata,38
.text.quec_ext_codec_id_check,text,316
.rodata.quec_ext_codec_cb_init.str1.1,rodata,38
.text.quec_ext_codec_cb_init,text,76
.text.ql_aud_set_adc_gain,text,128
.text.ql_aud_get_adc_gain,text,28
.text.ql_aud_set_dac_gain,text,56
.text.quec_ext_codec_config_dac,text,48
.rodata.quec_ext_codec_cfg_cb.str1.1,rodata,69
.text.quec_ext_codec_cfg_cb,text,300
.text.ql_aud_get_dac_gain,text,28
.rodata.__FUNCTION__.9202,rodata,22
.rodata.__FUNCTION__.9208,rodata,23
.rodata.__FUNCTION__.9225,rodata,24
.rodata.__FUNCTION__.9233,rodata,23
.rodata.__FUNCTION__.9257,rodata,22
.text.xEventGroupCreate,text,28
.text.xEventGroupWaitBits,text,168
.text.xEventGroupClearBits,text,26
.text.vEventGroupClearBitsCallback,text,4
.text.xEventGroupClearBitsFromISR,text,16
.text.xEventGroupGetBitsFromISR,text,18
.text.xEventGroupSetBits,text,92
.text.xEventGroupSync,text,122
.text.vEventGroupSetBitsCallback,text,4
.text.vEventGroupDelete,text,42
.text.xEventGroupSetBitsFromISR,text,16
.text.vListInitialise,text,22
.text.kernel..74,text,6
.text.kernel..86,text,22
.text.kernel..187,text,36
.text.kernel.osi_freertos.320,text,52
.text.kernel.osi_freertos.980,text,64
.text.prvShowStatus,text,72
.text.osiSemaphoreCreateStatic.part.0,text,44
.text.kernel.osi_freertos.51,text,68
.text.osiKernelStart,text,24
.text.kernel.osi_freertos.78,text,10
.text.kernel.osi_freertos.85,text,4
.text.kernel.osi_freertos.98,text,124
.text.kernel.osi_freertos.140,text,116
.text.kernel.osi_freertos.229,text,132
.text.kernel.osi_freertos.276,text,6
.text.kernel.osi_freertos.290,text,4
.text.kernel.osi_freertos.296,text,2
.text.kernel.osi_freertos.301,text,4
.text.kernel.osi_freertos.307,text,10
.text.kernel.osi_freertos.314,text,4
.text.kernel.osi_freertos.334,text,16
.text.kernel.osi_freertos.344,text,14
.text.osiThreadExit,text,10
.text.osiThreadStackUnused,text,10
.text.kernel.osi_freertos.425,text,14
.text.kernel.osi_freertos.434,text,8
.text.kernel.osi_freertos.441,text,84
.text.kernel.osi_freertos.460,text,88
.text.kernel.osi_freertos.479,text,108
.text.kernel.osi_freertos.509,text,112
.text.kernel.osi_freertos.539,text,84
.text.kernel.osi_freertos.558,text,84
.text.osiMessageQueuePendingCount,text,8
.text.osiMessageQueueSpaceCount,text,8
.text.osixQueueReset,text,18
.text.kernel.osi_freertos.609,text,156
.text.kernel.osi_freertos.666,text,108
.text.kernel.osi_freertos.729,text,180
.text.kernel.osi_freertos.723,text,8
.text.kernel.osi_freertos.831,text,60
.text.kernel.osi_freertos.850,text,6
.text.kernel.osi_freertos.856,text,26
.text.kernel.osi_freertos.872,text,46
.text.kernel.osi_freertos.881,text,22
.text.kernel.osi_freertos.897,text,8
.text.kernel.osi_freertos.909,text,46
.text.kernel.osi_freertos.942,text,76
.text.kernel.osi_freertos.961,text,80
.text.kernel.osi_freertos.995,text,8
.text.osiThreadSleepUS,text,84
.text.kernel.osi_freertos.1002,text,28
.text.osiIsSleepAbort,text,36
.text.vApplicationStackOverflowHook,text,4
.text.vApplicationGetIdleTaskMemory,text,40
.text.vApplicationGetTimerTaskMemory,text,40
.rodata.osiShowThreadState.str1.1,rodata,78
.text.osiShowThreadState,text,296
.text.osiThreadGetAllStatus,text,52
.text.osiTickHandler,text,68
.text.osiTickSetInitial,text,36
.text.unlikely.abort,text,6
.text._assert,text,6
.text.signal,text,16
.text.isatty,text,14
.rodata.gDefaultThreadName,rodata,7
.text.kernel..2417,text,22
.text.kernel..2189,text,106
.text.kernel..2273,text,44
.text.kernel..2295,text,120
.text.kernel..269,text,110
.text.xQueueGenericCreateStatic,text,64
.text.xQueueGenericCreate,text,84
.text.kernel..782,text,28
.text.kernel..815,text,226
.text.kernel..645,text,40
.text.xQueueCreateMutex,text,58
.text.kernel..1028,text,108
.text.kernel..1196,text,86
.text.kernel..1365,text,222
.text.kernel..1510,text,284
.text.kernel..701,text,46
.text.kernel..1883,text,96
.text.kernel..2035,text,18
.text.kernel..2053,text,22
.text.vQueueDelete,text,12
.text.kernel..2912,text,70
.text.quec_get_task_status,text,92
.text.kernel..4095,text,36
.text.prvAddNewTaskToReadyList,text,268
.text.kernel..5396,text,140
.text.prvGetExpectedIdleTime,text,60
.text.prvInitialiseNewTask.isra.0,text,268
.text.prvDeleteTCB,text,44
.text.xTaskCreateStatic,text,52
.text.xTaskCreate,text,92
.text.vTaskDelete,text,140
.text.eTaskGetState,text,112
.text.uxTaskPriorityGet,text,28
.text.vTaskPrioritySet,text,192
.text.vTaskResume,text,140
.text.xTaskResumeFromISR,text,164
.rodata.vTaskStartScheduler.str1.1,rodata,78
.text.vTaskStartScheduler,text,136
.text.kernel..2184,text,16
.text.xTaskGetTickCount,text,12
.text.xTaskGetTickCountFromISR,text,12
.text.vTaskStepTick,text,16
.text.kernel..2791,text,360
.text.kernel..2269,text,340
.text.vTaskDelay,text,32
.text.prvIdleTask,text,124
.rodata.kernel..3080.str1.1,rodata,95
.text.kernel..3080,text,316
.text.vTaskSuspend,text,144
.text.kernel..3173,text,32
.text.kernel..3199,text,64
.text.kernel..3228,text,68
.text.kernel..3262,text,204
.text.kernel..3331,text,164
.text.kernel..3394,text,24
.text.kernel..3403,text,84
.text.kernel..3470,text,12
.text.eTaskConfirmSleepModeStatus,text,68
.text.kernel..3694,text,24
.text.kernel..3714,text,28
.text.vTaskGetInfo,text,124
.text.prvListTasksWithinSingleList,text,96
.text.uxTaskGetSystemState,text,160
.text.prvCheckTasksWithinSingleList,text,98
.text.uxTaskGetStackHighWaterMark,text,32
.text.kernel..4119,text,12
.text.kernel..4178,text,148
.text.kernel..4269,text,104
.text.kernel..4350,text,120
.text.uxTaskResetEventItemValue,text,24
.text.kernel..4794,text,24
.text.uxTaskCheckSystemState,text,124
.text.prvCheckForValidListAndQueue,text,100
.text.prvInsertTimerInActiveList,text,60
.text.prvReloadTimer,text,38
.text.prvProcessExpiredTimer,text,64
.text.prvSwitchTimerLists,text,44
.text.prvTimerTask,text,372
.rodata.xTimerCreateTimerTask.str1.1,rodata,8
.text.xTimerCreateTimerTask,text,84
.text.xTimerPendFunctionCallFromISR,text,40
.rodata.ql_exec_ver_cmd.str1.1,rodata,9
.text.ql_exec_ver_cmd,text,104
.rodata.ql_exec_atdemo_cmd.str1.1,rodata,17
.text.ql_exec_atdemo_cmd,text,60
.text.quec_exec_qdownload_cmd,text,4
.rodata.ql_ver_authors,rodata,13
.rodata.ql_ver_date,rodata,12
.rodata.ql_ver_time,rodata,9
.text.quec_spi_nor_props_init,text,24
.text.TegTaefDi,text,106
.text.ItnaTegDif,text,36
.rodata.EkamSnartRotcaf.str1.1,rodata,8
.text.EkamSnartRotcaf,text,136
.rodata.AntiRBin2Hex.str1.1,rodata,87
.text.AntiRBin2Hex,text,248
.rodata.AntiGetFID.str1.1,rodata,93
.text.AntiGetFID,text,192
.text.ItnaSeaYekTes,text,42
.rodata.ItnaNgisNeg.str1.1,rodata,49
.text.ItnaNgisNeg,text,972
.rodata.__func__.0,rodata,13
.rodata.__func__.1,rodata,12
.rodata.__func__.2,rodata,11
.text.DM_AudGetPlayAlertingTone,text,60
.text._taskWrite,text,2
.text._taskEntry,text,20
.text._daemonTaskEntry,text,132
.text._notify,text,68
.rodata.rpcChannelOpen.str1.1,rodata,11
.text.rpcChannelOpen,text,228
.text.rpcSendCall,text,244
.text.rpcUnpackPointerEvent,text,124
.text.rpcRouteEvent,text,46
.rodata._taskRead.str1.1,rodata,56
.text._taskRead,text,672
.text.rpcRegisterEvents,text,116
.text._tagCompare,text,20
.text.rpcFindFunctionByTag,text,36
.text.rpcFindEventUnpacker,text,36
.rodata.rpcFindNameByTag.str1.1,rodata,49
.text.rpcFindNameByTag,text,44
.rodata.gApiNameTable,rodata,488
.rodata.gRpcApiTable,rodata,8
.rodata.gRpcEventRecvTable,rodata,512
.text.prvFstraceIndexFname,text,50
.text.prvFstraceCheckIndexSize.isra.0,text,220
.rodata.prvFstraceFindMinMaxSeq.isra.0.constprop.0.str1.1,rodata,1364
.text.prvFstraceFindMinMaxSeq.isra.0.constprop.0,text,148
.rodata.prvFstraceCheckSeqSize.str1.1,rodata,19
.text.prvFstraceCheckSeqSize,text,156
.rodata.prvFstraceCompressing.str1.1,rodata,22
.text.prvFstraceCompressing,text,556
.text.prvFstraceCreateFile.constprop.0,text,80
.rodata.prvFstraceCheckPrologFile.str1.1,rodata,32
.text.prvFstraceCheckPrologFile,text,124
.rodata.prvFstraceCheckMoslogFile.str1.1,rodata,32
.text.prvFstraceCheckMoslogFile,text,140
.text.prvFstraceOutputMoslog,text,106
.rodata.prvFstraceCheckCplogFile.str1.1,rodata,17
.text.prvFstraceCheckCplogFile,text,376
.text.prvFstraceOutputCplog,text,186
.rodata.srvFstraceInit.str1.1,rodata,24
.text.srvFstraceInit,text,244
.text.srv_fsTraceTimeStamp,text,184
.rodata.prvFstraceCheckAplogFile.str1.1,rodata,30
.text.prvFstraceCheckAplogFile,text,124
.text.prvFstraceOutputAplog,text,74
.text.prvFstraceBsPoll,text,36
.rodata.prvFstraceBsEnter.str1.1,rodata,27
.text.prvFstraceBsEnter,text,312
.text.prvFstraceOutput,text,146
.text.prvFstracePrepare,text,244
.text.prvPwrKeyIsrCB,text,96
.text.prvKpdProcessWork,text,240
.text.srvKpdListen,text,132
.text.srvKpdListenBreak,text,108
.text.srvKpdInit,text,120
.text.prvPkNotifyCB,text,268
.rodata.prvPkTimer.str1.1,rodata,35
.text.prvPkTimer,text,68
.text.prvSetState_,text,196
.text.prvChargeIsrCB,text,80
.rodata.ql_PkTimer.str1.1,rodata,34
.text.ql_PkTimer,text,48
.text.prvChargeWork,text,100
.text.prvPkWork,text,108
.text.prvMonBatteryWork,text,148
.rodata.srvPmCreateInstance.str1.1,rodata,7
.text.srvPmCreateInstance,text,268
.text.srvPmRunInitCheck,text,188
.text.srvPmAddEventCB,text,54
.text.srvPmInit,text,80
.text.srvPmRun,text,12
.text.srvPmAddEvNotify,text,20
.rodata.prvRc26mCalibWork.str1.1,rodata,57
.text.prvRc26mCalibWork,text,112
.rodata.srvRc26mCalibInit.str1.1,rodata,57
.text.srvRc26mCalibInit,text,116
.rodata._checkSimDropped.str1.1,rodata,13
.text._checkSimDropped,text,36
.text.srvSimDetectRegister,text,240
.text.srvSimDetectSwitch,text,68
.rodata._simDetectCB.str1.1,rodata,36
.text._simDetectCB,text,188
.rodata._debounceCB.str1.1,rodata,59
.text._debounceCB,text,280
.text.prvChargeNotify,text,44
.text.srv8850UsbInit,text,72
.text.prvShutdownCB,text,4
.text.srvWdtEnterDeepSleep,text,44
.text.srvWdtInit,text,16
.text.srvWdtStart,text,36
.text.srvWdtStop,text,24
.text.srvWdtExitDeepSleep,text,52
.text.TegSaeAtadXXX,text,12
.text.MatchFinder_GetPointerToCurrentPos,text,4
.text.MatchFinder_GetIndexByte,text,6
.text.MatchFinder_GetNumAvailableBytes,text,8
.text.MatchFinder_SetLimits,text,62
.text.Hc_GetMatchesSpec,text,144
.text.SkipMatchesSpec,text,164
.text.MatchFinder_ReadBlock,text,108
.text.MatchFinder_Init,text,56
.text.MatchFinder_ReduceOffsets,text,20
.text.MatchFinder_MoveBlock,text,34
.text.MatchFinder_NeedMove,text,30
.text.MatchFinder_Construct,text,64
.text.MatchFinder_Free,text,34
.text.MatchFinder_Create,text,292
.text.MatchFinder_Normalize3,text,26
.text.MatchFinder_CheckLimits,text,102
.text.MatchFinder_MovePos,text,30
.text.Bt4_MatchFinder_Skip,text,160
.text.Bt3_MatchFinder_Skip,text,134
.text.Bt2_MatchFinder_Skip,text,102
.text.Hc4_MatchFinder_Skip,text,138
.text.Hc4_MatchFinder_GetMatches,text,334
.text.GetMatchesSpec1,text,232
.text.Bt4_MatchFinder_GetMatches,text,352
.text.Bt3_MatchFinder_GetMatches,text,280
.text.Bt2_MatchFinder_GetMatches,text,114
.text.MatchFinder_CreateVTable,text,112
.text.LitEnc_GetPrice,text,44
.text.LitEnc_GetPriceMatched,text,66
.text.RcTree_GetPrice,text,44
.text.RcTree_ReverseGetPrice,text,50
.text.LenEnc_Init,text,58
.text.LenPriceEnc_UpdateTable,text,208
.text.ReadMatchDistances,text,132
.text.Backward,text,138
.text.FillAlignPrices,text,52
.text.FillDistancesPrices,text,250
.text.MyWrite,text,44
.text.RangeEnc_FlushStream.part.0,text,46
.text.RangeEnc_ShiftLow,text,98
.text.RangeEnc_EncodeDirectBits,text,62
.text.RangeEnc_EncodeBit,text,70
.text.LitEnc_Encode,text,36
.text.RcTree_Encode,text,52
.text.RcTree_ReverseEncode,text,54
.text.LenEnc_Encode2,text,146
.text.MovePos,text,36
.text.GetPureRepPrice,text,122
.text.CheckErrors,text,50
.text.Flush,text,248
.text.LzmaEnc_CodeOneBlock,text,5412
.text.LzmaEnc_Encode2,text,88
.text.LzmaEncProps_Init,text,34
.text.LzmaEncProps_Normalize,text,136
.text.LzmaEnc_FastPosInit,text,44
.text.LzmaEnc_SetProps,text,168
.text.LzmaEnc_InitPriceTables,text,50
.text.LzmaEnc_Construct,text,72
.text.LzmaEnc_Create,text,24
.text.LzmaEnc_FreeLits,text,46
.text.LzmaEnc_Destruct,text,44
.text.LzmaEnc_Destroy,text,22
.text.LzmaEnc_Init,text,296
.text.LzmaEnc_InitPrices,text,118
.text.LzmaEnc_AllocAndInit,text,282
.text.LzmaEnc_WriteProperties,text,106
.text.LzmaEnc_MemEncode,text,92
.text.LzmaEncode,text,116
.rodata.kLiteralNextStates,rodata,48
.rodata.kMatchNextStates,rodata,48
.rodata.kRepNextStates,rodata,48
.rodata.kShortRepNextStates,rodata,48
.text.SzFree,text,6
.text.SzAlloc,text,6
.text._encodeBlock,text,100
.text.lzmarCompress4Pieces,text,162
.text._cacheSetDirty,text,54
.text._cacheSetDirtySeq,text,40
.text._pathFileName,text,18
.text._blockAllocFree,text,92
.text._cacheFlush,text,40
.text._cacheFlushAll,text,26
.text._isNodeOpened,text,36
.text._cacheFindNotBusyByState.isra.0,text,20
.text._getFileFromFd.isra.0,text,14
.text._blockIsFree.isra.0,text,26
.text._blockSetFree,text,48
.text._removeNode,text,58
.text._blockSetUsed,text,46
.text._cacheDataIsRootDir.isra.0,text,28
.text._cacheAllocForNode,text,226
.text._cacheAllocWithData,text,6
.text._blockScanDir,text,532
.text._fileGetDataNode,text,152
.text._removeMultiTabl,text,112
.text._dirAddChildNodeIfNotExist,text,122
.text._dirRemoveChildNode,text,106
.text.prvIsRootDirFull,text,66
.text.prvIsRootDirEmpty,text,66
.text._findByPathInParent,text,152
.text._findByPath,text,76
.text._findParentByPath,text,64
.text._fileDecreaseSize,text,748
.text._moveNodeRecovery,text,288
.text._scanMoveRecovery,text,152
.text._cacheAllocForWrite,text,6
.text._allocTablBlock,text,60
.text._fileWrite,text,960
.text._fileWriteAll,text,424
.text.prvFileWriteAllNotExit,text,62
.text.sffsFileBlockNeeded,text,78
.text.sffsMount,text,496
.text.sffsUnmount,text,20
.text.sffsRemount,text,28
.text.sffsMakeFs,text,132
.text.sffsOpen,text,672
.text.sffsWrite,text,106
.text.sffsSfileWrite,text,1000
.text.sffsFileWrite,text,364
.text.sffsRead,text,292
.text.sffsSeek,text,124
.text.sffsClose,text,76
.text.sffsFtruncate,text,192
.text.sffsFstat,text,108
.text.sffsMkDir,text,336
.text.sffsRmDir,text,220
.text.sffsUnlink,text,196
.text.sffsRename,text,752
.text.sffsOpenDir,text,162
.text.sffsCloseDir,text,62
.text.sffsReadDirR,text,280
.text.sffsReadDir,text,48
.text.sffsTellDir,text,14
.text.sffsSeekDir,text,56
.text.sffsStatVfs,text,64
.text.sffsSync,text,34
.text.sffsSetSfileReserveCount,text,20
.text.sm4_setkey,text,240
.text.sm4_one_round,text,292
.text.sm4_setkey_dec,text,56
.text.sm4_crypt_ecb,text,34
.text.GetBlockData,text,36
.text.TegMs4Atad,text,12
.rodata.CK,rodata,128
.rodata.SboxTable,rodata,256
.text.sha256_process,text,7104
.text.sha256_update.part.0,text,136
.text.sha256_starts,text,80
.text.sha256_update,text,8
.text.sha256_finish,text,264
.text.sha256_encrypt,text,34
.text.ql_calt_checksum_add,text,22
.rodata.ql_clat_nv_init.str1.1,rodata,37
.text.ql_clat_nv_init,text,44
.text.ql_clat_nv_save,text,16
.rodata.ql_clat_default_init.str1.1,rodata,30
.text.ql_clat_default_init,text,132
.text.ql_clat_get_cfg,text,12
.text.ql_clat_get_cfg_bynetif,text,12
.text.ql_ip_checksum,text,58
.text.ql_clat_checksum,text,32
.text.checksum_6to4,text,276
.text.checksum_sum,text,20
.text.checksum_pseudo6,text,84
.text.ql_clat_addr_validate,text,368
.text.ql_clat_prefix_len_valid,text,26
.text.ql_clat_init,text,92
.rodata.ql_clat_out_to_ps.str1.1,rodata,66
.text.ql_clat_out_to_ps,text,208
.text.icmp_send_error,text,204
.text.icmp6_send_error,text,268
.text.ql_clat_addr_6to4,text,160
.text.ql_clat_set_dns_ipv4_addr,text,182
.text.ql_clat_get_dns_addr,text,244
.text.ql_clat_header_4to6,text,148
.text.ql_new_checksum_tcpudp_4to6,text,206
.text.ql_clat_payload_4to6,text,170
.text.ql_clat_icmp_4to6,text,496
.text.ql_clat_packet_4to6,text,408
.text.ql_clat_header_6to4,text,280
.text.icmp_info_6to4,text,180
.text.ql_clat_payload_6to4,text,172
.text.ql_clat_icmp_6to4,text,328
.text.ql_clat_packet_6to4,text,120
.text.ql_clat_4to6,text,300
.text.ql_clat_6to4,text,312
.text.ql_dns64_ipv4only_arpa_plat,text,100
.rodata.ql_dns64_dnsname_format.str1.1,rodata,4
.text.ql_dns64_dnsname_format,text,104
.text.ql_dns64_pack_query_packet,text,112
.text.ql_dns64_free_all,text,38
.text.ql_dns64_read_name,text,224
.text.ql_dns64_read_answer,text,226
.text.ql_xlat_update_dest_prefix_len,text,162
.text.ql_dns64_ps_recv_ipv4only_arpa,text,268
.text.ql_dns64_socket_gethostbyname,text,888
.text.ql_dns64_ps_ipv4only_arpa,text,432
.text.api_Init,text,240
.text.api_ParseMsg,text,332
.text.api_Parse,text,112
.text.api_ParseSignal,text,96
.text.api_DoNothing,text,36
.text.api_get_simfile_update_count,text,312
.text.api_increase_simfile_update_count,text,436
.text.api_set_simfile_update_count_mode,text,64
.text.api_set_esm_T3482_value,text,12
.text.api_get_esm_T3482_value,text,40
.text.api_set_esm_T3482_maxcount,text,12
.text.api_get_esm_T3482_maxcount,text,40
.text.api_set_esm_T3492_value,text,12
.text.api_get_esm_T3492_value,text,40
.text.api_set_esm_T3492_maxcount,text,12
.text.api_get_esm_T3492_maxcount,text,40
.text.api_SetSmsReSendMaxCount,text,4
.rodata.api_TaskParse,rodata,16
.text.EDIntToBits,text,52
.text.api_ComputeMsNwkCap,text,116
.text.api_ComputeMsRACap,text,876
.text.api_GiveDsc,text,2316
.rodata.api_AdjCellInfoReq,rodata,16
.rodata.api_AttachReq,rodata,16
.rodata.api_BlackCellListSetReq,rodata,16
.rodata.api_BlackListCntReq,rodata,16
.rodata.api_CSDetachCnfEvt,rodata,12
.rodata.api_CellReselectOffsetReq,rodata,16
.rodata.api_CheckTimer3245LengthInd,rodata,12
.rodata.api_CheckTimer3245LengthReq,rodata,16
.rodata.api_CurCellInfoReq,rodata,16
.rodata.api_DbgInfoCmd,rodata,16
.rodata.api_DetachCnfEvt,rodata,12
.rodata.api_DetachReq,rodata,16
.rodata.api_DetectMBSReq,rodata,16
.rodata.api_DualsimPsCheckExp,rodata,16
.rodata.api_EdrxConfigReq,rodata,16
.rodata.api_EnasMsgInd,rodata,16
.rodata.api_EpsCtxActivateInd,rodata,12
.rodata.api_EpsCtxActivateRej,rodata,16
.rodata.api_EpsCtxActivateRsp,rodata,16
.rodata.api_EpsCtxAllocateCnf,rodata,12
.rodata.api_EpsCtxAllocateRej,rodata,12
.rodata.api_EpsCtxAllocateReq,rodata,16
.rodata.api_EpsCtxModifyRej,rodata,16
.rodata.api_ErrcIdlMeasOffsetReadReq,rodata,16
.rodata.api_ErrcIdlMeasOffsetSetReq,rodata,16
.rodata.api_FlowCtrIndEvt,rodata,12
.rodata.api_GetBlackListReq,rodata,16
.rodata.api_GetCellInfoStartReq,rodata,16
.rodata.api_GetCellInfoStopReq,rodata,16
.rodata.api_GetNetInfoReq,rodata,16
.rodata.api_GetScellSinrReq,rodata,16
.rodata.api_GnssServiceAbortInd,rodata,12
.rodata.api_GnssServiceResumeInd,rodata,12
.rodata.api_GnssServiceStartCnf,rodata,12
.rodata.api_GnssServiceStartReq,rodata,16
.rodata.api_GnssServiceStopCnf,rodata,12
.rodata.api_GnssServiceStopReq,rodata,16
.rodata.api_IMemAlertExp,rodata,16
.rodata.api_IPdpCtxActivateRejEvt,rodata,16
.rodata.api_ImeiInd,rodata,12
.rodata.api_ImeiReq,rodata,16
.rodata.api_IpcPsDataReqEvt,rodata,16
.rodata.api_JammingDetectGetReq,rodata,16
.rodata.api_JammingDetectSetReq,rodata,16
.rodata.api_JammingRssiEnquiryReq,rodata,16
.rodata.api_LcmServiceSetPriorityCnf,rodata,12
.rodata.api_LcmServiceSetPriorityReq,rodata,16
.rodata.api_LocalRelReq,rodata,16
.rodata.api_LteBlackCellListGetReq,rodata,16
.rodata.api_MeasInfoReq,rodata,16
.rodata.api_NwCsAttachReq,rodata,16
.rodata.api_NwCsDetachReq,rodata,16
.rodata.api_NwCsRegStatusInd,rodata,12
.rodata.api_NwErrcConnStatusInd,rodata,12
.rodata.api_NwListAbortInd,rodata,12
.rodata.api_NwListAbortReq,rodata,16
.rodata.api_NwListInd,rodata,12
.rodata.api_NwListReq,rodata,16
.rodata.api_NwPSAttachReq,rodata,16
.rodata.api_NwPSDetachReq,rodata,16
.rodata.api_NwPsRegStatusInd,rodata,12
.rodata.api_NwReSelReq,rodata,16
.rodata.api_NwRejCauseInd,rodata,12
.rodata.api_NwSelModeReq,rodata,16
.rodata.api_NwSelReq,rodata,16
.rodata.api_NwkInfoInd,rodata,12
.rodata.api_PSDetachCnfEvt,rodata,12
.rodata.api_PdpCtxActivateCnfEvt,rodata,12
.rodata.api_PdpCtxActivateRejEvt,rodata,12
.rodata.api_PdpCtxActivateReqEvt,rodata,16
.rodata.api_PdpCtxConfigEvt,rodata,16
.rodata.api_PdpCtxDeactivateCnfEvt,rodata,12
.rodata.api_PdpCtxDeactivateIndEvt,rodata,12
.rodata.api_PdpCtxDeactivateReqEvt,rodata,16
.rodata.api_PdpCtxModifyAccEvt,rodata,16
.rodata.api_PdpCtxModifyCnfEvt,rodata,12
.rodata.api_PdpCtxModifyIndEvt,rodata,12
.rodata.api_PdpCtxModifyRejEvt,rodata,12
.rodata.api_PdpCtxModifyReqEvt,rodata,16
.rodata.api_PdpCtxSmIndexIndEvt,rodata,12
.rodata.api_PdpSetMinQoSReqEvt,rodata,16
.rodata.api_Pm3NvSaveReq,rodata,16
.rodata.api_PsDataReq,rodata,16
.rodata.api_PsDataReqLteEvt,rodata,16
.rodata.api_PsDataResendExp,rodata,16
.rodata.api_PsmConfigReq,rodata,16
.rodata.api_PsmParaCnf,rodata,12
.rodata.api_PsmParaReq,rodata,16
.rodata.api_QualReportReq,rodata,16
.rodata.api_SetBlackWhiteListReq,rodata,16
.rodata.api_SetDataServiceHighPriorInd,rodata,16
.rodata.api_SetEpsModeReq,rodata,16
.rodata.api_SetMaxAttFaiForIratReq,rodata,16
.rodata.api_SetMaxAttFailNumForAbnormalReq,rodata,16
.rodata.api_SetPreferPlmnListReq,rodata,16
.rodata.api_SetRplmnReq,rodata,16
.rodata.api_SetT3192Req,rodata,16
.rodata.api_SetUsageReq,rodata,16
.rodata.api_SetVoiceCfgReq,rodata,16
.rodata.api_SimChangeCHVCnf,rodata,12
.rodata.api_SimChangeChvReq,rodata,16
.rodata.api_SimCloseCnf,rodata,12
.rodata.api_SimCloseInd,rodata,16
.rodata.api_SimDedicFileStatusCnf,rodata,12
.rodata.api_SimDedicFileStatusReq,rodata,16
.rodata.api_SimDisableCHVCnf,rodata,12
.rodata.api_SimDisableChvReq,rodata,16
.rodata.api_SimElemFileStatusCnf,rodata,12
.rodata.api_SimElemFileStatusReq,rodata,16
.rodata.api_SimEnableCHVCnf,rodata,12
.rodata.api_SimEnableChvReq,rodata,16
.rodata.api_SimFetchInd,rodata,12
.rodata.api_SimIncreaseCnf,rodata,12
.rodata.api_SimIncreaseReq,rodata,16
.rodata.api_SimInvalidateCnf,rodata,12
.rodata.api_SimInvalidateReq,rodata,16
.rodata.api_SimManageChannelCnf,rodata,12
.rodata.api_SimManageChannelReq,rodata,16
.rodata.api_SimNewSendCmdReq,rodata,16
.rodata.api_SimNewStatusCnf,rodata,12
.rodata.api_SimNewStatusReq,rodata,16
.rodata.api_SimNewUnblockCHVCnf,rodata,12
.rodata.api_SimNewVerifyCHVCnf,rodata,12
.rodata.api_SimOpenInd,rodata,16
.rodata.api_SimPollOffReq,rodata,16
.rodata.api_SimPollReq,rodata,16
.rodata.api_SimReadBinaryCnf,rodata,12
.rodata.api_SimReadBinaryReq,rodata,16
.rodata.api_SimReadRecordCnf,rodata,12
.rodata.api_SimReadRecordReq,rodata,16
.rodata.api_SimRehabilitateCnf,rodata,12
.rodata.api_SimRehabilitateReq,rodata,16
.rodata.api_SimResetCnf,rodata,12
.rodata.api_SimResetReq,rodata,16
.rodata.api_SimResumeCnf,rodata,12
.rodata.api_SimResumeReq,rodata,16
.rodata.api_SimRetryReq,rodata,16
.rodata.api_SimSeekAllCnf,rodata,12
.rodata.api_SimSeekAllReq,rodata,16
.rodata.api_SimSeekCnf,rodata,12
.rodata.api_SimSeekReq,rodata,16
.rodata.api_SimSelectApplicationCnf,rodata,12
.rodata.api_SimSelectApplictionReq,rodata,16
.rodata.api_SimSendCmdCnf,rodata,12
.rodata.api_SimSendCmdReq,rodata,16
.rodata.api_SimSetUsimPbkReq,rodata,16
.rodata.api_SimStatusErrorInd,rodata,12
.rodata.api_SimStkActivateReq,rodata,16
.rodata.api_SimSuspendCnf,rodata,12
.rodata.api_SimSuspendReq,rodata,16
.rodata.api_SimTerminalEnvelopeCnf,rodata,12
.rodata.api_SimTerminalEnvelopeReq,rodata,16
.rodata.api_SimTerminalProfileCnf,rodata,12
.rodata.api_SimTerminalProfileReq,rodata,16
.rodata.api_SimTerminalResponseCnf,rodata,12
.rodata.api_SimTerminalResponseReq,rodata,16
.rodata.api_SimUnblockCHVCnf,rodata,12
.rodata.api_SimUnblockChvReq,rodata,16
.rodata.api_SimUpdateBinaryCnf,rodata,12
.rodata.api_SimUpdateBinaryReq,rodata,16
.rodata.api_SimUpdateRecordCnf,rodata,12
.rodata.api_SimUpdateRecordReq,rodata,16
.rodata.api_SimVerifyCHVCnf,rodata,12
.rodata.api_SimVerifyChvReq,rodata,16
.rodata.api_SmsPPAbortMMAReqEvt,rodata,16
.rodata.api_SmsPPAbortReqEvt,rodata,16
.rodata.api_SmsPPAckIndEvt,rodata,12
.rodata.api_SmsPPAckReqEvt,rodata,16
.rodata.api_SmsPPErrorIndEvt,rodata,12
.rodata.api_SmsPPErrorReqEvt,rodata,16
.rodata.api_SmsPPReceiveIndEvt,rodata,12
.rodata.api_SmsPPSendMMAReqEvt,rodata,16
.rodata.api_SmsPPSendReqEvt,rodata,16
.rodata.api_StartReq,rodata,16
.rodata.api_StopCnf,rodata,12
.rodata.api_StopReq,rodata,16
.rodata.api_SyncInfoReq,rodata,16
.rodata.api_TauReq,rodata,16
.rodata.api_TestSpCleanInfoReq,rodata,16
.rodata.api_TestSpLteDummyParaReq,rodata,16
.rodata.api_TftUpdReqLteEvt,rodata,16
.rodata.api_UseImsipFileReq,rodata,16
.rodata.api_WiFiSCANServiceAbortInd,rodata,12
.rodata.api_WiFiSCANServiceStartCnf,rodata,12
.rodata.api_WiFiSCANServiceStopCnf,rodata,12
.rodata.api_WiFiScanServiceStartReq,rodata,16
.rodata.api_WiFiScanServiceStopReq,rodata,16
.rodata.api_engStatisInfoRptCfgReq,rodata,16
.rodata.api_sapBinaryReadReq,rodata,12
.rodata.api_sapBinaryUpdateReq,rodata,12
.rodata.api_sapFileStatusReq,rodata,12
.rodata.api_sapRecordReadReq,rodata,12
.rodata.api_sapRecordUpdateReq,rodata,12
.rodata.api_setPocSimIndexReq,rodata,16
.rodata.api_simOUmtsAlgoReq,rodata,12
.rodata.mm_ConnStatusInd,rodata,16
.rodata.mm_CsAttachReqEvt,rodata,12
.rodata.mm_CsDetachCnf,rodata,16
.rodata.mm_CsDetachReqEvt,rodata,12
.rodata.mm_NetworkRejCauseInd,rodata,16
.rodata.mm_NwkInfoInd,rodata,16
.rodata.mm_PsDetachCnf,rodata,16
.rodata.mm_StkDetachCnf,rodata,16
.rodata.rr_AdjCellInfoReq,rodata,12
.rodata.rr_BlackListCntReq,rodata,12
.rodata.rr_CellReselectOffsetReq,rodata,12
.rodata.rr_CurCellInfoReq,rodata,12
.rodata.rr_DetectMBSReq,rodata,12
.rodata.rr_GetBlackListReq,rodata,12
.rodata.rr_MeasInfoReq,rodata,12
.rodata.rr_NwListAbortReq,rodata,12
.rodata.rr_NwListReq,rodata,12
.rodata.rr_NwReselReq,rodata,12
.rodata.rr_NwSelModeReq,rodata,12
.rodata.rr_NwSelReq,rodata,12
.rodata.rr_QualReportReq,rodata,12
.rodata.rr_SetT3192Req,rodata,12
.rodata.rr_SyncInfoReq,rodata,12
.rodata.sim_SimChangeCHVCnf,rodata,16
.rodata.sim_SimChangeChvReq,rodata,12
.rodata.sim_SimDedicFileStatusCnf,rodata,16
.rodata.sim_SimDedicFileStatusReq,rodata,12
.rodata.sim_SimDisableCHVCnf,rodata,16
.rodata.sim_SimDisableChvReq,rodata,12
.rodata.sim_SimElemFileStatusCnf,rodata,16
.rodata.sim_SimElemFileStatusReq,rodata,12
.rodata.sim_SimEnableCHVCnf,rodata,16
.rodata.sim_SimEnableChvReq,rodata,12
.rodata.sim_SimFetchInd,rodata,16
.rodata.sim_SimIncreaseCnf,rodata,16
.rodata.sim_SimIncreaseReq,rodata,12
.rodata.sim_SimInvalidateCnf,rodata,16
.rodata.sim_SimInvalidateReq,rodata,12
.rodata.sim_SimManageChannelCnf,rodata,16
.rodata.sim_SimManageChannelReq,rodata,12
.rodata.sim_SimNewSendCmdReq,rodata,12
.rodata.sim_SimNewStatusCnf,rodata,16
.rodata.sim_SimNewStatusReq,rodata,12
.rodata.sim_SimNewUnblockCHVCnf,rodata,16
.rodata.sim_SimNewVerifyCHVCnf,rodata,16
.rodata.sim_SimPollOffReq,rodata,12
.rodata.sim_SimPollReq,rodata,12
.rodata.sim_SimReadBinaryCnf,rodata,16
.rodata.sim_SimReadBinaryReq,rodata,12
.rodata.sim_SimReadRecordCnf,rodata,16
.rodata.sim_SimReadRecordReq,rodata,12
.rodata.sim_SimRehabilitateCnf,rodata,16
.rodata.sim_SimRehabilitateReq,rodata,12
.rodata.sim_SimResetCnf,rodata,16
.rodata.sim_SimResetReq,rodata,12
.rodata.sim_SimResumeCnf,rodata,16
.rodata.sim_SimResumeReq,rodata,12
.rodata.sim_SimSeekAllCnf,rodata,16
.rodata.sim_SimSeekAllReq,rodata,12
.rodata.sim_SimSeekCnf,rodata,16
.rodata.sim_SimSeekReq,rodata,12
.rodata.sim_SimSelectApplicationCnf,rodata,16
.rodata.sim_SimSelectApplicationReq,rodata,12
.rodata.sim_SimSendCmdCnf,rodata,16
.rodata.sim_SimSendCmdReq,rodata,12
.rodata.sim_SimSetUsimPbkReq,rodata,12
.rodata.sim_SimStatusErrorInd,rodata,16
.rodata.sim_SimStkActivateReq,rodata,12
.rodata.sim_SimSuspendCnf,rodata,16
.rodata.sim_SimSuspendReq,rodata,12
.rodata.sim_SimTerminalEnvelopeCnf,rodata,16
.rodata.sim_SimTerminalEnvelopeReq,rodata,12
.rodata.sim_SimTerminalProfileCnf,rodata,16
.rodata.sim_SimTerminalProfileReq,rodata,12
.rodata.sim_SimTerminalResponseCnf,rodata,16
.rodata.sim_SimTerminalResponseReq,rodata,12
.rodata.sim_SimUmtsAlgoCnf_4g,rodata,16
.rodata.sim_SimUnblockCHVCnf,rodata,16
.rodata.sim_SimUnblockChvReq,rodata,12
.rodata.sim_SimUpdateBinaryCnf,rodata,16
.rodata.sim_SimUpdateBinaryReq,rodata,12
.rodata.sim_SimUpdateRecordCnf,rodata,16
.rodata.sim_SimUpdateRecordReq,rodata,12
.rodata.sim_SimVerifyCHVCnf,rodata,16
.rodata.sim_SimVerifyChvReq,rodata,12
.rodata.sim_simFileStatusCnf_4g,rodata,16
.rodata.sim_simPowerOffReq,rodata,12
.rodata.sim_simReadBinaryCnf_4g,rodata,16
.rodata.sim_simReadRecordCnf_4g,rodata,16
.rodata.sim_simRetryReq,rodata,12
.rodata.sim_simUpdateBinaryCnf_4g,rodata,16
.rodata.sim_simUpdateRecordCnf_4g,rodata,16
.rodata.sm_OPdpCtxActivateRejEvt,rodata,12
.rodata.sm_PdpCtxActivateReqEvt,rodata,12
.rodata.sm_PdpCtxDeactivateReqEvt,rodata,12
.rodata.sm_PdpCtxModifyAccEvt,rodata,12
.rodata.sm_PdpCtxModifyReqEvt,rodata,12
.rodata.sm_PdpSetMinQoSReqEvt,rodata,12
.rodata.smspp_AbortMMAReqEvt,rodata,12
.rodata.smspp_AbortReqEvt,rodata,12
.rodata.smspp_AckIndEvt,rodata,16
.rodata.smspp_AckReqEvt,rodata,12
.rodata.smspp_ErrorIndEvt,rodata,16
.rodata.smspp_ErrorReqEvt,rodata,12
.rodata.smspp_ReceiveIndEvt,rodata,16
.rodata.smspp_SendMMAReqEvt,rodata,12
.rodata.smspp_SendReqEvt,rodata,12
.rodata.stk_StopReq,rodata,12
.rodata.Api_FSM,rodata,16
.rodata.Api_Gene,rodata,608
.text.api_TrsStkAttachReq,text,28
.text.api_TrsStkDetachReq,text,40
.text.api_TrsStkDetachCnf,text,48
.text.api_TrsStartReq,text,224
.text.api_TrsStopReq,text,112
.text.api_TrsImeiReq,text,96
.text.api_TrsStopCnf,text,184
.text.api_TrsSimCloseCnf,text,180
.rodata.api_TrsSimOpenInd.str1.1,rodata,27
.text.api_TrsSimOpenInd,text,332
.text.api_TrsSimCloseInd,text,112
.text.api_TrsSmsPPSendReq,text,168
.text.api_TrsSmsPPSendMMAReq,text,72
.text.api_TrsSmsPPAckReq,text,136
.text.api_TrsSmsPPErrorReq,text,176
.text.smspp_TrsAckInd,text,128
.text.smspp_TrsErrorInd,text,160
.text.smspp_TrsReceiveInd,text,176
.text.api_TrsDbgInfoCmd,text,4
.text.api_TrsMemoryAlert,text,100
.text.api_TrsMemAlertExp,text,28
.text.api_PsAttachReq,text,32
.text.api_PsDetachReq,text,4
.text.api_TrsSpLteDummyPara,text,24
.text.api_TrsSpCleanInfo,text,32
.text.api_PrepMsg,text,52
.text.api_PrepSmsMsg,text,44
.text.api_Send,text,52
.text.api_SendMsg,text,164
.text.api_PadMsgHead,text,32
.text.api_getUsimDataLen,text,444
.text.api_SaveUsimFileLength,text,592
.text.api_HandleApiStartReq,text,92
.text.api_SendPsDataReqToRabm,text,120
.text.api_SsIpFilter,text,544
.text.api_SendPsDataIndToMmi,text,216
.text.api_SendPsDataIndToTc,text,108
.text.api_PsDataTftMatch,text,84
.text.api_HandleApiTftUpdReqLte,text,64
.text.api_HandleApiStopReq,text,116
.text.api_HandleApiSimOpenInd,text,72
.text.api_HandleApiSimCloseInd,text,68
.text.api_HandleNwSelModeReq,text,76
.text.api_HandleApiPdpCtxconfigReq,text,132
.text.api_HandleApiPdpCtxactivateReq,text,204
.text.api_HandleApiPdpCtxmodifyReq,text,140
.text.api_HandleApiPdpCtxmodifyAcc,text,80
.text.api_HandleApiPdpCtxdeactivateReq,text,116
.text.api_HandleApiEpsCtxActivateRsp,text,100
.text.api_HandleApiEpsCtxActivateRej,text,104
.text.api_HandleApiEpsCtxAllocateReq,text,148
.text.api_HandleApiEpsCtxModifyRej,text,104
.text.api_HandleApiNwListReq,text,76
.text.api_HandleApiNwListAbortReq,text,68
.text.api_HandleApiNwSelReq,text,92
.text.api_HandleApiNwReselReq,text,68
.text.api_HandleApiNwPsAttachReq,text,84
.text.api_HandleApiNwPsDetachReq,text,100
.text.api_DecodeDataLength,text,46
.text.api_HandleUsimUmtsAlgoCnf,text,172
.text.api_HandleSimReadBinaryCnf,text,172
.text.api_HandleSimUpdateBinaryCnf,text,140
.text.api_HandleSimReadRecordCnf,text,176
.text.api_HandleSimUpdateRecordCnf,text,144
.text.api_CreateCsRegStatusInd,text,228
.text.api_HandleCapiRegDeregistrationCnf,text,64
.text.api_HandleCapiRegAvailPlmnInd,text,152
.text.api_HandleCapiRegAbortPlmnInd,text,56
.text.api_HandleCapiRegMmInfoInd,text,136
.text.api_HandleCapiNwCsRegStatusInd,text,64
.text.api_HandleCapiStkDetachCnf,text,44
.text.api_CreatePsRegStatusInd,text,376
.text.api_HandleCapiRegStateInd,text,36
.text.api_HandleCapiNwPsRegStatusInd,text,156
.text.api_HandleSmregEpsActivateCnf,text,368
.text.api_HandleSmregEpsActivateErr,text,108
.text.api_HandleSmregEpsActivateInd,text,116
.text.api_HandleSmregEpsAllocateCnf,text,60
.text.api_HandleSmregEpsAllocateErr,text,60
.text.api_HandleSmregEpsDeactivateCnf,text,40
.text.api_HandleSmregEpsDeactivateInd,text,48
.text.api_HandleSmregEpsModifyCnf,text,48
.text.api_HandleSmregEpsModifyErr,text,48
.text.api_HandleSmregEpsModifyInd,text,184
.text.api_HandleMobiSapAuthReq,text,108
.text.api_FileStatusReq,text,44
.text.api_AssembleSimReadRecordReq,text,92
.text.api_AssembleSimReadBinaryReq,text,56
.text.api_HandleSimFileStatusCnf,text,360
.text.api_HandleMobiSapBinaryReadReq,text,88
.text.api_HandleMobiSapBinaryUpdReq,text,148
.text.api_HandleMobiSapRecordReadReq,text,20
.text.api_HandleMobiSapRecordUpdReq,text,176
.text.api_HandleRabmEpcmDataInd,text,32
.text.api_SendPsDataIndToTcCB,text,112
.text.api_SendPsDataIndToMmiCB,text,206
.text.api_HandleRabmEpcmDataIndCB,text,60
.text.api_IsDataCanSendtoRAB,text,88
.text.api_HandleApiTcCtrlInd,text,24
.text.api_HandleApiTcDataReq,text,76
.text.api_HandleSmsAckIndModeH,text,72
.text.api_HandleSmsRecvIndModeH,text,172
.text.api_HandleApiPsmConfigReq,text,108
.text.api_HandleApiEdrxConfigReq,text,104
.text.api_HandleApiSetEpsModeReq,text,96
.text.api_handleApiSetUsageReq,text,84
.text.api_handleApiSetVoiceCfgReq,text,84
.text.api_handleBlackCellListSetReq,text,136
.text.api_SendApiGetNetInfoInd,text,136
.text.api_handleGetNetInfoReq,text,144
.text.api_handleLteBlackCellListGetReq,text,56
.text.api_SendLteBlackCellListGetCnf,text,68
.text.api_handleGetCellInfoStartReq,text,136
.text.api_handleGetCellInfoStopReq,text,56
.text.api_initJammingStoreInfo,text,40
.text.api_SendApiJammingInd,text,100
.text.api_SendApiJammingRssiEnquiryCnf,text,72
.text.api_handleJammingDetectSetReq,text,124
.text.api_handleJammingDetectGetReq,text,56
.text.api_handleJammingRssiEnquiryReq,text,84
.text.api_HandleCapiErrcConnStatusInd,text,60
.text.api_sendMessageForEnas,text,72
.text.api_SendPsPacketToApi,text,48
.text.api_SendPsPacketToRab,text,136
.text.API_ULDataIpcHandle,text,58
.text.api_SavePsData,text,172
.text.api_RoutePsDataReq,text,296
.text.api_HandleApiIpcPsDataSignal,text,296
.text.api_HandleApiIpcPsDataReq,text,220
.text.api_HandleApiPsDataReqLte,text,40
.text.api_HandleApiTcPsDataReq,text,24
.text.api_ResendPsData,text,52
.text.api_TrsDualsimPsCheckExp,text,104
.text.api_PsDataResendTmrExp,text,32
.text.api_handleMmConnStatusInd,text,148
.text.api_SaveInfo_for_DeepSleep,text,36
.text.api_RestoreInfo_for_DeepSleep,text,44
.text.api_RestoreInfo_for_MsCap,text,44
.text.sendTestSpCleanInfoToERRC,text,68
.text.api_HandleTestSpCleanInfo,text,92
.text.api_HandTestSpLteDummyPara,text,172
.text.api_SendMessageToEnas,text,400
.text.api_calTimeDuration,text,48
.text.api_updateNetinfoSta,text,188
.text.api_updateDropTime,text,80
.text.api_updateAttachTime,text,256
.text.api_netinfoInit,text,128
.text.api_getNetinfo,text,132
.text.api_getDefaultPdnInfo,text,48
.text.api_getPaingCycle,text,4
.text.api_handleSetPocSimIndexReq,text,100
.text.api_handlePm3NvSaveReq,text,68
.text.api_HandleGnssServiceStartReq,text,92
.text.api_HandleGnssServiceStopReq,text,68
.text.api_HandleWiFiScanServiceStartReq,text,112
.text.api_HandleWiFiScanServiceStopReq,text,68
.text.api_HandleGnssServiceStartCnf,text,40
.text.api_HandleGnssServiceStopCnf,text,24
.text.api_HandleGnssServiceAbortInd,text,24
.text.api_HandleGnssServiceResumeInd,text,24
.text.api_HandleWiFiScanServiceStartCnf,text,72
.text.api_HandleWiFiScanServiceStopCnf,text,60
.text.api_HandleWiFiScanServiceAbortInd,text,60
.text.api_HandleLcmServiceSetPriorityReq,text,92
.text.api_HandleLcmServiceSetPriorityCnf,text,40
.text.api_HandleLocalRelReq,text,68
.text.api_engEventRpt,text,84
.text.api_engStatisticRpt,text,80
.text.api_handleEngStatisInfoRptCfgReq,text,92
.text.api_HandlePsmParaReq,text,68
.text.api_HandleCapiPsmParaCnf,text,64
.text.api_HandleTauReq,text,68
.text.api_handleSetBlackWhiteListReq,text,92
.text.api_handleErrcIdlMeasOffsetSetReq,text,92
.text.api_handleErrcIdlMeasOffsetReadReq,text,68
.text.api_SendApiIdlMeasOffsetReadCnf,text,64
.text.api_ClearBlackListByAPIWhenPowerOff,text,88
.text.api_HandleSetMaxAttFailForIratReq,text,92
.text.api_HandleCapiEmmProcedureFailedInd,text,64
.text.api_HandleSetPreferPlmnListReq,text,92
.text.api_HandleSetRplmnReq,text,92
.text.api_HandleCheckTimer3245LengthReq,text,68
.text.api_HandleCheckTimer3245LengthInd,text,40
.text.api_HandleSetMaxAttFailNumForAbnormalReq,text,92
.text.api_HandleGetScellSinrReq,text,68
.text.api_HandleGetScellSinrInd,text,64
.text.adapt_ErrcSendMsgToApi,text,304
.text.api_handleReadSimErrorInd,text,80
.text.api_ReceiveEnasMessage,text,888
.rodata.api_HandleUseImsipFileReq.str1.1,rodata,26
.text.api_HandleUseImsipFileReq,text,92
.rodata.api_HandleSetDataServiceHighPriorInd.str1.1,rodata,42
.text.api_HandleSetDataServiceHighPriorInd,text,92
.rodata.CSWTCH.1267,rodata,7
.rodata.CSWTCH.1276,rodata,7
.text.api_CheckCurrentSimTestSim,text,16
.text.api_UlFlowCtrl,text,164
.text.asn20_01init,text,4
.text.dba_init_array_buff_ap,text,102
.text.DBA_init_AP,text,16
.text.DBA_array_reset,text,40
.text.DBA_array_flush,text,40
.text.dba_array_reset_buff,text,40
.text.dba_array_flush_buff,text,80
.text.wrap_malloc,text,28
.text.wrap_free,text,6
.text.wrap_mem_set,text,4
.text.wrap_flush_cache,text,4
.rodata.epdc_wb_initialPdcpParam.str1.1,rodata,22
.text.fsm01_02DeleteProcessInstance,text,232
.text.fsm01_01CreateProcessInstance,text,372
.text.fsm01_04GetProcessInstUserData,text,96
.text.fsm01_06restoreDelayMessage,text,164
.text.fsm01_00RunProcess,text,300
.text.fsm01_08getProcessCurState,text,136
.text.fsm01_10setProcessCurState,text,84
.text.fsm01_11SetProcessPreState,text,84
.text.fsm02_01initProcessTable,text,108
.text.fsm02_02initFsmInfo,text,72
.text.fsm02_36initEsmInstance,text,72
.text.fsm02_39esmTimerExpire,text,76
.text.fsm02_43initEpdcInstance,text,72
.text.fsm02_00initFsm,text,42
.text.fsm_IdxEvt,text,32
.text.fsm_FindEvt,text,38
.rodata.fsm_Retrieve.str1.1,rodata,27
.text.fsm_Retrieve,text,88
.text.fsm_Run,text,288
.text.hal_CpIfcChannelRelease,text,72
.text.hal_CpIfcChannelFlush,text,64
.text.hal_CpIfcTransferStart,text,256
.rodata.hal_lteF8DatauplinkHisr.str1.1,rodata,11
.text.hal_lteF8DatauplinkHisr,text,36
.rodata.hal_lteF8DatadownlinkHisr.str1.1,rodata,11
.text.hal_lteF8DatadownlinkHisr,text,36
.rodata.hal_lteF8Cmdf8Hisr.str1.1,rodata,12
.text.hal_lteF8Cmdf8Hisr,text,36
.rodata.hal_lteF8Cmdf9Hisr.str1.1,rodata,11
.text.hal_lteF8Cmdf9Hisr,text,36
.text.halb_lteF8StartDatauplink,text,120
.text.halb_lteF8StartDatadownlink,text,120
.text.halb_lteF8StartCmd,text,116
.text.halb_lteF8StartF9,text,116
.rodata.hal_lteF8Open.str1.1,rodata,41
.text.hal_lteF8Open,text,148
.text.hal_F8StartStatusCheck,text,58
.text.hal_F8Start,text,100
.text.hal_f9MacIRead,text,12
.text.hal_F8AllStartStatusCheck,text,40
.rodata.hal_lteF8f9Lisr.str1.1,rodata,10
.text.hal_lteF8f9Lisr,text,128
.text.hal_LpsLte1PSMReq,text,92
.text.hal_LpsLte2PSMReq,text,96
.text.hal_SimClrConfigBit,text,28
.text.hal_SimSetConfigBit,text,28
.text.hal_SimSetEtuBitfield,text,212
.text.hal_SimSetWwi,text,36
.text.hal_SimGetRxByte,text,24
.text.hal_SimGetRxCnt,text,60
.text.hal_SimSetNRxBytes,text,84
.text.hal_SimReleaseIFC,text,76
.text.hal_SimAutoReset,text,104
.text.hal_SimGetRegConfig,text,24
.text.hal_SimGetRegClkDiv,text,24
.text.hal_SimGetRegTimes,text,24
.text.hal_SimGetRegChFilt,text,24
.text.hal_SimGetRegIntMask,text,24
.text.hal_SimGetRegIntCause,text,24
.text.hal_SimGetRegRxCnt,text,24
.text.hal_SimGetRegStatus,text,24
.text.hal_simParseReg,text,252
.text.hal_SimGetDataConvFormat,text,44
.text.hal_SimSetDataConvFormat,text,36
.text.hal_SimRegReset,text,22
.text.hal_SimSetClkTst,text,28
.text.hal_SimClrClkTst,text,28
.text.hal_SimGetClkStatus,text,32
.text.hal_SimGetClkStopStatus,text,32
.rodata.hal_SimOpen.str1.1,rodata,13
.text.hal_SimOpen,text,228
.text.hal_SimSetSimIndex,text,68
.text.hal_SimEnableSci,text,40
.text.hal_SimDisableSci,text,6
.text.hal_SimPowerDown,text,24
.text.hal_SimSetClockStopMode,text,42
.text.hal_SimWaitClockAutoStop,text,72
.text.hal_SimWaitTxFIFOReady,text,48
.text.hal_SimGetUpdateCount,text,12
.text.hal_SimSetWorkWaitingTime,text,4
.text.hal_SimSetEtuDuration,text,74
.text.hal_SimDelayAfterEpps,text,8
.text.hal_SimGetNumRxBytes,text,12
.text.hal_SimIrqSetHandler,text,12
.text.hal_SimDMAReleaseIFC,text,44
.text.hal_SimDMAReleaseTxIFC,text,52
.text.hal_SimInvalidateCache,text,68
.text.hal_sim_hisr,text,24
.text.hal_SimIrqHandlerAp,text,700
.text.hal_Sci1RegResume8850,text,72
.text.hal_Sci1CtrlResume8850,text,28
.text.hal_Sci2RegResume8850,text,72
.text.hal_SimDeactive,text,116
.text.hal_SimTxByteRxByte,text,340
.text.hal_Sci2CtrlResume8850,text,28
.text.hal_SimReset,text,172
.rodata.gc_halSimHwpArray,rodata,8
.rodata.gc_halSimIfcRxId,rodata,2
.rodata.gc_halSimIfcTxId,rodata,2
.text.hal_TimGetUpTime,text,8
.text.cmc02_12createNewEsmEntity.part.0,text,156
.text.emm08_02EMMAS_DATA_IND.part.0,text,56
.text.mmcDeleteDelaySignal,text,140
.text.mmcDelaySignal,text,22
.text.mmc00_56t_mmc_plmnSearchReuseTimer,text,52
.text.mmc00_52ERR_CEMODE_IND,text,52
.text.mmc00_62CAPI_REG_SET_USAGE_REQ,text,28
.text.mmc00_63CAPI_REG_SET_VOICECFG_REQ,text,20
.text.mmc00_70DUMMY_CLEAN_BA_REQ,text,68
.text.mmc00_78CAPI_REG_SET_BLACK_WHITE_LIST_REQ,text,192
.text.mmc00_99getPsVersionInfo,text,8
.text.mmc00_80CAPI_SET_MAX_ATT_FAIL_FOR_IRAT_REQ,text,88
.text.mmc00_84CAPI_SET_MAX_ATT_FAIL_NUM_FOR_ABNORMAL_REQ,text,80
.rodata.mmc00_85CAPI_USE_IMSIP_FILE_REQ.str1.1,rodata,43
.text.mmc00_85CAPI_USE_IMSIP_FILE_REQ,text,88
.rodata.mmc00_86CAPI_SET_DATASERVICE_HIGHPRIOR_IND.str1.1,rodata,34
.text.mmc00_86CAPI_SET_DATASERVICE_HIGHPRIOR_IND,text,68
.text.mmc97_08getHplmnFromIMSI,text,228
.text.mmc97_12plmnInPlmnRatTable,text,44
.text.mmc97_13plmnInPlmnTable,text,44
.text.mmc97_14laiInLaiTable,text,44
.text.mmc97_15InPossbPlmnList,text,56
.text.mmc97_17plmnIsImsiHplmn,text,80
.text.mmc97_19resetHplmnMnc3rdDigit,text,252
.text.mmc97_21saveSimHplmnTimerVal,text,32
.text.mmc97_22decodeUsimHplmnTimer,text,124
.text.mmc97_25getDetachType,text,20
.text.mmc97_28bakSortPlmnList,text,124
.text.mmc97_29reCoverSortPlmnList,text,272
.text.mmc97_30deleteBakSortPlmnList,text,20
.text.mmc97_31isEplmnInEhplmList,text,52
.text.mmc97_32needCheckEplmnInEhplmnList,text,36
.text.mmc97_34GetPlmnOperator,text,128
.text.mmc97_32isRelianceSimCampOnRelianceNetwork,text,64
.text.mmc97_33CheckTheVirtualPlmnFunction,text,148
.text.mmc97_33CheckTheFakePlmnFunction,text,124
.text.mmc97_31lteOnlyforCurrentUser,text,98
.text.mmc97_33isDisRejWithEbiAllowedPlmn,text,84
.text.mmc97_40SetSimPlmnOperator,text,24
.text.mmc97_44isInIndiaAirTel,text,72
.text.mmc97_43isInAirtelPlmnOperator,text,84
.text.mmc97_51delEquvPlmn,text,44
.text.mmc97_54modifyAttachType,text,68
.text.mmc97_67deleteFplmnInEqvPlmnList,text,152
.text.mmc97_88testChinaMobileIMSI,text,80
.text.mmc97_96getEdrxPeriodLength,text,24
.text.mmc97_116epsNoBearerContextActivated,text,20
.text.mmc97_121deleteCurTaiFromTaiList,text,148
.text.mmc97_126deleteTaiFormForbiddenTaiList,text,74
.text.mmc97_136deleteNasSecContext,text,136
.text.mmc97_137initSecContext,text,56
.text.mmc97_138storeLteQscan,text,260
.text.mmc97_143initialReadSimParams,text,400
.text.mmc97_146updatingLteEpsNsc,text,240
.text.mmc97_148updatePrevUsedFreq,text,188
.text.mmc97_149AssemPrevUsedLteFreq,text,72
.text.mmc97_153updateGsmBa,text,264
.text.mmc97_157initSkipRplmnFlag,text,36
.text.mmc97_158skipRplmn,text,68
.text.mmc97_159initialBlackWhiteList,text,88
.text.mmc97_160plmnInWhiteList,text,208
.text.mmc97_161updateBlackWhiteList,text,732
.text.mmc97_162savePlmnToSwitchedBlackPlmn,text,124
.text.mmc97_163plmnIsSwitchedBlackPlmn,text,124
.text.mmc97_167storeCurrPlmnToCsNotAvailableList,text,292
.text.mmc97_187StartT3247,text,188
.text.mmc97_188StartT3245,text,184
.text.mmc97_03storeCurrPlmnToFplmnList,text,468
.text.mmc97_122storeCurrTaiToForbTaiList,text,392
.text.mmc97_190isMccInSpecialRange,text,82
.text.mmc97_189isSameCountry,text,36
.text.mmc97_191isInLteForbiddenPlmn,text,84
.text.mmc97_193sendDelayUserDetachReq,text,52
.text.mmc97_194getRegRespType,text,108
.text.mmc97_195nvmBandCapi,text,304
.text.mmc97_198ResetEmmAbnormalBarParam,text,28
.text.mmc97_203StatisticVolteStatus,text,16
.text.mmc97_202StatisticCampOnStatus,text,124
.text.mmc97_204getLockedPlmn,text,140
.text.mmc97_206isLockedPLMN,text,28
.text.mmc97_213PocisNvmSupport,text,14
.text.mmc97_218GetKeepLastDataPdn,text,32
.text.mmc97_221isGnssDeactAs,text,24
.text.mmc97_223StopLcmWiFi,text,20
.text.mmc97_226LcmServiceOnGoing,text,24
.text.mmc97_232IsGnssHighPrio,text,52
.text.mmc97_235GnssPriorForData,text,52
.text.mmc97_236InitLcmPrior,text,164
.text.mmc97_216InitLcm,text,64
.text.mmc97_268SetLcmPrior,text,96
.text.mmc97_237GetEsmTimerPoint,text,44
.text.mmc97_277clearAttachRejectInfo,text,40
.text.mmc97_276saveAttachRejectInfo,text,76
.text.mmc97_280InitUserSetAttfailCountForIrat,text,104
.text.mmc97_283isColombiaCard,text,32
.text.mmc97_284isAddEhplmnToEplmnList,text,14
.text.mmc97_285isHongkongCard,text,72
.text.mmc97_286isChinesePlmn,text,60
.text.mmc97_288storeAttachRejPlmn,text,128
.text.mmc97_290isChangeSplmn,text,120
.text.mmc97_289isInFranceOperator,text,30
.text.mmc97_233isSupportEsmInfoTransFlag,text,28
.text.mmc97_291isATTOperator,text,68
.text.mmc97_292updatePreferPlmnList,text,92
.text.mmc97_293isInPreferPlmnList,text,96
.text.mmc97_294initialPreferPlmnList,text,60
.text.mmc97_230isInOtherOperator,text,88
.text.mmc97_297updateConfigRplmn,text,244
.text.mmc97_298initConfigRplmn,text,60
.text.mmc97_301isReattachWhenReachMaxFail,text,148
.text.mmc97_305isAllowedRoaming,text,88
.text.mmc97_295isSelectPlmnFromPerferPlmnList,text,156
.text.mmc97_299isSelectConfigLteRplmn,text,112
.text.mmc97_306isUseImsipFile,text,36
.text.mmc97_307initDoubleImsiVar,text,40
.text.mmc96_02SetAutoPdnAct,text,124
.text.mmc96_03InvalidPlmn,text,56
.text.mmc00_81CAPI_SET_PREFER_PLMN_LIST_REQ,text,184
.text.mmc00_82CAPI_SET_RPLMN_REQ,text,216
.text.mmc97_04SaveSimPlmnList,text,312
.text.mmc97_147deleteplmnFromPlmnTable,text,180
.text.mmc97_02delAnyForbiddenList,text,76
.text.mmc97_233isRplmnValid,text,116
.text.mmc97_232needChangeSearchRat,text,80
.text.mmc97_164selectPlmnAndRat,text,1152
.text.mmc97_234isUpdateNvRplmnRat,text,84
.text.mmc96_04deletePlmnList,text,112
.text.mmc97_140mergeLtePossPlmnList,text,272
.text.mmc96_05getCurrentPlmn,text,52
.text.mmc96_08GetMmcCEMode,text,24
.text.mmc96_09GetMmcSigLowPri,text,28
.text.mmc96_10GetSmRetryTimeValue,text,28
.text.mmc96_10GetCpSendStatus,text,68
.text.mmc96_10GetCpCiotStatus,text,28
.text.mmc96_10GetS1UDataTransferSuport,text,28
.text.mmc96_16plmnIslimited,text,168
.text.mmc97_16sortPossiblePlmnList,text,1344
.text.mmc96_18GetNvmDefaultPdnConfig,text,24
.text.mmc96_19GetNwePcoStatus,text,28
.text.mmc96_25deleteNvParameter,text,72
.text.mmc96_24readNvParameters,text,96
.text.mmc96_43plmnListReuse,text,204
.text.mmc96_44clearPlmnSearchReuseInfoWhenCellChanged,text,252
.text.mmc96_45traceCurrCellInfo,text,60
.text.mmc96_46traceSimNvInfo,text,316
.text.mmc96_47HPlmnFound,text,372
.text.mmc96_60getLteEquvPlmnForSelPlmn,text,128
.text.mmc96_61getLteBaForSelectedPlmn,text,204
.text.mmc96_80UpdateAttachType,text,100
.text.mmc96_83UpdateUeLteOperaMode,text,184
.text.mmc96_84UpdateUePreferSetting,text,152
.text.mmc00_60CAPI_REG_SET_EPS_MODE_REQ,text,120
.text.mmc96_86GetCEMode,text,104
.text.mmc96_87SetCEMode,text,124
.text.mmc96_93traceInformation,text,140
.text.mmc96_102SetCmccEhplmn,text,104
.text.mmc96_114mmcLteFrequencyValid,text,112
.text.mmc97_150updatePrevUsedBand,text,300
.text.mmc96_62reAssembleLteBa,text,64
.text.mmc96_136getPlmnSearchMode,text,40
.text.mmc96_160setCsUsimUpdateStatus,text,120
.text.mmc97_09delCsUsimPara,text,320
.text.mmc97_118epsImplicityDetach,text,52
.text.mmc96_161setPsUsimUpdateStatus,text,28
.text.mmc97_10delPsUsimPara,text,220
.text.mmc96_162setEpsUsimUpdateStatus,text,40
.text.mmc97_100delEpsUsimPara,text,184
.text.mmc97_234useNvRplmnForSameSimCard,text,268
.text.mmc96_164deleteNetpara,text,32
.text.mmc96_165updateTmsi,text,136
.text.mmc96_166updateGuti,text,152
.text.mmc96_169updateLai,text,132
.text.mmc96_175clearPossiblePlmnList,text,68
.text.mmc96_176isLimitCellChange,text,312
.text.mmc96_178CalcLTimerLen,text,152
.text.mmc96_177GetLimitTimerLength,text,124
.text.mmc96_179ResetLosscoverTimerInfo,text,24
.text.mmc96_182stopHplmnTimer,text,52
.text.mmc96_183startLimitTimer,text,140
.text.mmc96_184stopLimitTimer,text,84
.text.mmc00_71CAPI_BLACK_CELL_LIST_SET_REQ,text,88
.text.mmc96_185startLossCovTimer,text,188
.text.mmc96_186stopLossCovTimer,text,40
.text.mmc00_77CAPI_JAMMING_DETECTED_IND,text,56
.text.mmc96_187startPlmnSearchTimer,text,40
.text.mmc96_64dealConflictForPlmnSearch,text,80
.text.mmc03_12ERR_GET_PLMN_REJ,text,44
.text.mmc05_57ERR_GET_PLMN_REJ,text,28
.text.mmc96_188stopPlmnSearchTimer,text,32
.rodata.mmc96_189SetShutOffType.str1.1,rodata,65
.text.mmc96_189SetShutOffType,text,204
.rodata.mmc96_189GetShutOffType.str1.1,rodata,65
.text.mmc96_189GetShutOffType,text,200
.text.mmc96_189SaveMmcBakupInfo,text,192
.text.mmc96_195GetSfnHfnAndTick,text,52
.text.mmc96_197StartResumePsmTimer,text,92
.text.mmc96_198StopResumePsmTimer,text,92
.text.mmc97_06initialMmcLocalParams,text,1404
.text.mmc96_196setResumePsmFlag,text,80
.text.mmc96_196StopLteDisableScanTimer,text,36
.text.mmc96_72initMMC_withoutShutoff,text,216
.text.mmc96_198GetMmcDualPrio,text,28
.text.mmc96_199GetHiPrioPlmnSeachTimerLen,text,120
.text.mmc96_200CheckRestartHiPriPlmnSearch,text,68
.text.mmc96_181StartHplmnTimer,text,164
.text.mmc97_47dealHplmnTimer,text,180
.text.mmc96_201GetCurrentState,text,24
.text.mmc00_44ERR_BAR_ALLEVIATE_IND,text,148
.text.mmc96_174dealEmmInfo,text,312
.text.mmc96_202IsApnRateCtrlSupport,text,44
.text.mmc96_203IsMTUSupport,text,52
.text.mmc96_204IsnonIpMTUSupport,text,44
.text.mmc96_205Isipv4MTUSupport,text,44
.text.mmc96_216getNasMajorTimer,text,376
.text.mmc96_215lowPowerGetNasMajorTimer,text,84
.text.mmc96_217cellBarAvail,text,88
.text.mmc96_217lowPowerGetNasMajorTiBy8850,text,220
.text.mmc96_221checkIsSupportPcoControl,text,44
.text.mmc96_222checkIsSupportTestCardCeregControl,text,88
.text.mmc96_06parseNasConfigInfo,text,464
.text.mmc96_223checkIsSupportControlCeregDetachCause,text,88
.text.mmc96_224Save3245TimerWhenSimClose,text,88
.text.mmc96_225Restore3245TimerWhenSimOpen,text,112
.rodata.mmc96_226checkdatahighpriorFlag.str1.1,rodata,65
.text.mmc96_226checkdatahighpriorFlag,text,84
.text.mmc98_12AssembleUeNetworkCapability,text,256
.text.mmc99_01createERR_POWER_ON_REQ,text,136
.text.mmc99_02createMOBI_SAP_BINARY_READ_REQ,text,116
.text.mmc99_03createMOBI_SAP_BINARY_UPDATE_REQ,text,572
.text.mmc99_07createCAPI_SIM_CLOSE_CNF,text,120
.text.mmc99_08createCAPI_REG_CELL_IND,text,136
.text.mmc99_14createCAPI_REG_AVAIL_PLMN_IND,text,280
.text.mmc99_15createCAPI_REG_ABORT_PLMN_IND,text,112
.text.mmc99_16createCAPI_REG_RRC_CONN_IND,text,160
.text.mmc99_17createCAPI_REG_FREQ_SCAN_IND,text,548
.text.mmc99_21createCAPI_REG_SIM_ERROR_IND,text,124
.text.mmc99_50createMOBI_SAP_RECORD_READ_REQ,text,116
.text.mmc99_60createERR_ACT_REQ,text,500
.text.mmc99_61createEMM_STATUS_REQ,text,140
.text.mmc00_06CAPI_REG_SET_MODE_REQ,text,128
.text.mmc00_08CAPI_REG_SIM_OPEN_IND,text,172
.text.mmc99_62createERR_EDRX_PARAM_REQ,text,248
.text.mmc99_63createERR_NEW_PARAM_REQ,text,740
.text.mmc05_52EMM_KENB_IND,text,24
.text.mmc96_35sendRrActReq,text,56
.text.mmc97_222StopLcmGnss,text,172
.text.mmc00_75LCM_SERVICE_END_REQ,text,124
.text.mmc96_07reActive,text,60
.text.mmc96_85UeCapabilityUpdate,text,44
.text.mmc00_59CAPI_REG_PSM_CONFIG_REQ,text,168
.text.mmc00_67CAPI_REG_EDRX_CONFIG_REQ,text,200
.text.mmc96_81updateParameter,text,28
.text.mmc97_27dealDetachResult,text,180
.text.mmc97_42imsiUnknowInHlr,text,48
.text.mmc97_105epsAttachAcceptWithCause,text,76
.text.mmc97_107tauAcceptWithCause,text,68
.text.mmc97_111emmTaiNotAllowed,text,124
.text.mmc97_115epsNotAuthForThisCSG,text,84
.text.mmc97_117epsIdCanNotBeDerivedByNetwork,text,56
.text.mmc99_65createEMM_CELL_INFO_REQ,text,176
.text.mmc99_67createERR_DEACT_REQ,text,168
.text.mmc97_208lockedPlmnDeactAs,text,44
.text.mmc96_27powerOffComplete,text,124
.text.mmc00_12t_mmc_powerOffTimer,text,96
.text.mmc99_68createEMM_DETACH_REQ,text,156
.text.mmc97_24sendDetachReqToMmAndGmm,text,44
.text.mmc99_69createERR_ABORT_PLMN_REQ,text,136
.text.mmc97_174StopAsPlmnSearch,text,164
.text.mmc97_142FinishApiPlmnSearch,text,460
.text.mmc97_120saveErrActIndCellInfo,text,448
.text.mmc97_175abortPlmnSearchProc,text,76
.text.mmc00_07CAPI_REG_ABORT_PLMN_REQ,text,92
.text.mmc00_09CAPI_REG_SIM_CLOSE_IND,text,424
.text.mmc97_224LcmAbortPlmnSearch,text,60
.text.mmc99_70createERR_GET_PLMN_REQ,text,220
.text.mmc99_72createERR_STATUS_REQ,text,188
.text.mmc97_197barInShareNet,text,64
.text.mmc97_199MmeAbnormal,text,184
.text.mmc99_81createMOBI_SAP_RECORD_UPDATE_REQ,text,228
.text.mmc99_95createLCM_SERVICE_START_CNF,text,140
.text.mmc97_219StartLcmWiFi,text,132
.text.mmc97_231GnssStartReqProcess,text,152
.text.mmc97_217StartLcmColdGnss,text,148
.text.mmc99_96createLCM_SERVICE_ABORT_IND,text,136
.text.mmc97_230AbortLcmService,text,72
.text.mmc97_227NasAndColdGnssConflict,text,96
.text.mmc97_228NasAndHotGnssConflict,text,108
.text.mmc97_229NasAndWiFiConflict,text,68
.text.mmc97_225LcmConflict,text,60
.text.mmc00_56t_EDRX_WAKEUP,text,44
.text.mmc96_17limitedCampOnCurrentMode,text,76
.text.mmc99_97createLCM_SERVICE_RESUME_IND,text,136
.text.mmc97_237NoteIdleToLcm,text,32
.text.mmc00_73ERR_STATUS_IND,text,100
.text.mmc99_98createLCM_SERVICE_SET_PRIORITY_CNF,text,152
.text.mmc00_79LCM_SERVICE_SET_PRIORITY_REQ,text,128
.text.mmc99_99createLCM_SERVICE_LTE_STATUS_IND,text,180
.text.mmc99_102createERR_EL1C_AFC_SET_REQ,text,140
.text.mmc99_103createCAPI_CHECK_Timer3245_LENGTH_IND,text,112
.text.mmc00_83CAPI_CHECK_Timer3245_LENGTH_REQ,text,92
.text.cmc02_checkEsmInstanceExist,text,28
.text.cmc02_01saveDefaultPdnCfg,text,132
.text.cmc02_07getNsapiEbiFromSignal,text,80
.text.cmc02_08ApnPdnTypeActivated,text,312
.text.cmc02_13getInstNumFromEbiValue,text,92
.text.cmc03_79EMMESM_DATA_IND_EsmStatus.part.0,text,180
.text.cmc02_14getInstNumFromPtiValue,text,92
.text.cmc02_17getPtiFromSignal,text,36
.text.cmc02_18getPdnTrigByCmc,text,24
.text.cmc02_30AllocTi,text,96
.text.cmc02_31FreeTi,text,40
.text.cmc02_32FreeAllTi,text,32
.text.cmc02_00initialCmcInst,text,76
.text.cmc02_33StoreTI,text,40
.text.cmc02_34GetEsmInstFromSmIndex,text,40
.text.cmc02_36PdnConnectIsConfHiPrio,text,36
.text.cmc02_37ApnFormat,text,106
.text.cmc02_47isSetSpecialPtiValue,text,14
.text.cmc02_10allocNewPtiValue.part.0,text,112
.text.cmc03_06sendEsmStatusMessage,text,176
.text.cmc03_08sendSignalToRelatedInst,text,388
.text.cmc01_01receiveRabmSignal,text,260
.text.cmc03_30assembleDeactEpsContAcc,text,168
.text.cmc03_22checkEsmMessage,text,348
.text.cmc03_31assembleActDefaultContRej,text,172
.text.cmc03_32assembleActDedicatContRej,text,172
.text.cmc03_36assembleModifyEpsContRej,text,172
.text.cmc03_37assembleActDefaultContAcc,text,168
.text.cmc03_38assembleActDedicatContAcc,text,168
.text.cmc03_39assembleModEpsContAcc,text,168
.text.cmc03_43createSMREG_EPS_DEACTIVATE_IND,text,120
.text.cmc03_45createSMREG_EPS_ACTIVATE_CNF,text,232
.text.cmc03_46createSMREG_EPS_ACTIVATE_ERR,text,124
.text.cmc03_48createSMREG_EPS_ACTIVATE_REQ,text,640
.text.cmc03_49createSMREG_EPS_DEACTIVATE_CNF,text,116
.text.cmc03_50createEMMESM_EST_REQ_EsmDummyMessage,text,168
.text.cmc02_02pdnWithAttachInd,text,96
.text.cmc03_51createEMMESM_DATA_REQ_EsmDummyMessage,text,164
.text.cmc03_52createEMMESM_STATUS_REQ,text,132
.text.cmc03_70EMMESM_DATA_IND_ActDefaultContReq,text,564
.text.cmc03_71EMMESM_DATA_IND_ActDedicatContReq,text,556
.text.cmc03_72EMMESM_DATA_IND_ModEpsContReq,text,520
.text.cmc03_73EMMESM_DATA_IND_DeactEpsContReq,text,128
.text.cmc03_74EMMESM_DATA_IND_PdnConnectRej,text,220
.text.cmc03_75EMMESM_DATA_IND_EsmInfoReq,text,208
.text.cmc03_76EMMESM_DATA_IND_PdnDisconnectRej,text,104
.text.cmc03_77EMMESM_DATA_IND_BearResourAllocRej,text,236
.text.cmc03_79EMMESM_DATA_IND_EsmStatus,text,44
.text.cmc03_80EMMESM_DATA_IND_Notification,text,64
.text.cmc01_10receiveEmmSignal,text,748
.text.rab01_01PDCP_ENTER_FLOW_CTR_IND,text,40
.text.rab01_23EMMRABM_REESTABLISH_CNF,text,64
.text.rab01_29RABMESM_PARAM_MODIFY_IND,text,28
.text.rab02_02freeSavePduBuffer,text,104
.text.rab01_06RABMAS_RELEASE_IND,text,112
.text.rab01_24EMMRABM_REESTABLISH_ERR,text,128
.text.rab02_04savePduToBuffer,text,176
.text.rab02_06SetPsDataFlag,text,24
.text.rab02_10checkEbiCtxValid,text,236
.text.rab02_11getEbiByDrbId,text,48
.text.rab02_12checkRabmHaveIPdata,text,64
.text.mmc96_206AllowEnterEDRX,text,604
.text.mmc00_55ERR_EDRX_IND,text,212
.text.mmc96_207AllowEnterPSM,text,272
.text.mmc00_54TmanSearchBreakPsm,text,84
.text.rab02_16getUplinkDataStatus,text,60
.text.rab02_17radioResourceExist,text,44
.text.rab02_21GetApnRateCtrl,text,264
.text.rab02_22GetApnRateCtrlTimerLength,text,24
.rodata.rab02_19MapApnRateIndex.str1.1,rodata,20
.text.rab02_19MapApnRateIndex,text,200
.text.rab02_23ApnRateCtrlInd,text,340
.text.rab02_24ipv4MTUInd,text,24
.text.rab02_25nonipMTUInd,text,24
.text.rab01_27RABMESM_PCO_IND,text,40
.text.rab02_27checkMTU,text,116
.text.rab02_28CutPdu,text,102
.text.rab02_29rohcRestore,text,80
.text.rab02_31clearFeedback,text,100
.text.rab02_32openRohc,text,126
.text.rab02_33closeRohc,text,26
.text.rab01_17EMMRABM_HCCP_STATUS_IND,text,228
.text.rab02_03initializeRabInfo,text,276
.text.rab01_21RABMESM_DEACTIVATE_IND,text,24
.text.rab02_34rohcDoHeaderComp,text,180
.text.rab02_35rohcDoHeaderDecomp,text,104
.text.rab02_40GetIpDataType,text,24
.text.rab02_42DataLinkIsReady,text,48
.text.rab02_43icmpv6HeaderHandle,text,176
.text.rab02_18decodeIpData,text,708
.text.rab02_44saveIpv6Prefix,text,128
.text.rab03_02createRABM_TC_DATA_IND,text,168
.text.rab03_03createRABMEPCM_DATA_IND,text,260
.text.rab01_28t_rab_rsResponseTimer,text,156
.text.rab03_04createRABMESM_DATA_REQ,text,176
.text.rab03_15createEMMRABM_REESTABLISH_REQ,text,200
.text.rab03_16createPDCP_DATA_REQ_LTE,text,144
.text.rab02_14sendDataToPDCP,text,108
.text.rab01_03PDCP_FLOW_ALLOWANCE_IND,text,24
.text.rab03_17createRABMESM_ACTIVATE_RSP,text,148
.text.rab01_20RABMESM_ACTIVATE_IND,text,164
.text.rab03_18createRABMESM_DEACTIVATE_REQ,text,144
.text.rab01_09t_RAB_EpsCtxDeactTimer,text,48
.text.rab03_16createEMMRABM_STATUS_REQ,text,140
.text.rab01_22PDCP_DATA_IND_LTE,text,212
.text.emmDelaySignal,text,56
.text.emm00_23EMMSMS_REL_REQ,text,80
.text.emm00_41t_emm_T3423,text,32
.text.emm02_02EMMAS_RELEASE_IND,text,68
.text.emm02_03t_emm_T3402,text,76
.text.emm02_04t_emm_T3411,text,72
.text.emm03_02t_emm_T3402,text,76
.text.emm03_03t_emm_T3411,text,72
.text.emm06_02t_emm_T3411,text,72
.text.emm06_03t_emm_T3402,text,76
.text.emm07_02t_emm_T3402,text,76
.text.emm07_03t_emm_T3411,text,72
.text.emm10_02t_emm_T3411,text,72
.text.emm10_03t_emm_T3402,text,72
.text.emm11_02t_emm_T3411,text,52
.text.emm11_03t_emm_T3402,text,52
.text.emm16_06t_emm_T3412,text,72
.text.emm16_08t_emm_T3411,text,72
.text.emm16_09t_emm_T3402,text,72
.text.emm17_02t_emm_T3411,text,52
.text.emm17_03t_emm_T3402,text,52
.text.emm20_03t_emm_T3412,text,72
.text.emm96_10checkIdReq,text,64
.text.emm96_11checkAuthReq,text,56
.text.emm96_16checkServiceReject,text,56
.text.emm96_21checkTauRej,text,24
.text.emm96_97checkAndRemoveOptional,text,170
.text.emm96_13checkDetachReq,text,92
.text.emm96_14checkGutiReallocCmd,text,132
.text.emm96_18checkAttachRej,text,96
.text.emm96_20checkTauAccept,text,1160
.text.emm96_97checkMandatoryIeExist,text,32
.text.emm96_17checkAttachAcc,text,840
.text.emm97_27getEpsAttachType,text,96
.text.emm97_28getEpsDetachType,text,92
.text.emm97_48CheckAttachRequired,text,40
.text.cmc02_05smregEpsActivateReqFromApi,text,244
.text.cmc01_09receiveSpvesmSignal,text,704
.text.process_cmc_entry,text,596
.text.emm97_50emmRegWithoutPdn,text,28
.text.emm97_52getCpCiotPrefer,text,48
.text.emm97_55transformGprsTimer3,text,88
.text.emm97_56transformEpsTimerSecond,text,48
.text.emm97_57getAuthErrCode,text,40
.text.emm97_60optionGuti,text,108
.text.emm97_61optionMobileIdentity,text,128
.text.emm97_63optionEmmCause,text,128
.text.emm97_64optionT3402Value,text,72
.text.emm97_66optionEquivalentPlmns,text,424
.text.emm97_74emmAllBufMsgFailed,text,40
.text.emm97_75SendMsscSrvApplyReq,text,48
.text.emm97_76SendMsscSrvRelInd,text,44
.text.emm97_80loopTest,text,188
.text.emm97_81decideEmmNoCellState,text,56
.text.emm97_90decideResponsePaging,text,24
.text.emm97_92decideSigActiveFlag,text,92
.text.emm97_94traceEmmRegInfo,text,188
.text.emm97_95traceEmmSecCtx,text,68
.text.emm97_113executeCipheringHW,text,216
.text.emm97_114getIntegrityProtectedCodeHW,text,216
.text.emm97_115executeCiphering,text,136
.text.emm97_116getIntegrityProtectedCode,text,160
.text.emm97_117updateKenb,text,120
.text.emm97_118updateNasIntKey,text,120
.text.emm97_119updateNasEncKey,text,116
.text.mmc97_123storeEpsNasSecContext,text,384
.text.mmc96_192RestoreMmcBakupInfo,text,344
.text.emm97_121IntegrityAddAndciphering,text,288
.text.emm97_122checkPlainMessage,text,68
.text.emm97_126storeTaiList,text,484
.text.emm97_127optionLai,text,72
.text.emm97_128checkTaiInList,text,68
.text.emm97_47CheckTauRequired,text,428
.text.emm97_129createNewNasSecurityCtx,text,268
.text.emm97_131optionT3423Value,text,64
.text.emm97_132optionEmergencyNumList,text,48
.text.emm97_133optionEpsNwFeatureSupport,text,176
.text.emm97_134getRegistFlag,text,104
.text.emm97_135msgTransformFailInAui,text,132
.text.emm97_138msgTransformFailInRin,text,56
.text.emm97_140msgTransformFailInDin,text,52
.text.emm97_144isTauCompleteSendOver,text,40
.text.emm97_145isAttachCompleteSendSuccess,text,40
.text.mmc98_01asmRegStateInd,text,1148
.text.mmc99_18createCAPI_REG_STATE_IND,text,340
.text.mmc97_52informRegResultToSpvnet,text,20
.text.mmc97_18sendCellInfoReq,text,128
.text.mmc97_98dealLossCovProccess,text,212
.text.mmc96_34limitedCampOn,text,240
.text.mmc96_20dealRrActInfo,text,260
.text.mmc97_53informDetachResultToSpvnet,text,168
.text.mmc97_205CreateRepsImmediately,text,48
.text.mmc00_02CAPI_REG_DEREGISTRATION_REQ,text,404
.text.mmc00_03CAPI_REG_ATTACH_REQ,text,236
.text.mmc00_04CAPI_REG_DETACH_REQ,text,256
.rodata.mmc00_06CAPI_REG_SET_PLMN_REQ.str1.1,rodata,63
.text.mmc00_06CAPI_REG_SET_PLMN_REQ,text,752
.text.mmc97_56powerOnPlmnSelection,text,200
.rodata.mmc00_01CAPI_REG_REGISTRATION_REQ.str1.1,rodata,9
.text.mmc00_01CAPI_REG_REGISTRATION_REQ,text,552
.text.mmc00_14t_mmc_lossCovTimer,text,140
.text.mmc00_58t_mmc_t3247,text,208
.text.mmc96_22nextPlmnFromSortPlmnList,text,76
.text.mmc00_43ERR_ACT_ERR,text,356
.text.mmc00_41ERR_ACT_IND,text,804
.text.mmc00_69ERR_PLMN_LIST_IND,text,232
.text.mmc97_112taiRoamingNotAllowed,text,176
.text.mmc97_113epsNotAllowedInThisPlmn,text,200
.rodata.mmc97_114epsNoSuitableCell.str1.1,rodata,46
.text.mmc97_114epsNoSuitableCell,text,240
.text.mmc97_119emmPlmnNotAllowed,text,204
.text.mmc96_23selPlmnInAbnormal,text,64
.text.mmc96_76plmnSearchWithBitmap,text,688
.text.mmc00_05CAPI_REG_AVAIL_PLMN_REQ,text,384
.text.mmc00_13t_mmc_limitTimer,text,288
.text.mmc00_51t_mmc_plmnSearchTimer,text,200
.text.mmc03_11ERR_GET_PLMN_CNF,text,208
.text.mmc05_55ERR_GET_PLMN_CNF,text,28
.text.mmc05_15t_mmc_periodicHplmnSearchTimer,text,176
.text.mmc00_06CAPI_REG_NW_RESEL_REQ,text,76
.text.mmc97_220GnssStartComplete.part.0,text,92
.text.mmc97_220GnssStartComplete,text,68
.text.emm97_149optionAddUpdatedResult,text,148
.text.emm97_150CheckHighPriorityAccessAC11_15,text,140
.text.emm97_68getCpUserDataSendStatus,text,176
.text.rab02_15sendDataToESM,text,120
.text.rab02_05SendUserData,text,336
.text.rab01_02PDCP_RELEASE_FLOW_CTR_IND,text,56
.text.rab01_04t_RAB_ReestRetryTimer,text,172
.text.rab01_05RABMAS_ESTABLISH_IND,text,112
.text.rab01_08RABM_TC_DATA_REQ,text,148
.text.rab01_18RABMESM_DATA_CNF,text,164
.text.rab01_25EMMRABM_STATUS_IND,text,156
.text.rab02_13RABMEPCM_DATA_REQ.part.0,text,220
.text.rab02_13RABMEPCM_DATA_REQ,text,12
.text.rab01_10_RABM_IPC_DATA_REQ,text,228
.text.rab02_20ApnRateCtrlTimerExpire,text,96
.text.rab02_30NetDatadoHeaderDecomp,text,184
.text.rab01_19RABMESM_DATA_IND,text,204
.text.process_rab_entry,text,688
.text.emm97_157checkRabResourceExist,text,48
.text.emm97_158calculationKasmeUsedPlmn,text,76
.text.emm97_130updateKasme,text,224
.text.emm97_33saveIpPsPara,text,288
.text.emm97_160optionT3412ExtendedValue,text,96
.text.emm97_161optionT3324Value,text,236
.text.emm97_162optionExtendedDRXParam,text,88
.text.emm97_163GetLowPriSigConfig,text,104
.text.emm97_22getRrcEstCause,text,288
.text.emm97_166StopT3346,text,76
.text.emm97_167GetEabFlagAndCategory,text,144
.text.emm97_170StartT3324,text,76
.text.emm97_171StopT3324,text,32
.text.emm97_173StopT3402,text,104
.text.emm97_175StopT3412,text,76
.text.emm97_177StopT3423,text,72
.text.emm97_179StopT3411,text,104
.text.emm97_180StartT3442,text,120
.text.emm97_181StopT3442,text,72
.text.emm97_183StopT3417ext,text,56
.text.emm97_187StopT3440,text,16
.text.emm97_188StartT3416,text,80
.text.emm97_189StopT3416,text,16
.text.emm97_191StopT3410,text,16
.text.emm97_192StartT3417,text,80
.text.emm97_193StopT3417,text,16
.text.emm97_194StartT3418,text,80
.text.emm97_195StopT3418,text,16
.text.emm97_196StartT3420,text,80
.text.emm97_197StopT3420,text,16
.text.emm97_199StopT3421,text,16
.text.emm97_200clearRandAutn,text,52
.text.emm00_17t_emm_T3416,text,24
.text.emm97_203emmFreeMemory,text,160
.text.emm97_204DeleteDelaySig,text,168
.text.emm97_206StopT3430,text,16
.text.emm97_201stopRetranTimerWhenAuth,text,68
.text.emm97_208StopLocalRelTimer,text,16
.text.emm97_209StartSigEndDelayTimer,text,52
.text.emm97_210StopSigEndDelayTimer,text,28
.text.emm97_211CheckDelaySigExisted,text,64
.text.emm97_212RestoreEmmBakupInfo,text,52
.text.emm97_213AttachReqWhenT3346Running,text,104
.text.emm97_237ExceptionDataAllowedCheck,text,52
.text.emm97_165ServiceReqWhenT3346Running,text,96
.text.emm97_214TauReqWhenT3346Running,text,136
.text.emm97_240checkExceptionAcb,text,56
.text.emm97_241SetExceptionAcb,text,20
.text.emm97_246localRelTrigPeriodTau,text,104
.text.emm97_29getTauType,text,256
.text.emm97_248clearLocalRleCounter,text,56
.text.emm00_65EMMRABM_STATUS_REQ,text,24
.text.emm97_250EMM_ATTEMPT_ATT_CHECK,text,124
.text.emm97_251EMM_ATTEMPT_TAU_CHECK,text,172
.text.emm97_252inactivityTimerLen,text,52
.text.emm97_207StartLocalRelTimer,text,76
.text.emm97_16authRejProc,text,108
.text.emm97_253nasDataEnd,text,200
.text.emm97_262IsSignalWorking,text,72
.text.mmc97_234IsAllowHotGnss,text,276
.text.emm97_265recordUpdateAttachRegType,text,128
.text.emm97_269getStandardEsmCauseFromCause,text,148
.text.emm97_264GetTimerLength,text,120
.text.emm97_165StartT3346,text,116
.text.emm97_172StartT3402,text,164
.text.emm97_174StartT3412,text,244
.text.emm97_178StartT3411,text,236
.text.emm97_04restartEmmTimer,text,68
.text.emm97_35dealAttachAcceptCause,text,240
.text.emm97_37dealTauAcceptCause,text,280
.text.emm97_186StartT3440,text,80
.text.emm97_23serviceRejProc,text,484
.text.emm97_24tauRejProc,text,416
.text.emm97_190StartT3410,text,96
.text.emm97_198StartT3421,text,92
.text.emm97_205StartT3430,text,96
.text.emm97_202startRetranTimerWhenAuth,text,92
.text.emm98_01asmDetachRequest,text,288
.text.emm98_02asmIdentityResponse,text,316
.text.emm98_03asmAuthRsp,text,72
.text.emm98_04asmServiceRequest,text,128
.text.emm98_05asmAttachComplete,text,88
.text.emm98_06asmDetachAccept,text,36
.text.emm98_07asmGutiReallocationComplete,text,36
.text.emm98_08asmEmmStatus,text,44
.text.emm98_11asmTauCmp,text,36
.text.emm98_12asmEmmAttachRequest,text,1000
.text.emm98_16asmAuthFail,text,104
.text.emm98_22asmSecModeComplete,text,120
.text.emm98_23asmSecModeReject,text,48
.text.emm98_24asmExtServiceRequest,text,220
.text.emm98_25asmCpServiceRequest,text,324
.text.emm99_03createEMMAS_RELEASE_REQ,text,144
.text.mmc97_218StartLcmHotGnss,text,100
.text.mmc00_74LCM_SERVICE_START_REQ,text,104
.text.emm00_25EMMESM_ABORT_REQ,text,24
.text.emm00_71LocalRelReq,text,24
.text.emm13_04t_emm_T3410,text,64
.text.emm15_05t_emm_T3430,text,64
.text.emm99_04createEMMRABM_REESTABLISH_CNF,text,208
.text.emm99_05createEMMRABM_REESTABLISH_ERR,text,224
.text.emm99_06createEMMESM_RELEASE_IND,text,152
.text.emm99_07createEMMESM_ESTABLISH_CNF,text,160
.text.emm99_08createEMMESM_DATA_IND,text,204
.text.emm97_15emmasDataInd,text,128
.text.emm99_09createEMMESM_EPS_STATUS_IND,text,148
.text.emm97_54reportEpsBeaerStatusToEsm,text,76
.text.emm97_67optionEpsContextStatus,text,96
.text.emm99_10createEMMSMS_EST_CNF,text,56
.text.emm97_125emmServiceProcComplete,text,156
.text.emm16_07EMMAS_SYNC_IND,text,28
.text.emm99_12createEMMSMS_ERROR_IND,text,100
.text.emm97_02deleteAllCmService,text,136
.text.emm97_51emmCellInfoAbnormalCheck,text,84
.text.emm99_13createEMMSMS_UNITDATA_IND,text,92
.text.emm99_21createEMM_TC_STAT_IND,text,148
.text.emm99_22createEMM_COMBINED_IND,text,140
.text.emm99_24createMOBI_SAP_AUTHENTICATE_REQ,text,288
.text.emm99_28createEMMRABM_STATUS_IND,text,224
.text.emm97_93clearCmSigConFlag,text,236
.text.emm97_34decideEmmLimitedState,text,96
.text.emm97_46decideEmmPlmnSelectionState,text,80
.text.emm97_96clearCmSigConFlagForCogestion,text,160
.text.emm97_215SrOrTauReqWhenT3346Running,text,68
.text.emm99_30createEMM_KENB_IND,text,116
.text.emm13_05EMMAS_ESTABLISH_CNF,text,116
.text.emm99_31createEMMESM_DATA_IND,text,192
.text.emm97_25attachAcceptProc,text,672
.text.emm99_32createEMMESM_STOP_T3396,text,140
.text.emm99_33createEMMESM_DATA_CNF,text,160
.text.emm97_73emmNasBufferMsgFree,text,164
.text.emm97_39saveEmmMessage,text,116
.text.emm00_05EMMTC_DATA_REQ,text,340
.text.emm97_141initMsgSn,text,20
.text.emm97_143retransInitialNasMsg,text,736
.text.emm97_142retranInitialMessage,text,80
.text.emm97_242DelResumeFallBackMsg,text,236
.text.emm14_03EMMAS_ESTABLISH_CNF,text,132
.text.emm15_02EMMAS_ESTABLISH_CNF,text,116
.text.emm16_03EMMAS_ESTABLISH_CNF,text,300
.text.emm99_35createEMMESM_PDN_CON_IND,text,144
.text.emm99_36createEMMESM_STATUS_IND,text,144
.text.emm99_40createEMMRABM_HCCP_STATUS_IND,text,276
.text.emm97_154optionHccpConfigStatus,text,112
.text.emm99_42createEMM_SET_STATE_REQ,text,140
.text.emm99_43createEMMAS_PS_SIGNALLING_END_REQ,text,144
.text.emm97_79TryPsSigEndProc,text,220
.text.emm00_47t_emm_SigEndDelay,text,76
.text.emm97_01initialEmmLocalParam,text,404
.rodata.mmc96_56initialDoubleCardMmcLocalParams.str1.1,rodata,186
.text.mmc96_56initialDoubleCardMmcLocalParams,text,608
.text.emm97_53detachReqAfterRel,text,312
.text.emm97_148initEMM_withoutShutoff,text,332
.text.emm99_44createEMMAS_PS_SIGNALLING_START_REQ,text,144
.rodata.emm97_78WaitMsscResponse.str1.1,rodata,76
.text.emm97_78WaitMsscResponse,text,224
.text.emm00_08EMMSMS_EST_IND,text,60
.text.emm99_62createCAPI_PSM_PARA_CNF,text,224
.text.emm00_72CapiPsmParaReq,text,24
.text.emm99_64createCAPI_EMM_PROCEDURE_FAILED_IND,text,224
.text.esm00_02EMMESM_EPS_STATUS_IND,text,40
.text.esm00_15caculateEsmInsSize,text,6
.rodata.esm00_16createEsmTimer.str1.1,rodata,36
.text.esm00_16createEsmTimer,text,384
.text.esm00_17deleteEsmTimer,text,110
.text.esm11_01initate,text,288
.text.esm11_02saveSmregEpsAllocationReqInfo,text,60
.text.esm11_03savesSmregEpsModifyReqInfo,text,80
.text.esm11_05StopTimer,text,184
.text.esm00_15t_esm_Retrans,text,60
.text.esm11_06ChackAndResendSmregActInd,text,96
.text.esm11_08saveSmregEpsActivateReqInfo,text,240
.text.esm11_09saveTFT,text,56
.text.esm11_10saveEpsQos,text,84
.text.esm11_11saveApnambr,text,64
.text.esm11_12getCauseSelectFromCause,text,96
.text.esm11_17ePcoSupport,text,12
.text.esm11_23assembleActDefaultContAcc,text,36
.text.esm11_24assembleActDefaultContRej,text,44
.text.esm11_25assembleActDedicatContAcc,text,36
.text.esm11_26assembleActDedicatContRej,text,44
.text.esm11_29assembleDeactEpsContAcc,text,36
.text.esm11_30assembleEsmInfoResp,text,316
.text.esm11_31assembleEsmStatus,text,44
.text.esm11_32assembleModEpsContAcc,text,36
.text.esm11_33assembleModEpsContRej,text,44
.text.esm11_34assemblePdnDisconnectReq,text,40
.text.esm11_35assembleEsmDeviceProperties,text,80
.text.esm11_27assembleBearResourAllocReq,text,356
.text.esm11_28assembleBearResourModReq,text,444
.text.esm11_51savePDNdisconnectRej,text,148
.text.esm11_58saveEsmStatus,text,40
.text.esm11_62getInstNumFromEbi,text,48
.text.esm11_63nonIpPdnExisted,text,52
.text.emm98_09asmTauReq,text,872
.text.emm99_01createEMMAS_ESTABLISH_REQ,text,1444
.text.emm97_65startServiceRequest,text,80
.text.emm99_02createEMMAS_DATA_REQ,text,776
.text.emm00_12EMMRABM_REESTABLISH_REQ,text,444
.text.emm14_05t_emm_T3421,text,112
.text.emm96_01messageCheckRns,text,240
.text.emm96_02messageCheckRam,text,248
.text.emm96_03messageCheckRin,text,228
.text.emm96_04messageCheckDin,text,216
.text.emm96_05messageCheckAui,text,228
.text.emm96_06messageCheckSri,text,224
.text.emm96_07messageCheckWnc,text,216
.text.emm97_72secModeControlProc,text,112
.text.emm97_84detachReqProcInRin,text,308
.text.emm97_85detachReqProcInAui,text,232
.text.emm97_87detachReqProcInDin,text,380
.text.emm97_136retransformNasMsg,text,396
.text.emm97_139retransAllMsg,text,64
.text.esm11_64getPdnConnectioNum,text,52
.text.esm11_68InsertT3396,text,16
.text.esm11_69GetT3396,text,160
.rodata.esm11_70StartT3396.str1.1,rodata,6
.text.esm11_70StartT3396,text,520
.text.esm11_66rejWithNotInsuffResources,text,460
.text.esm11_71StopT3396,text,160
.text.esm11_65rejWithInsuffResources,text,228
.text.esm11_50savePDNconnectRej,text,412
.text.esm11_54saveBearResAlloRej,text,328
.text.esm11_55saveBearResModRej,text,316
.text.esm11_56saveDeactEpsContReq,text,308
.text.esm11_72T3396Running,text,132
.text.esm11_67esmProcInitCheck,text,92
.text.esm11_74bakupT3396,text,216
.text.mmc96_193SaveTimerBakupInfo,text,512
.text.mmc96_210SaveNasTimerWhenPwrOff,text,156
.text.mmc99_13createCAPI_REG_DEREGISTRATION_CNF,text,200
.text.mmc97_68updateUsimFile,text,556
.text.mmc00_57t_mmc_t3245,text,256
.text.mmc05_50EMM_IMSI_PAGE_IND,text,32
.text.emm99_27createEMM_IMSI_PAGE_IND,text,116
.text.mmc05_51EMM_GUTI_IND,text,28
.text.emm99_26createEMM_GUTI_IND,text,116
.text.emm97_20gutiReallocCmdProc,text,96
.text.mmc97_39illegalMs,text,128
.text.mmc97_45authenticationRejectForPs,text,124
.text.mmc05_49EMM_AUTH_IND,text,148
.text.emm99_23createEMM_AUTH_IND,text,144
.text.emm00_15t_emm_T3420,text,52
.text.emm97_32psAuthFailureCountPro,text,64
.text.emm97_26authReqProc,text,292
.text.emm97_31mobiSapAuthErrProc,text,24
.text.emm00_14MOBI_SAP_AUTHENTICATE_ERR,text,84
.text.emm97_30mobiSapAuthCnfProc,text,184
.text.emm00_13MOBI_SAP_AUTHENTICATE_CNF,text,84
.text.emm97_41authRejAfterRel,text,192
.text.mmc97_110epsSerNotAllowed,text,112
.text.mmc97_103emmNetDetachReqProc,text,280
.text.mmc97_104epsAttachReject,text,272
.text.mmc97_106tauReject,text,260
.text.mmc97_108epsServiceReject,text,172
.text.mmc05_43EMM_DETACH_IND,text,248
.text.emm99_17createEMM_DETACH_IND,text,124
.text.emm97_08startEpsDetachProc,text,160
.text.emm97_17detachAcceptProc,text,140
.text.emm97_12emmasDataIndDin,text,348
.text.emm97_70abnormalDetach,text,188
.text.emm97_261LcmLocalDetach,text,72
.text.emm97_270dealLocalDetachForDereg,text,56
.text.emm00_03EMM_DETACH_REQ,text,548
.text.mmc05_44EMM_ATTACH_IND,text,460
.text.emm99_18createEMM_ATTACH_IND,text,140
.text.emm00_38EMMESM_STATUS_REQ,text,212
.text.emm97_69epsAttAbnormal,text,288
.text.emm97_18attachRejProc,text,1076
.text.emm97_11emmasDataIndRin,text,248
.text.emm97_36attachRejAfterRel,text,332
.text.mmc05_45EMM_TAU_IND,text,376
.text.emm99_19createEMM_TAU_IND,text,140
.text.emm18_06EMMAS_SYNC_IND,text,100
.text.emm97_21tauAcceptProc,text,1060
.text.emm97_13emmasDataIndAui,text,308
.text.emm97_71tauAbnormal,text,208
.text.emm97_45emmLossCoverage,text,180
.text.emm97_137delEmmMsg,text,240
.text.emm97_89stopAllEmmAction,text,128
.text.emm97_231dealLimitState,text,64
.text.emm97_38tauRejAfterRel,text,592
.text.emm97_151taiInTailistUpdateparamater,text,172
.text.mmc05_46EMM_SERV_REJ_IND,text,156
.text.emm99_20createEMM_SERV_REJ_IND,text,140
.text.emm97_40serviceRejAfterRel,text,364
.text.mmc00_45EMM_STATUS_IND,text,288
.text.emm99_29createEMM_STATUS_IND,text,204
.text.emm00_20EMMAS_STATUS_IND,text,52
.text.emm00_21EMMAS_DATA_CNF,text,200
.text.emm10_04t_emm_T3412,text,96
.text.emm11_04t_emm_T3412,text,52
.text.emm17_04t_emm_T3412,text,52
.text.emm16_05t_emm_T3417,text,116
.text.emm97_06startEpsAttachProc,text,336
.text.emm01_01EMM_CELL_INFO_REQ,text,32
.text.emm02_01EMM_CELL_INFO_REQ,text,92
.text.emm04_01EMM_CELL_INFO_REQ,text,84
.text.emm04_02t_emm_T3402,text,80
.text.emm04_03t_emm_T3411,text,76
.text.emm19_02EMM_BAR_ALLEVIATE_IND,text,28
.text.emm97_07startTauProc,text,432
.text.emm00_73CapiTauReq,text,60
.text.emm08_05t_emm_T3411,text,76
.text.emm08_06t_emm_T3412,text,76
.text.emm08_07t_emm_T3402,text,84
.text.emm09_02t_emm_T3402,text,84
.text.emm09_03t_emm_T3411,text,76
.text.emm12_03t_emm_T3402,text,80
.text.emm12_04t_emm_T3411,text,76
.text.emm12_05t_emm_T3412,text,76
.text.emm15_06t_emm_T3411,text,64
.text.emm97_19detachReqProc,text,472
.text.emm97_09emmasDataIndRns,text,248
.text.emm97_05emmasDataIndWnc,text,512
.text.emm97_10emmasDataIndRam,text,296
.text.emm97_44dealMmiServiceReq,text,224
.text.emm00_07EMMSMS_EST_REQ,text,284
.text.emm00_19EMMSMS_UNITDATA_REQ,text,376
.text.emm00_18EMMESM_DATA_REQ,text,684
.text.emm97_86detachReqProcInSri,text,304
.text.emm97_14emmasDataIndSri,text,252
.text.emm14_01EMM_CELL_INFO_REQ,text,180
.text.emm15_01EMM_CELL_INFO_REQ,text,112
.text.emm18_05EMM_CELL_INFO_REQ,text,128
.text.emm12_01EMM_CELL_INFO_REQ,text,88
.text.emm16_01EMM_CELL_INFO_REQ,text,112
.text.emm00_45t_emm_T3346,text,128
.text.emm09_01EMM_CELL_INFO_REQ,text,108
.text.emm00_04EMMAS_PAGE_IND,text,280
.text.emm00_22EMMESM_EPS_DELETE_REQ,text,348
.text.emm97_123IntegrityCheck,text,484
.text.emm97_124checkNewSecurityCommand,text,696
.text.emm97_120IntegrityCheckAndUnciphering,text,144
.text.emm08_02EMMAS_DATA_IND,text,60
.text.emm14_04EMMAS_DATA_IND,text,60
.text.emm16_04EMMAS_DATA_IND,text,132
.text.emm13_03EMMAS_DATA_IND,text,60
.text.emm18_03EMMAS_DATA_IND,text,60
.text.emm12_02EMMAS_DATA_IND,text,60
.text.emm15_04EMMAS_DATA_IND,text,60
.text.emm00_06EMMESM_ESTABLISH_REQ,text,440
.text.emm13_01EMM_CELL_INFO_REQ,text,140
.text.emm08_01EMM_CELL_INFO_REQ,text,140
.text.emm20_02EMM_BAR_ALLEVIATE_IND,text,76
.text.emm00_27EMM_BAR_ALLEVIATE_IND,text,196
.text.emm97_168activePsm,text,92
.text.emm00_46t_emm_T3324,text,152
.text.emm10_01EMM_CELL_INFO_REQ,text,192
.text.emm11_01EMM_CELL_INFO_REQ,text,100
.text.emm97_42emmasReleaseInd,text,456
.text.emm04_04EMMAS_RELEASE_IND,text,216
.text.emm07_04EMMAS_RELEASE_IND,text,40
.text.emm08_03EMMAS_RELEASE_IND,text,100
.text.emm12_06EMMAS_RELEASE_IND,text,88
.text.emm13_02EMMAS_RELEASE_IND,text,292
.text.emm14_02EMMAS_RELEASE_IND,text,160
.text.emm15_03EMMAS_RELEASE_IND,text,336
.text.emm16_02EMMAS_RELEASE_IND,text,260
.text.emm18_02EMMAS_RELEASE_IND,text,604
.text.emm00_01EMM_STATUS_REQ,text,440
.text.EmmCommonMsg,text,928
.text.process_emm_entry,text,3552
.text.mmc96_74reportQuickPowerOffResult,text,60
.text.mmc00_10MOBI_SAP_BINARY_UPDATE_ERR,text,48
.text.mmc00_11MOBI_SAP_BINARY_UPDATE_CNF,text,48
.text.mmc00_48MOBI_SAP_RECORD_UPDATE_ERR,text,40
.text.esm11_75RestoreT3396,text,344
.text.mmc96_194RestoreTimerBakupInfo,text,648
.text.mmc96_211RestoreNasTimerWhenPwrOn,text,160
.text.mmc96_101readSimComplete,text,296
.rodata.mmc02_02MOBI_SAP_BINARY_READ_ERR.str1.1,rodata,52
.text.mmc02_02MOBI_SAP_BINARY_READ_ERR,text,1280
.text.mmc02_03MOBI_SAP_RECORD_READ_CNF,text,48
.text.mmc02_04MOBI_SAP_RECORD_READ_ERR,text,56
.rodata.mmc97_305useImsipValue.str1.1,rodata,44
.text.mmc97_305useImsipValue,text,152
.rodata.mmc02_01MOBI_SAP_BINARY_READ_CNF.str1.1,rodata,3
.text.mmc02_01MOBI_SAP_BINARY_READ_CNF,text,2432
.text.esm11_76StopAllT3396,text,132
.text.esm11_77CheckT3396,text,72
.text.mmc96_190PowerSavingShutDownCheck,text,600
.text.mmc96_191PowerSavingShutDown,text,260
.text.mmc00_42ERR_DEACT_CNF,text,112
.text.mmc00_76CAPI_PM3_NV_SAVE_REQ,text,40
.text.MmcCommonMsg,text,1632
.text.process_mmc_entry,text,1232
.text.esm11_79assembleAddPco,text,336
.text.esm11_21assemblePdnConnectReq,text,484
.text.esm11_22assemblePdnConnectReq,text,708
.text.esm11_81SaveEsmBakupInfo,text,404
.text.esm11_83apnToLabelType,text,120
.text.esm11_84checkOtherEsmActivePending,text,44
.text.esm11_85GetCurrentState,text,28
.text.esm00_08SMREG_EPS_MODIFY_REQ,text,168
.text.esm10_01createSMREG_EPS_ACTIVATE_CNF,text,280
.text.esm10_02createSMREG_EPS_ALLOCATION_ERR,text,152
.text.esm00_07SMREG_EPS_ALLOCATION_REQ,text,44
.text.esm10_02createSMREG_EPS_ALLOCATION_CNF,text,152
.text.esm10_03createSMREG_EPS_ACTIVATE_ERR,text,176
.text.esm10_04createSMREG_EPS_ACTIVATE_IND,text,376
.text.esm10_05createSMREG_EPS_DEACTIVATE_CNF,text,152
.text.esm10_06createSMREG_EPS_DEACTIVATE_IND,text,176
.text.esm10_07createSMREG_EPS_MODIFY_IND,text,284
.text.esm10_08createSMREG_EPS_MODIFY_CNF,text,152
.text.esm10_09createSMREG_EPS_MODIFY_ERR,text,160
.text.esm10_10createEMMESM_ESTABLISH_REQ,text,176
.text.esm10_11createEMMESM_DATA_REQ,text,276
.text.esm05_03SMREG_EPS_MODIFY_REJ,text,64
.text.esm10_13createRABMESM_DATA_CNF,text,220
.text.esm00_13EMMESM_STATUS_IND,text,96
.text.esm00_14t_esm_SrvRateCtrl,text,80
.text.esm10_15createRABMESM_DATA_IND,text,256
.text.esm10_16createEMMESM_EPS_DELETE_REQ,text,140
.text.esm10_17createEMMESM_STATUS_REQ,text,128
.text.esm11_15setEpsContextStatus,text,24
.text.esm11_82RestoreEsmBakupInfo,text,588
.text.mmc96_189RetoreNasBakupInfo,text,496
.text.esm11_16clearEpsContextStatus,text,28
.text.esm11_73esmT3396Proc,text,196
.text.esm10_12createRABMESM_ACTIVATE_IND,text,348
.text.esm02_04SMREG_EPS_ACTIVATE_RSP,text,44
.text.esm10_14createRABMESM_DEACTIVATE_IND,text,228
.text.esm11_14deleteEsmInstance,text,192
.text.esm00_05RABMESM_DEACTIVATE_REQ,text,148
.text.esm00_06EMMESM_DATA_CNF,text,152
.text.esm01_01SMREG_EPS_ACTIVATE_REQ,text,144
.text.esm02_03t_esm_T3482,text,148
.text.esm02_05SMREG_EPS_ACTIVATE_REJ,text,68
.text.esm10_18createRABMESM_PARAM_MODIFY_IND,text,228
.text.esm10_20createESM_TC_PDN_ACT_IND,text,152
.text.esm10_26createRABMESM_PCO_IND,text,268
.text.esm11_78NwPcoIE,text,94
.text.esm11_52saveActDefaultContReq,text,1060
.text.esm11_53saveActDedicatContReq,text,548
.text.esm11_59saveModEpsContReq,text,604
.text.esm11_73esmT3396Expire,text,200
.text.esm11_91isKeepLastDefaultDataPdn,text,148
.text.esm11_95DefaultPdnInfo,text,456
.text.esm11_96getExistSessionNum,text,40
.text.mmc96_189SaveNasBakupInfo,text,472
.text.esm11_97GetTimerLength,text,64
.text.esm11_04StartTimer,text,544
.text.esm00_01EMMESM_RELEASE_IND,text,476
.text.esm00_04EMMESM_ESTABLISH_CNF,text,124
.text.esm00_11SMREG_EPS_DEACTIVATE_REQ,text,432
.text.esm00_12RABMESM_DATA_REQ,text,304
.text.esm02_02RABMESM_ACTIVATE_RSP,text,216
.text.esm03_03SMREG_EPS_MODIFY_REQ,text,128
.text.esm03_04SMREG_EPS_ALLOCATION_REQ,text,116
.text.esm04_02t_esm_T3492,text,184
.text.esm04_03t_esm_T3481,text,164
.text.esm05_02t_esm_T3481,text,176
.text.esm05_04SMREG_EPS_MODIFY_RSP,text,92
.text.esm06_02t_esm_T3480,text,184
.text.esm96_08checkEpsQOS,text,60
.text.esm96_09checkTFT,text,18
.text.esm96_10checkPdnAddress,text,64
.text.esm96_11checkAccessPointName,text,20
.text.esm96_12checkProtocolConfigOptions,text,26
.text.esm96_97checkAndRemoveOptional,text,172
.text.esm96_20checkActDefaultContReq,text,370
.text.esm96_21checkActDedicatContReq,text,312
.text.esm96_01messageCheckina,text,120
.text.esm01_02EMMESM_DATA_IND,text,172
.text.esm96_22checkBearResAlloRej,text,90
.text.esm96_02messageCheckacp,text,108
.text.esm02_01EMMESM_DATA_IND,text,216
.text.esm96_04messageCheckinp,text,96
.text.esm04_01EMMESM_DATA_IND,text,180
.text.esm96_28checkModEpsContReq,text,356
.text.esm96_03messageCheckact,text,232
.text.esm03_02EMMESM_DATA_IND,text,536
.text.esm96_05messagecheckmdp,text,136
.text.esm05_01EMMESM_DATA_IND,text,476
.text.esm96_06messagecheckalp,text,136
.text.esm06_01EMMESM_DATA_IND,text,404
.text.esmCommonMsg,text,192
.text.process_esm_entry,text,268
.text.esmProcessFsmFunction,text,676
.text.tc_ActivatedOpen_EsmTcPdnActInd,text,64
.text.tc_initial,text,100
.text.tc_ApplyUplinkPdu,text,58
.text.tc_FreeUplinkPdu,text,22
.text.tc_InsertToPduBuffer,text,28
.text.tc_GetModeAUlPdcpSduSize,text,48
.text.tc_TestLoopModeValidCheck,text,76
.text.tc_SaveTestLoopModeConfig,text,232
.text.tc_GetCurrentState,text,32
.text.tc_SendActivateTestModeComplete,text,152
.text.tc_SendDeactivateTestModeComplete,text,152
.text.tc_Deactivated_EmmTcDataInd,text,72
.text.tc_SendCloseUeTestModeComplete,text,152
.text.tc_SendOpenUeTestModeComplete,text,152
.text.tc_SendRabmTcCtrlInd,text,208
.text.tc_SendApiTcCtrlInd,text,116
.text.tc_StartTestLoop,text,72
.text.tc_ActivatedOpen_EmmTcDataInd,text,144
.text.tc_StopTestLoop,text,136
.text.tc_AllState_EmmTcStatInd,text,64
.text.tc_DeactivatedStateProcess,text,96
.text.tc_ActivatedOpenStateProcess,text,96
.text.tc_ActivatedClose_EmmTcDataInd,text,168
.text.tc_SendApiTcPsDataReq,text,112
.text.tc_StartModeBLoopBack,text,84
.text.tc_ActivatedClose_ApiTcPsDataInd,text,76
.text.tc_ActivatedClose_T_DelayModeB,text,32
.text.tc_SendRabmTcDataReq,text,212
.text.tc_StartModeALoopBack,text,28
.text.tc_SendCPdcpTcDataReq,text,144
.text.tc_StartModeGLoopBack,text,116
.text.tc_ActivatedClose_RabmTcDataInd,text,268
.text.tc_SendApiTcDataReq,text,144
.text.tc_StartModeHLoopBack,text,124
.text.tc_ActivatedClose_ApiTcDataCnf,text,20
.text.tc_ActivatedClose_T_DelayModeGH,text,40
.text.tc_GetTestLoopMode,text,36
.text.tc_LoopModeH_SmsContentConvert,text,224
.text.tc_ActivatedClose_ApiTcDataInd,text,120
.text.tc_ActivatedCloseStateProcess,text,132
.rodata.process_tc_entry.str1.1,rodata,25
.text.process_tc_entry,text,468
.rodata.CSWTCH.14853,rodata,3
.rodata.CSWTCH.14876,rodata,60
.rodata.CSWTCH.15243,rodata,16
.text.rco_sendRcoRrSignal,text,40
.text.rco_sendRcoErrcSignal,text,100
.text.rco_sendRcoApplyRsp,text,108
.text.rco_sendRcoApplyRej,text,108
.text.rco_sendRcoResumeReq,text,100
.text.rco_sendRcoNonPsDataReq,text,80
.text.rco_getPriorityLevel,text,36
.text.rco_getHighestPriorityLevel,text,40
.text.rco_getCRBitmap,text,288
.text.rco_savePndInfoOfAbort,text,48
.text.rco_isModePendingForAbort,text,60
.text.rco_getCurrentAbortInfo,text,28
.text.rco_initialRcoCrTab,text,40
.text.rco_initialRcoCrTabApplyWithPsDataForLL,text,40
.text.rco_initialAbortInfo,text,16
.text.rco_conflictResoluation,text,104
.text.rco_initial,text,36
.text.rco_toDelaySignal,text,36
.text.rco_toResumeModeOfTheSim,text,40
.text.rco_rehandleTheDelaySignal,text,56
.text.rco_getAbortCause,text,52
.text.rco_sendRcoAbortReq,text,168
.text.rco_handleConflictResoluation,text,86
.text.rco_checkPsDataToBePermitted,text,68
.text.rco_handleRcoApplyInd,text,84
.text.rco_handleRcoReleaseInd,text,112
.text.rco_handleRcoAbortCnf,text,212
.text.rco_handleRcoAbortRej,text,88
.text.rco_handleRcoNormalState,text,88
.text.rco_handleRcoWaitState,text,92
.text.process_rco_entry,text,276
.rodata.errc_stopTimer.part.0.str1.1,rodata,20
.text.errc_stopTimer.part.0,text,116
.text.errc_isSameValueOfRrcTransactionIdentifier.part.0,text,48
.text.errc_pendState,text,2
.text.errc_resState,text,2
.text.errc_limState,text,2
.text.errc_deleteTheSpecialMsgInDelayQueue,text,180
.text.errc_delayMsg,text,128
.text.errc_initializeSimCardInfo,text,84
.text.errc_dealDelayMsg,text,184
.text.errc_dealTheMsgMemory,text,56
.text.errc_sortBandListBasedOnPriorityBandInfo,text,248
.text.errc_wb_getPsVersionInfo,text,8
.text.errc_hdlApiCleanBAInfoReq,text,96
.text.errc_initialBandListBaseOnLockBandInfo,text,596
.text.errc_initialUeSupportModeType,text,80
.text.errc_initialTraceVariable,text,60
.text.errc_initialueSysInformationBG,text,48
.text.errc_initialHighSpeedStoredInfo,text,8
.text.errc_destoryVarMeasReportList,text,92
.text.errc_initialMeasGapConfig,text,64
.text.errc_initialVarMeasConfig,text,92
.text.errc_destoryVarMeasConfig,text,204
.text.errc_initialdedPriority,text,20
.text.errc_initialBarCellList,text,10
.text.errc_initialLteBandTable,text,112
.rodata.errc_debugTrace.str1.1,rodata,20
.text.errc_debugTrace,text,108
.text.errc_initialStatisRptCfg,text,48
.text.errc_hdlApiStatisRptCfg,text,212
.text.errc_checkIdlMeasIndValid,text,80
.text.errc_traceNeighourCellInIdleV2,text,524
.text.errc_isEl2Waitdata,text,112
.text.errc_handleCmacEl2statisticRpt,text,1140
.text.errc07_05handleCpdcpDataInd,text,6
.text.errc_apiGetPaingCycle,text,148
.text.errc_traceChnConfigBuffInfo,text,48
.text.errc_isTimerRuning,text,44
.text.errc_setTimerLen,text,36
.rodata.errc_startTimer.str1.1,rodata,30
.text.errc_startTimer,text,172
.text.errc_stopTimer,text,10
.text.errc_initialTimer,text,484
.rodata.errc_getTimerRemainingTime.str1.1,rodata,33
.text.errc_getTimerRemainingTime,text,116
.text.errc_isTimerRuning_var,text,36
.text.errc_getTimerRemainingTime_var,text,108
.text.errc_getSleepTime,text,128
.text.errc_encodeUlCcchMessage,text,36
.text.errc_encodeUlDcchMessage,text,36
.text.errc_encodeUeEutraCapabilityMessage,text,36
.text.errc_encodeEutranCapabilityV9a0,text,36
.text.errc_decodeErrorCheckAfterUnpack,text,6
.text.errc_decodeErrorCheck,text,84
.text.errc_decodeBcchBchMessage,text,144
.text.errc_decodeBcchDlSchMessage,text,144
.text.errc_decodeSystemInformationBlockType1V8h0IEs,text,86
.text.errc_decodeSystemInformationBlockType2V8h0IEs,text,86
.text.errc_decodeSystemInformationBlockType5V8h0IEs,text,86
.text.errc_decodeDlCcchMessage,text,144
.text.errc_decodeDlDcchMessage,text,144
.text.errc_decodePcchMessage,text,144
.text.errc_decodeRRCConnectionReleaseV9e0,text,92
.text.errc_decodeSystemInformationBlockType1,text,94
.text.errc_handleSib12Comment,text,32
.text.errc_saveMib,text,36
.text.errc_handleMibComment,text,120
.text.errc_saveMultiBandInfoList,text,52
.text.errc_saveMultiBandInfoListV9e0,text,56
.text.errc_saveSib1V9e0IEs,text,32
.text.errc_saveSib1V8h0IEs,text,46
.text.errc_saveSib4,text,244
.text.errc_handleSib4Comment,text,200
.text.errc_saveSib14,text,118
.text.errc_handleSib14Comment,text,112
.text.errc_saveschedulingInfoList,text,208
.text.errc_saveFreqHoppingParametersDLR13,text,92
.text.errc_saveBandwidthReducedAccessRelatedInfoR13,text,300
.text.errc_getQualminFromExtInfo,text,108
.text.errc_getSystemInformationBlockType1R13,text,38
.text.errc_saveSystemInformationBlockType1V1350,text,84
.text.errc_saveACBarringConfig,text,34
.text.errc_saveAcBarringPerPLMNListR12Parameters,text,188
.text.errc_saveAcBarringPerPLMNListR12,text,132
.text.errc_saveCommonAccessBarringParameters,text,232
.text.errc_saveAcBarringInfo,text,26
.text.errc_saveFreqInfoFromSib2,text,64
.text.errc_saveMbsfnSubframeConfig,text,98
.text.errc_saveSib2MbsfnSubframeConfig,text,30
.text.errc_saveMultiBandInfoFromSib2,text,72
.text.errc_saveCIotEpsOptimisationInfo,text,82
.text.errc_saveInterFreqCarrierFreqInfo,text,488
.text.errc_saveInterFreqCarrierFreqListV1250,text,100
.text.errc_saveInterFreqCarrierFreqListV1310,text,114
.text.errc_saveInterFreqCarrierFreqListV1350,text,82
.text.errc_saveInterFreqBandIndicator,text,210
.text.errc_saveInterFreqCarrierFreqListV9e0,text,120
.text.errc_saveSib5V8h0IEs,text,56
.text.errc_savePlmnIdentity,text,192
.text.errc_savePlmnIdentityList,text,172
.text.errc_handleCRScanPlmnIratWithReadSi,text,62
.text.errc_handleCRScanPlmnIratWithL2g,text,50
.text.errc_handleCRReadSysInfoWithResel,text,30
.text.errc_handleCRIntraReadSysInfo,text,72
.text.errc_isSpecifiedIdCellSearch,text,108
.text.errc_isFreqBelongPriorityBand,text,68
.text.errc_saveFreqInHistoryInfoList,text,66
.text.errc_shouldBeFilteredByHistoryFreqInfo,text,116
.text.errc_isPrevUsedBand,text,60
.text.errc_isInPowSweepFreqList,text,36
.text.errc_deleteSpecialFreqsInPowSweepFreqList,text,90
.text.errc_isTemperNormal,text,100
.text.errc_multiFreqCellSearchAllowedByTemperature,text,68
.text.errc_getMaxCellSearchFreqNum,text,212
.text.errc_isEnhancePwrSweepNonCE,text,28
.text.errc_isCSelCeSearchEnable,text,20
.text.errc_traceTimeAccording32K,text,124
.text.errc_traceCSelDistribBaSarch,text,76
.text.errc_cleanPlmnSearchResumeInfo,text,20
.text.errc_backupPlmnSearchResumeInfo,text,92
.text.errc_resumePlmnSearch,text,116
.text.errc_getCSelPwrSweepFreqListBuffer,text,14
.text.errc_isUsrHisFreq,text,44
.text.errc_isAddFreqBaseUsrBandFreq,text,56
.text.errc_getAcqSibCauseFromCSelCause,text,50
.text.errc_saveHighSpeedFreq,text,96
.text.errc_isHighSpeedFreq,text,64
.text.errc_getMibData,text,72
.text.errc_saveQualminExtInfoFromSib1,text,172
.text.errc_getSib1Data,text,72
.text.errc_saveQualminExtInfoFromSib3,text,184
.text.errc_checkCsgStatus,text,100
.text.errc_getSystemInfoSIValueTag,text,76
.text.errc_getAcqSibBitMapFromSibInfo,text,420
.text.errc_getPriorityOfBand,text,92
.text.errc_sortBaCellBasedUsrBand,text,208
.text.errc_saveFreqListToBaFreqList,text,308
.text.errc_saveCSelInfo,text,112
.text.errc_getNextFreqInPwrSweepCE,text,26
.text.errc_removeTheCellFromPossCelllList,text,110
.text.errc_rmvBarCellList,text,268
.text.errc_saveCellInBarCellList,text,404
.text.errc_isLockPlmn,text,12
.text.errc_saveAndConvertImsi,text,128
.text.errc_checkToStopTsivalidity,text,46
.text.errc_checkCurTaiIsForbidden,text,128
.text.errc_getBandRealFreq,text,64
.text.errc_isOverLappingBandV2,text,118
.text.errc_checkCellInBarCellList,text,360
.text.errc_isFreqNotMeasForFPlmnFlaiOrIntraNotAllowed,text,100
.text.errc_getCellSearchFreqBitMapWhenPowSweep,text,176
.text.errc_setFreqAndNumInCSelStepCellSearch,text,396
.text.errc_operateBaInfo,text,84
.text.errc_isSupportBand,text,100
.text.errc_isSupportLteFreq,text,84
.text.errc_trySpecialFreqSingly,text,44
.text.errc_isSupportXBandMode,text,108
.text.errc_isSamePlmn,text,32
.text.errc_checkAndDelBarredCell,text,344
.text.errc_plmnListIsDiffer,text,64
.text.errc_saveCellInPossCellList,text,368
.text.errc_isEquivalentPlmn,text,68
.text.errc_isEhplmn,text,68
.text.errc_isSpeacialAc11Or15,text,44
.text.errc_modifyCellReservations,text,208
.text.errc_fliterFalseFreqFromPwrSwepList,text,192
.text.errc_matchTai,text,54
.text.errc_matchPlmnListAndTai,text,352
.text.errc_getBandEarfcn,text,64
.text.errc_prehandleOfPwrSweepCnfForEnhancePwrSweepNonCE,text,224
.text.errc_preHandleOfPwrSweepCnf,text,292
.text.errc_getCSelEutranSupportedBandInfo,text,288
.text.errc_mbfiFreqMapping,text,236
.text.errc_getUlBandRange,text,40
.text.errc_getAddressFromCellTable,text,44
.text.errc_isAlreadyInEutranNeighFreqInfo,text,38
.text.errc_getDedicatedFreqPriority,text,148
.text.errc_getServeFreqPriority,text,56
.text.errc_saveEutranIntraFreqConfigInfoFromSib,text,264
.text.errc_isSCellBar,text,52
.rodata.errc_setCurrentState.str1.1,rodata,25
.text.errc_setCurrentState,text,80
.text.errc_setErrcModeType,text,32
.text.errc_getErrcModeType,text,32
.text.errc_checkStartSiValidityTimerInCSelStepComplete,text,128
.text.errc_getCurrentState,text,28
.text.errc_handleAbnormalMsg,text,124
.text.errc_handleRegFailBarCellReq,text,448
.text.errc_handleApiIdleMeasOffsetReadReq,text,220
.text.errc_handleApiBlackCellListGetReq,text,408
.text.errc_4gIsSwitchedOff,text,88
.text.errc_sendRrcEmacSignal,text,112
.text.errc_createCmacReseReq,text,50
.text.errc_createCmacReleseAckReq,text,50
.text.errc_releaseRlcEntity,text,192
.text.errc_configRlcEntity,text,616
.text.errc_releasePdcpEntity,text,192
.text.errc_sendRrcRabmSignal,text,204
.text.errc_createRabmAsEstablishInd,text,132
.text.errc_createRabmAsReleaseInd,text,104
.text.errc_sendRrcEmmSignal,text,112
.text.errc_createEmmAsDataInd,text,98
.text.errc_createEmmAsPageInd,text,58
.text.errc_createEmmAsSyncInd,text,54
.text.errc_createEmmAsDataCnf,text,60
.text.errc_createEmmAsStatusInd,text,148
.text.errc_sendRrcMmcSignal,text,112
.text.errc_createErrActErr,text,56
.text.errc_createErrBarAlleviateInd,text,54
.text.errc_barringAlleviationReport,text,468
.text.errc01_09handleT303TimerOut,text,44
.text.errc01_10handleT305TimerOut,text,44
.text.errc01_11handleT306TimerOut,text,44
.text.errc_createErrGetPlmnRej,text,50
.text.errc_ignoreCurrentCSelRequest,text,100
.text.errc_createErrDeactCnf,text,50
.text.errc_createErrEdrxInd,text,54
.text.errc03_25handleRl1cEdrxSleepInd,text,196
.text.errc_createErrPlmnListInd,text,120
.text.errc_createErrStatusInd,text,54
.text.errc_createErrActInd,text,624
.text.errc_createErrcApiGetScellSinrInd,text,192
.text.errc_createCapiRmiFiledStrengthInd,text,196
.text.errc_reportServingCellFiledStrength,text,268
.text.errc_createErrcApiReportJammingInd,text,192
.text.errc_createErrcApiFreqRssiEnuiryCnf,text,296
.text.errc_handleJammingRssiEnquiryReq.constprop.0,text,28
.text.errc_sendRrcL1cSignal,text,112
.text.errc_createRl1cFreqMeasReq,text,128
.text.errc_createRl1cBandScanReq,text,120
.text.errc_createRl1cPwrSweepReq,text,136
.text.errc_createRl1cCellSearchReq,text,260
.text.errc_createRl1cDeactReq,text,54
.text.errc_createRl1cPlmnSearchStopReq,text,50
.text.errc_createRl1cPhyResetReq,text,124
.text.errc_createRl1cHSfnInfoReq,text,80
.text.errc_createRl1cIdlEmergencyMeasReq,text,50
.text.errc_createRl1cTargetCellSyncInfoReq,text,104
.text.errc_createRl1cSiSchedulingBitmapReq,text,76
.text.errc_createRl1cPsSignallingStartReq,text,108
.text.errc_createRl1cPsSignallingEndReq,text,50
.text.errc_createRl1cUpSignalMsgSttReq,text,50
.text.errc_createRl1cUpSignalMsgStpReq,text,50
.text.errc_createRl1cClrHighSpdReq,text,50
.text.errc_createRl1cAfcSetReq,text,54
.text.errc_handleNASToEL1CAfcSetReq,text,6
.text.errc_sendRrcL1cMeasSignal,text,112
.text.errc_createRl1cStopCgiReq,text,50
.text.errc_createRl1cDchEmergencyMeasReq,text,50
.text.errc_createRl1cStopSiReq,text,144
.text.errc_createRl1cRlfStatusInd,text,148
.text.errc_createRcoReleaseInd,text,160
.text.errc_createRcoApplyReq,text,160
.text.errc_createRcoAbortCnf,text,168
.text.errc_createRcoAbortRej,text,152
.text.errc_createRcoResumeReq,text,144
.text.errc_createTSIThreeHours,text,144
.text.errc_getRatModeInfo,text,32
.text.errc_handleCRCSelNulWithScanPlmn,text,24
.text.errc_handleCSelConflictResoluation,text,454
.text.errc_getAcqSibBitMapFromCause,text,304
.text.errc_setHfnForL1,text,40
.text.errc_getCurrentHfn,text,12
.text.errc_getCurrentSfn,text,32
.text.errc_getMaxSIPeriod,text,180
.text.errc_calculateSITimerLenForBLOrCE,text,46
.text.errc_getReadEssentialSITimerLenth,text,116
.text.errc_setReadSITimerLenth,text,200
.text.errc_checkStopTimerOfSiModify,text,168
.text.errc_cleanEdrxSleepBackupSiInfo,text,24
.text.errc_intialEdrxSleepBackupInfo,text,48
.text.errc_preHandleWhenEdrxWakeup,text,128
.text.errc_backUpEdrxSleepInfo,text,324
.text.errc_cselIntialSiRawData,text,80
.text.errc_cselSaveSiRawData,text,146
.text.errc_checkTheExistenceOfLockedFreq,text,20
.text.errc_saveBaFreqListFromNas,text,172
.text.errc_checkTheExistenOfLockedCell,text,92
.text.errc_isLockedLteCell,text,144
.text.errc_isFilterFreqUponLockFreq,text,108
.text.errc_preHandleOfCellSearchCnf,text,128
.text.errc_checkFreqBandIndicator,text,584
.rodata.errc_getNwOperatorByPlmn.str1.1,rodata,3
.text.errc_getNwOperatorByPlmn,text,328
.text.errc_isCSelUsingOperatorInfo,text,40
.text.errc_getCSelTypeBitMapFromBaList,text,92
.text.errc_insertNewItemIntoRealFreqArray,text,126
.text.errc_getSplmnNwOperator,text,188
.text.errc_getCurrentCellNwOperator,text,136
.text.errc_getBandInfo,text,48
.text.errc_getOperatorRealFreqInfo,text,140
.text.errc_getBandInfoUsingOperatorInfo,text,512
.text.errc_caculateRealFreq,text,82
.text.errc_isEarfcnInCurrentNwOperatorBand,text,188
.text.errc_isIncludingInFreqList,text,24
.text.errc_createRl1cIdlMeasUpdateReq,text,248
.text.errc_getCSelEutranBaFreqListInIdl,text,272
.text.errc_getCSelEutranBaListWhenEdrxWakeup,text,212
.text.errc_addLteLockFreqToBaList,text,116
.text.errc_getNwOperatorPriorFreq,text,88
.text.errc_CSelReselEventPrintf,text,148
.text.errc_initialCselPara,text,120
.text.errc_isDataAllZero,text,76
.text.errc_saveToStoredInfo,text,532
.text.errc_calL1UsingDlEarfcnForSib5,text,312
.text.errc_saveSib5,text,144
.text.errc_handleSib5Comment,text,200
.text.errc_isAddBaFreqList,text,212
.text.errc_getBaFreqList,text,328
.text.errc_delectReservedCellFromBarListForAcc11And15,text,60
.text.errc_isCampStatus,text,40
.text.errc_cselCauseForCampPurpose,text,62
.text.errc_cselCompleteBackupEdrxSleepInfo,text,198
.text.errc_pseudoBaseStationCheck,text,84
.text.errc_getInterFreqCarrierInfo,text,50
.text.errc_cselEnteringCheckForlteGnssWifiMergeDesign,text,60
.text.errc_cselExitingCheckForlteGnssWifiMergeDesign,text,44
.text.errc_findSiRawDataInDataBase,text,68
.text.errc_initialSiRawData,text,68
.text.errc_initialSiRawDataBase,text,52
.text.errc_allocSiRawDataInDataBase,text,68
.text.errc_checkToSaveSiRawData,text,38
.text.errc_traceCellSiRawData,text,232
.text.errc_delSibInSiRawData,text,340
.text.errc_decodeSibxFromSiRawData,text,96
.text.errc_getSibxRawData,text,80
.text.errc_isAvalPlmn,text,34
.text.errc_clearNcellInfo,text,36
.text.errc_isSuspendCSelUponRejected,text,340
.text.errc_handleDsCSelConflictResoluation,text,88
.text.errc_saveSuspendContextUponAborted,text,164
.text.errc_getApplyCauseFromCSelCause,text,112
.text.errc_informRcoToReleaseCSel,text,148
.text.errc_informRcoToReleaseProtectedForPsData,text,72
.text.errc_informRcoToReleaseConn,text,76
.text.errc_informRcoToReleaseAll,text,60
.text.errc_initialDualSiMSpdContext,text,52
.text.errc_initialDualSimApplyContext,text,52
.text.errc_initialDualSimInfo,text,80
.text.errc_selfResumeHandling,text,72
.text.errc_informEl1cPsSignallingType,text,156
.text.errc_handleTUpSignalDurationExpire,text,48
.text.errc_handleEmergencyInterFreqMeas,text,124
.text.errc_checkExistOfInterFreqMeas,text,112
.text.errc_stopFastReestablish,text,100
.text.errc_findBetterNcellByConnMeas,text,100
.text.errc_initialWeakSignalCellReestInfo,text,84
.text.errc_saveCellIntoWeakSignalReestInfo,text,216
.text.errc_selectRatePriorSinrOptimizeConstant,text,332
.text.errc_handleSinrValueForReportCriteria,text,128
.text.errc_handleReportCriteriaForPowerConsumption,text,124
.text.errc_handleReportCriteriaForSignalQualtity,text,248
.text.errc_isIdlOptimizedFeatureEnabled,text,44
.text.errc_saveSib3,text,644
.text.errc_handleSib3Comment,text,196
.text.errc_updateFreqPriorAbnormalInfo,text,356
.text.errc_initialIdlEmergStateInfo,text,80
.text.errc_idlEmergStateDetection,text,484
.text.errc_usingEqualPriReselCriterionForLowFreq,text,72
.text.errc_isFullfillHighFreqSinrThreshold,text,60
.text.errc_saveCellToHistorySpecialSfPaternInfo,text,316
.text.errc_initialHistorySpecialSfPaternInfo,text,36
.text.errc_getHighSpeedFlag,text,124
.text.errc_isCampingOnChinaOperator,text,88
.text.errc_videoSurveillanceOptimization,text,232
.text.errc_traceAlgoOptInfo,text,380
.text.errc_isReselWeekSignalCell,text,224
.text.errc_updateHisHighSpdFlag,text,96
.text.errc_isHighSpeedTwiceInHis,text,124
.text.errc_updateSpeedPattern,text,768
.text.errc_noMeasRepoWhileLocalRel,text,64
.rodata.errc_getNFreqMetRuletoRel.str1.1,rodata,32
.text.errc_getNFreqMetRuletoRel,text,128
.text.errc_calculateS,text,184
.text.errc_saveNcellInfo,text,320
.text.errc_calculateSqual,text,156
.text.errc_checkCellSCriterionFullFilled,text,66
.text.errc_checkCellCESCriterionFullFilled,text,66
.text.errc_checkCellCE1SCriterionFullFilled,text,66
.text.errc_calculateNeighborCellRn,text,152
.text.errc_calculateServeCellRn,text,96
.text.errc_saveServeCellInfo,text,320
.text.errc_usingEqualPriorityReselEvalueate,text,24
.text.errc_checkInterFreqJam,text,336
.text.errc_saveCellInCandidateCellList,text,154
.text.errc_getFreqAddresFromNeighborFreqList,text,48
.text.errc_prehandleOfIdlMeasResultForOptimizedFunc,text,260
.text.errc_searchCellFromCellTable,text,44
.text.errc_isCsgNcell,text,128
.text.errc_isCellInBlackList,text,100
.text.errc_initialEutranCellMeasValue,text,44
.text.errc_saveEutranIntraCellInfoFromSib,text,236
.text.errc_saveEutranInterCellInfo,text,184
.text.errc_saveEutranInterFreqListFromSib,text,118
.text.errc_initialEutranCellPara,text,30
.text.errc_initialEutranFreqList,text,64
.text.errc_delTheEutranCellNotInMeasResultList,text,106
.text.errc_choiceStmsi,text,200
.text.errc_choiceImsi,text,144
.text.errc_handlePagingForMt,text,76
.text.errc_cleanCandidateCellInfo,text,14
.text.errc_cleanIdlMeasResult,text,168
.text.errc_traceCandidateCellList,text,248
.text.errc_isPingPongInhibitionEnabled,text,24
.text.errc_exchangeScellAndNcellRoles,text,498
.text.errc_getPdcpConfig,text,184
.text.errc_getLogicalChannelConfig,text,60
.text.errc_getDrbInfo,text,116
.text.errc_getSrbInfo,text,80
.text.errc_getPreambleInfo,text,96
.text.errc_getUlSchConfig,text,108
.text.errc_getPhrConfig,text,76
.text.errc_initialMacMainConfig,text,26
.text.errc_getDataInactiveTimer,text,112
.text.errc_getPdschCommCfg,text,68
.text.errc_getPrachConfig,text,100
.text.errc_getSchedulingRequestConfig,text,92
.text.errc_getPucchConfigDedicatedR13,text,104
.rodata.errc_getUplinkPowerControlCommon.str1.1,rodata,36
.text.errc_getUplinkPowerControlCommon,text,180
.text.errc_getRachConfigDedicated,text,56
.text.errc_getSIScheduleInfo,text,178
.text.errc_checkUpdateSiScheculingBitMap,text,66
.text.errc_getPOUeIdForPaging,text,148
.text.errc_getCommBuffer,text,96
.text.errc_getDedBuffer,text,100
.text.errc_getMbsfnConfig,text,60
.text.errc_getCommonParametersOfCommonConfigNonBlCe,text,22
.text.errc_getCqiMaskFlag,text,36
.text.errc_getMeasSubframePatternR10,text,42
.text.errc_specialHandleRiConfigIndex,text,156
.text.errc_getCqiReportConfCommParameters,text,164
.text.errc_getCqiReportConfR10CommParameters,text,394
.text.errc_getPuschConfCommParameters,text,240
.text.errc_getTpcConfigCommParameters,text,40
.text.errc_getUlSrsDediInfoOfDedCfgCommParameters,text,192
.text.errc_getSrsActivateApR10,text,22
.text.errc_getSrsConfigApV1310,text,36
.text.errc_getUlSrsDediInfoAperiodicCommParameters,text,180
.text.errc_getP0PersistentFromUlPowerCtlConf,text,72
.text.errc_getSpsConfigInfo,text,340
.text.errc_getUlPowerCtlDedicatedInfo,text,208
.text.errc_getDrxConfigInfo,text,444
.text.errc_getMacMainConfig,text,300
.text.errc_getNeighCellsCrsInfo,text,200
.text.errc_getEpdcchConfigR11,text,260
.text.errc_getPuschConfigDedicatedR13,text,24
.text.errc_getDedCfgForBlCeR14,text,20
.text.errc_getAntennaInfoUlR10,text,44
.text.errc_getCsiRsConfigR10,text,108
.text.errc_getPucchConfigDedicatedV1020,text,562
.text.errc_getCsiRsConfZpListR11,text,70
.text.errc_getDedicatedParametersOfDedCfgForNonBlCe,text,80
.text.errc_updateIdlMeasThreshld,text,168
.text.errc_getLteIdlMeasCellIdList,text,100
.text.errc_getIdlMeasurementInfo,text,452
.text.errc_getDefaultPagingCycle,text,40
.text.errc_getDefaultPagingCycleInEnum,text,28
.text.errc_getUeSpecialCNPagingCycle,text,64
.text.errc_getPagingCycleInEnum,text,132
.text.errc_getModificationPeriodCoeff,text,68
.text.errc_getSysInfoChngTimerLen,text,308
.text.errc_getNvalue,text,52
.text.errc_getPCellPmax,text,68
.text.errc_crcGenerator,text,38
.text.errc_crc32BitsCalculate,text,182
.text.errc_calculateUeIdFromHashedId,text,140
.text.errc_isSrb2AndAtLeastOneDrbBeenEstablished,text,48
.text.errc_isDrbIdentityInDrbToRelList,text,40
.text.errc_logicalChannelCheck,text,200
.text.errc_newDrbVerification,text,348
.text.errc_isSamelogicChannelIdOrDrbIdInDrbAddModList,text,160
.text.errc_measObjectToAddModListVerification,text,252
.text.errc_measConfigVerification,text,44
.text.errc_mobilityControlInfoVerification,text,416
.text.errc_setTheContentOfReestablishmentCause,text,56
.text.errc_setTheContentOfRegisteredMME,text,392
.text.errc_setTheContentOfULInformationTransfer,text,84
.text.errc_setTheContentOfDrbCountInfo,text,108
.text.errc_setTheContentOfRadioPagingInfoR12,text,128
.text.errc_setTheContentOfPdcpParametersInUeCapabilityEutran,text,98
.text.errc_setTheContentOfPhyLayerParametersInUeCapabilityEutran,text,52
.text.errc_setTheContentOfRfParametersInUeCapabilityEutran,text,128
.text.errc_setTheContentOfMeasParametersInUeCapabilityEutran,text,108
.text.errc_setTheContentOfNeighCellSIAcquisitionParametersR9,text,168
.text.errc_checkWhetherAsmUeEutraCapabilityAddXddMode,text,56
.text.errc_getSupportBandPositionInNvm,text,92
.text.errc_setTheContentOfPhyLayerParametersV1020,text,356
.text.errc_setTheContentOfPhyLayerParametersV1130,text,220
.text.errc_setTheContentOfUeEutraCapabilityAddXddModeV1130,text,100
.text.errc_setTheContentOfPhyLayerParametersV1250,text,144
.text.errc_setTheContentOfMeasParametersV1250,text,176
.text.errc_setTheContentOfUeEutraCapabilityAddXddModeV1250,text,72
.text.errc_setTheContentOfPhyLayerParametersV1310,text,344
.text.errc_setTheContentOfRfParametersV1310,text,200
.text.errc_setTheContentOfMeasParametersV1310,text,128
.text.errc_setTheContentOfUeEutraCapabilityAddXddModeV1310,text,50
.text.errc_setTheContentOfRfParametersV1320,text,236
.text.errc_setTheContentOfPhyLayerParametersV1330,text,52
.text.errc_setTheContentOfFeatureGroupIndicator,text,488
.text.errc_setTheContentOfFeatureGroupIndicatorR8,text,120
.text.errc_setTheContentOfFeatureGroupIndRel9Add,text,522
.text.errc_setTheContentOfUeEutraCapabilityAddXddModeR9,text,260
.text.errc_setTheContentOfFeatureGroupIndRel10,text,560
.text.errc_setTheContentOfUeEutraCapabilityAddXddModeV1060,text,148
.text.errc_setSrbDefaultRlcConfig,text,34
.text.errc_setSrbDefaultLogicalChannelConfig,text,46
.text.errc_setSrbDefaultConfig,text,24
.text.errc_saveAmRlc,text,26
.text.errc_saveRlcConfig,text,66
.text.errc_saveLogicalChannelConfig,text,102
.text.errc_initialSrbToAddMod,text,8
.text.errc_initialSrbToAddModList,text,26
.text.errc_initialDrbToAddMod,text,8
.text.errc_initialDrbToAddModList,text,28
.text.errc_savevPdcpConfig,text,198
.text.errc_initialDrbToReleaseList,text,8
.text.errc_saveDrxConfig,text,170
.text.errc_saveMacMainConfig,text,804
.text.errc_setDefaultMacMainConfig,text,76
.text.errc_saveSpsConfig,text,508
.text.errc_setDefaultSpsConfig,text,22
.text.errc_setDefaultPdschConfigDedicated,text,22
.text.errc_savePdschConfigDedicated,text,26
.text.errc_savePucchConfigDedicated,text,72
.text.errc_savePuschConfigDedicated,text,34
.text.errc_setDefaultPuschConfigDedicated,text,22
.text.errc_saveUplinkPowerControlDedicated,text,70
.text.errc_setDefaultUplinkPowerControlDedicated,text,32
.text.errc_saveTpcPdcchConfig,text,64
.text.errc_saveTpcPdcchConfigPucch,text,34
.text.errc_saveTpcPdcchConfigPusch,text,34
.text.errc_setDefaultTpcPdcchConfig,text,54
.text.errc_saveCqiReportPeriodic,text,68
.text.errc_resetCqiReportConfig,text,46
.text.errc_saveSoundingRsUlConfigDedicated,text,112
.text.errc_setDefaultSoundingRsUlConfigDedicated,text,64
.text.errc_setDefaultAntennaInfo,text,56
.text.errc_resetAntennaInfo,text,38
.text.errc_u16BitRollback,text,40
.text.errc_saveCodeBookSubSetBitsString,text,110
.text.errc_saveCodebookSubsetRestriction,text,64
.text.errc_saveSchedulingRequestConfig,text,80
.text.errc_setDefaultSchedulingRequestConfig,text,22
.text.errc_resetAntennaInforR10,text,18
.text.errc_saveAntennaInfo,text,286
.text.errc_setDefaultAntennaInfoR10,text,48
.text.errc_saveAntennaInfoR10,text,144
.text.errc_saveAntennaInfoUlR10,text,104
.text.errc_saveCifPresenceR10,text,38
.text.errc_resetCqiReportConfigR10,text,30
.text.errc_saveCqiReportConfig,text,228
.text.errc_setDefaultCqiReportConfig,text,18
.text.errc_saveCqiReportAperiodicR10,text,80
.text.errc_saveCqiReportPeriodicR10,text,214
.text.errc_saveMeasSubframePatternR10,text,112
.text.errc_saveCqiReportConfigR10,text,254
.text.errc_saveCsiRsConfigR10,text,194
.text.errc_savePucchFormat3R13,text,156
.text.errc_saveN1PucchAnCsR10,text,54
.text.errc_savePucchFormatR10,text,150
.text.errc_savePucchConfigDedicatedV1020,text,164
.text.errc_savePuschConfigDedicatedV1020,text,174
.text.errc_saveSchedulingRequestConfigV1020,text,56
.text.errc_saveSoundingRsUlConfigDedicatedV1020,text,38
.text.errc_saveSrsConfigApR10,text,22
.text.errc_saveSoundingRsUlConfigDedicatedAperiodicR10,text,240
.text.errc_saveUplinkPowerControlDedicatedV1020,text,146
.text.errc_handleCsiRsConfigZPToReleaseListR11,text,122
.text.errc_saveCsiRsConfigZPToAddModListR11,text,164
.text.errc_saveMpdcchConfig13,text,92
.text.errc_saveEpdcchSetConfAddListR11,text,316
.text.errc_resetEpdcchSetConfig,text,34
.text.errc_saveEpdcchConfigR11,text,272
.text.errc_savePuschConfigDedicatedV1130,text,70
.text.errc_savePucchConfigDedicatedV1130,text,84
.text.errc_saveUplinkPowerControlDedicatedV1130,text,134
.text.errc_saveN3PucchAnListR13,text,48
.text.errc_saveFormat3R13,text,70
.text.errc_saveChannelSelectionR13,text,130
.text.errc_savePucchFormatR13,text,28
.text.errc_savePucchConfigDedicatedR13,text,386
.text.errc_savePuschConfigDedicatedR13,text,216
.text.errc_saveSoundingRSUlConfigDedicatedUpPTsExtR13,text,130
.text.errc_saveSoundingRsUlConfigDedicatedV1310,text,186
.text.errc_saveSrsConfigApV1310,text,50
.text.errc_saveSrsConfigApR13,text,26
.text.errc_saveSoundingRSUlConfigDedicatedAperiodicUpPTsExtR13,text,234
.text.errc_saveSoundingRsUlConfigDedicatedAperiodicV1310,text,180
.text.errc_saveCeModeR13,text,58
.text.errc_savePucchConfigDedicatedV1430,text,58
.text.errc_savePuschConfigDedicatedR1430,text,94
.text.errc_savePdschConfigDedicatedR1430,text,206
.text.errc_savePuschEnhancementsConfigR14,text,102
.text.errc_saveDedCfgForBlCeR14,text,112
.text.errc_savePhysicalConfigDedicated,text,252
.text.errc_saveRlfTimersAndConstantsR9,text,50
.text.errc_saveRlfTimersAndConstantsR13,text,50
.text.errc_saveNeighCellsCrsInfoR11,text,100
.text.errc_saveNeighCellsCrsInfoR13,text,104
.text.errc_releaseRachConfigDedicated,text,16
.text.errc_savePucchConfigCommon,text,18
.text.errc_saveSoundingRsUlConfigCommon,text,46
.text.errc_savePdschConfigCommonV1310,text,34
.text.errc_savePuschConfigCommonV1310,text,50
.text.errc_savePucchConfigCommonV1310,text,126
.text.errc_saveRachCeLevelInfoListR13,text,62
.text.errc_saveRachConfigCommon,text,100
.text.errc_savePrachConfigInfo,text,18
.text.errc_savePrachConfig,text,24
.text.errc_savePuschConfigCommon,text,34
.text.errc_saveUplinkPowerControlCommon,text,38
.text.errc_saveRsrpThresholdsPrachInfoListR13,text,48
.text.errc_saveFreqHoppingParametersR13,text,58
.text.errc_savePrachParametersListCeR13,text,152
.text.errc_savePrachConfigV1310,text,122
.text.errc_saveRadioResourceConfigCommon,text,642
.text.errc_saveMobilityControlInfo,text,228
.text.errc_savePrachConfigSibV1310,text,82
.text.errc_savePrachConfigSIB,text,20
.text.errc_saveRadioResourceConfigCommonSIB,text,426
.rodata.errc_saveIdlMbCtrlInfoInConnRelease.str1.1,rodata,8
.text.errc_saveIdlMbCtrlInfoInConnRelease,text,252
.text.errc_saveSecurityConfigHO,text,156
.text.errc_updateFreqHoppingParametersDLR13,text,146
.text.errc_getDrbContinueRohcFlag,text,18
.text.errc_setResumeFallBackInd,text,32
.text.errc_getResumeFallBackInd,text,32
.text.errc_getRrcConnSuspendInd,text,32
.text.errc_isCampOnUpCiotCell,text,68
.text.errc_handleMeasGapConfig,text,56
.text.errc_getMeasIdBitMapFromMeasObjectReportConfig,text,62
.text.errc_initialMeasObjectEutranCellMeasValue,text,28
.text.errc_initialMeasObjectEutranCellInfo,text,22
.text.errc_initialMeasObjectEutran,text,64
.text.errc_initialReportingConfiguration,text,24
.text.errc_initialMeasId,text,18
.text.errc_initialMeasObject,text,20
.text.errc_initialVarMeasReportInfo,text,16
.text.errc_initialCgiPara,text,64
.text.errc_addModifyMeasId,text,24
.text.errc_saveRsSinrConfigR13,text,98
.text.errc_saveReportingConfigEutra,text,388
.text.errc_addModifyReportConfig,text,46
.text.errc_saveMeasSubframePatternConfigNeighR10,text,144
.text.errc_rmvDchMeasBlackCell,text,84
.text.errc_addBlackCellsFromAddModList,text,180
.text.errc_searchMeasObjectEutranCellBaseOnCellIndex,text,34
.text.errc_removeCellFromRemoveList,text,112
.text.errc_searchCellFromMeasObjectEutran,text,56
.text.errc_getAddressFromMeasObjectEutran,text,54
.text.errc_addCellFromAddModList,text,320
.text.errc_saveMeasObjectEutra,text,412
.text.errc_addModifyMeasObject,text,74
.text.errc_validityCheckForMeasId,text,160
.text.errc_updateTheMapingBetweenMeasObjectAndMeasId,text,88
.text.errc_createVarMeasReportList,text,140
.text.errc_getCellBufferOfPrimaryCell,text,276
.text.errc_getCellBufferOfCgiCell,text,212
.text.errc_changeTheMappingRelationBetweenMeasIdAndObjectId,text,56
.text.errc_isReportOnLeave,text,26
.text.errc_isA1A2EnevtOfEutran,text,26
.text.errc_setTheContentOfCgiInfo,text,308
.text.errc_getReportQuantityBitMapUponReportMeasResult,text,64
.text.errc_setTheContentOfMeasResultForEutraCell,text,332
.text.errc_removeCellForWhichToReportCGI,text,16
.text.errc_setTheContentOfMeasResultListEUTRA,text,268
.text.errc_setTriggerTimerCounterInfo,text,48
.text.errc_isDchMeasBlackCell,text,100
.text.errc_isForbiddenCellToTrigger,text,80
.text.errc_getTriggerCounterStatus,text,36
.rodata.errc_removeCellFromCellsTriggeredList.str1.1,rodata,29
.text.errc_removeCellFromCellsTriggeredList,text,128
.text.errc_handleEutranCellInTriggeredList,text,120
.text.errc_getCellFromCellsTriggeredList,text,50
.text.errc_getReportEventParaFromNvOfEutranCell,text,72
.text.errc_getHysteresisValueOfEutranCell,text,96
.text.errc_getTimerToTriggerValueOfEutranCell,text,96
.text.errc_handleTriggerTimerStatus,text,168
.text.errc_handlePeriodicalReportTimerStatus,text,92
.text.errc_sortCellTriggerList,text,190
.text.errc_getEutranFreqAddresFromMeasObjectList,text,68
.text.errc_checkIntraFreqMeas,text,96
.text.errc_initialTheServingCellMeasResult,text,36
.text.errc_initialTheNeighbourCellMeasResult,text,104
.text.errc_handleErrcStateChg,text,76
.rodata.errc_dispatchSignal.str1.1,rodata,23
.text.errc_dispatchSignal,text,240
.text.errc_wb_msg_proc_func,text,68
.text.errc_waitingForRcoRsp,text,352
.text.errc_toApplyForConflictResoluation,text,104
.text.errc_isConnEstConflictInDualSim,text,256
.text.errc_toRegisterProtectedForPsDataInRco,text,100
.text.errc_handleEmmAsPsSignallingStartReq,text,172
.text.errc_setConnMeasConfigStatus,text,24
.text.errc_isConnMeasConfigActivate,text,24
.text.errc_getSpecialCellInConnMeasResult,text,24
.text.errc_getReportEventParaFromNvOfGeranCell,text,48
.text.errc_getTimerToTriggerValueOfGeranCell,text,144
.rodata.errc_handleCellToTrigger.str1.1,rodata,29
.text.errc_handleCellToTrigger,text,608
.text.errc_interFreqMeasObjectExist,text,76
.text.errc_modifyPCellRsrpValueForA1A2InHighSpeed,text,148
.text.errc_setTheContentOfMeasResult,text,396
.text.errc_freeMemoryOfMobilityControlInfo,text,84
.text.errc_initialConnEstablishment,text,60
.text.errc_initialConnRelease,text,76
.text.errc_initialConnHandover,text,136
.text.errc_initialConnReEstablishment,text,96
.text.errc_initialTransferEntityInfo,text,116
.text.errc_saveSrbToAddModList,text,344
.text.errc_initialTransferEntityList,text,44
.text.errc_setConnControlStatus,text,100
.text.errc_getConnControlStatus,text,32
.text.errc_configPdcpEntity,text,476
.text.errc_getCellSyncType,text,88
.text.errc_getRbInforList,text,156
.text.errc_getBLValidSubfBitMap,text,108
.text.errc_applyOldTddAckNackFeedBackModeWhenTryReestabInOldCell,text,168
.text.errc_setDefaultPucchConfigDedicated,text,44
.text.errc_setDefaultPhysicalConfigDedicated,text,66
.text.errc_initialRadioResourceConfigDedicated,text,146
.text.errc_initialUeConfig,text,136
.text.errc_resetRrcConnParaUponRrcConnFallBack,text,56
.text.errc_isSupportUpCiot,text,16
.text.errc_createEmmAsEstablishCnf,text,68
.text.errc_createEmmAsReleaseInd,text,112
.text.errc_isSupportCpCiot,text,16
.text.errc_isSupportAttachWithoutPDN,text,16
.text.errc_isSupportCatM,text,24
.text.errc_saveSib1R13Info,text,212
.text.errc_saveSib1,text,448
.text.errc_saveAndCheckSib1Comment,text,40
.text.errc_handleSib1Comment,text,78
.text.errc_addNwOperatorPriorFreqIntoBa,text,316
.text.errc_getCeModeR13,text,88
.text.errc_setTheContentOfUeEutraCapabilityV1350IEs,text,80
.text.errc_setTheContentOfUeEutraCapabilityV1340IEs,text,56
.text.errc_setTheContentOfUeEutraCapabilityV1330IEs,text,108
.text.errc_setTheContentOfUeEutraCapabilityV1320IEs,text,192
.text.errc_setTheContentOfUeEutraCapabilityV1310IEs,text,348
.text.errc_setTheContentOfUeEutraCapabilityV1280IEs,text,64
.text.errc_setTheContentOfUeEutraCapabilityV1270IEs,text,28
.text.errc_setTheContentOfUeEutraCapabilityV1260IEs,text,68
.text.errc_setTheContentOfUeEutraCapabilityV1250IEs,text,588
.text.errc_setTheContentOfUeEutraCapabilityV11a0IEs,text,92
.text.errc_setTheContentOfUeEutraCapabilityV1180IEs,text,40
.text.errc_setTheContentOfUeEutraCapabilityV1170IEs,text,76
.text.errc_setTheContentOfUeEutraCapabilityV1130IEs,text,268
.text.errc_setTheContentOfUeEutraCapabilityV1090IEs,text,30
.text.errc_setTheContentOfUeEutraCapabilityV1060IEs,text,78
.text.errc_setTheContentOfUeEutraCapabilityV1020IEs,text,228
.text.errc_isUeSupportCeModeA,text,20
.text.errc_setTheContentOfUeEutraCapabilityAddXddModeV1380IEs,text,120
.text.errc_setTheContentOfUeEutraCapabilityV1380IEs,text,136
.text.errc_isUeSupportCeModeB,text,20
.text.errc_saveUETimerAndConstant,text,102
.text.errc_saveSib2,text,146
.text.errc_handleSib2Comment,text,504
.text.errc_handleSIComment,text,560
.text.errc_restoreSIComment,text,344
.text.errc_restoreBackupInfo,text,516
.text.errc_saveParaFromErrActReq,text,256
.text.errc_decodeAndSaveSibFromSiRawData,text,318
.text.errc_getNCellCeMode,text,400
.text.errc_setTheContentOfUeEutraCapabilityAddXddModeV1370IEs,text,188
.text.errc_setTheContentOfUeEutraCapabilityV1370IEs,text,268
.text.errc_setTheContentOfUeEutraCapabilityV12x0IEs,text,24
.text.errc_setTheContentOfUeEutraCapabilityV12b0IEs,text,48
.text.errc_setTheContentOfUeEutraCapabilityV11x0IEs,text,30
.text.errc_setTheContentOfUeEutraCapabilityV11d0IEs,text,56
.text.errc_setTheContentOfUeEutraCapabilityV10i0IEs,text,32
.text.errc_setTheContentOfUeEutraCapabilityV10f0IEs,text,24
.text.errc_setTheContentOfUeEutraCapabilityV10c0IEs,text,48
.text.errc_setTheContentOfUeEutraCapabilityV9h0IEs,text,34
.text.errc_setTheContentOfUeEutraCapabilityV9e0IEs,text,248
.text.errc_setTheContentOfUeEutraCapabilityV9d0IEs,text,128
.text.errc_setTheContentOfUeEutraCapabilityV9c0IEs,text,30
.text.errc_setTheContentOfUeEutraCapabilityV9a0IEs,text,216
.text.errc_setTheContentOfUeEutraCapabilityV940IEs,text,72
.text.errc_setTheContentOfUeEutraCapabilityV920IEs,text,228
.text.errc_setTheContentOfUeCapabilityEutranContainer,text,216
.text.errc_setTheContentOfUECapabilityInformation,text,208
.text.errc_isSupportCeMode,text,24
.text.errc_getNextCSelTypeInLockFreq,text,280
.rodata.errc_getPuschConfigCommonR1310.str1.1,rodata,42
.text.errc_getPuschConfigCommonR1310,text,192
.rodata.errc_getBufferAddressOfPrachConfV1310.str1.1,rodata,36
.text.errc_getBufferAddressOfPrachConfV1310,text,140
.text.errc_getCeLevelNumFromPrachAndRachPara,text,92
.text.errc_getRachCeLevelInfoListR13,text,120
.text.errc_getRachConfigCommon,text,116
.text.errc_createCmacCommUpdateReq,text,112
.text.errc_getRachCommInfoToL1,text,44
.rodata.errc_getCommonParametersOfCommonConfig.str1.1,rodata,67
.text.errc_getCommonParametersOfCommonConfig,text,788
.text.errc_getPrachConfigR1310,text,318
.text.errc_getPagingParam,text,404
.text.errc_epdcchConfigVerification,text,184
.text.errc_phyConfigDedicatedVerification,text,380
.text.errc_getCellStatus,text,432
.text.errc_updateCellList,text,144
.text.errc_calculateSValueForNeighborcell,text,196
.text.errc_idlMeasResultOffset,text,184
.text.errc_checkCellSCriterion,text,142
.text.errc_getCSelCauseUponTRelExpire,text,48
.text.errc_getCSelCauseUponLeavigConn,text,172
.text.errc_getConnRelCauseUponLeavigConn,text,236
.text.errc_isFastRelEnabled,text,14
.text.errc_excuteFastRelCon,text,136
.text.errc_stopTimersUponLeavingRrcConn,text,104
.text.errc_releaseTheDelayEmmMsg,text,140
.text.errc_handleTheDelayEmmMsgUponResumeSrb2,text,100
.text.errc_toTransformTranEntityActionBasedConnState,text,72
.text.errc_toCreateRlcPdcpProcessInstance,text,132
.text.errc_releaseTheRB,text,36
.text.errc_releaseRbs,text,260
.text.errc_clearRrcTransactionIdentifier,text,40
.text.errc_initialRrcTransactionIdentifier,text,18
.text.errc_getRrcTransactionIdentifier,text,48
.text.errc_setTheContentOfSecurityModeFailure,text,80
.text.errc_setTheContentOfSecurityModeCommandComplete,text,80
.text.errc_setTheContentOfRrcConnectionResumeComplete,text,224
.text.errc_isSameValueOfRrcTransactionIdentifier,text,12
.text.errc_getMacIInput,text,88
.text.errc_getIntegrityProtectedCodeHW,text,296
.text.errc_calculateMacI,text,44
.text.errc_verifyIntegrityProtectionOfRrcConnResume,text,144
.text.errc_upCIoTCalculateShortResumeMaci,text,116
.text.errc_calculateShortMaci,text,152
.text.errc_setTheContentsOfRrcConnectionReestablishmentRequest,text,168
.text.errc_deriveIntermediateKenb,text,106
.text.errc_deriveNextHopParameter,text,64
.text.errc_deriveAlgorithmKey,text,178
.text.errc_receptionOfDlInformationTransfer,text,144
.text.errc_handleTheContentOfRrcConnectionRelease,text,412
.text.errc_stopTimersUponReestablishRrcConn,text,68
.text.errc_isMsgIncludesTheFullConfig,text,28
.text.errc_isMsgIncludingSib1Dedicated,text,40
.text.errc_toSaveMobilityControlInfo,text,184
.text.errc_handleDedicatedInfoNASList,text,36
.text.errc_assignInstanceToNewDrb,text,236
.text.errc_getTheTargetPCellUponHandover,text,596
.text.errc_updateRlfTimersLen,text,288
.text.errc_setDefaultValueOfrlfTimersAndConstantsUponFullConfig,text,112
.text.errc_isSrbIdentityIncludedInTheSrbToAddModList,text,62
.text.errc_isEbiIncludedInTheDrbToAddModListOfNewConfig,text,60
.text.errc_handleTheContentOfSecurityModeCommand,text,256
.text.errc_backupTheConfigurationUsedInTheSourcePCell,text,136
.text.errc_backupTheMeasObjectEutranCellInfo,text,24
.text.errc_backupTheMeasObjectConfigUseInTheSourcePCell,text,136
.text.errc_backupTheVarMeasConfigUseInTheSourcePCell,text,224
.text.errc_toBackupTheConfigurationUsedInTheSourcePCell,text,220
.text.errc_getPrimaryCell,text,72
.text.errc_revertBackVarMeasConfigOfTheSourcePCell,text,56
.text.errc_delayMsgOfSrb2UponReestablish,text,132
.text.errc_getEpsBearerId,text,80
.text.errc_reconfigDrbVerification,text,488
.text.errc_drbToAddModListVerification,text,148
.text.errc_radioResourceConfigDedicatedVerification,text,664
.text.errc_rrcConnSetupVerification,text,108
.text.errc_rrcConnReestablishmentVerification,text,84
.text.errc_rrcConnReconfigurationVerification,text,652
.text.errc_rrcConnResumeVerification,text,152
.text.errc_setTheContentOfCounterCheckResponse,text,372
.text.errc_saveDrbToAddModList,text,676
.text.errc_saveDrbToReleaseList,text,184
.text.errc_saveRadioResourceConfigDedicated,text,376
.text.errc_saveRrcConnectionSetup,text,64
.text.errc_handleTheContentOfRrcConnectionReestablishment,text,64
.text.errc_cleanDedicatedPriorityInfo,text,48
.text.errc_handleConnEstFailureInfo,text,268
.text.errc_isInHomeCountry,text,60
.text.errc_selectEstablishCause,text,140
.text.errc_setTheContentsOfRrcConnectionRequest,text,276
.text.errc_setTtheContentsOfRrcConnResumeReqMsg,text,372
.text.errc_isBarringForSpecialAC,text,220
.text.errc_isBarringForAcBarringFactor,text,132
.text.errc_accessBarringCheckOfComm,text,288
.text.errc_accessRestrictionsCheckOfComm,text,476
.text.errc_accessBarringCheckOfEab,text,84
.text.errc_accessRestrictionsCheckOfEab,text,276
.text.errc_cellAccessRestrictionsCheck,text,24
.text.errc_applyDefaultRadioResourceConfiguration,text,372
.text.errc_clearSomeDedicatedConfigurationsUponFullConfig,text,84
.text.errc_handleTheContentOfRrcConnectionReject,text,184
.text.errc_getWorkingCellInfo,text,100
.text.errc_traceNeighourCellInConn,text,348
.text.fillServingPlmnInSnwResult,text,432
.text.errc_createErrGetPlmnCnf,text,124
.text.errc_checkServingCellBelongsToPriorFreqListOrNot,text,188
.rodata.errc_servFreqJamStatus.str1.1,rodata,29
.text.errc_servFreqJamStatus,text,112
.text.errc_handleServingCellMeasResult,text,508
.text.errc_getAntennaPortsCount,text,88
.text.errc_getAntennaInfoCommParameters,text,238
.text.errc_getServCellInfo,text,66
.text.errc_createRl1cCellSyncReq,text,240
.text.errc_getEutranMeasFreqInfoOfConn,text,216
.text.errc_getDedicatedPucchRelatedCommParameters,text,432
.text.errc_getDedicatedParametersOfDedCfgForComm,text,396
.text.errc_applyDefaultIntraFreqMeasInfoInConn,text,34
.text.errc_isUeCENeedULGaps,text,104
.text.errc_updateAsSecurityKey,text,512
.text.errc_getUeOperateMode,text,28
.text.errc_configMacEntity,text,146
.text.errc_createErrAsCeModeInd,text,56
.text.errc_selectCeModeForSiReading,text,100
.text.errc_createRl1cSiReadReq,text,876
.text.errc_repetitivePbchRx,text,120
.text.errc_fillDchMeasReqEntity,text,668
.text.errc_createRl1cSiReadReqHo,text,98
.text.errc_createRl1cCeModeConfigReq,text,58
.text.errc_selectSiVersionBeforeReadSI,text,60
.text.errc_getCSelEutranBaCellListInIdl,text,432
.text.errc_getCSelEutranBaListInConnRel,text,1276
.text.errc_getCSelEutranBaFreqListInRedirection,text,568
.text.errc_getInitializeCSelTypeFromCause,text,600
.text.errc_getTEvaluateEutranCatM1,text,232
.text.errc_getTEvaluateEutran,text,208
.text.errc_ceModeChangeInIdlMode,text,588
.text.errc_setDefaultFreqHoppingParameters,text,94
.text.errc_getFreqHopParamR13,text,360
.text.errc_setDefaultPucchCommInfoV1310,text,50
.rodata.errc_getPucchCommInfoV1310.str1.1,rodata,42
.text.errc_getPucchCommInfoV1310,text,236
.text.errc_createCmacHandoverAccReq,text,196
.text.errc_getCommonParametersOfCommonConfigBlCe,text,268
.text.errc_createRl1cChnCommConfigReq,text,120
.text.errc_updatingServCellInfoInSib1,text,152
.text.errc_performTheActionsUponReceptionOfSib1Dedicated,text,500
.text.errc_asmCmacRandomAccReq,text,268
.text.errc_createCmacRandomAccReq,text,64
.text.errc_getDedicatedParametersOfDedCfgForBlCe,text,96
.text.errc_createRl1cChnDedConfigReq,text,122
.text.errc_getCellSelectionInfo,text,76
.text.errc_fillIdlConfigReqEntity,text,76
.text.errc_createRl1cIdlConfigReq,text,100
.text.errc_initialUpCiotInfo,text,80
.text.errc_storeTheUeAsContext,text,196
.text.errc_receptionOfRrcConnectionRelease,text,128
.text.errc_setUeOperateMode,text,28
.text.errc_resumeSrb1,text,232
.text.errc_setDeactAsCause,text,32
.text.errc_initialConnEstFailureInfo,text,48
.text.errc_initialAccessRestrictionsInfo,text,48
.text.errc_handleAccBarInfoInRrcConnEstablishment,text,34
.text.errc_ueActionsUponPucchSrsReleaseRequest,text,24
.text.errc06_22handleCmacTaTimeOutInd,text,80
.text.errc_saveTddAckNackFeedBackModeForFeasibleReestab,text,148
.text.errc_traceRrcConnectionReestablishCause,text,88
.text.errc_isBaCellListWithOnlyOneFrequency,text,120
.text.errc_clearAllCellMeasResultInSomeReestablishCause,text,96
.rodata.errc_connHandOverStateTrace.str1.1,rodata,7
.text.errc_connHandOverStateTrace,text,112
.text.errc_getCurrent32KConuter,text,68
.text.errc_plmnSelUsingDistriBaFreqSearch,text,184
.text.errc_prepareDistributeBaSearch,text,148
.text.errc_insertBaFreqMeasInPwrSweep,text,168
.text.errc_getNextCSelTypeInPwrSwepUsingOperatorInfo,text,144
.text.errc_updateSiRawData,text,464
.text.errc_saveSiRawDataIntoDB,text,156
.text.errc_checkValidTimeOfCellSiRawDataInBase,text,180
.text.errc_checkValidOfCellRawSiDataByValueTag,text,194
.text.errc_initNonStandardMeasRepo,text,72
.text.errc_resetNonStandardMeasRepo,text,48
.text.errc_checkCellValidityInWeakSignalReestInfo,text,240
.text.errc_modifyCellMeasResultInHighSpeedMode,text,124
.rodata.errc_checkJamFreqStatusIsTimeOut.str1.1,rodata,64
.text.errc_checkJamFreqStatusIsTimeOut,text,248
.rodata.errc_checkDchFreqJamInfo.str1.1,rodata,144
.text.errc_checkDchFreqJamInfo,text,464
.text.errc_checkIdlReselAccordingDCHFreqJamStatus,text,116
.rodata.errc_checkCellReselectionCriteria.str1.1,rodata,48
.text.errc_checkCellReselectionCriteria,text,828
.text.errc_pingPongReselEvaluation,text,404
.text.errc_checkPingPongResel,text,248
.text.errc_updateSomeConnControlParaUponHoEnd,text,32
.text.errc_initMsgCnfMechanism,text,8
.text.errc_isMsgNeedCnf,text,32
.text.errc_assignUlDcchMsgSn,text,22
.text.errc_getPduInfoUponTransferOfDedicatedMsg,text,248
.text.errc_transferOfDedicatedMsg,text,624
.text.errc_sendNonStandardMeasRepo,text,232
.text.errc_receptionOfSecurityModeCommand,text,44
.text.errc_handleTheContentOfUECapabilityEnquiry,text,180
.text.errc_receptionOfCounterCheck,text,20
.text.errc_handleEmmAsDataReq,text,140
.text.errc_atDummyFunParaClean,text,22
.text.errc_atDummyIsFunEnable,text,112
.text.errc_atDummyFunBitSet,text,38
.text.errc_atDummyFunParaTrace,text,948
.text.errc_atDummySavingEarfcn,text,56
.text.errc_atDummyFunc3A2EventThreshCalc,text,332
.text.errc_atDummyFunc3A2EventTrigger,text,124
.text.errc_atDummyFunc3A2EventHandler,text,50
.text.errc_atDummyFun24DropNetworkInIdl,text,152
.text.errc_atDummyFun24DropNetworkInDch,text,240
.text.errc_atDummyFun24DropNetworkInAcc,text,200
.text.errc_atDummyFun24DropNetworkInCSelProc,text,204
.text.errc_atDummyFun24LteDropNetwork,text,82
.text.errc_atDummySavingMeasModifyValue,text,30
.text.errc_atDummyFunParaSaving,text,288
.text.errc_atDummyFun26ModifyNCellMeas,text,256
.text.errc_atDummyFunc35ForceToIgnorInterFreqMeas,text,220
.text.errc_atDummyEventReceivingConnMeas,text,56
.text.errc_atDummyEventReceivingIdlMeas,text,30
.text.errc_atDummyConfigLowLayer,text,230
.text.errc_atDummyFunc0MasterController,text,114
.text.errc_atDummyFunc18CleanAllInfo,text,108
.text.errc_atDummyFun25ModifySCellMeas,text,118
.text.errc_atDummyHandlerAfterSavingNewAtCmdPara,text,50
.text.errc_atDummyEventReceivingAtCmd,text,52
.text.errc_atDummyEventConfigingConnMeas,text,26
.text.errc_atDummyEventConfigingIdlMeas,text,12
.text.errc_atDummyEventHandler,text,120
.text.errc_createRl1cDchMeasReq,text,72
.text.errc_createRl1cIdlMeasReq,text,192
.text.errc00_05handleTBarTimerOut,text,392
.text.errc_handleApiIdleMeasOffsetSetReq,text,300
.text.errc_clearBetterReselCellUponFailure,text,120
.text.errc_updateIdlMeasPara,text,140
.text.errc00_16handleT320TimerOut,text,64
.text.errc_atDummyFuncHandleErrApiTestSplteDummyParaReq,text,8
.text.errc_updateCellChangeStatisticsInfo,text,352
.text.errc_initialAlgoOptimizeStatisticsInfo,text,40
.text.errc_getLastServCell,text,56
.text.errc_idlMeasResultAmendment,text,380
.text.errc_handleNeighborCellMeasResult,text,1144
.text.errc_handleNeighborEutranFreqMeasResult,text,228
.text.errc_cellIndividualOffsetOptimization,text,124
.text.errc_checkMeasReportCriteriaEutran,text,1316
.text.errc_checkMeasReportCriteria,text,30
.text.errc_handleNonStandardMeasRepo,text,604
.text.errc_isLatestCell,text,34
.text.errc_initialMeasResultRecord,text,20
.text.errc_initialStatisticsInfo,text,136
.text.errc_beginStatisticsUpdating,text,92
.text.errc_initialMobStateBySlideWinRelativeInfo,text,18
.text.errc_reserveLastMeasResult,text,58
.text.errc_statisticsInfoIpcDebug,text,42
.text.errc_recordCampingTime,text,72
.text.errc_getServingCellTimeStatus,text,240
.text.errc_handleTheWeightedConnMeasValue,text,1152
.text.errc_saveEvtRptCellInfo,text,92
.text.errc_engEventRpt,text,192
.text.errc_recordStatisticsEl2Info,text,380
.text.errc_computeSavedStatisEl2Info,text,144
.text.errc_rptEngStatisticsInfo,text,368
.text.errc00_07handleTStatisticsTrace,text,2428
.text.errc_initEngNcellInfo,text,12
.text.errc_initialEngSCellInfo,text,30
.rodata.errc_apiGetUeStatusInfo.str1.1,rodata,29
.text.errc_apiGetUeStatusInfo,text,920
.text.errc_updateStatisticsInfo,text,1084
.text.errc_dealLossCoverage,text,120
.text.errc00_06handleTAlgoOptimizeTrace.constprop.0,text,8
.text.errc_insertCellIntoEngNCellList,text,112
.text.errc_updateEngNcellInfo,text,560
.text.errc_lbsSaveCSelInfo,text,96
.text.errc_saveTargetCellInCSelCauseReadSi,text,248
.text.errc_lbsFunLocationChangedOrNot,text,68
.text.errc_lbsFunIsReadingNcellInfo,text,60
.text.errc_lbsFunIsInCgiProcToReadNcellInfo,text,44
.text.errc_createRl1cCgiMeasReq,text,296
.text.errc_lbsFunSelectIntervalBetweenTwoCgiReading,text,72
.text.errc_forceMeasTaskAbort,text,68
.text.errc_lbsFunSaveCellAccRelInfo,text,56
.text.errc_lbsGetCellNum,text,120
.text.errc_lbsOldestCell,text,76
.text.errc_lbsGetPosOfNewCell,text,38
.text.errc_lbsIntialLbsCellInfo,text,8
.text.errc_lbsFunFindTheCellInLbsCellInfo,text,42
.text.errc_lbsFunIsNewCell,text,62
.text.errc_lbsFunInsertCellIntoNcellInfo,text,60
.text.errc_lbsFunSaveLocationRelateInfoInCGI,text,412
.text.errc_lbsFunSaveLocationRelateInfoInSib1,text,188
.text.errc_lbsFunEventSib1Receiving,text,64
.text.errc_lbsCleanFailCell,text,76
.text.errc_lbsSaveFailCell,text,112
.text.errc_lbsFunEventT321Expires,text,140
.text.errc_lbsIsFailCell,text,108
.text.errc_lbsFunSelectNextNCellInIdleMode,text,284
.text.errc_lbsOrCsgTaskSelectNextNCellInConnMode,text,276
.text.errc_lbsMayTryFailCellAgain,text,128
.text.errc_lbsGetNetInfo,text,532
.text.errc_apiGetLteNetInfo,text,1944
.text.errc_createErrcApiGetCellInfoEndInd,text,144
.text.errc_lbsFunEnteringStageTwo,text,156
.text.errc_createErrcApiGetCellInfoStopCnf,text,144
.text.errc_createErrcApiGetNetInfoCnf,text,148
.text.errc_recordEngSCellInfo,text,120
.text.errc_lbsFunEventCselFail,text,92
.text.errc_lbsFunEventReceivingIdlMeasInd,text,324
.text.errc_lbsOrCsgTaskReceivingDchMeasInd,text,372
.text.errc_lbsFunHasSuspendTask,text,60
.text.errc_lbsFunStopForceMeas,text,88
.text.errc_lbsFunInitCtlInfo,text,160
.text.errc_lbsInfoSavingWhenTaskComplete,text,104
.text.errc_lbsFunEventReceivingStopReqV2,text,48
.text.errc_lbsLogTrace,text,316
.text.errc_isForceMeasTaskComplete,text,156
.text.errc_afterForceMeasTaskComplete,text,232
.text.errc_lbsFunEventCgiReceiving,text,152
.text.errc_jammingFunCselShouldBaJammingCheck,text,54
.text.errc_jammingFunEventReadingSiSuccess,text,24
.text.errc_jammingFunEventPwrSweepStart,text,20
.text.errc_jammingFunInitialCselJammingInfo,text,24
.text.errc_jammingFunInitionWhenPowerOff,text,80
.text.errc_jammingFunInitJamDetectInfo,text,124
.text.errc_jammingFunCselType,text,30
.text.errc_jammingFunCselCause,text,176
.text.errc_jammingFunEventCselComplete,text,48
.text.errc_jammingFunEventCselFail,text,188
.text.errc_jammingSaveFreqRssi,text,172
.text.errc_jammingFunRssiThreshold,text,48
.text.errc_jammingFunCselDetection,text,264
.text.errc_jammingFunEventReadingSiError,text,12
.text.errc_jammingFunEventCellSerachCnf,text,128
.text.errc_jammingFunEventOnePwrSweepEnd,text,180
.text.errc_getNextCStypeInPwrSweepCE,text,264
.text.errc_getNextCSelTypeInPwrSwep,text,212
.text.errc_jammingFunJudgeServJammingStatus,text,58
.text.errc_jammingFunServJammingDetection,text,596
.text.errc_jammingFunEventServingMeasInd,text,10
.text.errc_jammingFunEventSetJammingMode,text,228
.text.errc_recordServeCellInfo,text,316
.text.errc_jammingFunEventConstructBaList,text,28
.text.errc_jammingFunEventHandler,text,168
.text.errc_getNextCSelTypeInNormal,text,488
.text.errc_getNextCSelTypeFromCause,text,196
.text.errc_getNextCSelStepFromCSelType,text,532
.text.errc_getCselStepInBandScanCnf,text,452
.text.errc_getCselStepInFreqMeasCnf,text,100
.text.errc_getNextStepInterCSelTypeUponResume,text,116
.text.errc_toSuspendCSelUponRejected,text,148
.text.errc_handleCSelConflictInDs,text,264
.text.errc_handleSetJammingModeReq,text,8
.text.errc_handleCheckJammingModeReq,text,8
.text.errc_initialErrcFsmInfo,text,252
.text.errc_intialRlfReport,text,56
.text.errc_intialConnEstFailRachInfo,text,8
.text.errc_initialConnControlInfo,text,216
.text.errc_initialContextInfo,text,132
.text.errc_isPlmnInPlmnlist,text,32
.text.errc_isConnEstFailReportSupport,text,24
.text.errc_hasRegisteredOrNot,text,124
.text.errc_isIncludeRlfReportAvailable,text,140
.text.errc_isRlfReportSupport,text,20
.text.errc_mdtRlfEventHoStart,text,140
.text.errc_intialRlfPrepareInfo,text,8
.text.errc_storeNcellLogMeasResult,text,532
.text.errc_mdtRlfEventRlfHappening,text,600
.text.errc_mdtRlfEventT304Expires,text,644
.text.errc_mdtRlfEventReestabCselSuccess,text,80
.text.errc_mdtRlfEventConnRel,text,60
.text.errc_intialMdtRelativeVarWhenReleaseConnect,text,60
.text.errc_resetRrcConnParaUponSuspend,text,112
.text.errc_resetRrcConnParaUponRel,text,68
.text.errc_mdtRlfEventRlfReportTimerExpires,text,32
.text.errc_handleT48hoursTimerRlfReportTOut.constprop.0,text,16
.text.errc_setTheContentOfRlfLastServCellMeasResult,text,148
.text.errc_insertLoggedCellIntoMeasResultList2EUTRA,text,120
.text.errc_setTheContentOfRlfMeasResultNeighCellsR9,text,244
.text.errc_setTheContentOfPlmnIdentity,text,180
.text.errc_setTheContentOfCellGlobalId,text,52
.text.errc_setTheContentOfRlfFailedPcellId,text,232
.text.errc_setTheContentOfRlfPreviousPcellId,text,76
.text.errc_setTheContentOfRlfTimeConnFailure,text,96
.text.errc_setTheContentOfRlfReportBasicField,text,196
.text.errc_setTheContentOfRlfReportReestablishmentCellId,text,76
.text.errc_setTheContentOfRlfReportR9,text,108
.text.errc_isIncludeConnEstFailInfoAvailable,text,76
.text.errc_setTheContentOfRrcConnectionSetupComplete,text,740
.text.errc_setTheContentOfRrcConnectionReestablishmentComplete,text,172
.text.errc_setTheContentOfRrcConnectionReconfigurationComplete,text,192
.text.errc_setTheContentOfConnEstFailMeasResultFailedCellR11,text,132
.text.errc_setTheContentOfConnEstFailmeasResultNeighCellsR11_V2,text,388
.text.errc_setTheContentOfconnEstFailReportR11InReponse,text,220
.text.errc_mdtRecordSnOfUEInformationResponse,text,76
.text.errc_initialVarConnEstFailReport,text,68
.text.errc_initialDataBaseInfo,text,404
.text.errc00_00initial_wb,text,96
.text.errc_initialProcWb,text,56
.text.errc11_01handleRl1cDeactCnf,text,76
.text.errc_waitState,text,32
.text.errc_storeConnectionEstablishmentFailureInformation,text,300
.text.errc_terminateRrcConnectionEstablishment,text,464
.text.errc05_02HandleEmmasReleaseReq,text,14
.text.errc_isCacheConnEstReqUponWaitingSpecialMsg,text,96
.text.errc_waitingForSpecialMsg,text,548
.text.errc_resetEl1c,text,18
.text.errc00_15handleErrEdrxParamReq,text,112
.text.errc_chgCurrentStateInInitialCsel,text,122
.text.errc_handleErrcStateEnterIdl,text,164
.text.errc_startRandomAccessProc.part.0,text,36
.text.errc_startRandomAccessProc,text,50
.text.errc_handleReestEventCselSucess,text,58
.text.errc_stopSiRead,text,18
.text.errc_getNextStepFromBaList,text,416
.text.errc_getNextStepFromSibAcqBitMap,text,128
.text.errc_getNextCSelStepFromInitialReadSI,text,168
.text.errc_getCselStepInSIDataInd,text,84
.text.errc_getCselStepInCellSearchCnf,text,344
.text.errc_getCselStepInCellSyncCnf,text,120
.text.errc_getCselStepInPwrSweepCnf,text,104
.rodata.errc_getCselStepInMibDataInd.str1.1,rodata,63
.text.errc_getCselStepInMibDataInd,text,560
.text.errc_getCselStepInSITimerOut,text,132
.text.errc_getCelStepInCellStatus,text,28
.text.errc_getNextStepIntraCSelTypeUponResume,text,184
.text.errc_getNextCSelStepFromResumeProc,text,96
.text.errc_checkToStopReadSi,text,40
.text.errc_configTransferEntity,text,248
.text.errc00_02handleErrNewParamReq,text,692
.text.errc_suspendRrcConnection,text,104
.text.errc_releaseRrcConnection,text,52
.text.errc_handleTheRbListUponFullConfig,text,148
.text.errc_handleRadioConfigurationInvolvingFullConfigurationOption,text,28
.text.errc_revertBackRadioResourceConfigOfTheSourcePCell,text,684
.text.errc_revertBackToTheConfigurationUsedInTheSourcePCell,text,168
.text.errc_startRrcConnectionEstablishment,text,144
.text.errc_dualSimToStopSIReadingUponAbort,text,208
.text.errc_actionOfCSelUponAborted,text,176
.text.errc_toSuspendCSelUponAborted,text,22
.text.errc_activateRrcConnectionEstablishment,text,34
.text.errc_receptionOfTheRrcConnectionReject,text,74
.text.errc_runRrcConnEstProc,text,204
.text.errc05_01HandleT300Expiry,text,20
.text.errc05_06HandleCpdcpDataInd,text,168
.text.errc_handleCSelStepCompleteInReadSysInfo,text,448
.text.errc_handleCSelStepComplete,text,284
.text.errc_handleCSelStep,text,256
.text.errc02_02handleTCselMonitorTimerOut,text,56
.text.errc_receivingEabParamModification,text,132
.text.errc_runCSelProcedure,text,168
.text.errc02_11handleRl1cFreqMeasCnf,text,176
.text.errc02_17handleRl1cCellSearchCnf,text,196
.text.errc02_18handleRl1cCellSyncCnf,text,192
.text.errc02_14handleRl1cBandScanCnf,text,212
.text.errc02_15handleRl1cPwrSweepCnf,text,192
.text.errc02_13handleRl1cMibDataInd,text,92
.text.errc02_14handleRl1cSib1DataInd,text,104
.text.errc_handleRl1cSiDataInd,text,96
.text.errc06_15handleRl1cSiDataInd,text,96
.text.errc02_22handleTSiTimerOut,text,76
.text.errc_initiateCellSelProcedure,text,236
.text.errc01_05handleTConnLossCoverage,text,100
.text.errc00_08handleTSiValidityTimerOut,text,72
.text.errc03_02HandleTSimodificationTimerOut,text,76
.text.errc03_26handleRl1cOutOfServiceInd,text,148
.text.errc_isReadSysInfoBeforeEstConn,text,200
.text.errc_handleConnEstEventActive,text,74
.text.errc06_13HandleTSimodificationTimerOut,text,104
.text.errc_checkReadRemainsSiInIdlState,text,112
.text.errc_handleCSelCmpInBetterResel,text,172
.text.errc_checkReadRemainsSiInConnState,text,108
.text.errc_handleSysInfomationModification,text,164
.text.errc03_01handleRl1cPagingDataInd,text,292
.text.errc03_24handleRl1cDirectInd,text,38
.text.errc_handleRcoResumeReq,text,180
.text.errc_judgeForBestCellReSel,text,120
.text.errc_lbsFunStartReadingNcellSIInIdleMode,text,108
.text.errc_lbsFunEventCselComplete,text,92
.text.errc_lbsFunEventAfterIdlMeasInd,text,34
.text.errc_handleReestEventActivate,text,128
.text.errc_runRrcConnectionReestablishProc,text,120
.text.errc01_04handleEmmAsReleaseReq,text,120
.text.errc02_06handleT311TimerOut,text,92
.text.errc05_04HandleT301Expiry,text,8
.rodata.errc06_04HandleT301Expiry.str1.1,rodata,52
.text.errc06_04HandleT301Expiry,text,84
.text.errc_abortCurrentCselProc,text,180
.text.errc00_10handleErrAbortPlmnReq,text,76
.text.errc_handleCSelConflict,text,236
.text.errc_autoCampCurrentCell,text,320
.text.errc_initiateCgiMeasProc,text,224
.text.errc_getCgiPara,text,236
.text.errc_buildTheMapingBetweenMeasObjectAndMeasId,text,200
.rodata.errc_evaluationMeasObjectCell.str1.1,rodata,64
.text.errc_evaluationMeasObjectCell,text,736
.text.errc_handleTheEutranCellNotInMeasResultList,text,176
.text.errc_handleEutranFreqResultConn,text,464
.text.errc_handleTheNeighbourMeasedResultInConn,text,144
.text.errc_lbsFunStartReadingNcellSIInDchMode,text,240
.text.errc_startForceMeasTask,text,288
.text.errc_lbsFunEventAfterDchMeasInd,text,64
.text.errc_handleHoEventActivate,text,128
.text.errc_lbsFunEventTLbsExpiresV2,text,216
.text.errc_lbsFunEventHandler,text,260
.text.errc_handleCSelStepFailInReadSysInfo,text,156
.text.errc_handleCSelStepFail,text,484
.text.errc_handleRl1cIdlMeasInd,text,416
.text.errc_abortCSelCauseReadSysInfo,text,46
.text.errc_getCselStepInSib1DataInd,text,984
.text.errc_toStopReadCgiProc,text,132
.text.errc_actionsUponLeavingRrcConn,text,252
.text.errc_leavingConnToIdl,text,188
.text.errc06_08handleEmmAsReleaseReq,text,64
.text.errc06_31handleRl1cPagingDataInd,text,324
.text.errc_handleCmacDataInactiveInd,text,36
.text.errc07_01handleTRelExpire,text,96
.text.errc07_02handleCmacReleaseAckInd,text,40
.text.errc07_03handleRl1cPagingDataInd,text,288
.text.errc_handleSignalEndUponImsVoiceEnd,text,100
.text.errc_handleEmmAsPsSinnallingEndReq,text,88
.text.errc_handleReestEventAbort,text,148
.text.errc_handleReestEventRelease,text,160
.text.errc_handleReestEventT301Expire,text,20
.text.errc_handleReestEventT311Expire,text,136
.text.errc00_03handleErrDeactReq,text,140
.text.errc_removeMeasurementReportingEntry,text,76
.text.errc_handleMeasObjectToAddModList,text,552
.text.errc_handleReportConfigToAddModList,text,196
.text.errc_handleMeasIdToAddModList,text,268
.text.errc_handelQuantityConfig,text,104
.text.errc_removeMeasId,text,88
.text.errc_handleMeasIdToRemoveList,text,128
.text.errc_removeReportingConfiguration,text,172
.text.errc_handleReportConfigToRemoveList,text,128
.text.errc_updateTheMeasIdValuesDueToHandoverOrSuccessfulReEstablishment,text,162
.text.errc_removeMeasIdWhichTriggerTypeIsPeriodicl,text,64
.text.errc_sentMeasureReport,text,536
.text.errc_handlePeriodicalReportTimerExpiry,text,128
.text.errc_handlePCellMeasResultInConn,text,240
.text.errc06_10handleRl1cPCellMeasInd,text,256
.text.errc_measurementActionsUponHandoverAndReEstablishment,text,124
.text.errc_handleTriggerTimerExpiry,text,324
.text.errc_delTriggerCellUponNoMeasDueToSMeasure,text,184
.text.errc_removeMeasObject,text,224
.text.errc_handleMeasObjectToRemoveList,text,128
.text.errc_saveMeasureConfig,text,220
.text.errc_handleTheContentOfRrcConnectionResume,text,64
.text.errc_applyMeasureConfig,text,56
.text.errc_applyIdlMeasListInConn,text,332
.text.errc_receptionOfTheRrcConnectionSetup,text,236
.text.errc_receptionOfRrcConnReconfigNotIncludingMobilityControlInfo,text,388
.rodata.errc_receptionOfRrcConnectionReestablishment.str1.1,rodata,41
.text.errc_receptionOfRrcConnectionReestablishment,text,232
.text.errc_receptionOfTheRrcConnectionResume,text,336
.text.errc_handleApiErrcGetCellInfoStartReq,text,44
.text.errc_handleApiErrcGetNetInfoReq,text,10
.text.errc_handleApiErrcGetCellInfoStopReq.constprop.0,text,8
.text.errc_handleTLbsExpires.constprop.0,text,8
.text.errc_handleCSelStepCompleteInReestablish,text,80
.text.errc_initiateRrcConnectionReestablish,text,88
.text.errc_initialFastReestablish,text,240
.text.errc06_23handleTFastReestablishExpire,text,80
.text.errc_checkFasterReestablishmentV2,text,612
.text.errc_checkWeakSignalReestablishment,text,600
.text.errc06_07handleRl1cDchMeasInd,text,304
.text.errc_handleHoEventHoFailure,text,74
.rodata.errc_handleHoEventMibInd.str1.1,rodata,61
.text.errc_handleHoEventMibInd,text,392
.text.errc_handleHoEventCellSyncCnf,text,34
.text.errc06_02handleCpdcpIntegrityInd,text,172
.text.errc06_05handleCRl1cStatusInd,text,108
.text.errc06_06handleRl1cRlfStatusInd,text,172
.text.errc06_15handleCmacReestablishInd,text,76
.text.errc_handleRcoAbortReq,text,312
.text.errc01_06handleT311TimerOut,text,92
.text.errc_handleHoEventAccReponse,text,224
.text.errc_runHandoverProcedure,text,112
.text.errc06_14handleT304Expire,text,48
.text.errc06_11handleRl1cCellSyncCnf,text,152
.text.errc06_12handleRl1cMibDataInd,text,40
.text.errc_receptionOfRrcConnReconfigIncludingMobilityControlInfo,text,460
.text.errc_receptionOfRrcConnectionReConfiguration,text,164
.text.errc06_03handleCmacAccStatusInd,text,132
.text.errc06_19handleT321Expire,text,100
.text.errc06_21handleRl1cCgiMeasInd,text,460
.text.errc00_01handleErrActReq,text,184
.text.errc00_17handleEl1AbnormalInd,text,408
.text.errc_handlBlackCellInfoFromBlackList,text,436
.text.errc_handleErrPowerOnReq,text,52
.text.errc_handleApiErrcBlackCellListSetReq,text,164
.text.errc_preHandleWhenInitPlmnSearchInNull,text,28
.text.errc00_09handleErrGetPlmnReq,text,208
.text.errc_oosHandleInRrcConnecEstablishProc,text,212
.text.errc05_08HandleRl1cPCellMeasInd,text,152
.text.errc05_09HandleRl1cOutOfServiceInd,text,6
.text.errc_handleDlCcchMsg,text,176
.text.errc02_23handleEmmAsReleaseReq,text,96
.text.errc_isConnEstConflictWithCsel,text,124
.text.errc_handleEmmAsEstablishReq,text,168
.text.errc05_03HandleCmacAccStatusInd,text,400
.text.errc_handleT48hoursConnEstFailTimerOut.constprop.0,text,16
.text.errc_accState,text,796
.text.errc_spdState,text,752
.text.errc_idlState,text,964
.text.errc_selState,text,936
.text.errc_snwState,text,824
.text.errc_nullState,text,736
.text.errc_mdtReceivingUEInformationResponseCnf,text,92
.text.errc_msgReceivingCnf,text,216
.text.errc06_18handleCrlcDataCnfLte,text,108
.text.errc_relState,text,908
.text.errc_setTheContentOfUeInfomationResponse,text,204
.text.errc_receptionOfUeInfomationRequest,text,52
.text.errc_handleDlDcchMsg,text,144
.text.errc06_01handlePdcpDataInd,text,88
.text.errc_dchState,text,964
.rodata.pcidRange,rodata,32
.rodata.perrcFun.16,rodata,48
.rodata.sibBitMapTab.10,rodata,32
.text.ipc_act_queuehisr,text,12
.text.ipc_act_psNodehisr,text,12
.text.ipc_epdc_msg_handle,text,108
.text.ipc_act_free_thread,text,12
.rodata.ipc_func_open.str1.1,rodata,22
.text.ipc_func_open,text,148
.text.ipc_func_read,text,60
.text.halTimerTick64,text,20
.text.ipc_func_write,text,88
.text.ipc_msg_cache_timeout,text,56
.text.ipc_heap_cache_timeout,text,48
.text.update_ps_header,text,10
.text.ipc_alloc_ul_node_buff,text,44
.text.ipc_free_ps_ul_buf,text,6
.text.ipc_ap_rf_wifi_sentest_on,text,40
.text.ipc_ap_rf_wifi_sentest_off,text,40
.text.ipc_ap_rf_wifi_sentest_set,text,60
.text.ipc_ap_rf_wifi_sentest_get_result,text,44
.text.ipc_ap_rfd_set_rf_powerrange,text,52
.text.ipc_ul_msg_cache,text,160
.text.ipc_free_ul_node_buff,text,40
.text.ipc_free_dl_node_buff,text,40
.text.ipc_queue_tx_handle,text,116
.text.ipc_free_ul_heap_buf,text,4
.text.ipc_free_dl_heap_buf,text,156
.rodata.ipc_func_drv_init.str1.1,rodata,51
.text.ipc_func_drv_init,text,280
.text.ipc_func_disable_ch_irq,text,16
.text.ipc_func_enable_ch_irq,text,16
.text.ipc_queue_rx_handle,text,192
.text.ipc_free_heap_buf_from_peer,text,104
.text.mssc_Init,text,4
.text.mssc_ReleaseMsg,text,44
.text.mssc_Parse,text,180
.text.mssc_MsgParse,text,20
.text.mssc_SignalParse,text,6
.rodata.mssc_TaskParse,rodata,16
.text.mssc_StatusUpdateInd_Busy,text,4
.text.mssc_SrvApplyReq_Busy,text,40
.text.mssc_GiveDsc,text,28
.text.mssc_HandleEvt,text,100
.rodata.mssc_ISrvAbortCnf,rodata,16
.rodata.mssc_ISrvApplyReq,rodata,16
.rodata.mssc_ISrvReleaseInd,rodata,16
.rodata.mssc_ISrvWaitTimExpEvt,rodata,16
.rodata.mssc_IStatusUpdateInd,rodata,16
.rodata.mssc_OSrvApplyCnf,rodata,12
.rodata.mssc_OSrvApplyRej,rodata,12
.rodata.mssc_BUSY,rodata,16
.rodata.mssc_FsmDec,rodata,48
.rodata.mssc_GENE,rodata,16
.rodata.mssc_IDLE,rodata,16
.text.mssc_SrvApplyCnfSend,text,68
.text.mssc_SrvApplyRejSend,text,68
.text.mssc_OngoingConflictCheck,text,180
.text.mssc_PendingConflictCheck,text,64
.text.mssc_SaveApplyReq,text,196
.text.mssc_HandleApplyReq,text,428
.text.mssc_MasterInfoUpdate,text,4
.text.mssc_PsTransAvailCheck,text,180
.rodata.mssc_Construct.str1.1,rodata,45
.text.mssc_Construct,text,152
.text.mssc_SrvReleaseInd_Gene,text,200
.text.mssc_SrvWaitTimExpEvt_Gene,text,4
.text.mssc_StatusUpdateInd_Idle,text,52
.text.mssc_SrvApplyReq_Idle,text,44
.text.mssc_PrepMsg,text,44
.rodata.mssc_SendMsg.str1.1,rodata,4
.text.mssc_SendMsg,text,76
.rodata.nvmWriteStatic.str1.1,rodata,25
.text.nvmWriteStatic,text,68
.text.nvmWriteDynamic,text,88
.text.SaveNvDataShare,text,32
.text.osiTimerCreate_ps,text,76
.text.osiTimerDelete_ps,text,76
.text.osiTimerSetPeriod_ps,text,70
.text.osiTimerSetPeriodTwo_ps,text,70
.text.osiTimerStart_ps,text,52
.text.osiTimerStop_ps,text,132
.text.osiTimerStartLast_ps,text,84
.text.osiTimerIsRunning_ps,text,34
.text.osiTimerRemaining_ps,text,54
.text.pal_CheckImei,text,36
.text.pal_GetFactoryImei,text,60
.text.pal_GetImei,text,44
.text.pal_SaveFactoryImei,text,60
.text.pal_setDefaultImei,text,44
.rodata.g_palDefaultImeiSv_4sim,rodata,36
.text.pal_SimIrqHandler,text,100
.text.pal_SimInit,text,120
.text.pal_SetSimList,text,32
.text.pal_SelectSwitch,text,4
.text.pal_SetSimIndex,text,12
.rodata.pal_EnableSimCard.str1.1,rodata,31
.text.pal_EnableSimCard,text,76
.text.pal_SimSetClockStopMode,text,20
.text.pal_SimSetSimVoltage,text,144
.text.pal_SimSetEtuDuration,text,48
.rodata.pal_SetTS.str1.1,rodata,10
.text.pal_SetTS,text,100
.text.pal_SimClkInv,text,48
.text.pal_SimDeactive,text,34
.rodata.pal_SetUsrVector.str1.1,rodata,8
.text.pal_SetUsrVector,text,84
.text.tgl_wb_FreeUlIpData,text,44
.text.tgl00_163ApplyUlNode,text,28
.text.tgl00_165ApplyUlIpData,text,42
.text.tgl00_166FreeUlIpData,text,4
.text.tgl00_167ApplyDlNode,text,36
.text.tgl00_168FreeDlNode,text,36
.text.tglAllocDlIpDataReserved,text,30
.text.tgl00_169ApplyDlIpData,text,30
.text.tgl_wb_FreeDlIpData,text,40
.text.tgl00_172FreeUlNodeAndData,text,76
.text.tgl00_173FreeDlNodeAndData,text,80
.text.tglAllocUpIpDataFromRtosMem,text,6
.text.tglFreeDlSrbNodeAndData,text,76
.text.tglGetDlIpBuffLen,text,4
.text.tgl00_164FreeUlNode,text,4
.text.osi_aptaskEntry,text,44
.text.osi_obtain_semaphore.part.0,text,16
.text.task_hisr0_entry,text,80
.text.task_hisr1_entry,text,80
.text.osi_create_task,text,136
.text.osi_getCurrentTaskHandle,text,40
.text.osi_sleep_tick,text,32
.text.osi_relinquish,text,10
.text.osi_create_hisr,text,80
.text.osi_activiate_hisr,text,216
.text.osi_create_message,text,96
.text.osi_receive_message,text,44
.text.osi_send_message,text,80
.text.osi_send_message_prior,text,84
.text.osi_delete_message,text,68
.text.osi_get_message_info,text,14
.text.osi_peekSignal,text,34
.text.osi_create_semaphore,text,28
.rodata.osi_init.str1.1,rodata,30
.text.osi_init,text,324
.text.osi_obtain_semaphore,text,42
.text.osi_release_semaphore,text,10
.text.osi_get_semaphore_info,text,12
.text.osi_create_timer_tick,text,180
.text.osi_start_timer_change_tick,text,104
.text.osi_get_remaining_time,text,26
.text.osi_get_remaining_time_tick,text,34
.text.osi_start_timer,text,26
.text.osi_stop_timer,text,18
.text.osi_delete_timer,text,36
.text.osi_get_tick_count,text,20
.text.link_value_judge,text,32
.text.link_value_write,text,22
.text.sxrtimer_track_record,text,112
.text.osi_timeout1,text,224
.text.rtos01_09timerExpirationRoutine,text,576
.text.epdc_thread_proc_func,text,108
.text.process_errc_func,text,72
.rodata.createDualCardTimer.str1.1,rodata,353
.text.createDualCardTimer,text,2008
.rodata.createErrcTimer.str1.1,rodata,253
.text.createErrcTimer,text,1824
.rodata.createAPTthread.str1.1,rodata,253
.text.createAPTthread,text,556
.rodata.createAPTimer.str1.1,rodata,11
.text.createAPTimer,text,104
.text.sxs_Task,text,92
.text.sxs_sbxFromLte,text,12
.text.sxs_SynchOsiHandleToSbx,text,148
.text.sxs_StartAll,text,116
.text.sxs_main,text,22
.rodata.sxs_TaskCfg,rodata,80
.text.sxs_UsimSupported,text,4
.text.sxs_IsExtULTBFSupported,text,4
.rodata.sap_StackDynCfgVal,rodata,2
.text.sap_InitUsr,text,124
.text.sim_MultiSim_Init,text,376
.rodata.sim_Init.str1.1,rodata,7
.text.sim_Init,text,76
.text.sim_ProcessEvt,text,16
.text.sim_Parse,text,316
.rodata.sim_ParseMsg.str1.1,rodata,138
.text.sim_ParseMsg,text,396
.rodata.sim_ParseEvt.str1.1,rodata,138
.text.sim_ParseEvt,text,284
.rodata.sim_TaskParse,rodata,16
.text.sim_GiveEvtdx,text,16
.rodata.sim_ChangeCHVReq_Evt,rodata,16
.rodata.sim_DedicFileStatusReq_Evt,rodata,16
.rodata.sim_DisableCHVRe_Evt,rodata,16
.rodata.sim_ElemFileStatusReq_Evt,rodata,16
.rodata.sim_EnableCHVReq_Evt,rodata,16
.rodata.sim_EnvelopeReq_Evt,rodata,16
.rodata.sim_EvtList,rodata,148
.rodata.sim_IncreaseReq_Evt,rodata,16
.rodata.sim_InvalidateReq_Evt,rodata,16
.rodata.sim_ManageChannelReq_Evt,rodata,16
.rodata.sim_NewSendCmdReq_Evt,rodata,16
.rodata.sim_NewStatusReq_Evt,rodata,16
.rodata.sim_PollOffReq_Evt,rodata,16
.rodata.sim_PollReq_Evt,rodata,16
.rodata.sim_PowerOffReq_Evt,rodata,16
.rodata.sim_ReadBinaryReq_Evt,rodata,16
.rodata.sim_ReadRecordReq_Evt,rodata,16
.rodata.sim_RehabilitateReq_Evt,rodata,16
.rodata.sim_ResetReq_Evt,rodata,16
.rodata.sim_ResumeReq_Evt,rodata,16
.rodata.sim_RetryReq_Evt,rodata,16
.rodata.sim_RetryTimer_Evt,rodata,16
.rodata.sim_RunGsmAlgoReq_Evt,rodata,16
.rodata.sim_RunUmtsAlgoReq_Evt,rodata,16
.rodata.sim_SeekAllReq_Evt,rodata,16
.rodata.sim_SeekReq_Evt,rodata,16
.rodata.sim_SelectApplicationReq_Evt,rodata,16
.rodata.sim_SendCmdReq_Evt,rodata,16
.rodata.sim_SetUsimPbkReq_Evt,rodata,16
.rodata.sim_StatusTimer_Evt,rodata,16
.rodata.sim_StopReq_Evt,rodata,16
.rodata.sim_SuspendReq_Evt,rodata,16
.rodata.sim_TerminalProfileReq_Evt,rodata,16
.rodata.sim_TerminalResponseReq_Evt,rodata,16
.rodata.sim_UnblockCHVRe_Evt,rodata,16
.rodata.sim_UpdateBinaryReq_Evt,rodata,16
.rodata.sim_UpdateRecordReq_Evt,rodata,16
.rodata.sim_VerifyCHVReq_Evt,rodata,16
.text.sim_PollReq,text,168
.text.sim_PollOffReq,text,96
.text.sim_RetryTimer,text,48
.text.sim_StopReq,text,136
.text.sim_CheckResetState,text,252
.text.sim_SetUsimPbkReq,text,72
.text.sim_PowerOffReq,text,112
.text.sim_RetryReq,text,64
.text.sim_SuspendReq,text,80
.text.sim_ResumeReq,text,80
.text.sim_SaveInfo_for_DeepSleep,text,76
.text.sim_RestoreInfo_for_DeepSleep,text,80
.text.Vt_sim_ProcessAPDU,text,848
.text.sim_RunGsmAlgoReq,text,164
.text.sim_RunUmtsAlgoReq,text,156
.text.sim_ReadBinaryReq,text,120
.text.sim_UpdateBinaryReq,text,416
.text.sim_ReadRecordReq,text,120
.text.sim_UpdateRecordReq,text,396
.text.sim_VerifyCHVReq,text,220
.text.sim_ChangeCHVReq,text,136
.text.sim_DisableCHVReq,text,112
.text.sim_EnableCHVReq,text,112
.text.sim_UnblockCHVReq,text,216
.text.sim_InvalidateReq,text,160
.text.sim_RehabilitateReq,text,160
.text.sim_SeekReq,text,116
.text.sim_SeekAllReq,text,176
.text.sim_IncreaseReq,text,116
.text.sim_TerminalProfileReq,text,108
.text.sim_EnvelopeReq,text,108
.text.sim_TerminalResponseReq,text,108
.text.sim_DedicFileStatusReq,text,132
.text.sim_ElemFileStatusReq,text,132
.text.sim_SelectApplicationReq,text,156
.text.sim_NewStatusReq,text,152
.text.sim_SendCmdReq,text,436
.text.sim_NewSendCmdReq,text,248
.text.sim_ManageChannelReq,text,120
.text.Vt_sim_Reset,text,200
.text.sim_ResetReq,text,260
.rodata.Vt_sim_StatusTimer.str1.1,rodata,19
.text.Vt_sim_StatusTimer,text,340
.rodata.sim_StatusTimer.str1.1,rodata,20
.text.sim_StatusTimer,text,232
.text.sim_Interrupt,text,100
.text.sim_SW1TimeOut,text,72
.rodata.sim_AnalyzeATR.str1.1,rodata,46
.text.sim_AnalyzeATR,text,1360
.text.sim_StartPPSProcedure,text,88
.text.sim_StartEnhancedPPSProcedure,text,132
.text.sim_LRC,text,20
.rodata.sim_StartIFSProcedure.str1.1,rodata,24
.text.sim_StartIFSProcedure,text,100
.text.sim_getDefaultContent,text,56
.text.sim_BuildAnswerMessage,text,716
.rodata.sim_DecodeT1ReceivedBytes.str1.1,rodata,28
.text.sim_DecodeT1ReceivedBytes,text,120
.text.sim_TestSW1SW2,text,1344
.rodata.sim_SendT1Instruction.str1.1,rodata,35
.text.sim_SendT1Instruction,text,428
.text.sim_SendInstruction,text,368
.text.sim_SendDataOfInstructionWithInput,text,148
.text.sim_SendOneByteOfData,text,144
.text.sim_InitVar,text,112
.text.sim_ReleaseResource,text,104
.text.sim_CheckVoltageFault,text,96
.text.sim_SetNextVoltage,text,248
.rodata.sim_Reset.str1.1,rodata,130
.text.sim_Reset,text,1280
.text.sim_ProcessInstruction,text,4772
.rodata.sim_AnalyzeReceivedBytes.str1.1,rodata,136
.text.sim_AnalyzeReceivedBytes,text,1176
.text.sim_TimerWaitSw2,text,104
.text.sim_Interrupt_process,text,344
.text.sim_RemoveCard,text,548
.text.pal_SimExistentSetFromIPC,text,36
.text.Sim_Hotswap_Hisr,text,140
.text.pal_SimHotSwapDone,text,52
.text.AtCmdModemSitTest,text,60
.rodata.smc_MO_Connected,rodata,72
.rodata.smc_MO_FSM,rodata,96
.rodata.smc_MO_Gene,rodata,24
.rodata.smc_MO_Idle,rodata,56
.rodata.smc_MO_WaitCpAck,rodata,64
.rodata.smc_MO_WaitEstabCnf,rodata,40
.rodata.smc_MO_WaitNewEstabCnf,rodata,48
.rodata.smc_MT_Connected,rodata,48
.rodata.smc_MT_FSM,rodata,64
.rodata.smc_MT_Gene,rodata,16
.rodata.smc_MT_Idle,rodata,32
.rodata.smc_MT_WaitCpAck,rodata,40
.text.smc_DoNothing,text,4
.text.smc_MOAllState_ReleaseInd,text,72
.text.smc_MOIdle_SmrEstabReq,text,264
.text.smc_MOIdle_TC1M,text,372
.text.smc_MOIdle_AbortReqEvt,text,32
.text.smc_MOWaitEstabCnf_EstabCnf,text,212
.text.smc_MOWaitEstabCnf_EstabErr,text,60
.text.smc_MOWaitEstabCnf_ReleaseReq,text,116
.text.smc_MOWaitEstabCnf_ReleaseInd,text,260
.text.smc_MOWaitCpAck_CpAck,text,172
.text.smc_MOWaitCpAck_TC1M,text,316
.text.smc_MOWaitCpAck_CpError,text,196
.text.smc_MOWaitCpAck_CpData,text,600
.text.smc_MOWaitCpAck_Error97,text,12
.text.smc_MOWaitCpAck_ReleaseReq,text,120
.text.smc_MOWaitCpAck_AbortReq,text,124
.text.smc_MOWaitCpAck_ReleaseInd,text,60
.text.smc_MOConnected_CpData,text,320
.text.smc_MOConnected_ReleaseReq,text,104
.text.smc_MOConnected_AbortReq,text,88
.text.smc_MOConnected_EstabReq,text,100
.text.smc_MOConnected_CpAck,text,12
.text.smc_MOConnected_CpError,text,180
.text.smc_MOConnected_Error97,text,12
.text.smc_MOConnected_DataReq,text,184
.text.smc_MOWaitNewEstabCnf_EstabCnf,text,68
.text.smc_MOWaitNewEstabCnf_ServReqAck,text,28
.text.smc_MOWaitNewEstabCnf_ReleaseReq,text,76
.text.smc_MOWaitNewEstabCnf_EstabErr,text,56
.text.smc_MOWaitNewEstabCnf_ReleaseInd,text,92
.text.smc_MOWaitNewEstabCnf_AbortReq,text,104
.text.smc_MTAllState_ReleaseInd,text,60
.text.smc_MTIdle_CpData,text,196
.text.smc_MTIdle_DataReq,text,180
.text.smc_MTIdle_Error97,text,96
.text.smc_MTConnected_DataReq,text,4
.text.smc_MTConnected_CpAck,text,12
.text.smc_MTConnected_CpData,text,108
.text.smc_MTConnected_CpError,text,156
.text.smc_MTIdle_CpError,text,88
.text.smc_MTConnected_Error97,text,12
.text.smc_MTWaitCpAck_CpAck,text,168
.text.smc_MTWaitCpAck_TC1M,text,292
.text.smc_MTWaitCpAck_CpData,text,156
.text.smc_MTWaitCpAck_CpError,text,188
.text.smc_MTWaitCpAck_Error97,text,12
.text.smc_MTWaitApiReport_AbortReq,text,96
.text.smc_MOConnected_ReleaseInd,text,176
.rodata.smc_FillCpDataHeader.str1.1,rodata,30
.text.smc_FillCpDataHeader,text,148
.text.smc_SendCpAck,text,136
.text.smc_SendCpError,text,140
.rodata.smr_MO_FSM,rodata,80
.rodata.smr_MO_Gene,rodata,24
.rodata.smr_MO_Idle,rodata,40
.rodata.smr_MO_WaitMmaRetrans,rodata,24
.rodata.smr_MO_WaitMmaRpAck,rodata,72
.rodata.smr_MO_WaitRpAck,rodata,72
.rodata.smr_MT_FSM,rodata,48
.rodata.smr_MT_Gene,rodata,16
.rodata.smr_MT_Idle,rodata,32
.rodata.smr_MT_WaitApiReport,rodata,24
.text.smr_DoNothing,text,4
.text.smr_MO_Idle_Init,text,48
.text.smr_MOAllStateExceptIdle_ReleaseInd,text,4
.text.smr_MOAllStateExceptIdle_MMPAbortInd,text,140
.text.smr_MOAllStateExceptIdle_AbortReq,text,84
.text.smr_MOIdle_SmsPPSendReq,text,324
.text.smr_MOIdle_SmsPPSendMMAReq,text,132
.text.smr_MOIdle_SelfSend,text,144
.text.smr_MOWaitRpAck_RpAck,text,124
.text.smr_MOWaitRpAck_EstabErr,text,124
.text.smr_MOWaitRpAck_TR1M,text,104
.text.smr_MOWaitRpAck_TR1MRe,text,100
.text.smr_MOWaitRpAck_SmcErrorInd,text,96
.text.smr_MOWaitRpAck_RpError,text,172
.text.smr_MOWaitRpAck_Error95,text,28
.text.smr_MOWaitRpAck_Error97,text,28
.text.smr_MOWaitRpAck_RpData,text,44
.text.smr_MOWaitMMARpAck_RpAck,text,112
.text.smr_MOWaitMMARpAck_TR1M,text,140
.text.smr_MOWaitMMARpAck_EstabErr,text,84
.text.smr_MOWaitMMARpAck_SmcErrorInd,text,52
.text.smr_MOWaitMMARpAck_RpError,text,180
.text.smr_MOWaitMMARpAck_Error95,text,28
.text.smr_MOWaitMMARpAck_Error97,text,28
.text.smr_MOWaitMMARpAck_RpData,text,28
.text.smr_MOWaitMMARpAck_AbortMMA,text,40
.text.smr_MOWaitRetransMMA_TRAM,text,92
.text.smr_MOWaitRetransMMA_SmcErrorInd,text,52
.text.smr_MOWaitRetransMMA_AbortMMA,text,40
.text.smr_MTAllState_ReleaseInd,text,36
.text.smr_MTIdle_RpData,text,144
.text.smr_MTIdle_SmcErrorInd,text,44
.text.smr_MTIdle_Error95,text,56
.text.smr_MTIdle_Error97,text,56
.text.smr_MTWaitApiReport_SmsPPAckReq,text,112
.text.smr_MTWaitApiReport_SmsPPErrorReq,text,128
.text.smr_MTWaitApiReport_TR2M,text,84
.text.smr_FillRpDataHeader,text,144
.text.smr_FillRpSMMAHeader,text,72
.text.smr_FillRpAckHeader,text,148
.text.smr_FillRpErrorHeader,text,192
.text.smr_SendSmsPPAckInd,text,116
.text.smr_SendSmsPPErrorInd,text,188
.text.smr_SendRpError,text,80
.text.smr_TestTemporyFailureIndication,text,34
.text.smr_CheckTPDU,text,56
.text.sms_Init,text,148
.text.sms_ProcessEvt,text,200
.text.sms_Parse,text,116
.text.sms_ParseMsg,text,104
.text.sms_ParseSignal,text,48
.text.sms_SetReSend,text,32
.rodata.sms_TaskParse,rodata,16
.text.sms_GiveEvtdx,text,16
.rodata.smc_mmCpAckEvt,rodata,16
.rodata.smc_mmCpDataEvt,rodata,16
.rodata.smc_mmCpErrorEvt,rodata,16
.rodata.smc_mmDataIndEvt,rodata,16
.rodata.smc_mmDataReqEvt,rodata,12
.rodata.smc_mmEpsDataIndEvt,rodata,16
.rodata.smc_mmError97Evt,rodata,16
.rodata.smc_mmEstabCnfEvt,rodata,16
.rodata.smc_mmEstabErrEvt,rodata,16
.rodata.smc_mmEstabIndEvt,rodata,12
.rodata.smc_mmEstabReqEvt,rodata,12
.rodata.smc_mmReleaseIndEvt,rodata,16
.rodata.smc_mmReleaseReqEvt,rodata,12
.rodata.smc_mmServReqAckEvt,rodata,16
.rodata.smc_mmpAbortIndEvt,rodata,16
.rodata.smc_mmpDataIndEvt,rodata,16
.rodata.smc_mmpDataReqEvt,rodata,12
.rodata.smc_smcMOTC1MExpEvt,rodata,16
.rodata.smc_smcMTTC1MExpEvt,rodata,16
.rodata.smc_smrEstabReqEvt,rodata,16
.rodata.smc_smrMOAbortReqEvt,rodata,16
.rodata.smc_smrMODataReqEvt,rodata,16
.rodata.smc_smrMOReleaseReqEvt,rodata,16
.rodata.smc_smrMTAbortReqEvt,rodata,16
.rodata.smc_smrMTDataReqEvt,rodata,16
.rodata.smr_OutSelfSendEvt,rodata,12
.rodata.smr_SelfSendEvt,rodata,16
.rodata.smr_apiAckIndEvt,rodata,12
.rodata.smr_apiErrorIndEvt,rodata,12
.rodata.smr_apiReceiveIndEvt,rodata,12
.rodata.smr_apiSmsPPAbortMMAReqEvt,rodata,16
.rodata.smr_apiSmsPPAbortReqEvt,rodata,16
.rodata.smr_apiSmsPPAckReqEvt,rodata,16
.rodata.smr_apiSmsPPErrorReqEvt,rodata,16
.rodata.smr_apiSmsPPSendMMAReqEvt,rodata,16
.rodata.smr_apiSmsPPSendReqEvt,rodata,16
.rodata.smr_smcDataIndEvt,rodata,16
.rodata.smr_smcError95Evt,rodata,16
.rodata.smr_smcError97Evt,rodata,16
.rodata.smr_smcEstabErrEvt,rodata,16
.rodata.smr_smcMOErrorIndEvt,rodata,16
.rodata.smr_smcMTErrorIndEvt,rodata,16
.rodata.smr_smcRpAckEvt,rodata,16
.rodata.smr_smcRpDataEvt,rodata,16
.rodata.smr_smcRpErrorEvt,rodata,16
.rodata.smr_smrTR1MExpEvt,rodata,16
.rodata.smr_smrTR1MReExpEvt,rodata,16
.rodata.smr_smrTR2MExpEvt,rodata,16
.rodata.smr_smrTRAMExpEvt,rodata,16
.rodata.sms_EvtList,rodata,124
.text.sms_PrepMsg,text,132
.rodata.sms_SendMsg.str1.1,rodata,4
.text.sms_SendMsg,text,216
.text.sms_StartTimer,text,112
.text.sms_StopTimer,text,64
.text.sms_RouteMmEpsMsgReq,text,264
.text.sms_DataInd,text,316
.text.sms_RouteMmDataInd,text,20
.text.sms_RouteMmEpsDataInd,text,20
.text.sms_RouteMmpDataInd,text,20
.text.smr_DataInd,text,316
.text.sms_RouteReleaseInd,text,132
.text.sms_RouteAbortInd,text,84
.text.sms_path_with_Conntction,text,12
.text._sxr_HFree,text,92
.text.sxr_Malloc,text,66
.text.sxr_Link,text,38
.text._sxr_Free,text,4
.text.sxr_TakeMutex,text,220
.text.sxr_ReleaseMutex,text,228
.text.sxr_InitQueue,text,120
.text.sxr_FreeQueueEnv,text,36
.text.sxr_QueueGetFirst,text,72
.text.sxr_QueueGetNext,text,116
.text.sxr_QueueRmvCur,text,156
.text.sxr_QueueRmv,text,92
.text.sxr_QueueGetCurPos,text,60
.text.sxr_QueueSetCurPos,text,88
.text.sxr_CheckQueue,text,276
.text.sxr_CheckAllQueues,text,18
.text._sxr_NewQueue,text,100
.text.sxr_GetQueueEnv,text,116
.text._sxr_QueueFirst,text,116
.text._sxr_QueueNext,text,172
.text._sxr_QueueLast,text,68
.text.sxr_Send,text,220
.text.sxr_WaitEx,text,148
.text.sxr_Wait,text,8
.text.sxr_SbxHot,text,36
.rodata.sxr_RmvMsgFromMbx.str1.1,rodata,39
.text.sxr_RmvMsgFromMbx,text,304
.text.sxr_TakeSemaphore,text,20
.text.sxr_ReleaseSemaphore,text,16
.text.osi_functionTimerExpiration,text,92
.text.osi_mbxTimerExpiration,text,100
.rodata.sxr_SetTimer.str1.1,rodata,41
.text.sxr_SetTimer,text,308
.text._sxr_StartFunctionTimer,text,60
.rodata.sxr_DeleteComplexTimer.str1.1,rodata,16
.text.sxr_DeleteComplexTimer,text,180
.text.sxr_DeleteTimer,text,16
.text.sxs_StopTimer,text,92
.text.sxs_StartTimer,text,88
.text.sxs_StopAllTimer,text,92
.text._sxr_StopFunctionTimer,text,40
.text.sxr_TimerQuery,text,116
.text.sxs_ExistTimer,text,32
.rodata.sxr_StartTask.str1.1,rodata,17
.text.sxr_StartTask,text,92
.text.osi_getAvailTaskHandle,text,36
.text.osi_getSxrIdFromTaskHandle,text,36
.text.sxr_Sleep,text,4
.text.sxs_Dump_IpcLteMsg,text,2
.text.sxs_Dump_IpcGsmMsg,text,2
.text.SXS_IPC_Get_ProcessIdFromSbx,text,4
.text.__assert,text,8
.rodata.hal_SysInvalidateCache.str1.1,rodata,33
.text.hal_SysInvalidateCache,text,40
.text.sxr_MemoryAlertDispatchRegistration,text,2
.text.sxr_MutexInit,text,52
.text.sxr_NewMutex,text,80
.text.sxr_ChkMutex,text,72
.text.sxr_CheckMutex,text,18
.text.sxr_SbxInit,text,56
.rodata.sxr_NewMailBox.str1.1,rodata,26
.text.sxr_NewMailBox,text,84
.text.sxr_FreeMailBox,text,16
.rodata.sxr_NewSemaphore.str1.1,rodata,29
.text.sxr_NewSemaphore,text,72
.text.sxr_SetSbxHandle,text,16
.text.sxr_GetSbxQueueNumber,text,36
.text.sxr_InitTimerValue,text,44
.text.sxr_TkSdInit,text,48
.rodata.sxr_NewTask.str1.1,rodata,23
.text.sxr_NewTask,text,68
.text.sxr_StartScheduling,text,12
.rodata.sxr_GetTaskNameById.str1.1,rodata,28
.text.sxr_GetTaskNameById,text,36
.rodata.sxr_ChkTask.str1.1,rodata,13
.text.sxr_ChkTask,text,52
.text.sxr_CheckTask,text,18
.text.tgl00_00initGlobalVariables,text,12
.text.tgl00_01tracePsSysVersion,text,8
.text.tgl_GetPsLpsKeyTimerRemainLenV2AP,text,116
.text.tgl00_28GetRFBindValueInNvmWithIndex,text,56
.rodata.createAPCPQueueAP.str1.1,rodata,57
.text.createAPCPQueueAP,text,276
.rodata.createQueueAP.str1.1,rodata,24
.text.createQueueAP,text,132
.rodata.tgl00_98tracePsVersionInfoAP.str1.1,rodata,47
.text.tgl00_98tracePsVersionInfoAP,text,120
.text.tgl00_51initPsAP,text,84
.text.sys_InitPs_AP,text,58
.text.tgl00_04PrepMsgToGsm,text,34
.text.tgl00_05SendMsgToGsm,text,8
.text.tgl00_05SendToAPI,text,4
.text.tgl00_06ToUpper,text,14
.rodata.tgl00_08initEqv_ps.str1.1,rodata,9
.text.tgl00_08initEqv_ps,text,120
.text.tgl00_10IsPocProduct,text,48
.text.tgl00_16isRfSupportLteBand,text,112
.text.tgl00_17isLockLteBand,text,96
.text.tgl00_18isSupportLteFreq,text,108
.text.tgl00_19calFreqBand,text,4
.text.tgl00_24initAPTimerValue,text,528
.text.tgl00_40imeiORimeisvCheck,text,148
.text.tgl00_41AssembleImeiandImeisv,text,144
.text.tgl00_39GetImeiAndImeisv,text,108
.text.tgl00_49cleanQueue,text,140
.text.tgl00_50SavePs,text,232
.rodata.tgl00_50RestorePs.str1.1,rodata,110
.text.tgl00_50RestorePs,text,272
.text.tgl00_50SetShutOffType,text,4
.text.tgl00_50GetShutOffType,text,4
.text.checkNvmPara,text,60
.text.tgl00_53SendPsmSleepFlagToLps,text,22
.rodata.tgl00_98tracePsVersionInfo.str1.1,rodata,39
.text.tgl00_98tracePsVersionInfo,text,120
.text.tgl00_54initPs_withoutShutoff,text,14
.text.tgl00_12random,text,34
.rodata.s_tgl_f8_config,rodata,8
.text.APLogMsg,text,38
.text.TRA_ModemLogStopSet,text,44
.text.TRA_ModemLogPortSet,text,40
.text.Usim_DecodeDataLength,text,46
.text.Usim_DecDirFileDescriptor,text,40
.text.Usim_DecDirId,text,80
.text.Usim_DecDfName,text,80
.text.Usim_DecUiccCharacteristics,text,112
.text.Usim_DecAppPowerConsumption,text,56
.text.Usim_DecMinClockFrequency,text,22
.text.Usim_DecMemAvailable,text,14
.text.Usim_DecProprietaryInfo,text,110
.text.Usim_DecDirSecurityAttributes,text,40
.text.Usim_DecUsageQualifier,text,46
.text.Usim_SetPinStatus,text,132
.text.Usim_DecKeyReference,text,44
.text.Usim_DecPinStatusTemplateDO,text,188
.text.Usim_DecLifeCycleStatus,text,84
.text.Usim_DecodeDFFcp,text,280
.text.Usim_DecodePbrRecord,text,1120
PROGRAM,ignore,22464
.sramcachetext,text,704
.constdata,ignore,332
.data.environ,data,4
.data.tzinfo,data,88
.data._impure_ptr,data,4
.data.impure_data,data,1064
.data.numempty,data,2
.data.__global_locale,data,364
.data._tzname,data,8
.data.ql_audio_tone_cfg_param_table,data,12
.data.ql_tone_mg,data,4
.data.ql_longpress_time,data,4
.data.ql_psm_wakeup_pin_cfg,data,2
.data.ql_psm_wakeup_pin_cfg_param_table,data,12
.data.ql_shutdown_time,data,4
.data.qsclkex_cfg,data,6
.data.quec_usb_current_setting,data,28
.data.quec_gnss_cfg_table,data,8
.data.q_usbnet_connect_ctx,data,24
.data.ql_usbnet_connect_ctx_table,data,36
.data.ql_usbnet_is_1st_conn,data,1
.data.ql_adc_scale,data,2
.data.ql_log_cfg,data,1
.data.ql_datacall_auto_auth_param_table,data,12
.data.ql_datacall_ext_device,data,32
.data.ql_datacall_psm_pdp_linkmode,data,14
.data.ql_nat_assign_cfg_param_table,data,24
.data.ql_nat_subnet_cfg_param_table,data,24
.data.ql_qdmz_cfg,data,16
.data.ql_qdmz_cfg_param_table,data,60
.data.ql_datatransmit_feed_wdt,data,1
.data.ql_dump_config,data,6
.data.ql_dump_file_path,data,4
.data.fota_updata_urc_num,data,2
.data.ql_file_type_list,data,192
.data.ql_support_sfs_list,data,8
.data.g_ftp_error_format,data,4
.data.stat_formats,data,8
.data.ql_gI2cMaster,data,36
.data.ql_keymap_matrix,data,36
.data.ql_brightness_isink,data,5
.data.last_data_info.59021,data,32
.data.last_net_status.58456,data,2
.data.last_net_type.58457,data,2
.data.last_signal_info.59022,data,32
.data.last_voice_info.59020,data,32
.data.ql_data_count_cfg_param_table,data,72
.data.ql_esmfail_times,data,2
.data.ql_network_cfg_param_table,data,24
.data.ql_nw_at_cause_tab,data,72
.data.ql_nw_cxreg_mode_table,data,12
.data.quecEsmFailTimes_table,data,12
.data.quec_ue_stat_config,data,1
.data.quec_ue_stat_config_table,data,12
.data.plmn_list,data,288
.data.TASK_PRIO_MAX,data,4
.data.TASK_STACK_SIZE_MAX,data,4
.data.SW_DOG_MISSED_MAX_CNT,data,4
.data.ql_pwm_name,data,192
.data.month_days,data,48
.data.week_days,data,28
.data.ql_sim_ds_nv_cfg,data,2
.data.ql_sim_ds_nv_cfg_table,data,24
.data.ql_sim_hotplug_debounce_cfg_table,data,24
.data.ql_sim_psm_wakeup,data,16
.data.quec_cfw_init_done,data,8
.data.g_ConcatSmsCtx,data,8
.data.spi_nand_opt,data,32
.data.quec_cur_flash_index,data,8
.data.autobaud_list_size,data,4
.data.baud_list_size,data,4
.data.cbaud_list_size,data,4
.data.g_uart_cfg,data,144
.data.g_uart_event_mask,data,36
.data.ql_usb_cfg_param_table,data,84
.data.ql_ecmHostMac_cfg_param_table,data,12
.data.ql_wifiscan_param,data,60
.data.dtls_buffer_size,data,4
.data.mob_imeisv_svn,data,3
.data.mob_intra_sw_rev,data,25
.data.mob_sw_rev,data,25
.data.ql_at_current_cfg_param_table,data,24
.data.ql_svn_cfg_tbl_param_table,data,12
.data.ql_usb_current_setting_table,data,48
.data.ql_wdt_cfg_param_table,data,12
.data.quec_config_type_tbl,data,104
.data.quec_uart_current_setting,data,120
.data.ql_qceercatcfg_cfg,data,12
.data.quectel_qnwcfg_cmd_tbl,data,108
.data.quectel_qnwlock_cmd_tbl,data,24
.data.ql_ccho_cfg_param_table,data,12
.data.ql_creg_mode_table,data,12
.data.ql_creg_report_emergency_cfg_param_table,data,12
.data.ql_qcellinfo_cfg_param_table,data,12
.data.ql_qoos_cfg_param_table,data,12
.data.quec_creg_report_emergency,data,1
.data.quectel_cfg_cmd_tbl,data,348
.data.ql_cp_valid_device_table,data,24
.data.quec_cp_valid_device,data,1
.data.quectel_dbgcfg_cmd_tbl,data,240
.data.quectel_ftest_cmd_tbl,data,24
.data.quec_qesim_cmd_tbl,data,24
.data.g_quec_cam_info_table,data,8
.data.g_quec_camera_type,data,1
.data._net_status,data,4
.data._net_type,data,4
.data.Curl_ccalloc,data,4
.data.Curl_cfree,data,4
.data.Curl_cmalloc,data,4
.data.Curl_crealloc,data,4
.data.Curl_cstrdup,data,4
.data.Curl_ssl,data,4
.data.available_backends,data,8
.data.aes_key,data,16
.data.agps_compatible_file_name,data,9
.data.agps_file_name,data,63
.data.ql_gps_cfg_param_table,data,228
.data.method_name.24720,data,105
.data.drv_index,data,216
.data.quec_sleep_main_lock,data,4
.data.utf8_valid_ranges,data,108
.data.g_fota_def_path,data,4
.data,data,63284
.data.gPocMasterCard,data,4
.data.sim_operation_mode,data,2
.data.gPrePmInfo,data,2
.data.quec_at_ecc_current,data,80
.data.EfuseLicenseStatus,data,1
.data.g_edrx_type,data,1
.data.gAutoSwitch,data,1
.data.gPSMNotifyFlag,data,1
.data.g_CSCON_access,data,1
.data.g_CSCON_state,data,1
.data.last_act_type.24251,data,1
.data.last_edrx_info.24250,data,6
.data.sState.24171,data,2
.data.auto_process,data,1
.data.bip_buffer_size,data,2
.data.bip_protocol,data,1
.data.bip_type,data,1
.data.none_contents_6fe3,data,4
.data.gSmsStatusCfwToAt,data,72
.data.quec_sms_count,data,2
.data.ATssAllCallRestrictionCode,data,4
.data.ATssAllCondForwardingCode,data,4
.data.ATssAllForwardingCode,data,4
.data.ATssBaicCode,data,3
.data.ATssBaocCode,data,3
.data.ATssBarringOfIncomingCode,data,4
.data.ATssBicroamCode,data,4
.data.ATssBoicCode,data,4
.data.ATssBoicExhcCode,data,4
.data.ATssCfbCode,data,3
.data.ATssCfnrcCode,data,3
.data.ATssCfnryCode,data,3
.data.ATssCfuCode,data,3
.data.ATssClipCode,data,3
.data.ATssClirCode,data,3
.data.ATssCnapCode,data,4
.data.ATssColpCode,data,3
.data.ATssColrCode,data,3
.data.ATssCwCode,data,3
.data.cvs_rxVolume,data,4
.data.cvs_txVolume,data,4
.data.g_sampleRate,data,4
.data.g_audSerialCfg,data,20
.data.CODEC_ModeList,data,320
.data.s_codec_mode_num,data,4
.data.CVS_ModeList,data,256
.data.s_cvs_mode_num,data,4
.data.g_audClkFlag,data,1
.data.g_codecMClkFlag,data,1
.data.g_halAifActiveDai,data,2
.data.g_iisPllIntVal,data,4
.data.quec_boot_spi6_pin_cfg_map,data,248
.data.ext_flash_gpio_cfg_pad_reg,data,24
.data.ext_flash_gpio_cfg_reg,data,24
.data.gPartInfo_extflash,data,112
.data.ql_spi6_clk_div,data,1
.data.quec_skip_spi6_ext_nor_flash_init,data,1
.data.gUTIStartPoint,data,1
.data.gInitWithSim,data,2
.data.IND_EVENT_general,data,4
.data.MemoryInfo,data,34
.data.OperatorInfoSize,data,4
.data.SpecialOperatorInfoSize,data,4
.data.CfwGprsEpcoCfg,data,66
.data.gprs_flow_ctrl_G,data,2
.data.PADDING,data,64
.data.gCFWNWRat,data,2
.data.gInitStack,data,2
.data.last_ps_status,data,1
.data.pgGprsCidNum,data,4
.data.gPsmPowerOn,data,1
.data.g_nStatus,data,2
.data.nMEProfileSIM,data,38
.data.nMEProfileUSIM,data,38
.data.sim_req_list,data,160
.data.uicc_cmd_list,data,2832
.data.usim_req_list,data,252
.data.usim_wakeup_list,data,28
.data.PbkRecordNum.2,data,4
.data.PinNum.0,data,4
.data.UsimFirst4F,data,1
.data.UsimFirstEF,data,1
.data.gSimStatus,data,8
.data.gTempPin,data,12
.data.CallControlDownload,data,6
.data.gCfwSatIndFormate,data,1
.data.g_cfw_sms_max_num,data,4
.data.gSmsGprsService,data,1
.data.gDuserials,data,696
.data.gAonIfcManager,data,12
.data.gApIfcManager,data,12
.data.gLpsIfcManager,data,12
.data.quec_auto_sleep_delay,data,4
.data.quec_enter_sleep_delay,data,4
.data.ql_keypad_config,data,2
.data.ql_lcd_config,data,16
.data.g_lcd_st7789h2,data,32
.data.g_lcd_st7789v,data,32
.data.gDrvRng,data,8
.data.prvGetSerial,data,4
.data.gDrvSpiFlashCtx,data,136
.data.ecm_cdc_header_desc,data,5
.data.ecm_control_intf_desc,data,9
.data.ecm_data_intf_desc,data,9
.data.ecm_data_none_intf_desc,data,9
.data.ecm_desc,data,13
.data.ecm_ep_in_desc,data,7
.data.ecm_ep_notify_desc,data,7
.data.ecm_ep_out_desc,data,7
.data.ecm_iad_desc,data,8
.data.ecm_string,data,40
.data.ecm_union_desc,data,5
.data.call_mgmt_descriptor,data,5
.data.header_desc,data,5
.data.rndis_acm_descriptor,data,4
.data.rndis_control_intf,data,9
.data.rndis_data_intf,data,9
.data.rndis_ep_in_desc,data,7
.data.rndis_ep_out_desc,data,7
.data.rndis_iad_descriptor,data,8
.data.rndis_notify_ep_desc,data,7
.data.rndis_string_defs,data,32
.data.rndis_union_desc,data,5
.data.generic_serial_str,data,8
.data.mtp_rx_ep,data,1
.data.cops_string_defs,data,24
.data.bf20a6Info,data,96
.data.gcCamCLK,data,96
.data.bf30a2Info,data,96
.data.gc0310Info,data,96
.data.gc032aInfo,data,96
.data.g_cam_index,data,1
.data.pCamRegInit,data,16
.data.adcEffusePara,data,22
.data.scale_23_calibrated,data,1
.data.chg_param,data,14
.data.module_state,data,32
.data.pre_percentum.41902,data,2
.data.g_lcd_index,data,1
.data.lcd_cfg_tab,data,16
.data.ql_lcd_bwscreen_index,data,1
.data.ql_lcd_bwscreen_tab,data,4
.data.g_lcd_gc9305,data,32
.data.g_lcd_st7735s,data,32
.data.SecEnable,data,2
.data.quec_lock_allow,data,1
.data.g_vfs_curr_dir,data,192
.data.gFsScenario,data,1
.data.gFupdatePackFileName,data,4
.data.gFupdateSignFileName,data,4
.data.gFupdateStageFileName,data,4
.data.gFupdateTempFileName,data,4
.data.gBlueScreenInfo,data,90
.data.Pm2ConfigInfo,data,696
.data.gClkRc26mCalibFreq,data,4
.data.gClkRc26mFreq,data,4
.data.gClkRc26mTargetFreq,data,4
.data.rc26m_div,data,4
.data.g_gouda_fmark_delay,data,4
.data.ql_lcd_is_reset,data,1
.data.g_pmdLdoProfileSetting5,data,2
.data.g_pmdLdoSettings,data,2
.data.key_ref,data,4
.data.quec_boot_protect_magic,data,4
.data.gFunProp,data,1076
.data.ql_SpiFlashProps,data,580
.data.ql_SpiFlashPropsLen,data,4
.data.global_hooks,data,12
.data.gBsWatchdogReset,data,1
.data.gSysnvDeepSleepEnabled,data,1
.data.gSysnvDiagDevice,data,4
.data.gSysnvImsLogOutput,data,1
.data.gSysnvNwRatMode,data,4
.data.gSysnvPmicWdtFeedPeriod,data,4
.data.gSysnvSysWdtFeedPeriod,data,4
.data.gSysnvTraceDevice,data,4
.data.gSysnvTraceEnabled,data,1
.data.gSysnvUsbWorkMode,data,4
.data.gLcdPanels,data,12
.data.sNAT_ICMP_TTL,data,2
.data.sNAT_TCP_TTL,data,2
.data.sNAT_UDP_TTL,data,2
.data.reachable_time,data,4
.data.retrans_timer,data,4
.data.quec_lwip_tcp_max_rtx,data,4
.data.quec_lwip_tcp_rto_init,data,4
.data.quec_lwip_tcp_syn_max_rtx,data,4
.data.iss.16157,data,4
.data.tcp_port,data,2
.data.udp_port,data,2
.data.one.8490,data,4
.data.Rp.8313,data,8
.data.Rp.8317,data,8
.data.Rp.8321,data,8
.data.one.8093,data,4
.data.mbedtls_calloc_func,data,4
.data.mbedtls_free_func,data,4
.data.memset_func,data,4
.data.ssl_preset_default_hashes,data,24
.data.ssl_preset_suiteb_ciphersuites,data,12
.data.ssl_preset_suiteb_curves,data,3
.data.ssl_preset_suiteb_hashes,data,12
.data.cp936Chset,data,24
.data.gsmChset,data,24
.data.iraChset,data,24
.data.iso8859_1Chset,data,24
.data.utf16beChset,data,24
.data.utf16leChset,data,24
.data.utf8Chset,data,24
.data.dhcpv6_info_dns,data,50
.data.gNetIntf,data,44
.data.hd_gnss_ctx,data,14
.data.ql_audio_iic_channel,data,1
.data.ql_cam_iic_ch,data,1
.data.ql_cam_mclk_freq,data,4
.data.ql_codec_clk_source,data,1
.data.ql_model_diff_ctx,data,12
.data.ql_model_feature_ctx,data,52
.data.ql_pin_set,data,6
.data.qrftest_labels,data,252
.data.g_codec_cfg,data,84
.data.g_es8311CloseRegList,data,56
.data.g_es8311InitRegList,data,104
.data.g_es8311PlayRegList,data,4
.data.g_es8311Samp11kRegList,data,16
.data.g_es8311Samp16kRegList,data,16
.data.g_es8311Samp22kRegList,data,16
.data.g_es8311Samp32kRegList,data,16
.data.g_es8311Samp48kRegList,data,80
.data.g_es8311Samp8kRegList,data,16
.data.g_es8311SampMclkList,data,36
.data.g_es8374CloseRegList,data,76
.data.g_es8374InitRegList,data,80
.data.g_es8374PlayRegList,data,20
.data.g_es8374ResetRegList,data,8
.data.g_es8374Samp11kRegList,data,24
.data.g_es8374Samp16kRegList,data,24
.data.g_es8374Samp22kRegList,data,24
.data.g_es8374Samp32kRegList,data,24
.data.g_es8374Samp48kRegList,data,24
.data.g_es8374Samp8kRegList,data,24
.data.ql_port_max_binary_point_value,data,1
.data.ql_thread_local_userdata_id,data,1
.data.uxTopUsedPriority,data,4
.data.quec_spi_nor_flash_props,data,200
.data.u8FID,data,1
.data.gSrvWdt,data,8
.data.DICT_SIZE,data,4
.data.g_Alloc,data,8
.data._avoidMultiOpenConflict,data,1
.data.sha256_padding,data,64
.data.Api_Fsm,data,32
.data.a_version.0,data,67
.data.hisr_lte_f8_cmdf8_handle,data,4
.data.hisr_lte_f8_cmdf9_handle,data,4
.data.hisr_lte_f8_datadownlink_handle,data,4
.data.hisr_lte_f8_datauplink_handle,data,4
.data.g_halIfcRxChan,data,2
.data.g_halIfcTxChan,data,2
.data.g_halSimSystemFreq,data,4
.data.g_halSimUserMask,data,4
.data.g_osi_handle_dhi_sim_hotswap_hisr,data,4
.data.a_version.7,data,27
.data.chnPlmnList.3,data,52
.data.indiaPlmnList.5,data,208
.data.plmnList.2,data,96
.data.sgpPlmnList.4,data,28
.data.virtual_plmn_list.6,data,260
.data.a_version.15,data,36
.data.isReadingNewCell.11,data,2
.data.lastReportRsrp.14,data,4
.data.lastReportRssi.13,data,4
.data.p_errc_eutranEventTrace,data,36
.data.p_errc_stateTrace,data,52
.data.p_errc_timerTrace,data,152
.data.psSignallingType.8,data,2
.data.sema_epdc_msg,data,4
.data.sema_free_mem,data,4
.data.task_edpc_msg,data,4
.data.task_free_mem,data,4
.data.mssc_Fsm,data,16
.data.g_Sim0VoltLevel,data,1
.data.g_Sim1VoltLevel,data,1
.data.g_Sim2VoltLevel,data,1
.data.g_Sim3VoltLevel,data,1
.data.g_TS,data,4
.data.g_palEtuClkInvFlag,data,4
.data.g_palSimList,data,2
.data.hisr_sim,data,4
.data.sap_StackCfgDefal,data,64
.data.india_iccid,data,10
.data.Dummy_ACC_BinaryData,data,2
.data.Dummy_AD_StatusData,data,15
.data.Dummy_LOCI_BinaryData,data,11
.data.Dummy_LOCI_StatusData,data,15
.data.Dummy_SST_BinaryData,data,9
.data.Dummy_SST_StatusData,data,15
.data.default_content,data,128
.data.g_D,data,16
.data.g_F,data,32
.data.g_Usim_flag,data,4
.data.g_sim_existent_flag,data,1
.data.g_sim_status,data,4
.data.ktims_iccid,data,10
.data.sim_ElementaryFileAddress,data,904
.data.sim_FilePath,data,1356
.data.sim_FilePathLength,data,226
.data.smc_MO_Fsm,data,32
.data.smc_MT_Fsm,data,32
.data.smr_MO_Fsm,data,32
.data.smr_MT_Fsm,data,32
.rwkeep,data,58
.srambss,bss,96
.bss.debug_32k,bss,4
.bss.gCpuSuspendCtx,bss,12864
COMMON,bss,110081
.bss.gProfileBuf,bss,49152
.bss.gProfileCtx,bss,16
.bss.gProfileInfo,bss,16
.bss.prev_tick.42660,bss,4
.bss.gOsiEpochOffset,bss,8
.bss.gOsiLocalOffset,bss,8
.bss.gOsiUpTimeOffset,bss,8
.bss.LightSleepWakeup_timer,bss,4
.bss.gOsiPmCtx,bss,48
.bss.gOsiPsmCtx,bss,24
.bss.gPsmDataBuf,bss,28672
.bss.gSysnvCalibTraceEnabled,bss,1
.bss.gSysnvFstraceMask,bss,4
.bss.gSysnvLogOutput,bss,4
.bss.gSysnvNATCfg,bss,4
.bss.gSysnvPm2GpioInd,bss,1
.bss.gSysnvPm3GpioInd,bss,1
.bss.gSysnvPoffChargeEnable,bss,1
.bss.gSysnvPsmSleepEnabled,bss,1
.bss.gSysnvSelfRegisterEnabled,bss,4
.bss.gSysnvSimHotPlug,bss,1
.bss.gSysnvSimVoltTrigMode,bss,1
.bss.gSysnvUsbDetMode,bss,4
.bss.gSysnvUsbMode,bss,1
.bss.gOsiChipCtx,bss,16
.bss.gBlueScreenHandlers,bss,144
.bss.gIsPanic,bss,1
.bss.gIsPanicCount,bss,4
.bss.gIrqCount,bss,516
.bss.gOsiIrqBody,bss,1032
.bss.gOsiIrqCtx,bss,348
.bss.gOsiClockCtx,bss,40
.bss.gOsiDefaultHeap,bss,4
.bss.gOsiHeapIndex,bss,1
.bss.gOsiHeaps,bss,64
.bss.gOsiMemRecordPos,bss,4
.bss.gTraceEnabled,bss,1
.bss.gFsWq,bss,4
.bss.gHighWq,bss,4
.bss.gLowWq,bss,4
.bss.gTraceBuf,bss,196608
.bss.gTraceCtx,bss,696
.bss.buffIndex.0,bss,1
.bss.buffIndex.1,bss,1
.bss.count.5,bss,2
.bss.ctlCnt.2,bss,4
.bss.localCSelPrintId.9,bss,1
.bss.reportIntervalCnt.12,bss,2
.bss.sIdlEmergStateInfo.4,bss,12
.bss.n_msgCount.0,bss,4
.bss.gMac,bss,4
.bss.ositimenew_id,bss,4
.bss.g_sxQueueEnvUsed,bss,2
.bss.g_sxQueueOverload,bss,1
.bss.ct.0,bss,2
.bss.g_api_sim_mode,bss,2
.bss.g_api_sim_retry_count,bss,40
.bss.g_api_sim_update_count,bss,40
.bss.test_quickPowerOff,bss,2
.bss.apFree,bss,8192
.bss.apFreeIndex,bss,4
.bss.apIn,bss,8192
.bss.apInIndex,bss,4
.bss.apOut,bss,8192
.bss.apOutIndex,bss,4
.bss.v_epdc_wb_curCardFlag,bss,1
.bss.v_epdc_wb_instId,bss,1
.bss.g_palImeiSv_sim,bss,36
.bss.ResetCount.0,bss,4
.bss.g_simSaveFileFlag,bss,1
.bss.Dummy_AD_BinaryData,bss,3
.bss.RetryCount.0,bss,1
.bss.WaitSwTimer,bss,1
.bss.g_EfDir_SelectDf,bss,4
.bss.g_sim_hotswap_index,bss,1
.bss.g_sim_need_buff,bss,1
.bss.g_sim_present,bss,4
.bss.g_sim_temp_buff,bss,256
.bss.g_sw1,bss,1
.bss.g_sw1timeout,bss,1
.bss.g_sw2,bss,1
.bss.SMS_debug_buffer_index,bss,1
.bss.g_sms_Data,bss,184
.bss.gSimPmSourcePS,bss,4
.bss.g_SimReadCount,bss,4
.bss.g_SimUpdateCount,bss,4
.bss.g_halReceivingAtr,bss,1
.bss.g_halRxBuf,bss,8
.bss.g_halRxBytes,bss,2
.bss.g_halRxDmaInProgress,bss,2
.bss.g_halRxExpected,bss,4
.bss.g_halSciMainDivVal,bss,4
.bss.g_halSimIndex,bss,1
.bss.g_halSimRegistry,bss,4
.bss.g_halTxDmaInProgress,bss,2
.bss.g_sci_reg,bss,52
.bss.sci1_save_flag,bss,4
.bss.sci2_save_flag,bss,4
.bss.g_SimIndex,bss,1
.bss.g_palEtuParaD,bss,4
.bss.g_palEtuParaF,bss,8
.bss.g_palHandlers,bss,12
.bss.g_palSimClkStopMode,bss,4
.bss.gSimPmSource,bss,4
.bss.g_halCpIfcChannelOwner,bss,4
.bss.gGPRSNotify,bss,16
.bss.gNetifDPDFlag,bss,2
.bss.gprs_netif,bss,12208
.bss.netThreadID,bss,4
.bss.isPsmNatRestore,bss,1
.bss.quec_psm_backup_info,bss,4
.bss.gNonIPSession,bss,224
.bss.g_bNeedSendEthConEvt,bss,1
.bss.s_net_session.57014,bss,44
.bss.ndev_nat_entry,bss,32
.bss.s_net_nat_session.56950,bss,44
.bss.g_dhcpDiscover_received,bss,1
.bss.idx.16703,bss,1
.bss.buffer_reply,bss,200
.bss.gSysTimerCtx,bss,24
.bss.dns_last_pcb_idx,bss,1
.bss.dns_pcbs,bss,16
.bss.dns_requests,bss,48
.bss.dns_seqno,bss,1
.bss.dns_servers,bss,672
.bss.dns_table,bss,1920
.bss.timer_stoped,bss,6
.bss.ip_state_callback,bss,4
.bss.loop_netif,bss,436
.bss.raw_pcbs,bss,4
.bss.tcp_timer,bss,1
.bss.tcp_timer_ctr,bss,1
.bss.tcp_tw_recycle,bss,1
.bss.ackno,bss,4
.bss.flags,bss,1
.bss.inseg,bss,20
.bss.recv_acked,bss,4
.bss.recv_data,bss,4
.bss.recv_flags,bss,1
.bss.seqno,bss,4
.bss.tcp_optidx,bss,2
.bss.tcphdr,bss,4
.bss.tcphdr_opt1len,bss,2
.bss.tcphdr_opt2,bss,4
.bss.tcphdr_optlen,bss,2
.bss.tcplen,bss,2
.bss.tcpip_tcp_timer_active,bss,4
.bss.coarse_tmr_stoped,bss,1
.bss.dhcp_pcb,bss,4
.bss.dhcp_pcb_refcount,bss,1
.bss.fine_tmr_stoped,bss,1
.bss.xid.15748,bss,4
.bss.arp_table,bss,240
.bss.etharp_cached_entry,bss,1
.bss.ip_reass_pbufcount,bss,2
.bss.reassdatagrams,bss,8
.bss.ip4_default_multicast_netif,bss,4
.bss.ip_id,bss,2
.bss.str.14892,bss,16
.bss.ip4_nat_cfg,bss,4
.bss.ip4_nat_entries_icmp_header,bss,4
.bss.ip4_nat_entries_tcp_header,bss,4
.bss.ip4_nat_entries_udp_header,bss,4
.bss.ip4_nat_tcp_port_backup_map,bss,4
.bss.ip4_nat_udp_port_backup_map,bss,4
.bss.ql_nat_lock,bss,4
.bss.sNATCfg,bss,4
.bss.str.14879,bss,40
.bss.identification.15310,bss,4
.bss.ip6_reass_pbufcount,bss,2
.bss.last_router.19105,bss,1
.bss.multicast_address,bss,20
.bss.nd6_cached_destination_index,bss,1
.bss.nd6_queue_size,bss,1
.bss.nd6_ra_buffer,bss,32
.bss.nd6_tmr_count,bss,4
.bss.select_cb_list,bss,4
.bss.socket_errno,bss,60
.bss.socket_ipv6_multicast_memberships,bss,420
.bss.sockets,bss,240
.bss.gDaemonTaskID,bss,4
.bss.gRpcChannel,bss,4
.bss.ItnaInfo,bss,4
.bss.gEnBuf,bss,4
.bss.gInBuf,bss,4
.bss.g_pstflistMutex,bss,4
.bss.ql_audio_codec_ldo_ctrl,bss,1
.bss.quec_spi6_ext_nor_flash_capacity,bss,4
.bss.quec_spi6_ext_nor_flash_is_exist,bss,1
.bss.quec_spi6_ext_norflash_mount_status,bss,1
.bss.nand_opt,bss,4
.bss.ql_nand_spi_port,bss,1
.bss.g_curr_call_status,bss,4
.bss.ql_vsim_adapt_cb,bss,4
.bss.powd_ctx,bss,12
.bss.ql_pwrkey_longpress_cb,bss,4
.bss.ql_pwrkey_press_cb,bss,4
.bss.ql_pwrkey_release_cb,bss,4
.bss.ql_pwrkey_shutdown_cb,bss,4
.bss.quec_normal_shutdown_mode,bss,1
.bss.quec_sw_rst,bss,1
.bss.sleep_tag_arry,bss,10
.bss.autosleep_timer,bss,4
.bss.pm_list_lock,bss,4
.bss.pmsource_list,bss,4
.bss.ql_all_wakeup_source,bss,4
.bss.ql_allowsleep_flag,bss,1
.bss.ql_psm_cb_list,bss,8
.bss.ql_psm_cb_list_lock,bss,4
.bss.ql_psm_ctx,bss,12
.bss.quec_allowsleep_lock,bss,4
.bss.quec_sleep_context_cb,bss,12
.bss.quec_sleep_enter_lock,bss,4
.bss.quec_sleep_flag,bss,1
.bss.quec_sleep_tag_lock,bss,4
.bss.wakeup_in_debounce_timer,bss,4
.bss.quec_at_current_setting,bss,2
.bss.quec_at_default_setting,bss,2
.bss.quec_main_uart_cbaud,bss,4
.bss.quec_production_mode,bss,1
.bss.quec_svn_str,bss,3
.bss.quec_uart_custom_nv,bss,8
.bss.quec_wdt_cfg,bss,1
.bss.svn_str,bss,3
.bss.MsgProcessThreadID,bss,4
.bss.QlUtiThreadID,bss,4
.bss.curr_netmode,bss,1
.bss.gGsmCell,bss,4
.bss.gLteCell,bss,4
.bss.g_QuecCell,bss,1944
.bss.g_qcellinfoFormat,bss,1
.bss.last_cell_info.23622,bss,22
.bss.last_netmode,bss,1
.bss.qceercatcfg,bss,1
.bss.quec_gdcnt_autosave_info,bss,24
.bss.quec_nw_param_cfg,bss,3
.bss.quec_qcsq_report_flag,bss,1
.bss.quec_rftest_para_cfg,bss,52
.bss.ql_pdp_retrytimes.24862,bss,1
.bss.ql_qoos,bss,1
.bss.quec_creg_mode,bss,1
.bss.text.11809,bss,16
.bss.at_manager,bss,3792
.bss.g_quecAtEngineMemRecycler,bss,4
.bss.ql_init_urc,bss,2
.bss.quec_fs_trace_part,bss,112
.bss.quec_log_pcap_flag,bss,1
.bss.cpu_using_info,bss,20
.bss.cpu_using_timer,bss,4
.bss.idle_task_ref,bss,4
.bss.task_info_mutex,bss,4
.bss.timer_info_mutex,bss,4
.bss.api_task_info_list,bss,4
.bss.api_timer_info_list,bss,4
.bss.api_wdt_cb_list,bss,4
.bss.sw_dog_suspend,bss,1
.bss.sw_dog_task,bss,4
.bss.sw_dog_timer,bss,4
.bss.nd6_ra_buffer.22728,bss,32
.bss.q_usbnet_modem_ctx,bss,16
.bss.gUserSimHotPlugCB,bss,4
.bss.ql_sim_hotplug_debounce_cfg,bss,8
.bss.ql_sim_task,bss,4
.bss.sim_hotplug_cfg,bss,8
.bss.QLNwThread,bss,4
.bss.gPowerBoost,bss,60
.bss.g_quecBlackCellList,bss,448
.bss.mid_netinfo,bss,816
.bss.ql_cell_select_offset_cfg,bss,32
.bss.ql_network_cfg,bss,72
.bss.ql_nw_at_cause_tab_lock,bss,4
.bss.ql_nw_black_cell_list_lock,bss,4
.bss.ql_nw_cb_list,bss,8
.bss.ql_nw_cb_list_lock,bss,4
.bss.ql_nw_cxreg_mode,bss,2
.bss.ql_nw_cxreg_status,bss,2
.bss.ql_pnn_oper_name,bss,258
.bss.quec_gdcnt_info,bss,256
.bss.quec_gdcnt_info_lock,bss,4
.bss.quec_get_cell_fun_status,bss,2
.bss.quec_gsm_band_val,bss,8
.bss.quec_lte_band_val,bss,8
.bss.quec_lte_ext_band_val,bss,8
.bss.quec_lte_resel_tau_mode,bss,2
.bss.quec_lte_ta,bss,4
.bss.quec_netlight_info,bss,48
.bss.quec_nw_synch_time,bss,8
.bss.quec_nw_synch_time_lock,bss,4
.bss.quec_nwk_name,bss,40
.bss.quec_qceer_ctx,bss,262
.bss.quec_ue_state,bss,2
.bss.ql_usbnet_cb_ctx,bss,8
.bss.ql_usbnet_lock,bss,4
.bss.usbnetdevThreadID,bss,4
.bss.quec_usbnet_uplink_data,bss,4
.bss.g_errno,bss,64
.bss.g_exceptset,bss,2
.bss.g_readset,bss,2
.bss.g_sockets_cnt,bss,4
.bss.g_writeset,bss,2
.bss.s_monitor_lock,bss,4
.bss.s_monitor_sem,bss,4
.bss.s_monitor_task_id,bss,4
.bss.s_sock_list,bss,8
.bss.QlDcThread,bss,4
.bss.datacall_cb_list_lock,bss,4
.bss.ql_datacall_auto_auth,bss,14
.bss.ql_datacall_cb_list,bss,8
.bss.ql_datacall_ctx,bss,70
.bss.ql_datacall_lock,bss,4
.bss.ql_datacall_user_apn_name,bss,1386
.bss.ql_nat_assign_cfg,bss,64
.bss.ql_nat_subnet_cfg,bss,112
.bss.file_feed_dog_timer,bss,4
.bss.g_ql_file_open_list_lock,bss,4
.bss.g_sfs_process_list,bss,8
.bss.g_sfs_process_list_lock,bss,4
.bss.ql_file_open_list,bss,4
.bss.QlUart1RxThread,bss,4
.bss.QlUart2RxThread,bss,4
.bss.QlUart3RxThread,bss,4
.bss.QlUart4RxThread,bss,4
.bss.QlUart5RxThread,bss,4
.bss.QlUart6RxThread,bss,4
.bss.QlUsrl1RxThread,bss,4
.bss.QlUsrlAtRxThread,bss,4
.bss.QlUsrlModemRxThread,bss,4
.bss.ql_dev_info,bss,240
.bss.gUsbNvLock,bss,4
.bss.g_udisk_need_reset,bss,1
.bss.hotplug_cb,bss,4
.bss.ql_usb_nv,bss,72
.bss.g_uconfig,bss,28
.bss._ledcfg_cb,bss,4
.bss.ql_led_sim,bss,1
.bss.fw_block_cnt,bss,2
.bss.gnss_operation_param,bss,40
.bss.http_cli,bss,4
.bss.http_semp,bss,4
.bss.nmea_handle,bss,424
.bss.ql_gnss_report_code,bss,16
.bss.quec_gnss_init_task,bss,4
.bss.quec_gnss_onff_msg_ref,bss,4
.bss.quec_gnss_onff_mutex,bss,4
.bss.quec_gnss_onff_task,bss,4
.bss.quec_gnss_uart_task,bss,4
.bss.quec_gps_config_param,bss,504
.bss.quec_gps_debugmode,bss,1
.bss.updated_reset,bss,1
.bss.QuecXLATMsgQ,bss,4
.bss.xlat_app_task,bss,4
.bss.__tzname_dst,bss,11
.bss.__tzname_std,bss,11
.bss.prev_tzenv,bss,4
.bss._daylight,bss,4
.bss._timezone,bss,4
.bss.initial_env,bss,4
.bss.gAppImgFlash,bss,16
.bss.gAtEngine,bss,16
.bss.gEarlyOpenDefaultUart,bss,4
.bss.g_at_imsi,bss,16
.bss.g_at_imsiLen,bss,1
.bss.ncimi,bss,32
.bss.nw_field_testing,bss,2
.bss.pre_iccid,bss,60
.bss.gAppSimSwitchSate,bss,1
.bss.gAtJamming,bss,2
.bss.gAtNwConnStatusInfo,bss,32
.bss.g_CurrentPlmnList,bss,1
.bss.g_simopen_creg_flag,bss,1
.bss.nFormat,bss,2
.bss.pAtJammingDetectReportTimer,bss,8
.bss.ql_esm_cause_timer,bss,4
.bss.ql_esm_cause_timerArg,bss,4
.bss.gAudioOnFlag,bss,1
.bss.gCcCallHoldEmcCallOn,bss,1
.bss.gNwEmcNumInfo,bss,306
.bss.gSimCardEmcInfo,bss,962
.bss.pAT_CC_ACCEPT_SPEECH_CALL_RSP_CB,bss,4
.bss.pAT_CC_ALERT_IND_CB,bss,4
.bss.pAT_CC_AUDIOON_IND_CB,bss,4
.bss.pAT_CC_AUDIO_RESTART_IND_CB,bss,4
.bss.pAT_CC_CALL_HOLD_MULTIPARTY_RSP_CB,bss,4
.bss.pAT_CC_CALL_INFO_IND_CB,bss,4
.bss.pAT_CC_CALL_PATH_IND_CB,bss,4
.bss.pAT_CC_CALL_TI_ASSIGNED_IND_CB,bss,4
.bss.pAT_CC_CRSSINFO_IND_CB,bss,4
.bss.pAT_CC_ERROR_IND_CB,bss,4
.bss.pAT_CC_INITIATE_SPEECH_CALL_RSP_CB,bss,4
.bss.pAT_CC_PROGRESS_IND_CB,bss,4
.bss.pAT_CC_RELEASE_CALL_IND_CB,bss,4
.bss.pAT_CC_RELEASE_CALL_RSP_CB,bss,4
.bss.pAT_CC_SPEECH_CALL_IND_CB,bss,4
.bss.ql_code.24177,bss,4
.bss.ql_voice_call_callback,bss,4
.bss.quec_callinfo,bss,882
.bss.quec_clip,bss,65
.bss.cgev_lock,bss,4
.bss.gAtCgevBuf,bss,160
.bss.gSpLteDummyPara,bss,108
.bss.CallForwardingFlag,bss,1
.bss.at_session,bss,1
.bss.at_sim_session,bss,184
.bss.pFunSimGetCardMode,bss,8
.bss.pFunSimSendApduReq,bss,8
.bss.pFunSimVsimProcessApdu,bss,8
.bss.pFunSimVsimReset,bss,8
.bss.gAtPlayerCtx,bss,24
.bss.gAtRecordCtx,bss,44
.bss.gAtCbPageMsgList,bss,8
.bss.gUnsolicitedResultCodes,bss,160
.bss.g_SMS_CIND_NewMsg,bss,1
.bss.q_smsIgnoreCSCS,bss,2
.bss.bip_active_gprs,bss,1
.bss.bip_addr,bss,28
.bss.bip_addrtype,bss,1
.bss.bip_apn,bss,8
.bss.bip_bearer_type,bss,1
.bss.bip_channel_id,bss,1
.bss.bip_cid,bss,1
.bss.bip_command,bss,1
.bss.bip_oc_tr_status,bss,1
.bss.bip_passwd,bss,8
.bss.bip_pdp_type,bss,1
.bss.bip_qos,bss,32
.bss.bip_qualifier,bss,1
.bss.bip_rdata,bss,244
.bss.bip_retry_num,bss,1
.bss.bip_sdata,bss,8
.bss.bip_socket,bss,4
.bss.bip_status,bss,1
.bss.bip_user,bss,8
.bss.gATSATSendSMSFlag,bss,2
.bss.stk_tms,bss,384
.bss.tms_last_timer_id,bss,1
.bss.CODEC_PARA,bss,148
.bss.CVSI_ptr,bss,4
.bss.CVSI_recdptr,bss,4
.bss.EX_PARA,bss,844
.bss.EX_PARA_recd,bss,1072
.bss.codec_ingain,bss,4
.bss.codec_outgain,bss,8
.bss.cvs_initFlag,bss,2
.bss.cvs_recdinitFlag,bss,2
.bss.gAudevCtx,bss,38248
.bss.g_8k16krealbytes,bss,4
.bss.g_audioGainUpdateFlag,bss,4
.bss.g_currentIndex,bss,4
.bss.g_cvsGainUpdateFlag,bss,4
.bss.g_cvsUpdateFlag,bss,4
.bss.g_cvsrecdUpdateFlag,bss,4
.bss.g_pocMode,bss,2
.bss.g_pingpanghalfbytes,bss,4
.bss.flag.44395,bss,1
.bss.g_AUD_TOP_CTL,bss,4
.bss.g_clkDiv,bss,4
.bss.g_halAifControlReg,bss,4
.bss.g_halAifOpened,bss,1
.bss.g_halAifPlaying,bss,1
.bss.g_halAifRecording,bss,1
.bss.g_halPingPangFlag,bss,4
.bss.sbAudioNvArmInitFlag,bss,1
.bss.spAudioNvArmModeListHead,bss,4
.bss.suiAudioNvArmModeTotalCount,bss,4
.bss.s_cvs_ctrl_param_nv_head_ptr,bss,4
.bss.s_codec_param_nv_head_ptr,bss,4
.bss.s_aud_enha_tunable_eq_set_num,bss,4
.bss.s_aud_enha_untunable_eq_set_num,bss,4
.bss.s_enha_eq_para_set_head_ptr,bss,4
.bss.s_tu_eq_para_set_head_ptr,bss,4
.bss.parseFailCount.0,bss,4
.bss,bss,724
.bss.sbc_encode,bss,4
.bss.T,bss,256
.bss.hash,bss,32
.bss.message_buffer,bss,1064
.bss.gCfwCtx,bss,4
.bss.CFW_Sys_Default_Proc,bss,4
.bss.Event_Ind_Fun,bss,64
.bss.g_aom_sem,bss,4
.bss.g_app_node,bss,8
.bss.SIMOCStatus,bss,2
.bss.g_CFWStartStopStackFlag,bss,2
.bss.pfnAudStartSpkMic,bss,4
.bss.pfnAudStopSpkMic,bss,4
.bss.gCfwPmSource,bss,4
.bss.gCfwThread,bss,4
.bss.gprs_sum,bss,16
.bss.g_SimChvParam,bss,32
.bss.g_SimMiscParam,bss,256
.bss.g_SimPbkParam,bss,48
.bss.g_SimSatParam,bss,40
.bss.g_SimSmsParam,bss,8
.bss.g_SmsFormat_Sim0,bss,1
.bss.g_SmsFormat_Sim1,bss,1
.bss.g_SmsFormat_Sim2,bss,1
.bss.g_SmsFormat_Sim3,bss,1
.bss.g_SmsShowTextMode_Sim0,bss,1
.bss.g_SmsShowTextMode_Sim1,bss,1
.bss.g_SmsShowTextMode_Sim2,bss,1
.bss.g_SmsShowTextMode_Sim3,bss,1
.bss.g_storageInfo,bss,64
.bss.g_CfwNVInfo,bss,12
.bss.g_NVUpdateFlag,bss,8
.bss.DnsServerIP,bss,112
.bss.DyncApnList,bss,56
.bss.DyncIPList,bss,56
.bss.PdpContList,bss,56
.bss.store_packet_cnt,bss,1
.bss.store_packet_end,bss,4
.bss.store_packet_head,bss,4
.bss.storecid,bss,96
.bss.gCFWSTACKRat,bss,2
.bss.gCOMMMode,bss,8
.bss.gNWTimerOutFlag,bss,2
.bss.gbLockBCCH,bss,2
.bss.bSACFlag.1,bss,1
.bss.bSatSimInit,bss,1
.bss.bSendPdpInfoFlag.4,bss,1
.bss.g_CFW_PowerOn,bss,1
.bss.g_IMSI_INIT,bss,2
.bss.g_NW_DialEmcOK,bss,2
.bss.g_NW_IND,bss,2
.bss.g_SAT_IND,bss,2
.bss.g_SAT_INIT_COMPLETE,bss,2
.bss.g_SMSPInfo,bss,52
.bss.g_SimInit1Status,bss,8
.bss.g_SimInit2Status,bss,8
.bss.g_SimInit3Status,bss,8
.bss.g_SimInit3Status_p2,bss,8
.bss.g_State_No_SimCard,bss,2
.bss.g_State_TestCard,bss,2
.bss.g_TestMode_AutoResponse,bss,8
.bss.gotStruct.3,bss,1
.bss.nSimOpenStatus,bss,2
.bss.gSimStage3Finish,bss,2
.bss.g_actived_uicc_num,bss,1
.bss.uicc_core_info,bss,8
.bss.gSPNInfo,bss,38
.bss.gSimSwitchIndex,bss,1
.bss.gTestSim,bss,2
.bss.g_cfw_phy_type,bss,2
.bss.g_cfw_sim_adn_status,bss,2
.bss.g_cfw_sim_status,bss,2
.bss.Sim_Lp,bss,8
.bss.gSimDropInd,bss,2
.bss.g_CurrentPreferPLMNList,bss,2
.bss.g_GETIMSI,bss,2
.bss.event_list,bss,8
.bss.gSatFreshComm,bss,2
.bss.nCommondNum,bss,136
.bss.gSimSMSStatusArray,bss,8
.bss.bMEFinish,bss,2
.bss.gMtSmsProcess,bss,1
.bss.gSmsService,bss,1
.bss.gNewSMSInd,bss,2
.bss.gPendingNewSms,bss,2
.bss.gSmsClass0StorageStatus,bss,2
.bss.gSmsSmFullForwardFlashFlag,bss,2
.bss.gSmsSpecialDcs,bss,1
.bss.g_SMSConcat,bss,2
.bss.g_SMS_DM_Sem,bss,4
.bss.g_SMS_DM_Work,bss,4
.bss.g_sms_dm_nv,bss,4
.bss.gGprsCidNum,bss,1
.bss.g_cfw_startmode_psm,bss,1
.bss.gEmcCallOn,bss,1
.bss.gCfwRpcChannel,bss,4
.bss.UTI_CB_HEAD,bss,4
.bss.UTI_CB_TAIL,bss,4
.bss.g_autocallTimer,bss,8
.bss.g_gprsDetachTimer,bss,8
.bss.g_hCfwQueue,bss,20
.bss.g_nwCSDelayTimer,bss,8
.bss.pNotifyProcUserData,bss,48
.bss.pfn_NotifyProc,bss,48
.bss.pMsgMapHeader,bss,4
.bss.gMalCtx,bss,4
.bss.gDiagCtx,bss,4
.bss.gDiagEncDataBuf,bss,4096
.bss.gLastDiagHeadLen2,bss,4
.bss.gLastDiagHeadLen3,bss,4
.bss.gLastDiagSN2,bss,4
.bss.gLastDiagSN3,bss,4
.bss.gLastHdlCEncBuf,bss,4
.bss.gLastHdlcEncSize1,bss,4
.bss.gLastHdlcEncSize2,bss,4
.bss.g_diag_sem,bss,4
.bss.gCalibPostPmSource,bss,4
.bss._prod.9003,bss,516
.bss.camAtTest,bss,60
.bss.gDiagMcuReadBuf,bss,2048
.bss.gDrvEfuseLock,bss,4
.bss.SensorOpsApi,bss,60
.bss.pictureDrop.44211,bss,3
.bss.cap_ovf.44230,bss,1
.bss.pictureDrop.44216,bss,1
.bss.pictureDrop.44228,bss,1
.bss.prev_ovf.44229,bss,1
.bss.charge_endtime_counter,bss,2
.bss.charge_stop,bss,1
.bss.current_queue,bss,40
.bss.cv_status_counter,bss,2
.bss.gChgTaskReady,bss,1
.bss.gDrvChargeCtx,bss,32
.bss.g_charge_plus,bss,4
.bss.ischgmng_start,bss,1
.bss.isshutting_down,bss,1
.bss.module_state_to_app,bss,32
.bss.ovp_detect_counter,bss,2
.bss.vbat_queue,bss,140
.bss.warning_counter,bss,2
.bss.adclock,bss,4
.bss.ateAdcEfuseVer,bss,1
.bss.bat_00_calbibrated,bss,1
.bss.gADCPmSource,bss,4
.bss.g_block_info,bss,160
.bss.g_lcd_cfg,bss,12
.bss.g_vid_size,bss,12
.bss.lcdLock,bss,4
.bss.ql_lcd_offset_cfg,bss,8
.bss.s_lcd_spec_info_ptr,bss,4
.bss.gGoudaCtx,bss,40
.bss.gLcd1,bss,20
.bss.gLcdslpLock,bss,4
.bss.FlashClkChangeTimer,bss,4
.bss.FlashFreqVal,bss,4
.bss.gIfcWaitSema,bss,4
.bss.ql_ap_ifc_dma_init_flag.43069,bss,1
.bss.gAxidmaCtx,bss,156
.bss.auto_baud_done,bss,1
.bss.gDebugPortList,bss,4
.bss.gDrvRtcCtx,bss,72
.bss.gPsIpcCtx,bss,4532
.bss.gNvmCtx,bss,24
.bss.gDrvPmicIntrCtx,bss,292
.bss.gDrvWdt,bss,16
.bss.gDrvGpioCtx,bss,244
.bss.gI2cMaster,bss,84
.bss._the_controller,bss,1656
.bss.ctrl,bss,8
.bss.gSerials,bss,360
.bss._ZL7gDrvUsb,bss,4
.bss.gOsisiRPCPatchBody,bss,4
.bss.g_CpMdVersion,bss,4
.bss.g_mdev,bss,4
.bss.ipc_initialized,bss,4
.bss.g_msc_is_start,bss,1
.bss.g_stdio_cb,bss,12
.bss.g_vfs,bss,124
.bss.gBdevList,bss,4
.bss.gPartInfo_ptr,bss,4
.bss.quec_fsys_eb_size,bss,4
.bss.FatFs,bss,16
.bss.Files,bss,512
.bss.Fsid,bss,2
.bss.fat_dir_lock,bss,1
.bss.fatfs_back_block_num,bss,4
.bss.fatfs_front_block_num,bss,4
.bss.s_block_device,bss,16
.bss.quec_nor_ext_mount_size,bss,4
.bss.quec_nor_ext_mount_start_addr,bss,4
.bss.gHalIomuxCtx,bss,1464
.bss.gMemIndexListAddress,bss,4
.bss.gMemIndexListCount,bss,4
.bss.bDeepVcoreFlag,bss,1
.bss.bWakeupFromDeep,bss,1
.bss.gIsOpenCPUPmMode,bss,1
.bss.ql_spi6_flash_type,bss,1
.bss.quec_ext_flash_gpio_first_time_init,bss,1
.bss.gBlueScreenAbortType,bss,1
.bss.gEfuseCache,bss,1244
.bss.gSpiFlashProps,bss,4
.bss.gSpiFlashPropsLen,bss,4
.bss.g_gouda_ctx,bss,8
.bss.g_gouda_fmark,bss,2
.bss.g_halGoudaEbcCsAddr,bss,4
.bss.g_halGoudaLcdConfig,bss,4
.bss.g_halGoudaSlcdCfg,bss,4
.bss.g_halGoudaSpiFreq,bss,4
.bss.g_line_type,bss,1
.bss.Idle_Stack,bss,2048
.bss.Idle_TCB,bss,1176
.bss.Timer_Stack,bss,4096
.bss.Timer_TCB,bss,1176
.bss.gTaskStatus,bss,4608
.bss.prev_ostick.46856,bss,4
.bss.pxCurrentTCB,bss,4
.bss.pxDelayedTaskList,bss,4
.bss.pxOverflowDelayedTaskList,bss,4
.bss.pxReadyTasksLists,bss,1120
.bss.uxCurrentNumberOfTasks,bss,4
.bss.uxDeletedTasksWaitingCleanUp,bss,4
.bss.uxSchedulerSuspended,bss,4
.bss.uxTaskNumber,bss,4
.bss.uxTopReadyPriority,bss,4
.bss.xDelayedTaskList1,bss,20
.bss.xDelayedTaskList2,bss,20
.bss.xNextTaskUnblockTime,bss,4
.bss.xNumOfOverflows,bss,4
.bss.xPendedTicks,bss,4
.bss.xPendingReadyList,bss,20
.bss.xSchedulerRunning,bss,4
.bss.xSuspendedTaskList,bss,20
.bss.xTasksWaitingTermination,bss,20
.bss.xTickCount,bss,4
.bss.xYieldPending,bss,4
.bss.pxCurrentTimerList,bss,4
.bss.pxOverflowTimerList,bss,4
.bss.ucStaticTimerQueueStorage.6962,bss,80
.bss.xActiveTimerList1,bss,20
.bss.xActiveTimerList2,bss,20
.bss.xLastTime.6919,bss,4
.bss.xStaticTimerQueue.6961,bss,80
.bss.xTimerQueue,bss,4
.bss.xTimerTaskHandle,bss,4
.bss.ulPortInterruptNesting,bss,4
.bss.ulPortTaskHasFPUContext,bss,4
.bss.ulPortTaskRelinquish,bss,4
.bss.ulPortYieldRequired,bss,4
.bss.gMlCtx,bss,4
.bss.gIDSCtx,bss,76
.bss.lasts.0,bss,4
.bss.lasts.2,bss,4
.bss.lasts.3,bss,4
.bss.lasts2.1,bss,4
.bss.sDataEventCallback,bss,4
.bss.sDataEventCallbackArg,bss,4
.bss.cfw_socket_map,bss,576
.bss.s_aliases.20192,bss,4
.bss.s_hostent.20191,bss,20
.bss.s_hostent_addr.20193,bss,24
.bss.s_hostname.20195,bss,257
.bss.s_phostent_addr.20194,bss,8
.bss.lwiperf_all_connections,bss,4
.bss.global_error,bss,8
.bss.FSb,bss,256
.bss.FT0,bss,1024
.bss.FT1,bss,1024
.bss.FT2,bss,1024
.bss.FT3,bss,1024
.bss.RCON,bss,40
.bss.RSb,bss,256
.bss.RT0,bss,1024
.bss.RT1,bss,1024
.bss.RT2,bss,1024
.bss.RT3,bss,1024
.bss.aes_init_done,bss,4
.bss.ecp_supported_grp_id,bss,14
.bss.init_done.8227,bss,4
.bss.hardclock_init,bss,4
.bss.tv_init,bss,16
.bss.debug_threshold,bss,4
.bss.supported_ciphersuites,bss,592
.bss.supported_init,bss,4
.bss.gSim,bss,48
.bss.gSrvPm,bss,4
.bss.gKpdMgr,bss,4
.bss.ql_boot_cur_spi6_port,bss,1
.bss.ql_sAppAtCmdTable,bss,4
.bss.ql_sListLength,bss,4
.bss.quec_local_audio_flag,bss,1
.bss.ql_current_dump_cnt,bss,2
.bss.ql_dev_last_cfun,bss,1
.bss.wdt_log_print,bss,1
.bss._gpio_callback,bss,384
.bss.gQlBypassThread,bss,4
.bss.ledcfgThreadID,bss,4
.bss.buf_state,bss,1
.bss.gSysWdtDisable,bss,1
.bss.ql_wdt_timer,bss,4
.bss.quec_cp_dev_port_num,bss,1
.bss.quec_erase_cnt_buf,bss,4
.bss.quec_erase_total,bss,4
.bss.quec_urc_atcnt,bss,1
.bss.s_switch_phase_tab,bss,48
.bss.s_data_task_id,bss,4
.bss.certex,bss,28
.bss.cust_id.22421,bss,4
.bss.VolToPart,bss,8
.bss.gVirtLock,bss,4
.bss.gVirtualAtMgn,bss,40
.bss.g_ConcatSmsItem,bss,4
.bss.g_smsSendCfg,bss,16
.bss.ql_sms_callback,bss,4
.bss.ssl_cfg_list,bss,6960
.bss.active_httpc,bss,4
.bss.g_active_http_cli_list,bss,8
.bss.http_cli_list_ready,bss,1
.bss.s_http_task_id,bss,4
.bss.g_active_lbs_cli_list,bss,8
.bss.g_lbs_list_lock,bss,4
.bss.s_lbs_task_id,bss,4
.bss.cli_list,bss,20
.bss.s_mqtt_listen_task_id,bss,4
.bss.g_act_mqtt_cli_lock,bss,4
.bss.g_active_mqtt_cli_list,bss,8
.bss.s_mqtt_task_id,bss,4
.bss.g_active_ping_list,bss,8
.bss.s_ping_task_id,bss,4
.bss.g_active_ntp_list,bss,8
.bss.g_active_ntp_list_lock,bss,4
.bss.s_ntp_task_id,bss,4
.bss.audio_mg,bss,104
.bss.g_NVLock,bss,4
.bss.ql_audio_nv,bss,54
.bss.value.56465,bss,1
.bss.value.56493,bss,1
.bss.value.56550,bss,1
.bss.gQlCodecCfg,bss,16
.bss.ql_lcd_backlight_sel,bss,1
.bss.ql_lcd_info,bss,4
.bss.ql_sleep_state,bss,1
.bss.quec_lcd_mutex,bss,4
.bss.ql_wifiscan_mutex,bss,4
.bss.ql_wifiscan_task,bss,4
.bss.camDriver,bss,24
.bss.lcddrv,bss,4
.bss.ql_spi1_bus_mutex,bss,4
.bss.ql_spi1_dev,bss,40
.bss.ql_spi1_mutex,bss,4
.bss.ql_spi2_bus_mutex,bss,4
.bss.ql_spi2_dev,bss,40
.bss.ql_spi2_mutex,bss,4
.bss.ql_nor_spi_port,bss,1
.bss.ql_spi_nor_mutex,bss,4
.bss.quec_spi_nor_flash,bss,4
.bss.quec_spi_nor_prop_len,bss,4
.bss.gc9305_farmk,bss,1
.bss.gc9305_line_mode,bss,2
.bss.gDrvGpt,bss,384
.bss.gGpt1_ref_cout,bss,4
.bss.gGpt2_ref_cout,bss,4
.bss.gGpt3_ref_cout,bss,4
.bss.gDrvKeyPad,bss,4
.bss.g_previousKeys,bss,8
.bss.gPbintCtx,bss,16
.bss.gSpiMaster,bss,464
.bss.ql_spi_clk_delay,bss,1
.bss.gfupdateStat,bss,1
.bss.gRc26mCalibTimer,bss,4
.bss.initialized,bss,4
.bss.backends.20963,bss,200
.bss.backends_len.20964,bss,4
.bss.init_ssl,bss,1
.bss.selected.20962,bss,4
.bss.curl_global_init_count,bss,4
.bss.ql_flash_config,bss,16
.bss.ql_flash_fresh,bss,4
.bss.quec_charge_power_up,bss,1
.bss.quec_dhost_device,bss,4
.bss.quec_init_done,bss,4
.bss.gDrvDebugUartPort,bss,4
.bss.gDhostPort,bss,608
.bss.crypto_buf,bss,4
.bss.crypto_buf_status,bss,24
.bss.s_count,bss,4
.bss.s_crypto_count_mutex,bss,4
.bss.s_crypto_mutex,bss,4
.bss.s_crypto_mutex_pka,bss,4
.bss.s_ce_vaddr,bss,4
.bss.s_sem_ce,bss,4
.bss.s_sem_ce_pka,bss,4
.bss.s_sprd_crypto_irq_handler,bss,4
.bss.s_sprd_crypto_irq_handler_pka,bss,4
.bss.quec_init_cfw_sem,bss,4
.comment,ignore,268938
.arm_vfe_header,ignore,92
.ARM.attributes,ignore,62248
